日期,开盘,收盘,最高,最低,成交量
2006-08-14,1000.0,1251.99,1265.7,986.3,63326913
2006-08-15,1251.99,1001.35,1260.11,993.24,53615346
2006-08-16,1001.35,885.89,1006.96,880.29,77598759
2006-08-17,885.89,1009.69,1014.71,880.88,58147606
2006-08-18,1009.69,1077.26,1082.39,1004.56,56180727
2006-08-21,1077.26,1036.4,1089.63,1024.03,57027313
2006-08-22,1036.4,893.94,1041.79,888.55,66480126
2006-08-23,893.94,870.98,897.13,867.78,71785441
2006-08-24,870.98,781.94,875.15,777.77,61645432
2006-08-25,781.94,716.11,784.13,713.93,70335738
2006-08-28,716.11,700.92,721.93,695.1,98040021
2006-08-29,700.92,637.45,704.94,633.43,119180708
2006-08-30,637.45,604.45,640.24,601.66,76208507
2006-08-31,604.45,575.12,606.44,573.13,85770031
2006-09-01,575.12,769.78,775.23,569.66,91787046
2006-09-04,769.78,639.8,773.72,635.85,79078244
2006-09-05,639.8,603.16,642.03,600.93,100375592
2006-09-06,603.16,511.97,605.31,509.82,85443184
2006-09-07,511.97,690.77,695.6,507.14,83800287
2006-09-08,690.77,576.92,692.54,575.15,65010710
2006-09-11,576.92,479.02,579.65,476.3,78592220
2006-09-12,479.02,432.78,481.04,430.76,103973398
2006-09-13,432.78,603.26,606.89,429.14,126016107
2006-09-14,603.26,588.03,606.93,584.36,87543653
2006-09-15,588.03,571.29,592.58,566.74,140257235
2006-09-18,571.29,492.42,573.23,490.48,120842353
2006-09-19,492.42,472.0,494.41,470.01,103539013
2006-09-20,472.0,472.34,474.62,469.71,92640482
2006-09-21,472.34,392.44,473.85,390.93,100859057
2006-09-22,392.44,582.82,586.38,388.88,111574268
2006-09-25,582.82,640.69,644.74,578.77,97973690
2006-09-26,640.69,767.97,772.56,636.1,79886328
2006-09-27,767.97,601.86,770.83,599.01,68848119
2006-09-28,601.86,520.48,604.76,517.59,84042763
2006-09-29,520.48,473.97,522.62,471.83,102811219
2006-10-09,473.97,495.36,498.32,471.01,147912825
2006-10-10,495.36,580.32,583.24,492.44,147833372
2006-10-11,580.32,577.88,583.25,574.96,125658391
2006-10-12,577.88,682.86,686.01,574.74,144983559
2006-10-13,682.86,574.61,685.42,572.05,111257483
2006-10-16,574.61,689.72,693.75,570.58,113411965
2006-10-17,689.72,709.43,712.93,686.22,94110241
2006-10-18,709.43,646.73,714.12,642.03,92505414
2006-10-19,646.73,538.38,648.62,536.48,96928294
2006-10-20,538.38,507.15,540.21,505.32,102049366
2006-10-23,507.15,884.25,893.95,497.45,112634041
2006-10-24,884.25,794.46,891.94,786.77,102786802
2006-10-25,794.46,734.01,800.0,728.47,122799742
2006-10-26,734.01,629.31,738.38,624.94,148276123
2006-10-27,629.31,815.02,821.42,622.91,171571646
2006-10-30,815.02,654.93,818.85,651.1,134817826
2006-10-31,654.93,586.8,658.23,583.5,139280233
2006-11-01,586.8,541.0,589.72,538.08,144826466
2006-11-02,541.0,583.65,586.47,538.18,156817357
2006-11-03,583.65,502.09,586.43,499.32,149385768
2006-11-06,502.09,591.98,598.84,495.23,155354749
2006-11-07,591.98,573.51,596.24,569.25,161313350
2006-11-08,573.51,687.08,690.48,570.11,109096799
2006-11-09,687.08,674.66,694.58,667.15,132016672
2006-11-10,674.66,946.64,958.04,663.25,205263906
2006-11-13,946.64,1236.34,1252.06,930.92,155421320
2006-11-14,1236.34,954.37,1247.21,943.51,136428588
2006-11-15,954.37,891.31,966.08,879.6,151363608
2006-11-16,891.31,885.97,898.83,878.45,218546835
2006-11-17,885.97,816.36,895.56,806.77,163258082
2006-11-20,816.36,734.75,822.48,728.63,198873397
2006-11-21,734.75,714.76,742.76,706.76,177933649
2006-11-22,714.76,720.51,727.84,707.43,209700508
2006-11-23,720.51,637.69,724.75,633.45,192174829
2006-11-24,637.69,684.2,689.06,632.83,187342393
2006-11-27,684.2,656.35,688.29,652.26,176157607
2006-11-28,656.35,748.72,754.19,650.88,164235312
2006-11-29,748.72,737.43,760.95,725.2,165450213
2006-11-30,737.43,680.39,745.06,672.76,217240442
2006-12-01,680.39,590.82,684.21,587.0,212907673
2006-12-04,590.82,605.31,612.52,583.61,260092115
2006-12-05,605.31,538.74,609.62,534.43,248403502
2006-12-06,538.74,894.13,911.99,520.89,300350592
2006-12-07,894.13,871.37,904.85,860.65,296443405
2006-12-08,871.37,1309.24,1328.09,852.52,244622006
2006-12-11,1309.24,1046.31,1330.75,1024.8,193656949
2006-12-12,1046.31,859.14,1055.92,849.53,220376266
2006-12-13,859.14,796.7,865.89,789.96,180558513
2006-12-14,796.7,716.99,801.68,712.01,172860763
2006-12-15,716.99,664.5,722.07,659.42,175287610
2006-12-18,664.5,634.76,671.07,628.19,227907337
2006-12-19,634.76,652.73,660.66,626.83,253151251
2006-12-20,652.73,580.46,658.05,575.14,210895232
2006-12-21,580.46,744.98,751.3,574.14,227689316
2006-12-22,744.98,796.62,802.89,738.71,181531380
2006-12-25,796.62,726.58,807.12,716.08,217000369
2006-12-26,726.58,678.65,733.78,671.45,216483303
2006-12-27,678.65,617.78,685.12,611.3,216580834
2006-12-28,617.78,629.15,636.06,610.87,239422658
2006-12-29,629.15,635.88,644.96,620.07,276271849
2007-01-04,635.88,671.45,684.85,622.47,388446235
2007-01-05,671.45,728.23,736.8,662.88,337291420
2007-01-08,728.23,649.49,736.06,641.66,308883749
2007-01-09,649.49,664.59,675.2,638.88,305734815
2007-01-10,664.59,610.51,671.48,603.61,310610927
2007-01-11,610.51,825.03,834.69,600.84,314750353
2007-01-12,825.03,1239.56,1261.1,803.49,283032419
2007-01-15,1239.56,1025.42,1261.99,1002.99,248764882
2007-01-16,1025.42,851.91,1035.58,841.74,292401938
2007-01-17,851.91,1199.42,1224.77,826.56,333432606
2007-01-18,1199.42,1110.97,1217.18,1093.21,297499476
2007-01-19,1110.97,919.44,1122.26,908.15,312957966
2007-01-22,919.44,810.84,928.26,802.02,357950660
2007-01-23,810.84,844.51,858.72,796.63,384505671
2007-01-24,844.51,750.69,853.24,741.95,326287659
2007-01-25,750.69,1056.79,1070.84,736.65,308950595
2007-01-26,1056.79,965.26,1083.24,938.81,296364360
2007-01-29,965.26,821.65,973.59,813.32,315995459
2007-01-30,821.65,906.19,915.95,811.88,303216794
2007-01-31,906.19,1781.16,1831.61,855.74,312555932
2007-02-01,1781.16,1245.08,1802.27,1223.98,247056898
2007-02-02,1245.08,1916.29,1953.45,1207.92,229458610
2007-02-05,1916.29,1847.8,1935.93,1828.16,184815918
2007-02-06,1847.8,1508.18,1880.9,1475.08,257527781
2007-02-07,1508.18,1284.57,1522.39,1270.36,269410780
2007-02-08,1284.57,1157.46,1296.59,1145.44,235099882
2007-02-09,1157.46,1294.8,1304.85,1147.42,212327630
2007-02-12,1294.8,1093.32,1311.4,1076.72,209474319
2007-02-13,1093.32,989.51,1099.39,983.44,201235248
2007-02-14,989.51,885.92,1000.71,874.72,240908353
2007-02-15,885.92,800.73,893.67,792.98,275444622
2007-02-16,800.73,794.85,807.87,787.71,296067489
2007-02-26,794.85,726.62,802.7,718.76,290902138
2007-02-27,726.62,1804.91,1875.85,655.67,412034587
2007-02-28,1804.91,1147.96,1832.17,1120.7,314707410
2007-03-01,1147.96,1428.65,1453.87,1122.75,317486249
2007-03-02,1428.65,1105.18,1441.08,1092.75,229155728
2007-03-05,1105.18,1333.15,1361.5,1076.84,266650559
2007-03-06,1333.15,1097.49,1349.54,1081.11,199733431
2007-03-07,1097.49,967.65,1106.87,958.26,227313175
2007-03-08,967.65,885.52,975.54,877.63,214108710
2007-03-09,885.52,986.86,995.6,876.78,273104588
2007-03-12,986.86,943.36,995.07,935.16,246001320
2007-03-13,943.36,849.52,947.94,844.94,256235440
2007-03-14,849.52,1038.64,1049.87,838.29,268460856
2007-03-15,1038.64,885.68,1045.68,878.64,245884692
2007-03-16,885.68,1059.35,1073.64,871.39,293854366
2007-03-19,1059.35,989.55,1083.25,965.65,290131391
2007-03-20,989.55,874.58,994.02,870.11,233541738
2007-03-21,874.58,777.7,879.14,773.14,245148171
2007-03-22,777.7,706.93,781.82,702.82,322235306
2007-03-23,706.93,694.48,714.51,686.91,294251803
2007-03-26,694.48,638.21,699.25,633.44,302170767
2007-03-27,638.21,627.12,641.42,623.9,313960124
2007-03-28,627.12,689.45,701.45,615.12,442957242
2007-03-29,689.45,743.79,750.52,682.72,425776138
2007-03-30,743.79,759.49,764.82,738.46,245742444
2007-04-02,759.49,661.2,765.06,655.63,269822852
2007-04-03,661.2,591.64,664.52,588.32,296825495
2007-04-04,591.64,526.13,595.19,522.57,293465685
2007-04-05,526.13,490.72,529.78,487.07,290545140
2007-04-06,490.72,475.22,494.72,471.22,303663119
2007-04-09,475.22,471.3,478.92,467.59,351699261
2007-04-10,471.3,487.13,492.82,465.6,391413008
2007-04-11,487.13,454.94,490.93,451.14,392609988
2007-04-12,454.94,436.71,458.26,433.39,350397299
2007-04-13,436.71,576.41,580.51,432.61,385813883
2007-04-16,576.41,545.84,581.57,540.68,334463984
2007-04-17,545.84,582.65,590.82,537.66,397975097
2007-04-18,582.65,512.65,586.93,508.37,384845231
2007-04-19,512.65,1230.96,1266.1,477.51,444255926
2007-04-20,1230.96,913.11,1245.63,898.43,359604766
2007-04-23,913.11,821.76,923.65,811.21,427995107
2007-04-24,821.76,771.43,828.52,764.67,443954242
2007-04-25,771.43,727.7,779.82,719.31,395375966
2007-04-26,727.7,649.3,731.74,645.26,303609906
2007-04-27,649.3,773.05,779.66,642.68,321957783
2007-04-30,773.05,678.84,779.98,671.91,365394897
2007-05-08,678.84,643.93,685.05,637.72,412710672
2007-05-09,643.93,661.34,672.46,632.81,553595674
2007-05-10,661.34,581.15,666.12,576.37,454015838
2007-05-11,581.15,705.72,712.49,574.38,352704497
2007-05-14,705.72,659.19,716.67,648.24,360423905
2007-05-15,659.19,1023.59,1040.68,642.1,381691306
2007-05-16,1023.59,809.75,1036.09,797.25,328229173
2007-05-17,809.75,697.86,816.35,691.25,346571469
2007-05-18,697.86,740.19,745.12,692.93,320272454
2007-05-21,740.19,724.7,755.0,709.89,389411385
2007-05-22,724.7,632.91,728.01,629.6,426720614
2007-05-23,632.91,586.34,638.29,580.96,390602281
2007-05-24,586.34,750.27,759.47,577.14,442356839
2007-05-25,750.27,637.55,756.49,631.34,371917240
2007-05-28,637.55,589.6,641.64,585.51,451391535
2007-05-29,589.6,561.52,594.37,556.74,437967836
2007-05-30,561.52,1427.38,1463.03,525.86,511668620
2007-05-31,1427.38,1037.62,1461.98,1003.02,482734992
2007-06-01,1037.62,1490.48,1526.65,1001.46,453331312
2007-06-04,1490.48,2552.24,2638.81,1403.91,337168330
2007-06-05,2552.24,1538.15,2620.21,1470.17,424761452
2007-06-06,1538.15,1311.77,1560.69,1289.22,362012143
2007-06-07,1311.77,1139.69,1325.4,1126.05,358801432
2007-06-08,1139.69,1090.5,1150.0,1080.19,339600180
2007-06-11,1090.5,992.92,1098.24,985.18,345537763
2007-06-12,992.92,930.21,1011.35,911.78,378425712
2007-06-13,930.21,847.97,937.46,840.72,422409394
2007-06-14,847.97,999.58,1009.87,837.68,334913950
2007-06-15,999.58,895.45,1007.4,887.63,268339612
2007-06-18,895.45,796.13,901.0,790.59,339384452
2007-06-19,796.13,749.36,801.38,744.12,310074900
2007-06-20,749.36,928.42,942.0,735.78,333263719
2007-06-21,928.42,792.65,936.18,784.89,283166111
2007-06-22,792.65,1138.61,1164.69,766.58,303976832
2007-06-25,1138.61,1601.2,1639.63,1100.18,267314227
2007-06-26,1601.2,1106.81,1620.35,1087.67,227136708
2007-06-27,1106.81,952.7,1120.73,938.79,244531279
2007-06-28,952.7,1408.58,1437.31,923.97,256319293
2007-06-29,1408.58,1536.94,1560.11,1385.41,222085499
2007-07-02,1536.94,1376.92,1559.13,1354.73,197646572
2007-07-03,1376.92,1183.01,1388.05,1171.89,184153941
2007-07-04,1183.01,1426.85,1444.95,1164.92,147902654
2007-07-05,1426.85,2175.87,2215.64,1387.08,167495838
2007-07-06,2175.87,1509.71,2214.84,1470.74,202519980
2007-07-09,1509.71,1269.05,1526.28,1252.49,214085307
2007-07-10,1269.05,1384.04,1397.07,1256.02,202528534
2007-07-11,1384.04,1254.8,1393.08,1245.77,132183621
2007-07-12,1254.8,1161.12,1262.64,1153.28,132858186
2007-07-13,1161.12,1177.85,1184.77,1154.2,112068084
2007-07-16,1177.85,1512.54,1533.3,1157.09,118750984
2007-07-17,1512.54,1244.61,1534.58,1222.56,127688091
2007-07-18,1244.61,1141.04,1258.24,1127.41,180530457
2007-07-19,1141.04,1229.57,1237.19,1133.42,123587982
2007-07-20,1229.57,1036.82,1247.42,1018.97,221457385
2007-07-23,1036.82,891.04,1050.14,877.72,340150125
2007-07-24,891.04,911.81,920.52,882.33,299903615
2007-07-25,911.81,805.96,919.54,798.23,252742607
2007-07-26,805.96,735.06,811.43,729.59,256295419
2007-07-27,735.06,803.55,810.64,727.97,259005220
2007-07-30,803.55,716.14,812.2,707.49,299971054
2007-07-31,716.14,649.36,722.2,643.3,278715912
2007-08-01,649.36,1195.37,1219.48,625.25,319336338
2007-08-02,1195.37,907.37,1208.48,894.26,251337784
2007-08-03,907.37,792.9,916.92,783.36,311491621
2007-08-06,792.9,709.93,798.14,704.69,296284003
2007-08-07,709.93,742.03,750.2,701.76,319554160
2007-08-08,742.03,909.78,922.49,729.32,346771859
2007-08-09,909.78,767.05,918.2,758.63,279482656
2007-08-10,767.05,850.94,860.94,757.05,285645291
2007-08-13,850.94,797.41,859.0,789.35,339466567
2007-08-14,797.41,693.01,803.1,687.32,243588335
2007-08-15,693.01,675.64,701.24,667.41,248237341
2007-08-16,675.64,834.55,843.0,667.19,251118524
2007-08-17,834.55,1092.03,1107.69,818.89,251796163
2007-08-20,1092.03,898.08,1103.74,886.36,271186736
2007-08-21,898.08,771.29,903.33,766.03,288521362
2007-08-22,771.29,730.92,781.95,720.26,284807904
2007-08-23,730.92,666.47,737.3,660.09,261291157
2007-08-24,666.47,623.75,670.7,619.52,287030024
2007-08-27,623.75,571.76,628.5,567.01,314874671
2007-08-28,571.76,548.9,577.5,543.16,287112644
2007-08-29,548.9,723.44,731.69,540.65,272960031
2007-08-30,723.44,613.92,727.51,609.85,256438986
2007-08-31,613.92,543.41,617.71,539.62,261880673
2007-09-03,543.41,522.26,547.32,518.36,323404025
2007-09-04,522.26,685.66,690.88,517.05,317348587
2007-09-05,685.66,615.34,691.67,609.33,254905681
2007-09-06,615.34,534.44,619.1,530.68,281336544
2007-09-07,534.44,732.99,739.77,527.66,311621274
2007-09-10,732.99,682.11,743.31,671.79,258675897
2007-09-11,682.11,1312.06,1342.13,652.05,275567782
2007-09-12,1312.06,891.47,1323.09,880.44,246016424
2007-09-13,891.47,777.27,900.06,768.67,231707060
2007-09-14,777.27,688.97,784.21,682.03,242416293
2007-09-17,688.97,639.62,694.86,633.73,276629728
2007-09-18,639.62,750.57,758.39,631.8,280686201
2007-09-19,750.57,870.4,878.39,742.57,227641835
2007-09-20,870.4,727.96,875.0,723.36,224082410
2007-09-21,727.96,803.32,812.73,718.55,243179279
2007-09-24,803.32,686.53,810.61,679.24,215869146
2007-09-25,686.53,801.55,808.61,679.47,204659537
2007-09-26,801.55,995.64,1007.21,789.98,159150083
2007-09-27,995.64,792.16,1001.62,786.18,140107858
2007-09-28,792.16,709.69,798.17,703.68,200386765
2007-10-08,709.69,664.26,715.15,658.8,265456408
2007-10-09,664.26,601.7,668.82,597.14,215957519
2007-10-10,601.7,585.69,607.05,580.33,254451360
2007-10-11,585.69,550.23,590.81,545.11,260487105
2007-10-12,550.23,831.38,849.69,531.91,319105955
2007-10-15,831.38,729.85,839.94,721.29,283673818
2007-10-16,729.85,674.75,734.17,670.43,259466590
2007-10-17,674.75,745.71,751.37,669.09,196329149
2007-10-18,745.71,1230.64,1249.99,726.36,193128173
2007-10-19,1230.64,1024.64,1242.36,1012.92,151666023
2007-10-22,1024.64,1333.34,1346.52,1011.46,142659597
2007-10-23,1333.34,1038.67,1346.99,1025.02,165626034
2007-10-24,1038.67,898.37,1046.55,890.49,175673901
2007-10-25,898.37,1493.44,1520.6,871.21,198523070
2007-10-26,1493.44,1125.07,1508.88,1109.64,140696721
2007-10-29,1125.07,982.33,1132.29,975.11,139413665
2007-10-30,982.33,888.81,991.73,879.41,156367207
2007-10-31,888.81,819.65,896.08,812.38,199013995
2007-11-01,819.65,957.61,964.29,812.98,188605155
2007-11-02,957.61,1191.92,1202.46,947.07,174197297
2007-11-05,1191.92,1494.69,1514.1,1172.52,153178418
2007-11-06,1494.69,1499.17,1513.44,1480.42,115343990
2007-11-07,1499.17,1240.85,1513.5,1226.51,118269058
2007-11-08,1240.85,2127.0,2164.0,1203.85,139390367
2007-11-09,2127.0,1838.53,2152.73,1812.8,136400839
2007-11-12,1838.53,2280.13,2322.56,1796.1,151756909
2007-11-13,2280.13,2264.69,2321.68,2223.14,144631327
2007-11-14,2264.69,1833.13,2298.49,1799.33,141052629
2007-11-15,1833.13,2041.89,2058.01,1817.02,125101622
2007-11-16,2041.89,2262.0,2282.82,2021.07,94158575
2007-11-19,2262.0,2206.71,2276.41,2192.3,105008943
2007-11-20,2206.71,1964.74,2236.74,1934.72,133041299
2007-11-21,1964.74,2270.47,2296.8,1938.41,106667392
2007-11-22,2270.47,3066.53,3112.72,2224.27,106681648
2007-11-23,3066.53,2243.06,3093.17,2216.42,82131997
2007-11-26,2243.06,2534.41,2568.7,2208.77,95607797
2007-11-27,2534.41,2863.73,2888.7,2509.44,82601898
2007-11-28,2863.73,2964.2,3001.8,2826.14,90834349
2007-11-29,2964.2,2217.61,3005.03,2176.78,145339710
2007-11-30,2217.61,2611.95,2639.28,2190.27,115846922
2007-12-03,2611.95,2252.8,2635.52,2229.24,109698684
2007-12-04,2252.8,1982.93,2270.62,1965.11,101665156
2007-12-05,1982.93,1641.01,2005.07,1618.86,134975666
2007-12-06,1641.01,1635.56,1651.11,1625.47,102390124
2007-12-07,1635.56,1460.37,1644.15,1451.78,116094140
2007-12-10,1460.37,1337.27,1480.75,1316.9,173977916
2007-12-11,1337.27,1369.88,1382.94,1324.22,165329192
2007-12-12,1369.88,1567.83,1579.94,1357.77,168124647
2007-12-13,1567.83,2067.36,2097.02,1538.17,156685553
2007-12-14,2067.36,1544.28,2089.97,1521.67,126961446
2007-12-17,1544.28,1795.38,1814.54,1525.11,153396417
2007-12-18,1795.38,1713.13,1808.05,1700.47,95884235
2007-12-19,1713.13,1404.17,1724.53,1392.77,135982890
2007-12-20,1404.17,1208.12,1416.61,1195.69,133978714
2007-12-21,1208.12,1088.16,1216.13,1080.15,155892290
2007-12-24,1088.16,967.07,1098.18,957.04,209972727
2007-12-25,967.07,993.34,998.68,961.73,166860508
2007-12-26,993.34,905.06,999.86,898.54,176064164
2007-12-27,905.06,818.07,912.34,810.79,216351429
2007-12-28,818.07,993.26,999.01,812.32,191423688
2008-01-02,993.26,908.03,1001.36,899.93,229366198
2008-01-03,908.03,790.99,915.12,783.9,312530414
2008-01-04,790.99,711.53,795.16,707.36,254194131
2008-01-07,711.53,653.01,716.52,648.02,276578733
2008-01-08,653.01,886.94,896.42,643.53,324934997
2008-01-09,886.94,738.04,893.38,731.6,237727969
2008-01-10,738.04,646.32,742.92,641.44,309624737
2008-01-11,646.32,618.68,649.86,615.14,278381659
2008-01-14,618.68,543.84,621.66,540.86,249365750
2008-01-15,543.84,716.13,721.46,538.51,256361750
2008-01-16,716.13,1164.98,1176.98,704.14,281927132
2008-01-17,1164.98,1661.79,1698.48,1128.29,309103597
2008-01-18,1661.79,1096.99,1671.19,1087.59,215257456
2008-01-21,1096.99,2021.86,2069.94,1048.91,239051535
2008-01-22,2021.86,2846.34,2919.72,1948.48,300262677
2008-01-23,2846.34,1688.99,2877.27,1658.06,275875648
2008-01-24,1688.99,1515.55,1708.16,1496.38,279898641
2008-01-25,1515.55,1390.29,1534.51,1371.33,234900456
2008-01-28,1390.29,2413.87,2476.45,1327.7,211713572
2008-01-29,2413.87,1720.37,2436.97,1697.27,149133160
2008-01-30,1720.37,1907.73,1948.5,1679.6,171955408
2008-01-31,1907.73,2090.74,2112.43,1886.04,148267776
2008-02-01,2090.74,2165.98,2211.69,2045.04,178040014
2008-02-04,2165.98,1551.13,2201.26,1515.85,203463300
2008-02-05,1551.13,1656.2,1672.96,1534.37,163996001
2008-02-13,1656.2,2029.86,2046.23,1639.83,110372636
2008-02-14,2029.86,1640.36,2039.96,1630.26,103408931
2008-02-15,1640.36,1865.46,1881.32,1624.5,123851708
2008-02-18,1865.46,1572.8,1879.03,1559.23,162282355
2008-02-19,1572.8,1376.13,1588.08,1360.85,184148296
2008-02-20,1376.13,1630.23,1651.04,1355.32,201647498
2008-02-21,1630.23,1662.23,1680.55,1611.92,178395328
2008-02-22,1662.23,2182.88,2219.17,1625.94,198948642
2008-02-25,2182.88,2655.57,2704.79,2133.67,172778244
2008-02-26,2655.57,2266.21,2709.54,2212.24,169001865
2008-02-27,2266.21,1829.2,2291.91,1803.5,151011687
2008-02-28,1829.2,1925.47,1940.89,1813.78,132430156
2008-02-29,1925.47,1684.83,1938.68,1671.62,129796672
2008-03-03,1684.83,1476.14,1709.32,1451.65,210401220
2008-03-04,1476.14,1843.31,1871.71,1447.73,239873590
2008-03-05,1843.31,1882.17,1910.86,1814.62,209034122
2008-03-06,1882.17,1618.35,1906.3,1594.21,236637269
2008-03-07,1618.35,1752.4,1767.07,1603.68,154667393
2008-03-10,1752.4,2285.26,2320.7,1716.96,173720772
2008-03-11,2285.26,1871.11,2306.39,1849.98,139610231
2008-03-12,1871.11,2507.04,2562.99,1815.16,149435839
2008-03-13,2507.04,2725.08,2769.56,2462.56,182594063
2008-03-14,2725.08,2545.46,2754.61,2515.94,122139935
2008-03-17,2545.46,3387.73,3441.68,2491.51,144984016
2008-03-18,3387.73,3814.86,3925.75,3276.83,175763955
2008-03-19,3814.86,2533.46,3861.27,2487.06,186409607
2008-03-20,2533.46,2245.85,2622.75,2156.56,221020804
2008-03-21,2245.85,2108.23,2272.35,2081.73,200213407
2008-03-24,2108.23,2783.1,2852.55,2038.78,176226895
2008-03-25,2783.1,2202.45,2827.12,2158.43,157707522
2008-03-26,2202.45,2120.7,2227.65,2095.49,139713576
2008-03-27,2120.7,2623.83,2660.67,2083.85,163346506
2008-03-28,2623.83,1898.22,2678.02,1844.02,203965383
2008-03-31,1898.22,2253.59,2279.93,1871.87,145834564
2008-04-01,2253.59,2931.17,3007.54,2177.22,172098408
2008-04-02,2931.17,2441.37,2986.97,2385.57,208742833
2008-04-03,2441.37,2012.92,2487.48,1966.82,163540756
2008-04-07,2012.92,1601.04,2059.84,1554.12,195728204
2008-04-08,1601.04,1464.82,1618.1,1447.77,213371261
2008-04-09,1464.82,2055.33,2101.43,1418.73,193483238
2008-04-10,2055.33,1568.17,2079.97,1543.53,143482116
2008-04-11,1568.17,1454.56,1579.3,1443.43,134934866
2008-04-14,1454.56,2045.13,2085.08,1414.61,161686448
2008-04-15,2045.13,1577.15,2074.62,1547.65,144964541
2008-04-16,1577.15,1839.62,1860.27,1556.5,126788549
2008-04-17,1839.62,2196.23,2250.9,1784.95,139955522
2008-04-18,2196.23,2528.3,2570.83,2153.7,135825017
2008-04-21,2528.3,2285.97,2607.72,2206.55,196378354
2008-04-22,2285.97,1992.47,2329.93,1948.51,154337147
2008-04-23,1992.47,1586.94,2035.63,1543.79,217814768
2008-04-24,1586.94,1063.94,1602.36,1048.52,467389377
2008-04-25,1063.94,1141.73,1162.66,1043.01,409878700
2008-04-28,1141.73,1373.32,1385.65,1129.4,238471649
2008-04-29,1373.32,1130.04,1385.72,1117.64,213152660
2008-04-30,1130.04,945.96,1148.59,927.4,341483309
2008-05-05,945.96,852.39,953.42,844.92,309813070
2008-05-06,852.39,1061.04,1073.18,840.25,297174841
2008-05-07,1061.04,1712.26,1750.78,1022.52,273853344
2008-05-08,1712.26,1168.32,1731.4,1149.17,221528186
2008-05-09,1168.32,1285.99,1308.14,1146.16,265114292
2008-05-12,1285.99,1100.94,1307.02,1079.9,231550350
2008-05-13,1100.94,1251.53,1270.38,1082.08,263224262
2008-05-14,1251.53,1031.58,1265.41,1017.7,258670760
2008-05-15,1031.58,1105.31,1115.26,1021.63,246508621
2008-05-16,1105.31,1149.25,1161.01,1093.55,192441915
2008-05-19,1149.25,1252.09,1260.95,1140.39,144270207
2008-05-20,1252.09,2170.57,2224.65,1198.02,198129677
2008-05-21,2170.57,1489.83,2204.88,1455.53,219586445
2008-05-22,1489.83,1719.37,1735.07,1474.13,201539372
2008-05-23,1719.37,1706.33,1739.07,1686.63,172771701
2008-05-26,1706.33,2279.06,2301.62,1683.78,149503186
2008-05-27,2279.06,1770.5,2291.95,1757.61,124481092
2008-05-28,1770.5,1509.2,1794.34,1485.36,155508238
2008-05-29,1509.2,1843.02,1862.7,1489.52,149243555
2008-05-30,1843.02,1537.58,1855.15,1525.45,141907975
2008-06-02,1537.58,1438.01,1550.1,1425.48,142395246
2008-06-03,1438.01,1547.7,1558.25,1427.45,169527152
2008-06-04,1547.7,1766.62,1784.51,1529.82,143316856
2008-06-05,1766.62,1818.63,1829.83,1755.41,121653732
2008-06-06,1818.63,1924.95,1939.01,1804.56,105032634
2008-06-10,1924.95,3191.98,3253.11,1863.82,162809606
2008-06-11,3191.98,2742.88,3220.66,2714.2,144891606
2008-06-12,2742.88,2999.84,3050.41,2692.3,154854060
2008-06-13,2999.84,3482.17,3539.77,2942.24,125324380
2008-06-16,3482.17,2956.02,3527.41,2910.78,128771880
2008-06-17,2956.02,3697.87,3772.38,2881.51,131592500
2008-06-18,3697.87,2536.48,3784.21,2450.14,207771352
2008-06-19,2536.48,3838.41,3940.23,2434.66,177145030
2008-06-20,3838.41,2603.84,3931.61,2510.64,241555452
2008-06-23,2603.84,2932.58,2965.13,2571.28,127642262
2008-06-24,2932.58,2347.61,2965.29,2314.89,153795459
2008-06-25,2347.61,1887.06,2384.75,1849.92,202682651
2008-06-26,1887.06,1877.32,1910.05,1854.33,201219522
2008-06-27,1877.32,2532.05,2569.37,1840.0,191595122
2008-06-30,2532.05,2313.73,2560.18,2285.61,118487389
2008-07-01,2313.73,2848.08,2897.83,2263.98,130152330
2008-07-02,2848.08,2418.48,2875.3,2391.25,128205187
2008-07-03,2418.48,2160.97,2478.83,2100.61,213490472
2008-07-04,2160.97,2237.93,2259.85,2139.05,175062281
2008-07-07,2237.93,1661.7,2273.61,1626.02,245158530
2008-07-08,1661.7,1545.77,1682.68,1524.79,251490979
2008-07-09,1545.77,1248.97,1561.52,1233.23,315106683
2008-07-10,1248.97,1505.15,1525.67,1228.45,283451185
2008-07-11,1505.15,1551.75,1567.76,1489.14,201675325
2008-07-14,1551.75,1362.98,1566.41,1348.33,163607664
2008-07-15,1362.98,1756.39,1791.05,1328.33,217581310
2008-07-16,1756.39,1987.19,2019.48,1724.1,185761347
2008-07-17,1987.19,1862.22,2015.6,1833.81,153656615
2008-07-18,1862.22,1502.16,1889.69,1474.69,185980261
2008-07-21,1502.16,1265.07,1525.8,1241.43,211436342
2008-07-22,1265.07,1334.16,1341.72,1257.51,182530085
2008-07-23,1334.16,1415.09,1427.3,1321.95,183409691
2008-07-24,1415.09,1155.26,1427.5,1142.85,223322612
2008-07-25,1155.26,1273.31,1281.71,1146.86,188529112
2008-07-28,1273.31,1100.93,1281.04,1093.2,186986997
2008-07-29,1100.93,1263.29,1270.21,1094.0,173036534
2008-07-30,1263.29,1317.77,1332.71,1248.35,145087067
2008-07-31,1317.77,1623.56,1643.81,1297.52,134125261
2008-08-01,1623.56,1321.98,1645.51,1300.03,155013544
2008-08-04,1321.98,1564.19,1578.1,1308.07,111009800
2008-08-05,1564.19,1831.55,1856.6,1539.13,135797812
2008-08-06,1831.55,1498.74,1847.0,1483.29,127435262
2008-08-07,1498.74,1489.26,1512.2,1475.8,116069388
2008-08-08,1489.26,2226.73,2270.09,1445.89,147455235
2008-08-11,2226.73,2853.27,2916.22,2163.78,148928744
2008-08-12,2853.27,2225.42,2876.01,2202.68,115470784
2008-08-13,2225.42,2177.82,2258.84,2144.41,129632310
2008-08-14,2177.82,2243.03,2261.98,2158.87,96083155
2008-08-15,2243.03,2117.22,2265.51,2094.75,96865702
2008-08-18,2117.22,3095.02,3164.19,2048.06,128693368
2008-08-19,3095.02,2268.69,3126.41,2237.31,101664474
2008-08-20,2268.69,1630.12,2329.49,1569.32,215582529
2008-08-21,1630.12,2119.93,2151.84,1598.2,180006930
2008-08-22,2119.93,2103.98,2145.43,2078.48,127200721
2008-08-25,2103.98,1945.21,2125.19,1924.0,93575535
2008-08-26,1945.21,2362.08,2393.54,1913.75,116200154
2008-08-27,2362.08,2209.62,2390.72,2180.97,115127678
2008-08-28,2209.62,2073.32,2226.65,2056.29,99140147
2008-08-29,2073.32,1776.15,2096.32,1753.16,138490909
2008-09-01,1776.15,2171.41,2198.96,1748.59,104108648
2008-09-02,2171.41,2136.37,2186.99,2120.78,94540688
2008-09-03,2136.37,2385.19,2416.17,2105.39,118853844
2008-09-04,2385.19,2094.31,2404.64,2074.86,96765164
2008-09-05,2094.31,2461.19,2481.87,2073.63,109849594
2008-09-08,2461.19,2747.77,2789.23,2419.72,109537225
2008-09-09,2747.77,2309.0,2766.23,2290.53,88197621
2008-09-10,2309.0,2186.74,2342.81,2152.93,109626720
2008-09-11,2186.74,2552.25,2588.13,2150.87,106785170
2008-09-12,2552.25,2244.47,2569.83,2226.89,90107248
2008-09-16,2244.47,2657.63,2691.14,2210.95,149983377
2008-09-17,2657.63,3012.39,3061.6,2608.41,148400858
2008-09-18,3012.39,3277.22,3367.66,2921.95,214609060
2008-09-19,3277.22,1697.29,3287.26,1687.25,179306077
2008-09-22,1697.29,1414.89,1731.62,1380.56,458369807
2008-09-23,1414.89,2029.22,2053.75,1390.36,339805958
2008-09-24,2029.22,1597.59,2056.35,1570.46,206071681
2008-09-25,1597.59,1392.75,1629.02,1361.32,329564046
2008-09-26,1392.75,1352.13,1408.94,1335.94,256279191
2008-10-06,1352.13,1903.13,1931.04,1324.22,198918142
2008-10-07,1903.13,1821.61,1941.6,1783.14,186262496
2008-10-08,1821.61,2297.93,2328.98,1790.56,163448717
2008-10-09,2297.93,2229.13,2330.13,2196.93,148456880
2008-10-10,2229.13,2982.44,3017.64,2193.93,175120645
2008-10-13,2982.44,2115.43,3045.81,2052.07,189642442
2008-10-14,2115.43,2726.38,2794.08,2047.74,231235350
2008-10-15,2726.38,2530.87,2747.72,2509.53,138085201
2008-10-16,2530.87,3441.4,3476.06,2496.21,173425688
2008-10-17,3441.4,2590.42,3466.6,2565.22,125983916
2008-10-20,2590.42,2140.25,2634.68,2095.99,146347437
2008-10-21,2140.25,2268.27,2290.37,2118.16,173393113
2008-10-22,2268.27,2683.46,2715.21,2236.52,150952591
2008-10-23,2683.46,2479.2,2713.32,2449.34,155162957
2008-10-24,2479.2,3033.93,3081.08,2432.06,145786792
2008-10-27,3033.93,4017.37,4101.04,2950.27,162564467
2008-10-28,4017.37,2667.98,4088.18,2597.17,202138250
2008-10-29,2667.98,3139.35,3192.73,2614.61,172216076
2008-10-30,3139.35,2410.52,3185.01,2364.86,180860887
2008-10-31,2410.52,2727.4,2753.59,2384.33,126989980
2008-11-03,2727.4,2695.46,2755.64,2667.21,113268535
2008-11-04,2695.46,2996.26,3026.43,2665.28,119341287
2008-11-05,2996.26,2277.13,3036.86,2236.53,193699159
2008-11-06,2277.13,2728.04,2745.04,2260.13,140824651
2008-11-07,2728.04,2245.76,2769.45,2204.35,145082274
2008-11-10,2245.76,1522.36,2277.72,1490.4,291778978
2008-11-11,1522.36,1780.31,1799.7,1502.96,292458974
2008-11-12,1780.31,1510.27,1797.43,1493.15,201483047
2008-11-13,1510.27,1335.56,1547.8,1298.04,378335311
2008-11-14,1335.56,1109.59,1352.07,1093.07,411119962
2008-11-17,1109.59,989.14,1122.92,975.8,409589558
2008-11-18,989.14,2042.3,2108.81,922.63,459822518
2008-11-19,2042.3,1307.48,2080.57,1269.21,388028921
2008-11-20,1307.48,1384.73,1406.46,1285.75,391482342
2008-11-21,1384.73,1525.2,1566.71,1343.22,382519744
2008-11-24,1525.2,2019.86,2055.49,1489.57,241686841
2008-11-25,2019.86,1700.92,2048.84,1671.95,200846486
2008-11-26,1700.92,1490.62,1717.12,1474.42,198977378
2008-11-27,1490.62,1338.5,1518.89,1310.22,390718864
2008-11-28,1338.5,1537.18,1554.96,1320.72,236908576
2008-12-01,1537.18,1306.26,1553.9,1289.54,235426602
2008-12-02,1306.26,1277.88,1325.95,1258.19,303478723
2008-12-03,1277.88,1053.81,1292.68,1039.01,404289264
2008-12-04,1053.81,946.74,1068.12,932.43,549941606
2008-12-05,946.74,866.7,955.42,858.02,354955581
2008-12-08,866.7,779.05,876.2,769.55,508284294
2008-12-09,779.05,1053.19,1066.94,765.3,438587260
2008-12-10,1053.19,869.15,1066.97,855.37,394521886
2008-12-11,869.15,1047.27,1059.87,856.55,356660774
2008-12-12,1047.27,1466.92,1495.21,1018.98,326027096
2008-12-15,1466.92,1065.08,1480.71,1051.3,244698255
2008-12-16,1065.08,933.48,1079.11,919.45,237187984
2008-12-17,933.48,876.65,939.58,870.55,286847823
2008-12-18,876.65,800.76,886.82,790.58,278688921
2008-12-19,800.76,743.22,807.14,736.84,308239414
2008-12-22,743.22,927.01,938.09,732.14,263217146
2008-12-23,927.01,1569.0,1599.55,896.46,305639525
2008-12-24,1569.0,1515.02,1581.66,1502.35,218669747
2008-12-25,1515.02,1489.06,1531.8,1472.27,193953204
2008-12-26,1489.06,1535.68,1545.99,1478.75,164984682
2008-12-29,1535.68,1637.15,1652.99,1519.85,168342144
2008-12-30,1637.15,1891.31,1908.8,1619.67,178158688
2008-12-31,1891.31,1910.15,1923.02,1878.44,163585983
2009-01-05,1910.15,1563.78,1924.85,1549.09,221757476
2009-01-06,1563.78,1374.3,1584.95,1353.13,322505832
2009-01-07,1374.3,1508.47,1517.87,1364.9,281997443
2009-01-08,1508.47,1834.42,1845.77,1497.12,251444827
2009-01-09,1834.42,1468.8,1845.3,1457.92,221600952
2009-01-12,1468.8,1417.83,1480.7,1405.93,255943848
2009-01-13,1417.83,1696.27,1707.72,1406.39,230972508
2009-01-14,1696.27,1387.64,1719.57,1364.35,273450809
2009-01-15,1387.64,1496.0,1509.22,1374.42,359110828
2009-01-16,1496.0,1294.54,1512.42,1278.13,431930579
2009-01-19,1294.54,1160.13,1308.07,1146.61,363849070
2009-01-20,1160.13,1061.86,1168.28,1053.71,241695639
2009-01-21,1061.86,1209.8,1223.01,1048.64,286980498
2009-01-22,1209.8,1045.24,1217.24,1037.8,274364750
2009-01-23,1045.24,1121.74,1128.13,1038.85,266834133
2009-02-02,1121.74,973.12,1127.55,967.31,248832988
2009-02-03,973.12,890.98,983.38,880.73,408370415
2009-02-04,890.98,799.46,898.62,791.83,468081064
2009-02-05,799.46,1107.47,1123.05,783.89,523967274
2009-02-06,1107.47,984.23,1122.97,968.73,496461970
2009-02-09,984.23,836.74,992.37,828.6,599497970
2009-02-10,836.74,778.38,846.19,768.93,537159230
2009-02-11,778.38,949.89,967.2,761.07,669450644
2009-02-12,949.89,1102.9,1120.99,931.81,548153908
2009-02-13,1102.9,963.33,1118.89,947.34,641816332
2009-02-16,963.33,824.19,972.7,814.82,691101432
2009-02-17,824.19,1241.04,1259.15,806.07,641230556
2009-02-18,1241.04,1828.18,1858.05,1211.17,520588868
2009-02-19,1828.18,1239.18,1842.33,1225.03,416657886
2009-02-20,1239.18,1057.31,1251.72,1044.77,402861267
2009-02-23,1057.31,1000.18,1076.09,981.4,504184182
2009-02-24,1000.18,1612.2,1643.56,968.83,582988016
2009-02-25,1612.2,1329.9,1638.39,1303.71,490628608
2009-02-26,1329.9,2165.36,2226.11,1269.15,475055436
2009-02-27,2165.36,2030.86,2190.75,2005.47,403146973
2009-03-02,2030.86,1592.68,2050.76,1572.77,284830242
2009-03-03,1592.68,1689.03,1709.79,1571.92,308924497
2009-03-04,1689.03,1353.45,1724.35,1318.13,502245998
2009-03-05,1353.45,1203.25,1370.19,1186.51,595980512
2009-03-06,1203.25,1296.29,1309.67,1189.88,391258922
2009-03-09,1296.29,1843.21,1885.96,1253.54,398602587
2009-03-10,1843.21,1397.06,1861.86,1378.42,264736816
2009-03-11,1397.06,1486.81,1508.35,1375.52,330928319
2009-03-12,1486.81,1552.8,1570.26,1469.35,266708707
2009-03-13,1552.8,1647.66,1662.14,1538.32,256501230
2009-03-16,1647.66,1404.27,1664.24,1387.69,233283616
2009-03-17,1404.27,1168.45,1422.83,1149.9,422879097
2009-03-18,1168.45,1123.45,1176.92,1114.98,468873256
2009-03-19,1123.45,997.95,1132.89,988.51,450786312
2009-03-20,997.95,1039.97,1049.49,988.43,486707100
2009-03-23,1039.97,906.8,1050.71,896.06,517770252
2009-03-24,906.8,833.89,913.03,827.66,515087448
2009-03-25,833.89,1049.5,1061.64,821.74,449211146
2009-03-26,1049.5,912.51,1064.57,897.43,506941502
2009-03-27,912.51,797.84,917.66,792.68,606147908
2009-03-30,797.84,914.23,919.75,792.32,437961142
2009-03-31,914.23,801.61,924.91,790.93,442392484
2009-04-01,801.61,712.21,807.1,706.71,573084842
2009-04-02,712.21,649.74,716.81,645.14,608799556
2009-04-03,649.74,761.8,768.76,642.78,558818014
2009-04-07,761.8,671.39,767.43,665.76,401641567
2009-04-08,671.39,1078.52,1094.57,655.35,470125338
2009-04-09,1078.52,805.94,1086.13,798.33,361627044
2009-04-10,805.94,710.87,812.99,703.82,499220064
2009-04-13,710.87,653.55,716.3,648.12,629603564
2009-04-14,653.55,599.21,657.89,594.86,516352748
2009-04-15,599.21,572.91,604.62,567.5,566363278
2009-04-16,572.91,614.52,620.34,567.1,576485816
2009-04-17,614.52,730.27,737.33,607.47,487083900
2009-04-20,730.27,633.54,736.58,627.23,459378381
2009-04-21,633.54,748.19,755.2,626.53,512147674
2009-04-22,748.19,1363.83,1393.86,718.16,589004270
2009-04-23,1363.83,899.37,1372.18,891.02,385751899
2009-04-24,899.37,948.01,953.86,893.52,346911691
2009-04-27,948.01,1221.1,1235.46,933.65,348981737
2009-04-28,1221.1,1019.34,1228.32,1012.11,288906549
2009-04-29,1019.34,964.63,1034.54,949.43,391425072
2009-04-30,964.63,869.58,969.38,864.83,406496151
2009-05-04,869.58,816.15,880.16,805.57,482407248
2009-05-05,816.15,735.15,820.67,730.62,489719304
2009-05-06,735.15,682.24,740.93,676.45,494282184
2009-05-07,682.24,704.2,711.37,675.06,572233074
2009-05-08,704.2,644.46,710.97,637.69,508820050
2009-05-11,644.46,980.44,996.16,628.74,581171712
2009-05-12,980.44,813.19,991.01,802.62,406907410
2009-05-13,813.19,698.21,818.37,693.02,485145586
2009-05-14,698.21,807.64,813.05,692.8,394721961
2009-05-15,807.64,693.91,811.96,689.6,326957105
2009-05-18,693.91,606.69,700.28,600.32,362519372
2009-05-19,606.69,555.03,608.92,552.8,460744868
2009-05-20,555.03,700.64,704.48,551.19,423188695
2009-05-21,700.64,934.81,944.6,690.85,422443868
2009-05-22,934.81,936.26,942.2,928.87,298365534
2009-05-25,936.26,820.65,946.67,810.24,350399661
2009-05-26,820.65,929.9,935.92,814.63,365922000
2009-05-27,929.9,782.52,935.9,776.52,331942056
2009-06-01,782.52,723.22,789.31,716.43,495673824
2009-06-02,723.22,712.45,727.03,708.64,501095626
2009-06-03,712.45,684.22,719.58,677.09,517656414
2009-06-04,684.22,677.25,689.89,671.57,580278028
2009-06-05,677.25,800.85,805.51,672.59,481809024
2009-06-08,800.85,717.13,807.64,710.34,440884326
2009-06-09,717.13,637.15,723.13,631.14,432855745
2009-06-10,637.15,570.3,639.81,567.63,470857860
2009-06-11,570.3,703.05,707.78,565.56,414795172
2009-06-12,703.05,1014.99,1027.99,690.05,394391793
2009-06-15,1014.99,806.81,1022.92,798.89,347843175
2009-06-16,806.81,791.02,812.45,785.39,327034989
2009-06-17,791.02,741.54,799.81,732.76,357105941
2009-06-18,741.54,656.36,745.77,652.13,441697856
2009-06-19,656.36,596.67,659.73,593.3,478929094
2009-06-22,596.67,575.76,600.19,572.24,478861108
2009-06-23,575.76,648.82,657.72,566.85,495016170
2009-06-24,648.82,570.21,653.05,565.98,479448686
2009-06-25,570.21,582.6,585.6,567.21,395981777
2009-06-26,582.6,507.99,584.61,505.98,344717815
2009-06-29,507.99,485.81,512.03,481.77,403755315
2009-06-30,485.81,607.81,610.9,482.72,404313774
2009-07-01,607.81,593.41,614.3,586.91,446562411
2009-07-02,593.41,526.67,596.24,523.83,522410850
2009-07-03,526.67,520.55,531.83,515.38,503972068
2009-07-06,520.55,489.38,523.74,486.19,608089590
2009-07-07,489.38,693.18,698.82,483.75,586142280
2009-07-08,693.18,703.82,712.87,684.13,514167372
2009-07-09,703.82,586.09,708.34,581.57,522575648
2009-07-10,586.09,579.6,589.51,576.18,498364282
2009-07-13,579.6,698.39,702.13,575.86,476283099
2009-07-14,698.39,644.28,704.4,638.27,508897048
2009-07-15,644.28,567.3,646.83,564.75,617528972
2009-07-16,567.3,577.54,581.36,563.48,600637608
2009-07-17,577.54,493.63,580.22,490.95,503604164
2009-07-20,493.63,512.45,517.18,488.9,626556268
2009-07-21,512.45,749.46,756.2,505.72,613017348
2009-07-22,749.46,663.74,755.8,657.41,537990446
2009-07-23,663.74,574.09,667.38,570.45,534097358
2009-07-24,574.09,547.16,579.92,541.33,598085524
2009-07-27,547.16,520.85,551.37,516.64,625812354
2009-07-28,520.85,502.24,523.97,499.12,655425304
2009-07-29,502.24,1267.84,1310.29,459.78,798834620
2009-07-30,1267.84,917.73,1282.76,902.81,618948088
2009-07-31,917.73,792.48,926.56,783.65,600330412
2009-08-03,792.48,689.61,798.08,684.01,618535248
2009-08-04,689.61,701.89,708.87,682.63,651285704
2009-08-05,701.89,850.7,859.47,693.11,625282894
2009-08-06,850.7,1145.41,1161.69,834.42,547940738
2009-08-07,1145.41,1583.86,1610.35,1118.92,475382138
2009-08-10,1583.86,1397.17,1603.95,1377.08,399376130
2009-08-11,1397.17,1150.35,1405.18,1142.34,310639759
2009-08-12,1150.35,1982.89,2018.76,1114.48,427770090
2009-08-13,1982.89,1380.13,2000.89,1362.13,391727428
2009-08-14,1380.13,1756.89,1781.26,1355.76,404265154
2009-08-17,1756.89,2683.64,2741.76,1698.77,419977133
2009-08-18,2683.64,1772.33,2707.34,1748.64,357155098
2009-08-19,1772.33,2696.84,2765.09,1704.09,376652028
2009-08-20,2696.84,1763.05,2726.14,1733.75,364038315
2009-08-21,1763.05,1548.95,1784.41,1527.59,409286142
2009-08-24,1548.95,1449.3,1560.86,1437.39,383590056
2009-08-25,1449.3,1987.54,2034.05,1402.79,457504442
2009-08-26,1987.54,1604.58,2015.9,1576.23,395243482
2009-08-27,1604.58,1701.74,1721.95,1584.37,404486046
2009-08-28,1701.74,2207.57,2246.0,1663.3,394282815
2009-08-31,2207.57,3181.11,3255.79,2132.89,391604833
2009-09-01,3181.11,2164.49,3214.12,2131.49,322924413
2009-09-02,2164.49,1883.88,2187.89,1860.49,276109797
2009-09-03,1883.88,1507.93,1918.64,1473.16,424306020
2009-09-04,1507.93,1438.56,1519.16,1427.32,403946520
2009-09-07,1438.56,1392.91,1452.08,1379.38,401046382
2009-09-08,1392.91,1251.62,1412.54,1231.99,395601566
2009-09-09,1251.62,1200.52,1262.07,1190.07,417862016
2009-09-10,1200.52,1344.07,1353.17,1191.42,321815920
2009-09-11,1344.07,1123.48,1358.11,1109.43,387897493
2009-09-14,1123.48,989.27,1130.69,982.05,430369410
2009-09-15,989.27,915.62,996.11,908.78,431339707
2009-09-16,915.62,1082.22,1093.56,904.28,437771580
2009-09-17,1082.22,923.33,1088.13,917.42,463048994
2009-09-18,923.33,1335.63,1360.65,898.31,502963658
2009-09-21,1335.63,1078.08,1351.24,1062.46,380183943
2009-09-22,1078.08,1312.73,1329.99,1060.81,365186692
2009-09-23,1312.73,1547.98,1570.8,1289.91,325876027
2009-09-24,1547.98,1278.17,1569.58,1256.57,317819254
2009-09-25,1278.17,1351.5,1362.57,1267.1,229662042
2009-09-28,1351.5,1816.32,1846.09,1321.73,212278596
2009-09-29,1816.32,1587.0,1832.08,1571.24,228045727
2009-09-30,1587.0,1374.26,1595.44,1365.82,204175089
2009-10-09,1374.26,1125.72,1387.82,1112.16,269903800
2009-10-12,1125.72,1224.64,1231.71,1118.65,278391038
2009-10-13,1224.64,1073.01,1232.81,1064.83,246412798
2009-10-14,1073.01,976.28,1082.03,967.26,392793138
2009-10-15,976.28,914.62,983.02,907.88,298612940
2009-10-16,914.62,911.24,923.86,902.0,280180118
2009-10-19,911.24,834.26,921.67,823.83,377032268
2009-10-20,834.26,758.22,837.69,754.79,441748410
2009-10-21,758.22,874.95,880.66,752.52,414464694
2009-10-22,874.95,964.53,969.36,870.12,317115977
2009-10-23,964.53,809.57,972.25,801.85,430691441
2009-10-26,809.57,771.31,813.9,766.98,349554507
2009-10-27,771.31,1033.37,1042.88,761.8,376008306
2009-10-28,1033.37,846.93,1041.49,838.81,317526404
2009-10-29,846.93,1039.46,1045.78,840.6,318799678
2009-10-30,1039.46,847.73,1044.94,842.24,317823948
2009-11-02,847.73,890.13,911.06,826.81,414848099
2009-11-03,890.13,765.59,894.68,761.04,441380394
2009-11-04,765.59,681.58,770.45,676.72,438008257
2009-11-05,681.58,668.4,685.0,664.98,417950729
2009-11-06,668.4,597.65,670.75,595.31,476533914
2009-11-09,597.65,541.03,600.37,538.31,405577144
2009-11-10,541.03,510.64,543.08,508.59,422156431
2009-11-11,510.64,621.37,624.68,507.33,370728251
2009-11-12,621.37,570.49,624.25,567.61,407527184
2009-11-13,570.49,502.75,574.67,498.57,449456699
2009-11-16,502.75,546.38,551.65,497.48,603167646
2009-11-17,546.38,534.15,548.32,532.2,492917115
2009-11-18,534.15,492.9,536.46,490.59,460979277
2009-11-19,492.9,456.42,495.51,453.81,504535254
2009-11-20,456.42,580.77,584.57,452.62,502224952
2009-11-23,580.77,478.2,582.92,476.06,484480706
2009-11-24,478.2,1091.63,1110.65,459.18,744973080
2009-11-25,1091.63,862.95,1103.47,851.11,582411614
2009-11-26,862.95,1511.25,1540.17,834.03,658115738
2009-11-27,1511.25,1615.42,1635.8,1490.87,460476304
2009-11-30,1615.42,1185.34,1629.26,1171.49,424032566
2009-12-01,1185.34,1018.99,1194.95,1009.38,502295810
2009-12-02,1018.99,902.05,1022.99,898.05,508865235
2009-12-03,902.05,981.37,987.14,896.27,464246972
2009-12-04,981.37,948.24,994.77,934.84,666607154
2009-12-07,948.24,838.19,952.11,834.32,438111620
2009-12-08,838.19,974.28,982.92,829.55,422804268
2009-12-09,974.28,1141.29,1148.83,966.75,354046524
2009-12-10,1141.29,939.12,1147.49,932.92,293029062
2009-12-11,939.12,948.78,953.82,934.09,280958751
2009-12-14,948.78,924.55,962.95,910.38,393319744
2009-12-15,924.55,1004.71,1009.73,919.53,328445176
2009-12-16,1004.71,1077.3,1084.65,997.35,295979866
2009-12-17,1077.3,1384.56,1400.86,1061.0,322447911
2009-12-18,1384.56,1609.62,1622.99,1371.19,322218504
2009-12-21,1609.62,1300.58,1617.42,1292.79,236520974
2009-12-22,1300.58,1858.51,1881.45,1277.64,264767791
2009-12-23,1858.51,1417.49,1866.79,1409.21,240754791
2009-12-24,1417.49,1266.99,1433.61,1250.86,317389715
2009-12-25,1266.99,1356.73,1362.03,1261.68,244910885
2009-12-28,1356.73,1171.67,1364.81,1163.59,278338507
2009-12-29,1171.67,1079.7,1177.92,1073.45,292325651
2009-12-30,1079.7,979.1,1087.38,971.43,423638202
2009-12-31,979.1,922.38,983.27,918.21,349282689
2010-01-04,922.38,1081.84,1089.77,914.45,330359705
2010-01-05,1081.84,1033.68,1091.37,1024.15,404935641
2010-01-06,1033.68,1140.94,1147.47,1027.15,379291421
2010-01-07,1140.94,1490.87,1508.92,1122.89,397085173
2010-01-08,1490.87,1166.19,1498.35,1158.71,303305825
2010-01-11,1166.19,1260.27,1280.09,1146.37,447066068
2010-01-12,1260.27,1111.4,1273.28,1098.39,451756116
2010-01-13,1111.4,1515.16,1528.48,1098.07,531084836
2010-01-14,1515.16,1158.73,1523.4,1150.49,417152541
2010-01-15,1158.73,1033.96,1165.13,1027.56,366010722
2010-01-18,1033.96,978.06,1038.67,973.34,406740225
2010-01-19,978.06,954.32,981.71,950.66,386478371
2010-01-20,954.32,1446.02,1466.78,933.56,473681026
2010-01-21,1446.02,1132.02,1454.03,1124.01,351257916
2010-01-22,1132.02,1278.4,1293.63,1116.8,435549032
2010-01-25,1278.4,1355.61,1363.84,1270.17,256790384
2010-01-26,1355.61,1801.8,1826.11,1331.29,299809314
2010-01-27,1801.8,1844.23,1860.81,1785.21,254071239
2010-01-28,1844.23,1591.29,1854.48,1581.03,232016272
2010-01-29,1591.29,1669.19,1683.86,1576.62,252224511
2010-02-01,1669.19,2016.65,2036.38,1649.47,280315517
2010-02-02,2016.65,1930.49,2033.35,1913.79,252541818
2010-02-03,1930.49,1746.84,1959.93,1717.41,321943118
2010-02-04,1746.84,1836.17,1847.02,1735.99,299427530
2010-02-05,1836.17,2207.19,2219.73,1823.63,300803546
2010-02-08,2207.19,2067.96,2217.32,2057.83,190718603
2010-02-09,2067.96,1861.32,2076.21,1853.06,182395948
2010-02-10,1861.32,1646.7,1867.67,1640.35,171936435
2010-02-11,1646.7,1561.18,1652.79,1555.08,175656355
2010-02-12,1561.18,1448.49,1565.67,1444.0,171463250
2010-02-22,1448.49,1585.92,1591.88,1442.53,198089344
2010-02-23,1585.92,1717.81,1733.03,1570.7,228677444
2010-02-24,1717.81,1505.07,1732.69,1490.19,272395088
2010-02-25,1505.07,1305.73,1512.41,1298.4,354045652
2010-02-26,1305.73,1397.51,1402.24,1301.0,285552567
2010-03-01,1397.51,1199.32,1403.85,1192.98,319559095
2010-03-02,1199.32,1297.56,1303.98,1192.9,304991873
2010-03-03,1297.56,1145.91,1303.17,1140.31,329002877
2010-03-04,1145.91,1540.58,1558.44,1128.06,368670797
2010-03-05,1540.58,1252.53,1546.03,1247.08,252644413
2010-03-08,1252.53,1116.65,1257.43,1111.75,227476625
2010-03-09,1116.65,1066.81,1125.46,1058.0,277811823
2010-03-10,1066.81,1181.41,1188.83,1059.38,248219666
2010-03-11,1181.41,1125.58,1188.28,1118.71,243624650
2010-03-12,1125.58,1280.73,1288.84,1117.47,212991753
2010-03-15,1280.73,1506.04,1517.8,1268.96,193500059
2010-03-16,1506.04,1216.52,1511.55,1211.01,170186242
2010-03-17,1216.52,1080.92,1225.26,1072.18,251598140
2010-03-18,1080.92,1108.78,1113.86,1075.84,258854478
2010-03-19,1108.78,980.43,1114.08,975.13,252013482
2010-03-22,980.43,895.09,983.3,892.22,274178635
2010-03-23,895.09,1018.16,1022.62,890.63,261236509
2010-03-24,1018.16,969.27,1021.57,965.86,256430143
2010-03-25,969.27,1120.29,1126.57,963.0,258336185
2010-03-26,1120.29,984.58,1128.33,976.54,265004381
2010-03-29,984.58,909.07,992.71,900.94,414688080
2010-03-30,909.07,798.68,911.24,796.51,293024370
2010-03-31,798.68,927.31,931.01,794.98,290213978
2010-04-01,927.31,792.99,931.28,789.02,365287723
2010-04-02,792.99,703.98,794.73,702.24,357336354
2010-04-06,703.98,779.62,784.04,699.56,342763516
2010-04-07,779.62,863.77,867.45,775.94,295701905
2010-04-08,863.77,1038.85,1044.81,857.81,329364716
2010-04-09,1038.85,823.26,1042.48,819.63,293801189
2010-04-12,823.26,1033.68,1041.6,815.34,399505144
2010-04-13,1033.68,940.82,1042.33,932.17,430947107
2010-04-14,940.82,789.59,943.28,787.13,318175516
2010-04-15,789.59,854.9,859.59,784.9,322430181
2010-04-16,854.9,967.19,971.93,850.15,250876001
2010-04-19,967.19,1901.79,1933.04,935.93,431060337
2010-04-20,1901.79,1539.68,1914.79,1526.68,326502944
2010-04-21,1539.68,1323.69,1551.72,1311.66,353299751
2010-04-22,1323.69,1454.71,1464.71,1313.69,373576498
2010-04-23,1454.71,1514.33,1524.21,1444.83,322405357
2010-04-26,1514.33,1616.43,1624.62,1506.14,271821634
2010-04-27,1616.43,2226.97,2254.84,1588.55,338719998
2010-04-28,2226.97,2027.16,2242.33,2011.8,247432772
2010-04-29,2027.16,2127.91,2145.42,2009.66,261267314
2010-04-30,2127.91,1912.29,2141.69,1898.5,277445250
2010-05-04,1912.29,2209.22,2225.65,1895.86,206661446
2010-05-05,2209.22,2020.36,2233.6,1995.99,293879189
2010-05-06,2020.36,2941.1,2988.23,1973.22,291936583
2010-05-07,2941.1,2893.65,2970.75,2864.0,299361598
2010-05-10,2893.65,2374.55,2917.84,2350.37,255425369
2010-05-11,2374.55,2898.41,2949.44,2323.52,287590631
2010-05-12,2898.41,2416.81,2925.24,2389.98,266662503
2010-05-13,2416.81,2056.49,2438.21,2035.1,271495026
2010-05-14,2056.49,2163.04,2174.17,2045.37,221577314
2010-05-17,2163.04,3023.48,3071.11,2115.41,258097779
2010-05-18,3023.48,2211.66,3053.44,2181.7,266248654
2010-05-19,2211.66,2255.56,2281.47,2185.75,229584001
2010-05-20,2255.56,2346.92,2371.55,2230.92,210235798
2010-05-21,2346.92,2102.26,2383.5,2065.68,266243209
2010-05-24,2102.26,1701.73,2126.02,1677.97,363239464
2010-05-25,1701.73,1922.34,1938.46,1685.61,284300198
2010-05-26,1922.34,1787.08,1932.74,1776.68,206733511
2010-05-27,1787.08,1587.65,1807.97,1566.76,269211343
2010-05-28,1587.65,1669.66,1682.96,1574.36,267664164
2010-05-31,1669.66,1954.98,1977.82,1646.82,244507403
2010-06-01,1954.98,2009.0,2031.86,1932.12,239720194
2010-06-02,2009.0,1739.61,2025.92,1722.69,206990664
2010-06-03,1739.61,1772.22,1786.41,1725.42,217338593
2010-06-04,1772.22,1637.71,1783.4,1626.54,178220938
2010-06-07,1637.71,1702.51,1719.02,1621.2,211726698
2010-06-08,1702.51,1636.97,1714.43,1625.05,197684965
2010-06-09,1636.97,1410.62,1657.48,1390.1,308901391
2010-06-10,1410.62,1457.63,1466.52,1401.73,242976752
2010-06-11,1457.63,1324.24,1462.89,1318.98,215215268
2010-06-17,1324.24,1452.57,1464.9,1311.9,175172626
2010-06-18,1452.57,1695.45,1715.28,1432.74,218735138
2010-06-21,1695.45,1372.56,1718.03,1349.98,269451105
2010-06-22,1372.56,1261.63,1379.03,1255.15,204334735
2010-06-23,1261.63,1309.14,1320.23,1250.54,189285455
2010-06-24,1309.14,1286.12,1317.36,1277.89,154985970
2010-06-25,1286.12,1370.33,1381.41,1275.03,164675837
2010-06-28,1370.33,1477.48,1487.58,1360.22,142763398
2010-06-29,1477.48,2379.72,2430.38,1426.82,245456992
2010-06-30,2379.72,1930.45,2392.77,1917.4,184173927
2010-07-01,1930.45,2218.86,2239.22,1910.1,164667432
2010-07-02,2218.86,1992.84,2246.58,1965.13,224934364
2010-07-05,1992.84,2116.44,2135.95,1973.33,164084874
2010-07-06,2116.44,1802.23,2136.59,1782.08,203805927
2010-07-07,1802.23,1653.43,1811.2,1644.46,180035946
2010-07-08,1653.43,1763.89,1775.88,1641.44,175306201
2010-07-09,1763.89,1569.73,1789.77,1543.84,279222387
2010-07-12,1569.73,1424.18,1581.28,1412.63,277357907
2010-07-13,1424.18,1553.65,1563.07,1414.75,217031850
2010-07-14,1553.65,1432.61,1564.0,1422.25,231838446
2010-07-15,1432.61,1656.19,1675.53,1413.26,245895061
2010-07-16,1656.19,1495.28,1668.06,1483.4,190611412
2010-07-19,1495.28,1372.69,1516.98,1350.98,260818857
2010-07-20,1372.69,1167.95,1383.77,1156.87,361555653
2010-07-21,1167.95,1172.79,1179.42,1161.32,347073603
2010-07-22,1172.79,1040.28,1180.14,1032.92,310231433
2010-07-23,1040.28,959.96,1045.68,954.56,333184438
2010-07-26,959.96,891.81,964.74,887.03,277555784
2010-07-27,891.81,1027.75,1031.91,887.66,258902085
2010-07-28,1027.75,915.55,1037.8,905.5,400137812
2010-07-29,915.55,811.87,919.9,807.52,453334985
2010-07-30,811.87,929.15,933.54,807.47,308770161
2010-08-02,929.15,795.11,935.65,788.61,358406925
2010-08-03,795.11,1027.34,1036.29,786.15,403184562
2010-08-04,1027.34,838.09,1034.32,831.11,355876116
2010-08-05,838.09,913.86,919.87,832.08,348379663
2010-08-06,913.86,823.54,922.45,814.94,376175294
2010-08-09,823.54,718.41,827.15,714.8,378102387
2010-08-10,718.41,1138.93,1153.58,703.77,398005279
2010-08-11,1138.93,864.51,1143.97,859.47,276690123
2010-08-12,864.51,972.11,978.98,857.64,299354473
2010-08-13,972.11,818.99,978.5,812.6,290753190
2010-08-16,818.99,801.83,828.17,792.65,397965714
2010-08-17,801.83,703.56,804.93,700.45,379392260
2010-08-18,703.56,787.83,792.09,699.3,380114142
2010-08-19,787.83,697.17,792.15,692.84,394091740
2010-08-20,697.17,899.07,906.46,689.77,367334676
2010-08-23,899.07,918.68,922.82,894.92,265343933
2010-08-24,918.68,800.77,925.96,793.48,321791949
2010-08-25,800.77,1019.18,1027.98,791.97,332385340
2010-08-26,1019.18,829.78,1023.1,825.87,253398512
2010-08-27,829.78,725.29,833.31,721.76,217883686
2010-08-30,725.29,668.53,729.9,663.92,340587140
2010-08-31,668.53,741.61,744.51,665.63,344815036
2010-09-01,741.61,987.37,998.02,730.96,395857577
2010-09-02,987.37,808.02,991.15,804.24,370091802
2010-09-03,808.02,807.61,813.0,802.63,384316752
2010-09-06,807.61,744.06,813.19,738.48,454747370
2010-09-07,744.06,681.4,747.16,678.3,356894506
2010-09-08,681.4,720.05,722.85,678.6,358583039
2010-09-09,720.05,951.54,959.68,711.92,412041213
2010-09-10,951.54,788.38,957.14,782.79,340639268
2010-09-13,788.38,683.41,792.77,679.02,352680097
2010-09-14,683.41,675.6,686.48,672.53,363695118
2010-09-15,675.6,988.34,997.39,666.54,365430247
2010-09-16,988.34,1338.35,1353.87,972.81,373430418
2010-09-17,1338.35,1101.41,1343.29,1096.47,261835414
2010-09-20,1101.41,1158.58,1166.48,1093.51,248451120
2010-09-21,1158.58,1028.19,1163.2,1023.57,179547829
2010-09-27,1028.19,909.59,1033.64,904.14,240936089
2010-09-28,909.59,1087.87,1091.94,905.51,286896396
2010-09-29,1087.87,1137.87,1144.94,1080.79,276188890
2010-09-30,1137.87,1087.17,1149.28,1075.75,290931139
2010-10-08,1087.17,1022.48,1099.03,1010.62,453433137
2010-10-11,1022.48,992.36,1033.13,981.71,702759198
2010-10-12,992.36,894.7,999.59,887.46,565436282
2010-10-13,894.7,809.67,900.62,803.76,633725091
2010-10-14,809.67,855.91,863.15,802.43,789997200
2010-10-15,855.91,929.61,943.97,841.55,835016396
2010-10-18,929.61,1205.74,1220.25,915.1,917777382
2010-10-19,1205.74,1057.55,1220.95,1042.34,579862096
2010-10-20,1057.55,1138.33,1156.34,1039.54,731606325
2010-10-21,1138.33,1172.52,1182.76,1128.09,557715155
2010-10-22,1172.52,1046.41,1181.14,1037.79,510224094
2010-10-25,1046.41,946.1,1058.71,933.79,649837669
2010-10-26,946.1,1063.05,1071.28,937.87,658184988
2010-10-27,1063.05,1235.14,1247.57,1050.62,582837601
2010-10-28,1235.14,1156.56,1241.95,1149.75,470293208
2010-10-29,1156.56,1176.96,1185.71,1147.82,480029005
2010-11-01,1176.96,990.5,1187.35,980.11,599743508
2010-11-02,990.5,1155.6,1166.22,979.89,722837048
2010-11-03,1155.6,1294.29,1304.34,1145.55,601879782
2010-11-04,1294.29,1045.07,1301.36,1037.99,562313200
2010-11-05,1045.07,916.28,1050.73,910.62,662009282
2010-11-08,916.28,828.62,921.08,823.83,623832592
2010-11-09,828.62,923.67,929.21,823.09,606443124
2010-11-10,923.67,978.55,984.54,917.67,587215514
2010-11-11,978.55,921.76,987.42,912.89,674923428
2010-11-12,921.76,1711.89,1751.77,881.89,772042268
2010-11-15,1711.89,1183.42,1726.3,1169.01,517330359
2010-11-16,1183.42,1756.27,1789.36,1150.33,543251705
2010-11-17,1756.27,1751.58,1775.81,1732.04,408924992
2010-11-18,1751.58,1352.52,1762.06,1342.04,329026820
2010-11-19,1352.52,1243.6,1369.42,1226.7,408028355
2010-11-22,1243.6,1244.73,1255.29,1233.04,429692692
2010-11-23,1244.73,1429.41,1446.01,1228.13,401747762
2010-11-24,1429.41,1231.77,1443.14,1218.04,397058928
2010-11-25,1231.77,1146.09,1240.9,1136.96,430739031
2010-11-26,1146.09,1243.81,1252.12,1137.79,344616458
2010-11-29,1243.81,1276.0,1284.15,1235.66,318520018
2010-11-30,1276.0,1687.22,1718.38,1244.83,450598542
2010-12-01,1687.22,1492.46,1694.83,1484.85,260927932
2010-12-02,1492.46,1328.24,1498.94,1321.76,322698556
2010-12-03,1328.24,1315.96,1335.6,1308.6,266799028
2010-12-06,1315.96,1285.49,1324.34,1277.11,288083477
2010-12-07,1285.49,1196.32,1300.51,1181.3,292352692
2010-12-08,1196.32,1324.47,1332.7,1188.1,291949826
2010-12-09,1324.47,1473.3,1482.97,1314.81,316051456
2010-12-10,1473.3,1223.05,1484.37,1211.99,272328317
2010-12-13,1223.05,1048.32,1234.75,1036.62,445561179
2010-12-14,1048.32,986.0,1051.9,982.42,399606243
2010-12-15,986.0,1091.2,1096.56,980.64,360326331
2010-12-16,1091.2,1118.32,1123.72,1085.8,287657324
2010-12-17,1118.32,1123.15,1126.24,1115.23,235879150
2010-12-20,1123.15,1557.58,1582.86,1097.87,373891161
2010-12-21,1557.58,1205.85,1569.08,1194.35,373461051
2010-12-22,1205.85,1265.14,1274.48,1196.51,336069908
2010-12-23,1265.14,1335.15,1344.62,1255.67,304397736
2010-12-24,1335.15,1425.06,1434.62,1325.58,276539006
2010-12-27,1425.06,2040.4,2072.87,1392.58,343742722
2010-12-28,2040.4,2043.43,2057.72,2026.11,285373905
2010-12-29,2043.43,1622.77,2052.29,1613.92,221107308
2010-12-30,1622.77,1513.08,1632.99,1502.87,260875755
2010-12-31,1513.08,1318.9,1523.41,1308.57,291326662
2011-01-04,1318.9,1172.17,1326.6,1164.48,386625972
2011-01-05,1172.17,1292.56,1298.12,1166.61,357049464
2011-01-06,1292.56,1392.46,1401.31,1283.71,284327988
2011-01-07,1392.46,1309.07,1404.69,1296.84,397574994
2011-01-10,1309.07,1525.3,1540.71,1293.66,311371904
2011-01-11,1525.3,1322.08,1534.02,1313.36,274538714
2011-01-12,1322.08,1200.8,1330.78,1192.1,274400814
2011-01-13,1200.8,1178.91,1205.17,1174.54,247864861
2011-01-14,1178.91,1335.18,1343.52,1170.57,252694835
2011-01-17,1335.18,1894.04,1920.78,1308.43,315323691
2011-01-18,1894.04,1487.85,1901.69,1480.19,204786179
2011-01-19,1487.85,1296.33,1500.62,1283.56,255963797
2011-01-20,1296.33,1701.89,1722.65,1275.57,277838811
2011-01-21,1701.89,1407.69,1718.98,1390.6,323618444
2011-01-24,1407.69,1517.06,1529.8,1394.95,287408483
2011-01-25,1517.06,1549.87,1559.27,1507.66,226636240
2011-01-26,1549.87,1335.96,1557.29,1328.54,196699950
2011-01-27,1335.96,1262.92,1352.02,1246.86,353466533
2011-01-28,1262.92,1192.77,1268.48,1187.21,276551138
2011-01-31,1192.77,1084.49,1199.16,1078.11,293000686
2011-02-01,1084.49,1042.91,1087.73,1039.67,225683597
2011-02-09,1042.91,1188.99,1197.4,1034.5,269968169
2011-02-10,1188.99,1061.94,1200.84,1050.09,306179317
2011-02-11,1061.94,945.28,1066.53,940.69,349563528
2011-02-14,945.28,910.72,956.61,899.39,538636226
2011-02-15,910.72,1019.75,1025.44,905.03,503803479
2011-02-16,1019.75,867.6,1025.67,861.68,418705560
2011-02-17,867.6,928.52,933.92,862.21,419764533
2011-02-18,928.52,1040.35,1045.5,923.38,360755385
2011-02-21,1040.35,873.34,1047.47,866.23,386180215
2011-02-22,873.34,1336.57,1353.95,855.97,507977515
2011-02-23,1336.57,999.28,1341.93,993.92,348385748
2011-02-24,999.28,948.34,1004.24,943.38,337172113
2011-02-25,948.34,884.11,954.2,878.25,316077991
2011-02-28,884.11,786.8,889.79,781.12,371237091
2011-03-01,786.8,759.31,790.32,755.79,433176432
2011-03-02,759.31,844.68,850.09,753.89,406702484
2011-03-03,844.68,955.75,962.72,837.71,487192441
2011-03-04,955.75,801.37,961.18,795.95,383691577
2011-03-07,801.37,714.08,805.62,709.84,539860982
2011-03-08,714.08,643.78,716.61,641.25,409622887
2011-03-09,643.78,625.21,646.31,622.69,386770383
2011-03-10,625.21,736.76,741.22,620.75,393140924
2011-03-11,736.76,818.74,824.1,731.4,355644148
2011-03-14,818.74,674.19,821.57,671.36,341489776
2011-03-15,674.19,1000.11,1011.98,662.32,480382643
2011-03-16,1000.11,781.8,1004.52,777.39,393365727
2011-03-17,781.8,930.7,937.27,775.23,419988277
2011-03-18,930.7,757.94,933.88,754.77,308980108
2011-03-21,757.94,796.39,800.63,753.7,300564252
2011-03-22,796.39,721.86,801.08,717.18,292817038
2011-03-23,721.86,652.77,725.6,649.04,356786748
2011-03-24,652.77,738.7,740.88,650.6,321680762
2011-03-25,738.7,669.91,742.52,666.09,434402021
2011-03-28,669.91,721.45,725.38,665.98,486064883
2011-03-29,721.45,951.74,958.77,714.42,519278861
2011-03-30,951.74,940.42,956.8,935.36,391155231
2011-03-31,940.42,1027.08,1033.6,933.89,325800155
2011-04-01,1027.08,868.27,1032.59,862.75,311509584
2011-04-06,868.27,793.3,873.73,787.83,483444884
2011-04-07,793.3,745.01,796.26,742.04,398697796
2011-04-08,745.01,673.35,748.37,669.98,365768000
2011-04-11,673.35,845.06,850.52,667.89,485759158
2011-04-12,845.06,890.5,895.05,840.51,464957972
2011-04-13,890.5,814.97,897.73,807.74,405212390
2011-04-14,814.97,877.03,880.27,811.73,416782074
2011-04-15,877.03,804.98,882.12,799.88,391031647
2011-04-18,804.98,721.72,808.24,718.45,422268904
2011-04-19,721.72,923.16,928.41,716.47,426185555
2011-04-20,923.16,831.77,926.94,828.0,356198660
2011-04-21,831.77,713.45,834.43,710.8,366536318
2011-04-22,713.45,820.88,824.09,710.25,344144514
2011-04-25,820.88,1024.4,1030.74,814.54,362234688
2011-04-26,1024.4,1067.27,1073.2,1018.47,295838124
2011-04-27,1067.27,1247.51,1257.82,1056.96,318067983
2011-04-28,1247.51,1723.98,1742.28,1229.21,330337773
2011-04-29,1723.98,1275.19,1731.68,1267.48,270839886
2011-05-03,1275.19,1106.56,1281.85,1099.9,277229494
2011-05-04,1106.56,1521.95,1535.65,1092.86,331130799
2011-05-05,1521.95,1320.15,1528.34,1313.77,264576904
2011-05-06,1320.15,1410.9,1420.9,1310.15,270368958
2011-05-09,1410.9,1274.67,1416.7,1268.87,233854587
2011-05-10,1274.67,1190.55,1279.4,1185.82,220337458
2011-05-11,1190.55,1290.09,1295.94,1184.7,253608419
2011-05-12,1290.09,1474.41,1482.49,1282.01,270876340
2011-05-13,1474.41,1282.22,1482.41,1274.22,263732373
2011-05-16,1282.22,1381.67,1388.64,1275.25,245958869
2011-05-17,1381.67,1294.62,1391.22,1285.07,278101770
2011-05-18,1294.62,1205.76,1300.65,1199.73,220831458
2011-05-19,1205.76,1311.23,1317.52,1199.47,227475848
2011-05-20,1311.23,1271.6,1315.04,1267.8,203170025
2011-05-23,1271.6,1979.66,2004.48,1246.78,298241147
2011-05-24,1979.66,1517.57,1989.99,1507.24,227454529
2011-05-25,1517.57,1661.47,1672.46,1506.57,222766081
2011-05-26,1661.47,1616.95,1671.48,1606.94,216506597
2011-05-27,1616.95,1682.36,1691.42,1607.9,239075409
2011-05-30,1682.36,1693.87,1705.65,1670.59,198909744
2011-05-31,1693.87,1480.86,1704.81,1469.92,211346502
2011-06-01,1480.86,1408.18,1485.16,1403.88,210125928
2011-06-02,1408.18,1785.48,1800.49,1393.17,269383100
2011-06-03,1785.48,1468.39,1794.02,1459.85,205382593
2011-06-07,1468.39,1340.87,1473.93,1335.32,194663898
2011-06-08,1340.87,1308.99,1348.54,1301.32,224527602
2011-06-09,1308.99,1513.87,1524.18,1298.68,243348226
2011-06-10,1513.87,1360.22,1521.3,1352.78,217298825
2011-06-13,1360.22,1401.85,1409.93,1352.13,191736761
2011-06-14,1401.85,1254.71,1410.99,1245.57,266362501
2011-06-15,1254.71,1363.05,1369.65,1248.11,225454055
2011-06-16,1363.05,1530.53,1537.43,1356.15,212516637
2011-06-17,1530.53,1564.33,1572.92,1521.94,201276331
2011-06-20,1564.33,1629.74,1637.61,1556.46,191241527
2011-06-21,1629.74,1377.35,1636.17,1370.91,207959772
2011-06-22,1377.35,1370.7,1382.78,1365.27,187621665
2011-06-23,1370.7,1294.12,1385.2,1279.63,236542633
2011-06-24,1294.12,1229.14,1310.63,1212.63,412735640
2011-06-27,1229.14,1130.4,1235.0,1124.54,323091784
2011-06-28,1130.4,1057.35,1134.86,1052.89,272676678
2011-06-29,1057.35,1202.88,1210.01,1050.21,274631779
2011-06-30,1202.88,1039.55,1210.18,1032.24,299657763
2011-07-01,1039.55,1001.02,1044.65,995.92,293514026
2011-07-04,1001.02,910.24,1008.12,903.14,396539064
2011-07-05,910.24,923.34,926.46,907.12,348697396
2011-07-06,923.34,967.12,971.92,918.54,322571426
2011-07-07,967.12,1047.84,1053.99,960.97,377490997
2011-07-08,1047.84,939.02,1051.95,934.91,274924545
2011-07-11,939.02,852.87,943.09,848.8,261440897
2011-07-12,852.87,1017.8,1022.72,847.96,304883011
2011-07-13,1017.8,869.38,1023.78,863.39,288316276
2011-07-14,869.38,828.32,873.5,824.2,327270395
2011-07-15,828.32,727.15,831.89,723.58,333890386
2011-07-18,727.15,846.19,849.16,724.19,326368165
2011-07-19,846.19,944.89,948.13,842.96,284385912
2011-07-20,944.89,912.62,950.49,907.02,252007349
2011-07-21,912.62,1028.84,1034.45,907.0,253138097
2011-07-22,1028.84,848.61,1031.81,845.64,212521255
2011-07-25,848.61,1447.74,1465.5,830.85,345524035
2011-07-26,1447.74,1038.09,1451.75,1034.08,222566223
2011-07-27,1038.09,953.45,1045.63,945.91,254024836
2011-07-28,953.45,1006.74,1011.4,948.79,249057559
2011-07-29,1006.74,1082.02,1089.35,999.42,240503221
2011-08-01,1082.02,936.56,1086.69,931.88,183370878
2011-08-02,936.56,1030.14,1036.73,929.96,213927426
2011-08-03,1030.14,1069.91,1077.38,1022.68,206567011
2011-08-04,1069.91,964.43,1074.26,960.08,181167591
2011-08-05,964.43,1259.71,1268.51,955.63,259093666
2011-08-08,1259.71,1993.96,2032.79,1220.88,370086713
2011-08-09,1993.96,1655.41,2022.25,1627.12,354578577
2011-08-10,1655.41,1382.57,1662.95,1375.03,315704239
2011-08-11,1382.57,1319.44,1400.66,1301.36,306807491
2011-08-12,1319.44,1211.82,1324.01,1207.26,299871438
2011-08-15,1211.82,1090.96,1219.42,1083.36,290550678
2011-08-16,1090.96,1221.54,1228.75,1083.75,265093060
2011-08-17,1221.54,1256.54,1262.06,1216.02,212143699
2011-08-18,1256.54,1506.43,1518.3,1244.67,220133799
2011-08-19,1506.43,1540.08,1548.0,1498.51,226791975
2011-08-22,1540.08,1680.32,1694.43,1525.96,187801435
2011-08-23,1680.32,1391.23,1689.91,1381.64,188693810
2011-08-24,1391.23,1462.68,1471.11,1382.8,203646473
2011-08-25,1462.68,1303.52,1478.36,1287.85,356201999
2011-08-26,1303.52,1311.15,1317.17,1297.51,248695991
2011-08-29,1311.15,1443.61,1449.85,1304.92,242323300
2011-08-30,1443.61,1531.4,1545.16,1429.85,243940808
2011-08-31,1531.4,1371.53,1538.92,1364.01,186286716
2011-09-01,1371.53,1497.31,1506.55,1362.3,175966841
2011-09-02,1497.31,1627.43,1637.96,1486.79,166464786
2011-09-05,1627.43,1955.08,1966.42,1616.09,175565978
2011-09-06,1955.08,1877.35,1965.18,1867.24,160549625
2011-09-07,1877.35,1560.56,1889.36,1548.55,187677732
2011-09-08,1560.56,1682.8,1691.56,1551.8,164472008
2011-09-09,1682.8,1767.8,1781.9,1668.7,161379662
2011-09-13,1767.8,1971.33,1979.99,1759.14,152744670
2011-09-14,1971.33,1743.76,1986.63,1728.46,172304314
2011-09-15,1743.76,1790.29,1797.46,1736.58,174566644
2011-09-16,1790.29,1669.71,1797.07,1662.93,153164761
2011-09-19,1669.71,2046.82,2059.02,1657.51,157808841
2011-09-20,2046.82,1759.23,2057.33,1748.71,149338016
2011-09-21,1759.23,1607.84,1782.05,1585.01,292227925
2011-09-22,1607.84,2084.78,2106.13,1586.48,247623400
2011-09-23,2084.78,1985.52,2099.48,1970.82,232464578
2011-09-26,1985.52,2423.43,2450.33,1958.62,202005568
2011-09-27,2423.43,1896.47,2435.27,1884.63,188641876
2011-09-28,1896.47,2045.55,2063.75,1878.27,183636147
2011-09-29,2045.55,2142.75,2157.01,2031.29,198350280
2011-09-30,2142.75,2130.76,2154.68,2118.83,168978901
2011-10-10,2130.76,2230.21,2243.66,2117.31,144008816
2011-10-11,2230.21,2479.98,2522.21,2187.99,227784500
2011-10-12,2479.98,2082.63,2520.46,2042.15,326646252
2011-10-13,2082.63,1779.25,2094.92,1766.95,301474096
2011-10-14,1779.25,1835.65,1845.46,1769.44,204036411
2011-10-17,1835.65,1671.67,1844.54,1662.78,197026192
2011-10-18,1671.67,1957.57,1975.71,1653.53,230263959
2011-10-19,1957.57,1929.07,1969.29,1917.35,182091079
2011-10-20,1929.07,2316.37,2342.2,1903.24,218809592
2011-10-21,2316.37,2195.63,2329.62,2182.38,168004265
2011-10-24,2195.63,1865.52,2219.92,1841.23,247185587
2011-10-25,1865.52,1602.74,1884.26,1583.99,309090745
2011-10-26,1602.74,1435.88,1618.11,1420.51,362179923
2011-10-27,1435.88,1446.13,1452.46,1429.55,263693149
2011-10-28,1446.13,1238.7,1454.19,1230.65,372541158
2011-10-31,1238.7,1298.12,1304.93,1231.89,276761355
2011-11-01,1298.12,1249.71,1308.2,1239.63,297638724
2011-11-02,1249.71,1159.27,1266.25,1142.73,352487622
2011-11-03,1159.27,1228.68,1236.06,1151.89,451862482
2011-11-04,1228.68,1078.26,1233.74,1073.2,331977144
2011-11-07,1078.26,1171.21,1177.2,1072.26,249318333
2011-11-08,1171.21,1215.24,1221.49,1164.96,256929228
2011-11-09,1215.24,1028.59,1223.16,1020.67,257640704
2011-11-10,1028.59,1123.06,1130.11,1021.53,289864296
2011-11-11,1123.06,1127.78,1133.3,1117.54,219483499
2011-11-14,1127.78,950.3,1133.54,944.55,268928257
2011-11-15,950.3,963.77,966.92,947.15,246501881
2011-11-16,963.77,1405.93,1423.8,945.9,304045125
2011-11-17,1405.93,1258.67,1412.05,1252.55,209213542
2011-11-18,1258.67,1551.34,1563.14,1246.88,234758757
2011-11-21,1551.34,1304.04,1557.58,1297.81,161525422
2011-11-22,1304.04,1311.43,1318.15,1297.32,165098214
2011-11-23,1311.43,1472.75,1481.16,1303.01,165916710
2011-11-24,1472.75,1351.57,1482.97,1341.35,174290482
2011-11-25,1351.57,1519.09,1527.39,1343.27,146624277
2011-11-28,1519.09,1390.96,1525.56,1384.49,149910716
2011-11-29,1390.96,1231.61,1396.7,1225.87,176942729
2011-11-30,1231.61,2037.37,2069.52,1199.46,246339603
2011-12-01,2037.37,1516.1,2050.33,1503.14,342251709
2011-12-02,1516.1,1679.61,1689.96,1505.76,186993128
2011-12-05,1679.61,1946.92,1963.17,1663.36,176410920
2011-12-06,1946.92,1760.85,1955.55,1752.22,148757034
2011-12-07,1760.85,1583.0,1767.81,1576.04,132277529
2011-12-08,1583.0,1698.8,1714.84,1566.96,167412576
2011-12-09,1698.8,1809.68,1818.48,1690.0,136435857
2011-12-12,1809.68,1934.1,1942.86,1800.92,127701132
2011-12-13,1934.1,2358.47,2378.34,1914.22,196730102
2011-12-14,2358.47,2265.52,2374.22,2249.77,146601164
2011-12-15,2265.52,2639.43,2659.23,2245.72,200997124
2011-12-16,2639.43,2095.6,2662.76,2072.27,205408496
2011-12-19,2095.6,2186.9,2211.91,2070.59,211739970
2011-12-20,2186.9,2223.56,2239.24,2171.23,187932067
2011-12-21,2223.56,2640.52,2670.2,2193.88,174165767
2011-12-22,2640.52,2467.86,2670.38,2438.0,212908593
2011-12-23,2467.86,2254.29,2487.51,2234.65,184187908
2011-12-26,2254.29,2404.46,2419.98,2238.78,153641977
2011-12-27,2404.46,2694.21,2716.38,2382.3,158441011
2011-12-28,2694.21,2429.28,2713.67,2409.83,177203875
2011-12-29,2429.28,2343.85,2441.8,2331.33,159486886
2011-12-30,2343.85,2056.84,2354.73,2045.96,184969647
2012-01-04,2056.84,2546.83,2577.05,2026.62,178148498
2012-01-05,2546.83,2748.5,2775.12,2520.21,216367892
2012-01-06,2748.5,2367.69,2766.7,2349.49,186101724
2012-01-09,2367.69,2011.34,2402.03,1977.0,282775178
2012-01-10,2011.34,1675.9,2035.55,1651.68,399374262
2012-01-11,1675.9,1762.06,1772.36,1665.6,301348072
2012-01-12,1762.06,1762.08,1774.01,1750.14,253993220
2012-01-13,1762.08,2150.7,2178.89,1733.89,259795998
2012-01-16,2150.7,2308.15,2328.01,2130.84,170218365
2012-01-17,2308.15,1761.97,2347.35,1722.77,332792354
2012-01-18,1761.97,2160.33,2189.02,1733.27,320079536
2012-01-19,2160.33,1653.92,2178.76,1635.48,274600345
2012-01-20,1653.92,1420.67,1664.61,1409.97,267115329
2012-01-30,1420.67,1527.86,1540.25,1408.27,223743432
2012-01-31,1527.86,1414.98,1534.63,1408.2,169298640
2012-02-01,1414.98,1522.77,1537.15,1400.6,192484765
2012-02-02,1522.77,1275.07,1534.35,1263.49,225262428
2012-02-03,1275.07,1144.05,1283.76,1135.36,277946201
2012-02-06,1144.05,1138.83,1150.07,1132.82,256299626
2012-02-07,1138.83,1288.87,1298.79,1128.91,223428274
2012-02-08,1288.87,1107.53,1303.64,1092.76,307689398
2012-02-09,1107.53,1036.68,1113.29,1030.92,333187815
2012-02-10,1036.68,953.13,1042.36,947.45,327012748
2012-02-13,953.13,992.34,1001.95,943.52,295594445
2012-02-14,992.34,1051.39,1056.03,987.7,242561661
2012-02-15,1051.39,897.84,1058.67,890.55,333391756
2012-02-16,897.84,1002.1,1008.67,891.27,312587737
2012-02-17,1002.1,919.66,1007.77,914.0,236524738
2012-02-20,919.66,830.85,924.17,826.34,306730137
2012-02-21,830.85,740.49,836.24,735.1,271458778
2012-02-22,740.49,678.57,745.17,673.88,413612729
2012-02-23,678.57,729.08,732.38,675.27,383676828
2012-02-24,729.08,649.18,733.41,644.84,456836486
2012-02-27,649.18,673.02,676.87,645.32,535999432
2012-02-28,673.02,679.09,682.89,669.22,406774957
2012-02-29,679.09,788.71,793.02,674.78,317969637
2012-03-01,788.71,735.84,791.96,732.59,242013856
2012-03-02,735.84,634.74,739.91,630.67,347459709
2012-03-05,634.74,730.73,734.37,631.1,373501876
2012-03-06,730.73,899.05,904.98,724.8,345682569
2012-03-07,899.05,937.62,943.21,893.46,312777816
2012-03-08,937.62,767.2,941.63,763.19,313053460
2012-03-09,767.2,670.29,770.72,666.78,318403285
2012-03-12,670.29,752.27,755.71,666.85,338727047
2012-03-13,752.27,651.67,755.42,648.52,327716649
2012-03-14,651.67,1256.97,1278.66,629.98,586285093
2012-03-15,1256.97,1139.17,1265.23,1130.91,396258084
2012-03-16,1139.17,948.24,1146.38,941.02,329336133
2012-03-19,948.24,830.43,952.73,825.94,324371580
2012-03-20,830.43,996.68,1003.07,824.04,320080056
2012-03-21,996.68,925.31,1003.7,918.29,315651643
2012-03-22,925.31,965.25,969.7,920.85,253938369
2012-03-23,965.25,1147.65,1154.26,958.64,247336799
2012-03-26,1147.65,993.85,1151.35,990.15,179735053
2012-03-27,993.85,1116.78,1122.01,988.62,201631894
2012-03-28,1116.78,1865.57,1887.98,1094.37,281228912
2012-03-29,1865.57,1858.33,1880.22,1843.68,257966202
2012-03-30,1858.33,1524.38,1865.36,1517.35,211178018
2012-04-05,1524.38,1399.91,1541.11,1383.18,287201627
2012-04-06,1399.91,1248.62,1404.91,1243.62,240079163
2012-04-09,1248.62,1372.32,1378.73,1242.2,191958519
2012-04-10,1372.32,1278.03,1385.2,1265.15,226883284
2012-04-11,1278.03,1237.39,1288.13,1227.29,246427445
2012-04-12,1237.39,1123.81,1247.11,1114.09,324904456
2012-04-13,1123.81,1035.82,1128.06,1031.57,320259136
2012-04-16,1035.82,1140.64,1145.17,1031.29,260273903
2012-04-17,1140.64,1282.31,1289.87,1133.08,254841054
2012-04-18,1282.31,1105.98,1291.92,1096.37,348127445
2012-04-19,1105.98,1091.23,1109.65,1087.55,285925264
2012-04-20,1091.23,948.65,1096.72,943.15,353064882
2012-04-23,948.65,1149.12,1157.44,940.32,357936294
2012-04-24,1149.12,1285.12,1301.11,1133.13,425207352
2012-04-25,1285.12,1066.05,1291.34,1059.84,383574518
2012-04-26,1066.05,1002.29,1070.47,997.88,347399607
2012-04-27,1002.29,990.94,1005.55,987.68,275944855
2012-05-02,990.94,892.57,997.8,885.71,416393273
2012-05-03,892.57,807.46,895.09,804.93,321415153
2012-05-04,807.46,740.55,811.77,736.23,339418212
2012-05-07,740.55,772.12,776.05,736.62,360370312
2012-05-08,772.12,887.92,892.24,767.8,346072045
2012-05-09,887.92,1061.85,1066.57,883.2,322800349
2012-05-10,1061.85,942.07,1065.21,938.71,267289706
2012-05-11,942.07,1038.6,1043.4,937.27,253687945
2012-05-14,1038.6,1175.35,1183.02,1030.93,300585237
2012-05-15,1175.35,1026.23,1179.78,1021.8,257576088
2012-05-16,1026.23,1325.03,1332.93,1018.33,249424821
2012-05-17,1325.03,1118.25,1333.51,1109.77,263298494
2012-05-18,1118.25,1351.5,1359.06,1110.69,268640647
2012-05-21,1351.5,1150.19,1358.52,1143.18,232281825
2012-05-22,1150.19,1000.86,1154.78,996.27,246068513
2012-05-23,1000.86,1097.96,1104.24,994.58,265142167
2012-05-24,1097.96,1224.09,1231.58,1090.47,250803132
2012-05-25,1224.09,1339.91,1347.8,1216.2,235403555
2012-05-28,1339.91,1264.55,1353.43,1251.03,321294000
2012-05-29,1264.55,1107.03,1272.56,1099.01,389990056
2012-05-30,1107.03,1131.04,1135.0,1103.07,293090337
2012-05-31,1131.04,1170.25,1176.25,1125.05,266307801
2012-06-01,1170.25,1086.12,1175.41,1080.96,256988742
2012-06-04,1086.12,1532.99,1544.71,1074.4,300778733
2012-06-05,1532.99,1318.96,1538.34,1313.61,224810058
2012-06-06,1318.96,1314.98,1324.81,1309.13,200573308
2012-06-07,1314.98,1474.47,1485.65,1303.81,209166212
2012-06-08,1474.47,1516.97,1526.25,1465.19,253940685
2012-06-11,1516.97,1305.86,1526.44,1296.39,234829072
2012-06-12,1305.86,1392.32,1397.93,1300.26,220227645
2012-06-13,1392.32,1201.53,1399.96,1193.89,264717386
2012-06-14,1201.53,1340.48,1346.24,1195.77,239030799
2012-06-15,1340.48,1195.06,1348.22,1187.32,244963299
2012-06-18,1195.06,1086.85,1198.99,1082.92,213759162
2012-06-19,1086.85,1206.57,1210.62,1082.79,204952762
2012-06-20,1206.57,1240.18,1244.12,1202.62,186471215
2012-06-21,1240.18,1486.7,1497.01,1229.88,215218983
2012-06-25,1486.7,1796.33,1809.33,1473.71,226533260
2012-06-26,1796.33,1626.15,1805.26,1617.22,194845434
2012-06-27,1626.15,1642.21,1650.1,1618.25,183964939
2012-06-28,1642.21,1761.0,1770.78,1632.43,189326414
2012-06-29,1761.0,1566.19,1773.66,1553.54,221790782
2012-07-02,1566.19,1431.0,1572.78,1424.41,224417595
2012-07-03,1431.0,1310.48,1438.35,1303.13,227599628
2012-07-04,1310.48,1359.89,1365.66,1304.71,199607258
2012-07-05,1359.89,1531.86,1540.44,1351.31,209843256
2012-07-06,1531.86,1384.72,1545.69,1370.9,282489246
2012-07-09,1384.72,1729.35,1745.18,1368.89,270771199
2012-07-10,1729.35,1628.57,1736.66,1621.26,212272961
2012-07-11,1628.57,1424.28,1635.56,1417.29,213399744
2012-07-12,1424.28,1350.45,1437.11,1337.62,307512015
2012-07-13,1350.45,1274.29,1357.33,1267.42,214236360
2012-07-16,1274.29,1623.06,1638.72,1258.63,249127742
2012-07-17,1623.06,1363.59,1630.41,1356.24,195168551
2012-07-18,1363.59,1323.61,1374.37,1312.83,240459419
2012-07-19,1323.61,1256.03,1333.02,1246.63,279930289
2012-07-20,1256.03,1353.68,1360.91,1248.8,222074213
2012-07-23,1353.68,1481.92,1488.63,1346.97,199052592
2012-07-24,1481.92,1283.04,1490.53,1274.43,194789064
2012-07-25,1283.04,1329.09,1334.94,1277.19,177662720
2012-07-26,1329.09,1404.03,1411.58,1321.55,193301624
2012-07-27,1404.03,1282.38,1409.96,1276.46,188183091
2012-07-30,1282.38,1424.98,1434.37,1273.0,188676379
2012-07-31,1424.98,1453.36,1460.05,1418.29,196585854
2012-08-01,1453.36,1265.86,1462.13,1257.09,194812388
2012-08-02,1265.86,1377.22,1385.12,1257.96,194337904
2012-08-03,1377.22,1188.64,1383.85,1182.01,195801031
2012-08-06,1188.64,1079.95,1196.96,1071.64,262204969
2012-08-07,1079.95,1035.99,1082.58,1033.36,247893760
2012-08-08,1035.99,1003.71,1040.0,999.7,236711499
2012-08-09,1003.71,910.61,1009.16,905.16,242994387
2012-08-10,910.61,1030.74,1034.19,907.17,223792719
2012-08-13,1030.74,1330.15,1339.93,1020.96,256945463
2012-08-14,1330.15,1074.0,1337.19,1066.96,252704731
2012-08-15,1074.0,1145.69,1150.4,1069.3,193076884
2012-08-16,1145.69,1194.55,1198.5,1141.75,160482396
2012-08-17,1194.55,1168.6,1200.23,1162.93,170720299
2012-08-20,1168.6,1229.76,1236.67,1161.69,178936201
2012-08-21,1229.76,1082.71,1236.37,1076.1,224832374
2012-08-22,1082.71,1228.98,1235.92,1075.77,209860827
2012-08-23,1228.98,1066.05,1234.05,1060.98,213868211
2012-08-24,1066.05,1232.76,1238.95,1059.85,213321005
2012-08-27,1232.76,1551.02,1561.47,1222.3,240784859
2012-08-28,1551.02,1289.28,1558.69,1281.61,235063366
2012-08-29,1289.28,1378.97,1386.04,1282.21,206914638
2012-08-30,1378.97,1502.38,1515.04,1366.32,250236793
2012-08-31,1502.38,1524.77,1530.3,1496.85,187299103
2012-09-03,1524.77,1381.65,1535.31,1371.11,223213991
2012-09-04,1381.65,1542.97,1552.61,1372.01,205188058
2012-09-05,1542.97,1543.32,1550.6,1535.69,213938289
2012-09-06,1543.32,1344.88,1548.66,1339.55,204224482
2012-09-07,1344.88,1231.86,1366.71,1210.04,525705001
2012-09-10,1231.86,1097.54,1236.28,1093.13,380641965
2012-09-11,1097.54,1226.8,1231.75,1092.59,288441255
2012-09-12,1226.8,1097.0,1234.09,1089.71,296948403
2012-09-13,1097.0,1203.43,1209.39,1091.04,262951531
2012-09-14,1203.43,1078.34,1210.24,1071.53,332531974
2012-09-17,1078.34,1374.83,1387.95,1065.22,272659810
2012-09-18,1374.83,1360.36,1381.02,1354.17,196629877
2012-09-19,1360.36,1166.53,1364.48,1162.41,193368675
2012-09-20,1166.53,1416.4,1428.0,1154.93,250610697
2012-09-21,1416.4,1269.16,1424.28,1261.27,223209537
2012-09-24,1269.16,1215.87,1280.55,1204.48,221028553
2012-09-25,1215.87,1278.78,1284.64,1210.01,172279983
2012-09-26,1278.78,1457.41,1468.2,1267.98,180247129
2012-09-27,1457.41,1300.89,1475.84,1282.46,305198927
2012-09-28,1300.89,1171.57,1313.81,1158.65,324406358
2012-10-08,1171.57,1223.06,1232.38,1162.25,203611724
2012-10-09,1223.06,1057.82,1232.27,1048.61,309020546
2012-10-10,1057.82,971.19,1061.88,967.13,266940301
2012-10-11,971.19,1090.46,1095.12,966.54,256449386
2012-10-12,1090.46,1039.46,1098.98,1030.94,238727294
2012-10-15,1039.46,1124.66,1130.58,1033.54,188094586
2012-10-16,1124.66,992.25,1129.81,987.1,204598949
2012-10-17,992.25,910.32,997.2,905.38,209462721
2012-10-18,910.32,816.29,915.46,811.15,309499505
2012-10-19,816.29,908.5,910.94,813.86,228236247
2012-10-22,908.5,790.22,912.79,785.93,218060688
2012-10-23,790.22,913.63,919.28,784.57,241284755
2012-10-24,913.63,927.6,931.14,910.09,236290787
2012-10-25,927.6,1031.2,1037.51,921.28,267415313
2012-10-26,1031.2,1375.44,1388.56,1018.07,261149301
2012-10-29,1375.44,1281.38,1380.48,1276.34,176149092
2012-10-30,1281.38,1068.45,1286.27,1063.55,204476272
2012-10-31,1068.45,942.76,1072.13,939.08,203998645
2012-11-01,942.76,901.97,950.31,894.42,295679267
2012-11-02,901.97,839.01,905.49,835.49,250465136
2012-11-05,839.01,941.06,945.85,834.22,236548223
2012-11-06,941.06,1094.27,1102.47,932.86,242756989
2012-11-07,1094.27,1127.96,1132.52,1089.71,204241545
2012-11-08,1127.96,1357.88,1364.73,1121.1,227309586
2012-11-09,1357.88,1310.6,1362.21,1306.26,186947498
2012-11-12,1310.6,1110.35,1315.42,1105.52,198763189
2012-11-13,1110.35,1462.55,1472.83,1100.07,211374084
2012-11-14,1462.55,1220.52,1467.4,1215.68,174742871
2012-11-15,1220.52,1404.84,1411.96,1213.4,177948198
2012-11-16,1404.84,1479.83,1487.61,1397.06,187625765
2012-11-19,1479.83,1414.5,1487.37,1406.96,168088438
2012-11-20,1414.5,1533.99,1540.29,1408.2,152494808
2012-11-21,1533.99,1402.88,1545.22,1391.65,198174275
2012-11-22,1402.88,1535.52,1540.52,1397.88,157510130
2012-11-23,1535.52,1381.31,1541.43,1375.4,181142753
2012-11-26,1381.31,1514.8,1521.13,1374.99,152218821
2012-11-27,1514.8,1752.66,1762.24,1505.22,205989711
2012-11-28,1752.66,1809.91,1816.12,1746.45,193173835
2012-11-29,1809.91,1902.98,1912.99,1799.9,188232792
2012-11-30,1902.98,1669.79,1913.12,1659.65,211188870
2012-12-03,1669.79,2120.7,2138.44,1652.05,230344616
2012-12-04,2120.7,1776.97,2133.63,1764.05,226169904
2012-12-05,1776.97,1542.03,1803.58,1515.43,445851210
2012-12-06,1542.03,1586.65,1594.47,1534.21,286436620
2012-12-07,1586.65,1409.99,1600.01,1396.63,418443069
2012-12-10,1409.99,1234.83,1416.31,1228.51,421049029
2012-12-11,1234.83,1382.66,1387.84,1229.65,320850335
2012-12-12,1382.66,1288.07,1388.71,1282.02,276695014
2012-12-13,1288.07,1380.37,1386.77,1281.66,252969086
2012-12-14,1380.37,1213.87,1403.27,1190.97,589034376
2012-12-17,1213.87,1168.84,1219.22,1163.49,515126017
2012-12-18,1168.84,1177.37,1187.32,1158.88,466080874
2012-12-19,1177.37,1119.47,1183.08,1113.76,345601225
2012-12-20,1119.47,999.68,1126.66,992.49,369489785
2012-12-21,999.68,1134.0,1143.6,990.09,389976616
2012-12-24,1134.0,1030.5,1139.69,1024.82,298510622
2012-12-25,1030.5,1015.32,1045.66,1000.17,542712239
2012-12-26,1015.32,911.46,1018.89,907.89,428326513
2012-12-27,911.46,1040.12,1046.55,905.03,437841166
2012-12-28,1040.12,881.04,1045.65,875.5,409423701
2012-12-31,881.04,781.87,885.76,777.15,553222960
2013-01-04,781.87,825.68,833.61,773.95,625618646
2013-01-07,825.68,723.92,830.12,719.47,501908459
2013-01-08,723.92,752.12,757.37,718.67,528355750
2013-01-09,752.12,722.29,755.93,718.48,524905126
2013-01-10,722.29,628.67,725.93,625.03,511627827
2013-01-11,628.67,890.04,899.25,619.46,540783457
2013-01-14,890.04,882.89,904.8,868.14,664563652
2013-01-15,882.89,734.68,886.88,730.69,698356161
2013-01-16,734.68,863.83,871.56,726.94,649369080
2013-01-17,863.83,937.26,942.26,858.83,494119429
2013-01-18,937.26,785.93,943.66,779.54,544086978
2013-01-21,785.93,676.53,789.13,673.34,586383964
2013-01-22,676.53,790.14,796.29,670.38,675912484
2013-01-23,790.14,666.97,794.02,663.09,505474634
2013-01-24,666.97,977.42,992.34,652.05,731612230
2013-01-25,977.42,953.65,981.49,949.58,399131271
2013-01-28,953.65,866.93,963.69,856.89,584433798
2013-01-29,866.93,742.04,871.41,737.56,637608052
2013-01-30,742.04,676.37,745.52,672.89,642365691
2013-01-31,676.37,724.12,727.57,672.91,604492244
2013-02-01,724.12,692.1,731.17,685.05,641412121
2013-02-04,692.1,678.86,696.51,674.45,758818563
2013-02-05,678.86,633.16,683.8,628.21,682909596
2013-02-06,633.16,569.46,635.44,567.17,519766764
2013-02-07,569.46,643.75,649.01,564.19,551636339
2013-02-08,643.75,562.88,647.66,558.97,500729981
2013-02-18,562.88,630.09,634.55,558.42,516526288
2013-02-19,630.09,874.23,882.4,621.92,537723895
2013-02-20,874.23,705.53,879.54,700.22,493824424
2013-02-21,705.53,1126.18,1140.38,691.32,683473279
2013-02-22,1126.18,1017.51,1130.97,1012.71,425673848
2013-02-25,1017.51,844.09,1022.69,838.91,385845988
2013-02-26,844.09,1030.96,1040.87,834.17,538319778
2013-02-27,1030.96,884.29,1037.44,877.82,440169632
2013-02-28,884.29,867.33,894.35,857.27,578701694
2013-03-01,867.33,864.55,874.68,857.2,529129312
2013-03-04,864.55,1524.53,1545.86,843.23,735823519
2013-03-05,1524.53,1142.85,1539.47,1127.91,594448482
2013-03-06,1142.85,975.06,1148.77,969.15,637427690
2013-03-07,975.06,1178.09,1190.57,962.58,607116808
2013-03-08,1178.09,1206.23,1213.12,1171.2,418082267
2013-03-11,1206.23,1229.61,1237.11,1198.73,352150505
2013-03-12,1229.61,1696.1,1721.11,1204.6,498599962
2013-03-13,1696.1,1652.83,1706.97,1641.96,381264928
2013-03-14,1652.83,1414.06,1660.48,1406.41,326733477
2013-03-15,1414.06,1361.41,1433.79,1341.67,521348754
2013-03-18,1361.41,1523.97,1534.4,1350.97,400141681
2013-03-19,1523.97,1343.38,1533.63,1333.72,375752880
2013-03-20,1343.38,1185.36,1358.69,1170.05,583241453
2013-03-21,1185.36,1119.92,1191.13,1114.15,487889235
2013-03-22,1119.92,1055.15,1123.74,1051.33,401105382
2013-03-25,1055.15,1151.61,1157.56,1049.21,399465016
2013-03-26,1151.61,1296.97,1307.11,1141.47,438965283
2013-03-27,1296.97,1132.95,1304.75,1125.17,397027017
2013-03-28,1132.95,1416.31,1426.53,1122.73,567265282
2013-03-29,1416.31,1301.21,1422.24,1295.28,365453382
2013-04-01,1301.21,1266.81,1306.74,1261.28,334773277
2013-04-02,1266.81,1377.77,1390.37,1254.2,389889845
2013-04-03,1377.77,1353.67,1385.54,1345.89,351416058
2013-04-08,1353.67,1410.69,1423.11,1341.24,373040462
2013-04-09,1410.69,1237.64,1416.35,1231.98,356417701
2013-04-10,1237.64,1329.77,1336.61,1230.8,327442477
2013-04-11,1329.77,1436.74,1443.74,1322.76,305912888
2013-04-12,1436.74,1556.36,1563.87,1429.24,278462282
2013-04-15,1556.36,1676.3,1685.02,1547.64,309722335
2013-04-16,1676.3,1476.79,1688.42,1464.67,359906917
2013-04-17,1476.79,1417.42,1484.67,1409.54,308709515
2013-04-18,1417.42,1316.42,1426.6,1307.24,317613816
2013-04-19,1316.42,1244.63,1330.72,1230.34,507091785
2013-04-22,1244.63,1239.93,1250.51,1234.06,423639399
2013-04-23,1239.93,1718.52,1739.97,1218.49,435463985
2013-04-24,1718.52,1367.1,1733.28,1352.34,431137522
2013-04-25,1367.1,1522.95,1536.01,1354.04,433496506
2013-04-26,1522.95,1535.82,1547.94,1510.83,337443722
2013-05-02,1535.82,1366.21,1544.02,1358.0,306996827
2013-05-03,1366.21,1224.02,1378.6,1211.62,417834693
2013-05-06,1224.02,1072.69,1230.58,1066.13,421860318
2013-05-07,1072.69,1052.55,1077.92,1047.31,387609445
2013-05-08,1052.55,965.63,1057.79,960.38,415330423
2013-05-09,965.63,1053.45,1059.57,959.51,433216962
2013-05-10,1053.45,1023.74,1058.86,1018.33,383597001
2013-05-13,1023.74,1031.78,1036.71,1018.82,373571402
2013-05-14,1031.78,1183.19,1191.99,1022.98,376016722
2013-05-15,1183.19,979.63,1187.71,975.1,325803720
2013-05-16,979.63,1015.26,1025.97,968.92,506428577
2013-05-17,1015.26,885.97,1022.55,878.68,564850326
2013-05-20,885.97,787.52,891.34,782.16,621712274
2013-05-21,787.52,761.13,791.5,757.15,536813152
2013-05-22,761.13,816.87,821.05,756.95,543159939
2013-05-23,816.87,964.0,971.22,809.65,544544134
2013-05-24,964.0,801.81,969.2,796.62,435618415
2013-05-29,801.81,804.68,807.79,798.71,537587808
2013-05-30,804.68,816.74,820.02,801.4,474442169
2013-05-31,816.74,907.97,913.28,811.43,454412482
2013-06-03,907.97,958.8,963.74,903.03,422674934
2013-06-04,958.8,1220.35,1229.7,949.45,453957514
2013-06-05,1220.35,1079.31,1224.97,1074.7,330105798
2013-06-06,1079.31,1301.41,1308.04,1072.67,359843298
2013-06-07,1301.41,1603.02,1618.48,1285.94,411669836
2013-06-13,1603.02,2190.52,2218.92,1574.62,446887702
2013-06-14,2190.52,1522.58,2199.14,1513.96,363998470
2013-06-17,1522.58,1541.56,1550.95,1513.19,350169912
2013-06-18,1541.56,1398.32,1549.58,1390.29,320720910
2013-06-19,1398.32,1565.58,1576.57,1387.32,349346203
2013-06-20,1565.58,2323.55,2350.28,1538.85,362670421
2013-06-21,2323.55,2192.83,2349.19,2167.19,383224903
2013-06-24,2192.83,3299.27,3381.15,2110.94,536078294
2013-06-25,3299.27,2783.9,3378.81,2704.37,680963151
2013-06-26,2783.9,2574.83,2812.83,2545.91,502678312
2013-06-27,2574.83,2591.02,2616.78,2549.07,505708736
2013-06-28,2591.02,2394.13,2628.9,2356.26,494349870
2013-07-01,2394.13,2144.83,2415.98,2122.98,377784916
2013-07-02,2144.83,2069.07,2160.23,2053.67,415313292
2013-07-03,2069.07,2137.17,2156.08,2050.16,445151643
2013-07-04,2137.17,2072.87,2161.59,2048.44,486584694
2013-07-05,2072.87,2046.15,2085.46,2033.56,422432918
2013-07-08,2046.15,2400.65,2421.45,2025.35,390647423
2013-07-09,2400.65,2175.43,2412.84,2163.24,298744360
2013-07-10,2175.43,1793.77,2196.17,1773.02,425762990
2013-07-11,1793.77,1506.92,1822.79,1477.9,785456171
2013-07-12,1506.92,1685.38,1703.11,1489.19,584070254
2013-07-15,1685.38,1407.31,1700.96,1391.73,508872396
2013-07-16,1407.31,1294.45,1416.03,1285.73,463702198
2013-07-17,1294.45,1420.98,1432.38,1283.05,484102936
2013-07-18,1420.98,1539.74,1551.26,1409.47,430308436
2013-07-19,1539.74,1778.07,1799.96,1517.85,504384404
2013-07-22,1778.07,1431.61,1791.5,1418.19,397426533
2013-07-23,1431.61,1217.97,1445.68,1203.91,539979774
2013-07-24,1217.97,1263.31,1274.39,1206.89,514136738
2013-07-25,1263.31,1382.51,1394.47,1251.36,472600289
2013-07-26,1382.51,1416.74,1425.3,1373.95,354883349
2013-07-29,1416.74,1705.1,1717.36,1404.48,386432456
2013-07-30,1705.1,1479.16,1722.43,1461.83,387345316
2013-07-31,1479.16,1314.34,1490.22,1303.27,355629144
2013-08-01,1314.34,1132.66,1325.54,1121.45,456040077
2013-08-02,1132.66,1114.94,1139.01,1108.58,452495374
2013-08-05,1114.94,1004.03,1121.11,997.86,397340489
2013-08-06,1004.03,936.7,1011.04,929.7,496772446
2013-08-07,936.7,1082.93,1090.79,928.84,506066173
2013-08-08,1082.93,1051.62,1089.17,1045.39,384949396
2013-08-09,1051.62,949.56,1059.42,941.76,448425051
2013-08-12,949.56,888.29,958.91,878.94,639594095
2013-08-13,888.29,795.42,891.76,791.95,528458215
2013-08-14,795.42,896.28,903.08,788.63,526650755
2013-08-15,896.28,1005.63,1012.53,889.39,440446815
2013-08-16,1005.63,1375.64,1407.53,973.74,768559362
2013-08-19,1375.64,1105.53,1387.44,1093.73,470020602
2013-08-20,1105.53,1125.37,1134.07,1096.83,491448652
2013-08-21,1125.37,1042.2,1131.0,1036.57,401416916
2013-08-22,1042.2,1019.17,1048.3,1013.07,416194472
2013-08-23,1019.17,1185.08,1199.26,1004.99,503261629
2013-08-26,1185.08,980.56,1193.33,972.31,513051093
2013-08-27,980.56,881.13,984.54,877.16,496120249
2013-08-28,881.13,1026.82,1033.68,874.27,638235139
2013-08-29,1026.82,1076.07,1082.11,1020.77,512018940
2013-08-30,1076.07,1105.19,1113.04,1068.22,632742422
2013-09-02,1105.19,940.52,1111.23,934.48,550516221
2013-09-03,940.52,829.49,945.61,824.41,561415078
2013-09-04,829.49,830.86,833.64,826.71,542196136
2013-09-05,830.86,845.45,848.82,827.49,471224785
2013-09-06,845.45,759.4,849.56,755.29,526735365
2013-09-09,759.4,831.66,842.01,749.05,947000908
2013-09-10,831.66,772.9,836.73,767.83,952577913
2013-09-11,772.9,806.69,811.96,767.63,996239631
2013-09-12,806.69,742.51,813.86,735.35,864866100
2013-09-13,742.51,808.12,813.64,736.99,680675084
2013-09-16,808.12,829.47,835.3,802.29,661581892
2013-09-17,829.47,1074.53,1083.81,820.18,635493272
2013-09-18,1074.53,845.15,1079.7,839.98,475690315
2013-09-23,845.15,737.46,850.12,732.5,552584555
2013-09-24,737.46,859.39,866.48,730.37,642802968
2013-09-25,859.39,937.96,943.39,853.97,605628335
2013-09-26,937.96,1179.13,1188.02,929.07,574253124
2013-09-27,1179.13,919.25,1183.23,915.16,428070427
2013-09-30,919.25,808.63,922.93,804.96,384051947
2013-10-08,808.63,786.37,815.62,779.38,546413884
2013-10-09,786.37,743.47,790.76,739.08,525304492
2013-10-10,743.47,872.75,878.94,737.27,607943411
2013-10-11,872.75,759.43,877.24,754.94,630287685
2013-10-14,759.43,719.95,762.39,716.99,663792187
2013-10-15,719.95,796.4,800.55,715.81,621560995
2013-10-16,796.4,1104.6,1115.3,785.7,615410832
2013-10-17,1104.6,1083.36,1111.37,1076.59,510658543
2013-10-18,1083.36,892.33,1087.8,887.9,426453731
2013-10-21,892.33,828.53,899.63,821.23,574744954
2013-10-22,828.53,975.2,981.93,821.79,609106543
2013-10-23,975.2,1219.15,1231.75,962.6,609633804
2013-10-24,1219.15,1214.95,1225.83,1208.27,431540487
2013-10-25,1214.95,1531.54,1547.66,1198.83,498646352
2013-10-28,1531.54,1365.85,1537.91,1359.48,387902289
2013-10-29,1365.85,1473.47,1497.44,1341.88,653774707
2013-10-30,1473.47,1241.25,1482.93,1231.79,528794526
2013-10-31,1241.25,1448.91,1456.52,1233.63,480492541
2013-11-01,1448.91,1270.16,1456.73,1262.33,391432785
2013-11-04,1270.16,1276.6,1283.46,1263.31,333979610
2013-11-05,1276.6,1217.62,1287.1,1207.12,406805162
2013-11-06,1217.62,1352.84,1361.15,1209.3,434355658
2013-11-07,1352.84,1405.88,1413.58,1345.14,356741741
2013-11-08,1405.88,1579.36,1589.14,1396.1,358436248
2013-11-11,1579.36,1349.01,1587.27,1341.1,303940426
2013-11-12,1349.01,1202.49,1355.0,1196.49,339645564
2013-11-13,1202.49,1419.59,1429.51,1192.57,382507201
2013-11-14,1419.59,1233.91,1427.84,1225.66,366183904
2013-11-15,1233.91,1180.22,1247.93,1166.21,561445772
2013-11-18,1180.22,1078.53,1192.29,1066.46,698179224
2013-11-19,1078.53,1144.43,1149.38,1073.58,534388230
2013-11-20,1144.43,995.61,1149.71,990.33,486484543
2013-11-21,995.61,1113.57,1119.85,989.32,562224790
2013-11-22,1113.57,1180.7,1186.0,1108.27,485086428
2013-11-25,1180.7,1228.05,1235.72,1173.02,451517117
2013-11-26,1228.05,1220.85,1232.38,1216.52,401446691
2013-11-27,1220.85,1046.64,1228.63,1038.86,495704986
2013-11-28,1046.64,923.04,1052.53,917.14,587914828
2013-11-29,923.04,924.84,928.23,919.65,449165088
2013-12-02,924.84,1305.95,1322.18,908.61,776820688
2013-12-03,1305.95,1102.09,1315.71,1092.33,501477324
2013-12-04,1102.09,1006.43,1111.18,997.33,669114470
2013-12-05,1006.43,1074.48,1079.21,1001.7,505179990
2013-12-06,1074.48,1108.83,1113.85,1069.47,435180916
2013-12-09,1108.83,1035.34,1113.69,1030.48,396455244
2013-12-10,1035.34,943.67,1039.15,939.86,439669732
2013-12-11,943.67,1057.33,1064.65,936.34,457480761
2013-12-12,1057.33,1018.46,1062.46,1013.32,363231530
2013-12-13,1018.46,1019.14,1024.13,1013.46,361864491
2013-12-16,1019.14,1206.67,1215.82,1009.98,428289624
2013-12-17,1206.67,1241.74,1247.47,1200.94,334114928
2013-12-18,1241.74,1144.95,1245.92,1140.78,281426397
2013-12-19,1144.95,1315.75,1325.01,1135.69,329053965
2013-12-20,1315.75,1829.87,1847.48,1298.14,418839344
2013-12-23,1829.87,1502.43,1839.92,1492.38,312441659
2013-12-24,1502.43,1377.14,1512.4,1367.17,316688391
2013-12-25,1377.14,1224.83,1383.32,1218.64,302527745
2013-12-26,1224.83,1489.47,1499.94,1214.35,363272541
2013-12-27,1489.47,1293.51,1501.29,1281.68,372142524
2013-12-30,1293.51,1278.74,1298.47,1273.78,346931835
2013-12-31,1278.74,1189.49,1287.55,1180.67,383838021
2014-01-02,1189.49,1197.86,1202.72,1184.63,328472940
2014-01-03,1197.86,1289.94,1297.16,1190.64,394095876
2014-01-06,1289.94,1691.64,1708.19,1273.4,425569136
2014-01-07,1691.64,1425.1,1700.21,1416.53,306278168
2014-01-08,1425.1,1315.04,1434.02,1306.11,361607480
2014-01-09,1315.04,1445.87,1456.72,1304.18,368863918
2014-01-10,1445.87,1524.81,1532.99,1437.69,347143821
2014-01-13,1524.81,1538.5,1548.89,1514.42,317850827
2014-01-14,1538.5,1330.08,1547.73,1320.85,339418249
2014-01-15,1330.08,1318.47,1335.69,1312.86,322162558
2014-01-16,1318.47,1249.9,1324.84,1243.53,345117820
2014-01-17,1249.9,1373.09,1379.84,1243.15,324304796
2014-01-20,1373.09,1482.9,1491.17,1364.83,274795405
2014-01-21,1482.9,1271.15,1490.69,1263.36,294486066
2014-01-22,1271.15,1168.12,1282.46,1156.82,476301091
2014-01-23,1168.12,1204.44,1210.35,1162.2,404601422
2014-01-24,1204.44,1076.66,1212.03,1069.07,438443179
2014-01-27,1076.66,1227.41,1233.42,1070.65,436982325
2014-01-28,1227.41,1146.84,1233.94,1140.31,344630987
2014-01-29,1146.84,1048.0,1150.66,1044.18,339329870
2014-01-30,1048.0,1150.79,1155.83,1042.97,292069176
2014-02-07,1150.79,1033.59,1158.51,1025.87,337437689
2014-02-10,1033.59,955.17,1041.68,947.08,563302164
2014-02-11,955.17,944.4,962.23,937.34,655111908
2014-02-12,944.4,886.25,948.17,882.48,550118494
2014-02-13,886.25,1073.78,1081.15,878.87,650848182
2014-02-14,1073.78,896.56,1078.28,892.05,482658834
2014-02-17,896.56,787.76,900.64,783.69,605740598
2014-02-18,787.76,975.6,981.12,782.24,604939264
2014-02-19,975.6,884.25,982.39,877.47,663026333
2014-02-20,884.25,1061.56,1070.57,875.24,684564290
2014-02-21,1061.56,1093.27,1100.47,1054.35,505283468
2014-02-24,1093.27,1342.19,1353.95,1081.51,560623452
2014-02-25,1342.19,1966.87,1997.8,1311.26,632046717
2014-02-26,1966.87,1399.16,1976.95,1389.08,511904362
2014-02-27,1399.16,1442.42,1456.09,1385.5,594990678
2014-02-28,1442.42,1293.48,1454.38,1281.52,507374206
2014-03-03,1293.48,1167.32,1300.51,1160.29,541571888
2014-03-04,1167.32,1214.01,1220.76,1160.57,507075799
2014-03-05,1214.01,1306.39,1313.02,1207.38,453918569
2014-03-06,1306.39,1217.74,1316.39,1207.74,487992448
2014-03-07,1217.74,1284.69,1291.63,1210.81,451219044
2014-03-10,1284.69,1740.94,1758.53,1267.1,499899498
2014-03-11,1740.94,1390.14,1749.68,1381.39,402505510
2014-03-12,1390.14,1293.66,1400.79,1283.01,456698194
2014-03-13,1293.66,1163.45,1301.89,1155.22,453329821
2014-03-14,1163.45,1293.28,1300.96,1155.77,385196304
2014-03-17,1293.28,1140.78,1300.16,1133.9,373757780
2014-03-18,1140.78,1159.5,1163.79,1136.49,408756975
2014-03-19,1159.5,1287.13,1294.05,1152.58,412020454
2014-03-20,1287.13,1596.12,1611.66,1271.59,473879835
2014-03-21,1596.12,1370.42,1617.44,1349.1,669494052
2014-03-24,1370.42,1181.4,1378.05,1173.78,657258273
2014-03-25,1181.4,1179.78,1187.47,1173.71,548944519
2014-03-26,1179.78,1168.43,1184.67,1163.55,420849464
2014-03-27,1168.43,1298.17,1308.66,1157.95,498510735
2014-03-28,1298.17,1325.13,1334.14,1289.17,506473177
2014-03-31,1325.13,1362.57,1370.75,1316.94,385224610
2014-04-01,1362.57,1156.44,1369.51,1149.5,346766557
2014-04-02,1156.44,1059.61,1161.63,1054.42,437656427
2014-04-03,1059.61,1159.67,1167.15,1052.13,459011809
2014-04-04,1159.67,1011.55,1165.76,1005.46,344353831
2014-04-08,1011.55,977.4,1021.95,967.0,602948137
2014-04-09,977.4,919.72,980.8,916.32,451288315
2014-04-10,919.72,885.19,928.37,876.53,700052038
2014-04-11,885.19,981.34,985.28,881.24,567068303
2014-04-14,981.34,944.08,984.94,940.48,417151945
2014-04-15,944.08,1086.99,1093.25,937.81,459199925
2014-04-16,1086.99,952.02,1090.96,948.06,366366643
2014-04-17,952.02,1016.51,1020.07,948.47,350014970
2014-04-18,1016.51,951.31,1020.78,947.05,354636290
2014-04-21,951.31,1267.26,1276.81,941.76,393981062
2014-04-22,1267.26,1127.76,1275.47,1119.55,406068898
2014-04-23,1127.76,1176.01,1180.7,1123.07,330009701
2014-04-24,1176.01,1245.36,1251.19,1170.18,326581019
2014-04-25,1245.36,1508.73,1519.08,1235.01,401886090
2014-04-28,1508.73,1786.67,1800.04,1495.36,405885500
2014-04-29,1786.67,1377.94,1795.0,1369.61,333903252
2014-04-30,1377.94,1270.25,1382.08,1266.11,310117170
2014-05-05,1270.25,1248.9,1277.37,1241.78,336768986
2014-05-06,1248.9,1159.89,1254.44,1154.35,330056174
2014-05-07,1159.89,1297.4,1302.61,1154.68,313294802
2014-05-08,1297.4,1351.88,1361.55,1287.73,337542083
2014-05-09,1351.88,1404.49,1411.66,1344.71,327832490
2014-05-12,1404.49,1278.54,1415.32,1267.71,514410303
2014-05-13,1278.54,1335.09,1340.08,1273.55,406925797
2014-05-14,1335.09,1309.93,1339.06,1305.97,316779965
2014-05-15,1309.93,1495.88,1504.56,1301.25,328770273
2014-05-16,1495.88,1372.02,1502.61,1365.28,293516779
2014-05-19,1372.02,1551.77,1561.13,1362.67,302003271
2014-05-20,1551.77,1362.73,1557.65,1356.86,276211032
2014-05-21,1362.73,1260.48,1372.04,1251.17,279735388
2014-05-22,1260.48,1306.45,1314.33,1252.59,343844579
2014-05-23,1306.45,1141.69,1311.93,1136.21,284691847
2014-05-26,1141.69,1044.86,1145.56,1040.99,315877167
2014-05-27,1044.86,1146.7,1150.01,1041.55,297402577
2014-05-28,1146.7,1016.84,1152.77,1010.78,374739157
2014-05-29,1016.84,1135.09,1140.61,1011.32,354207832
2014-05-30,1135.09,1054.9,1139.51,1050.48,326312081
2014-06-03,1054.9,1099.69,1103.54,1051.05,307745837
2014-06-04,1099.69,1210.64,1217.74,1092.6,319778268
2014-06-05,1210.64,1037.67,1217.08,1031.23,299828077
2014-06-06,1037.67,1123.23,1128.65,1032.25,297557812
2014-06-09,1123.23,1106.65,1129.04,1100.83,295611856
2014-06-10,1106.65,981.76,1112.93,975.48,371572111
2014-06-11,981.76,959.38,984.58,956.56,329988698
2014-06-12,959.38,1054.52,1057.32,956.59,338489245
2014-06-13,1054.52,935.51,1060.48,929.55,440653639
2014-06-16,935.51,822.57,938.69,819.39,450611932
2014-06-17,822.57,970.63,974.11,819.09,385608744
2014-06-18,970.63,1045.14,1048.57,967.2,373818117
2014-06-19,1045.14,1508.52,1523.66,1030.0,408287066
2014-06-20,1508.52,1122.47,1512.78,1118.22,307838283
2014-06-23,1122.47,1084.41,1126.79,1080.1,312850585
2014-06-24,1084.41,946.11,1087.19,943.34,311460835
2014-06-25,946.11,1042.07,1045.57,942.61,296504091
2014-06-26,1042.07,907.92,1045.85,904.14,364827869
2014-06-27,907.92,891.0,911.5,887.43,421746744
2014-06-30,891.0,802.01,894.0,799.01,429873884
2014-07-01,802.01,829.64,832.32,799.33,423931197
2014-07-02,829.64,740.46,832.3,737.79,459545222
2014-07-03,740.46,673.59,743.16,670.89,507417690
2014-07-04,673.59,772.25,774.06,671.78,435283021
2014-07-07,772.25,772.97,775.75,769.46,413756908
2014-07-08,772.97,679.39,775.92,676.44,411363266
2014-07-09,679.39,963.23,969.28,673.34,492803975
2014-07-10,963.23,967.87,971.05,960.05,423420326
2014-07-11,967.87,827.04,971.49,823.43,450386269
2014-07-14,827.04,751.44,831.02,747.46,500209070
2014-07-15,751.44,680.17,753.68,677.93,540697285
2014-07-16,680.17,811.62,815.07,676.71,556782626
2014-07-17,811.62,905.41,909.13,807.9,425939755
2014-07-18,905.41,830.92,910.27,826.06,450434564
2014-07-21,830.92,745.27,833.3,742.89,389778835
2014-07-22,745.27,751.85,756.8,740.33,535027009
2014-07-23,751.85,726.9,755.65,723.1,578640221
2014-07-24,726.9,791.99,798.1,720.79,744267495
2014-07-25,791.99,686.23,794.9,683.32,603492378
2014-07-28,686.23,777.05,784.72,678.56,1038629370
2014-07-29,777.05,674.82,780.48,671.39,850931553
2014-07-30,674.82,798.32,801.73,671.41,790916455
2014-07-31,798.32,705.16,802.26,701.22,706090748
2014-08-01,705.16,921.01,927.3,698.87,847085788
2014-08-04,921.01,803.2,926.31,797.9,766772171
2014-08-05,803.2,790.89,807.49,786.6,763533890
2014-08-06,790.89,833.99,838.84,786.03,777440025
2014-08-07,833.99,1032.4,1039.51,826.88,763420006
2014-08-08,1032.4,809.42,1035.35,806.47,606138180
2014-08-11,809.42,709.47,813.25,705.63,656301798
2014-08-12,709.47,780.65,782.9,707.21,644351430
2014-08-13,780.65,731.54,785.07,727.12,738363488
2014-08-14,731.54,854.25,858.46,727.33,694283388
2014-08-15,854.25,719.15,858.13,715.27,644892588
2014-08-18,719.15,638.44,721.88,635.71,698753173
2014-08-19,638.44,625.59,640.87,623.16,761735438
2014-08-20,625.59,704.64,706.67,623.56,681359392
2014-08-21,704.64,779.26,783.86,700.03,683963802
2014-08-22,779.26,636.75,781.58,634.43,642458125
2014-08-25,636.75,748.98,752.67,633.06,653262551
2014-08-26,748.98,906.16,912.21,742.93,645746616
2014-08-27,906.16,747.24,908.25,745.15,481829920
2014-08-28,747.24,834.79,839.12,742.9,511761792
2014-08-29,834.79,709.49,838.22,706.05,441703903
2014-09-01,709.49,632.79,712.11,630.17,539982181
2014-09-02,632.79,617.24,636.42,613.61,796635355
2014-09-03,617.24,564.3,619.66,561.88,874463158
2014-09-04,564.3,524.56,566.58,522.28,811495004
2014-09-05,524.56,509.22,526.52,507.27,884175774
2014-09-09,509.22,559.24,561.3,507.17,792618944
2014-09-10,559.24,612.61,614.63,557.22,753987877
2014-09-11,612.61,829.42,835.53,606.49,906404469
2014-09-12,829.42,628.24,832.22,625.45,745139700
2014-09-15,628.24,617.0,630.33,614.91,847065736
2014-09-16,617.0,1092.52,1103.98,605.55,1193463976
2014-09-17,1092.52,757.8,1096.22,754.1,815491492
2014-09-18,757.8,626.87,760.59,624.09,755466345
2014-09-19,626.87,546.46,629.33,544.0,689852869
2014-09-22,546.46,799.82,805.3,540.99,704658332
2014-09-23,799.82,657.03,802.48,654.37,615037657
2014-09-24,657.03,685.92,691.73,651.22,909958652
2014-09-25,685.92,744.96,748.84,682.03,897158440
2014-09-26,744.96,676.74,747.1,674.6,670469477
2014-09-29,676.74,575.96,678.44,574.26,807769540
2014-09-30,575.96,551.85,577.29,550.52,754203352
2014-10-08,551.85,517.79,554.59,515.05,825217797
2014-10-09,517.79,459.45,519.98,457.26,944488028
2014-10-10,459.45,585.78,588.14,457.09,920882905
2014-10-13,585.78,667.02,670.4,582.41,825074088
2014-10-14,667.02,762.21,766.42,662.82,801955416
2014-10-15,762.21,597.78,765.46,594.54,828792958
2014-10-16,597.78,798.9,804.26,592.42,1001928463
2014-10-17,798.9,928.47,936.23,791.14,868334562
2014-10-20,928.47,713.1,930.79,710.78,636046734
2014-10-21,713.1,817.1,820.87,709.33,662144482
2014-10-22,817.1,903.79,908.33,812.57,610499164
2014-10-23,903.79,1067.09,1073.52,897.36,672658494
2014-10-24,1067.09,1086.72,1090.85,1062.96,522774402
2014-10-27,1086.72,1120.03,1124.58,1082.16,523565004
2014-10-28,1120.03,1029.09,1127.61,1021.51,697678824
2014-10-29,1029.09,941.81,1035.48,935.43,1028148316
2014-10-30,941.81,845.53,945.94,841.4,1120085897
2014-10-31,845.53,873.89,880.45,838.98,1362339824
2014-11-03,873.89,863.47,877.17,860.19,1163447515
2014-11-04,863.47,909.69,912.92,860.23,1187434742
2014-11-05,909.69,999.92,1003.13,906.49,1044179782
2014-11-06,999.92,865.76,1003.99,861.69,871280110
2014-11-07,865.76,1013.4,1021.45,857.71,1206804022
2014-11-10,1013.4,912.33,1020.02,905.72,1266847032
2014-11-11,912.33,1202.1,1216.86,897.57,1791441066
2014-11-12,1202.1,1017.32,1210.3,1009.12,1040641228
2014-11-13,1017.32,1130.84,1138.61,1009.56,1233409050
2014-11-14,1130.84,1017.44,1135.26,1013.02,925996222
2014-11-17,1017.44,1065.82,1074.57,1008.69,911899767
2014-11-18,1065.82,1086.54,1092.14,1060.23,840209446
2014-11-19,1086.54,1047.86,1090.2,1044.21,748932567
2014-11-20,1047.86,1002.22,1051.34,998.74,658791266
2014-11-21,1002.22,905.44,1009.03,898.63,892588232
2014-11-24,905.44,855.48,912.82,848.1,1591064471
2014-11-25,855.48,779.12,860.69,773.91,1312800682
2014-11-26,779.12,713.24,782.77,709.59,1438460907
2014-11-27,713.24,661.58,716.65,658.16,1583011656
2014-11-28,661.58,774.71,782.43,653.86,2112313456
2014-12-01,774.71,794.13,799.99,768.85,2029604746
2014-12-02,794.13,835.87,849.76,780.23,2003539008
2014-12-03,835.87,841.03,853.8,823.09,2594919764
2014-12-04,841.03,865.12,879.31,826.84,2426767108
2014-12-05,865.12,1001.6,1024.81,841.91,2985787661
2014-12-08,1001.6,1062.11,1085.63,978.08,2710081889
2014-12-09,1062.11,1926.63,1991.92,996.82,3491859084
2014-12-10,1926.63,1320.0,1955.33,1291.31,2409077559
2014-12-11,1320.0,1258.41,1334.16,1244.25,2142224084
2014-12-12,1258.41,1110.57,1268.2,1100.78,1782512118
2014-12-15,1110.57,987.54,1120.76,977.35,1741635699
2014-12-16,987.54,900.87,997.68,890.74,2038874539
2014-12-17,900.87,863.44,910.11,854.2,2551271990
2014-12-18,863.44,952.86,960.45,855.85,2024628930
2014-12-19,952.86,898.06,965.26,885.66,2285208110
2014-12-22,898.06,907.12,920.14,885.05,3006664538
2014-12-23,907.12,1117.11,1132.74,891.5,2021469560
2014-12-24,1117.11,1244.19,1263.54,1097.77,1744620666
2014-12-25,1244.19,990.82,1255.88,979.13,1722191430
2014-12-26,990.82,861.34,1001.15,851.01,2102592240
2014-12-29,861.34,862.36,873.57,850.13,2363227352
2014-12-30,862.36,900.34,908.84,853.85,1869281836
2014-12-31,900.34,797.33,908.58,789.09,1949369691
2015-01-05,797.33,751.86,807.28,741.91,2479932762
2015-01-06,751.86,762.67,773.0,741.54,2340439738
2015-01-07,762.67,725.63,768.19,720.12,1803308154
2015-01-08,725.63,854.47,864.41,715.69,1702828203
2015-01-09,854.47,921.26,936.09,839.64,1984354063
2015-01-12,921.26,990.89,1001.35,910.81,1506037588
2015-01-13,990.89,860.65,996.62,854.91,1090691605
2015-01-14,860.65,930.72,938.44,852.93,1159539644
2015-01-15,930.72,826.54,941.25,816.01,1362001814
2015-01-16,826.54,727.41,832.06,721.88,1624047956
2015-01-19,727.41,1417.14,1444.57,699.98,1904064164
2015-01-20,1417.14,1008.98,1429.69,996.43,1743952653
2015-01-21,1008.98,912.15,1023.55,897.58,1982835705
2015-01-22,912.15,805.81,917.46,800.5,1654752427
2015-01-23,805.81,838.07,845.48,798.4,1707373238
2015-01-26,838.07,762.67,843.53,757.2,1458832436
2015-01-27,762.67,843.4,853.05,753.03,1716281220
2015-01-28,843.4,985.28,992.63,836.05,1336667546
2015-01-29,985.28,1088.55,1095.02,978.82,1261259996
2015-01-30,1088.55,1279.54,1291.43,1076.67,1177204502
2015-02-02,1279.54,1468.04,1479.64,1267.95,1166080122
2015-02-03,1468.04,1130.96,1479.41,1119.59,1186335953
2015-02-04,1130.96,1245.63,1255.85,1120.74,1180766133
2015-02-05,1245.63,1437.24,1457.32,1225.55,1496131758
2015-02-06,1437.24,1778.14,1797.71,1417.67,1171376548
2015-02-09,1778.14,1454.97,1791.96,1441.16,1020518962
2015-02-10,1454.97,1248.06,1465.53,1237.49,939466565
2015-02-11,1248.06,1130.5,1253.24,1125.32,838524480
2015-02-12,1130.5,1066.29,1136.42,1060.37,915336929
2015-02-13,1066.29,988.81,1073.29,981.81,1225121588
2015-02-16,988.81,920.68,994.06,915.43,1029002091
2015-02-17,920.68,896.58,924.24,893.02,1007186072
2015-02-25,896.58,1040.27,1047.59,889.26,1037925111
2015-02-26,1040.27,946.33,1051.17,935.43,1368006030
2015-02-27,946.33,869.41,950.47,865.27,1347539790
2015-03-02,869.41,776.28,874.08,771.61,1556406312
2015-03-03,776.28,1061.03,1069.85,767.46,1669673740
2015-03-04,1061.03,864.89,1066.25,859.68,1297906590
2015-03-05,864.89,959.32,964.8,859.42,1406724293
2015-03-06,959.32,1020.93,1027.51,952.74,1197306500
2015-03-09,1020.93,967.86,1034.91,953.87,1475926705
2015-03-10,967.86,910.43,972.93,905.36,1253779130
2015-03-11,910.43,859.84,915.6,854.68,1219569430
2015-03-12,859.84,829.94,867.02,822.77,1646103208
2015-03-13,829.94,731.58,834.48,727.03,1484215228
2015-03-16,731.58,726.39,738.49,719.48,1730932300
2015-03-17,726.39,723.64,730.48,719.54,2267027645
2015-03-18,723.64,697.24,729.96,690.92,2397285843
2015-03-19,697.24,761.82,766.15,692.91,2286974694
2015-03-20,761.82,685.56,767.75,679.64,2340523659
2015-03-23,685.56,625.3,689.72,621.15,2358743143
2015-03-24,625.3,751.76,761.16,615.9,2781432142
2015-03-25,751.76,814.0,820.31,745.45,2312159120
2015-03-26,814.0,889.25,899.33,803.92,2166740114
2015-03-27,889.25,710.72,894.17,705.79,1841292552
2015-03-30,710.72,692.15,717.72,685.14,2558958898
2015-03-31,692.15,878.26,888.93,681.48,2603493634
2015-04-01,878.26,748.95,885.08,742.13,2033080328
2015-04-02,748.95,681.22,754.73,675.44,2121669164
2015-04-03,681.22,611.4,686.05,606.57,2052688374
2015-04-07,611.4,583.45,615.17,579.68,2559624626
2015-04-08,583.45,656.45,664.03,575.88,2806132208
2015-04-09,656.45,865.08,877.62,643.91,2720696826
2015-04-10,865.08,764.88,874.62,755.34,2240458423
2015-04-13,764.88,662.08,769.35,657.61,2691640314
2015-04-14,662.08,646.54,667.37,641.25,2658119998
2015-04-15,646.54,847.2,856.83,636.91,2774613391
2015-04-16,847.2,829.12,861.99,814.33,2472033675
2015-04-17,829.12,723.57,834.2,718.49,3165925050
2015-04-20,723.57,1053.96,1069.93,707.61,3801157738
2015-04-21,1053.96,858.82,1064.86,847.92,2777643908
2015-04-22,858.82,749.62,865.66,742.78,3052971740
2015-04-23,749.62,744.51,755.45,738.68,2953566385
2015-04-24,744.51,822.58,830.68,736.42,2832830237
2015-04-27,822.58,714.22,828.02,708.78,2991795060
2015-04-28,714.22,943.22,955.93,701.51,3512155926
2015-04-29,943.22,780.98,951.23,772.97,2337867620
2015-04-30,780.98,798.06,803.4,775.64,2357458482
2015-05-04,798.06,696.54,804.03,690.57,2191551520
2015-05-05,696.54,1144.89,1164.62,676.8,2634532503
2015-05-06,1144.89,1126.64,1163.86,1107.66,2215025488
2015-05-07,1126.64,1315.93,1326.83,1115.74,1784255323
2015-05-08,1315.93,1027.37,1327.82,1015.49,1837050826
2015-05-11,1027.37,935.21,1041.19,921.4,2279947580
2015-05-12,935.21,831.93,942.18,824.96,2372066272
2015-05-13,831.93,906.0,914.35,823.58,2319202492
2015-05-14,906.0,976.48,983.26,899.21,2084296458
2015-05-15,976.48,1140.13,1151.19,965.42,2053046070
2015-05-18,1140.13,1102.28,1148.16,1094.24,1756548904
2015-05-19,1102.28,983.39,1115.91,969.76,2035147269
2015-05-20,983.39,861.38,992.22,852.54,2345949440
2015-05-21,861.38,780.12,868.96,772.54,2030518328
2015-05-22,780.12,792.96,801.35,771.74,2873292262
2015-05-25,792.96,777.33,803.23,767.07,2966947400
2015-05-26,777.33,713.0,785.65,704.68,3065397000
2015-05-27,713.0,740.1,747.34,705.76,2996739132
2015-05-28,740.1,1603.4,1649.86,693.65,3601147406
2015-05-29,1603.4,1200.47,1631.81,1172.07,2820744736
2015-06-01,1200.47,1046.89,1220.46,1026.9,2726598669
2015-06-02,1046.89,889.12,1056.64,879.37,2765778852
2015-06-03,889.12,890.91,901.18,878.85,2729628856
2015-06-04,890.91,991.09,1017.5,864.5,3120773548
2015-06-05,991.09,878.78,1003.99,865.87,3430480274
2015-06-08,878.78,855.57,891.25,843.1,3932794144
2015-06-09,855.57,940.81,951.09,845.29,3436235031
2015-06-10,940.81,895.46,953.45,882.81,2473093318
2015-06-11,895.46,842.04,901.16,836.33,2284089536
2015-06-12,842.04,742.92,846.74,738.22,2509097562
2015-06-15,742.92,952.2,964.51,730.61,2660387814
2015-06-16,952.2,1286.64,1306.92,931.92,2329979782
2015-06-17,1286.64,1003.01,1305.39,984.26,2273558926
2015-06-18,1003.01,1404.4,1427.9,979.51,2082821280
2015-06-19,1404.4,2125.86,2172.27,1357.99,1966845339
2015-06-23,2125.86,1446.91,2166.65,1406.11,2013292348
2015-06-24,1446.91,1256.61,1463.07,1240.44,2311353545
2015-06-25,1256.61,1738.74,1776.38,1218.97,2409555671
2015-06-26,1738.74,2762.6,2840.72,1660.62,2394923838
2015-06-29,2762.6,2898.7,3018.17,2643.13,2831580844
2015-06-30,2898.7,1895.94,2984.61,1810.03,2960324544
2015-07-01,1895.94,2716.09,2792.07,1819.96,2444209370
2015-07-02,2716.09,2963.81,3052.17,2627.73,2558020848
2015-07-03,2963.81,3535.49,3664.47,2834.82,2380636534
2015-07-06,3535.49,2630.64,3645.57,2520.56,3714980080
2015-07-07,2630.64,2950.52,3008.53,2572.64,3366733943
2015-07-08,2950.52,3611.75,3674.76,2887.52,3476938903
2015-07-09,3611.75,2276.74,3693.51,2194.98,2739308411
2015-07-10,2276.74,1755.81,2319.86,1712.68,2649214802
2015-07-13,1755.81,1557.72,1782.32,1531.2,2649644091
2015-07-14,1557.72,1660.71,1689.62,1528.81,2570808337
2015-07-15,1660.71,2165.73,2209.84,1616.59,2457298304
2015-07-16,2165.73,1771.1,2208.99,1727.84,1989038302
2015-07-17,1771.1,1465.69,1800.09,1436.7,1932552032
2015-07-20,1465.69,1451.66,1483.25,1434.11,2112805896
2015-07-21,1451.66,1435.66,1470.92,1416.4,1906291256
2015-07-22,1435.66,1440.53,1455.04,1421.16,1940658544
2015-07-23,1440.53,1239.36,1455.17,1224.73,2122340162
2015-07-24,1239.36,1421.63,1442.0,1219.0,2354924594
2015-07-27,1421.63,2369.58,2446.91,1344.3,2201224990
2015-07-28,2369.58,2005.19,2423.63,1951.14,2262355614
2015-07-29,2005.19,1524.55,2037.24,1492.51,1672713920
2015-07-30,1524.55,1881.53,1914.68,1491.4,1680855192
2015-07-31,1881.53,1754.11,1902.19,1733.45,1346353143
2015-08-03,1754.11,1795.75,1817.69,1732.17,1459334320
2015-08-04,1795.75,1456.02,1822.01,1429.76,1360656550
2015-08-05,1456.02,1749.7,1770.1,1435.63,1323431520
2015-08-06,1749.7,1815.55,1835.56,1729.69,983098442
2015-08-07,1815.55,1522.91,1827.82,1510.64,1214004694
2015-08-10,1522.91,1228.92,1544.82,1207.01,1867346264
2015-08-11,1228.92,1275.76,1285.92,1218.75,1958542298
2015-08-12,1275.76,1461.68,1472.68,1264.75,1565976522
2015-08-13,1461.68,1222.15,1476.59,1207.24,1519922985
2015-08-14,1222.15,1196.41,1229.8,1188.76,1654242184
2015-08-17,1196.41,1145.18,1205.83,1135.76,1649161486
2015-08-18,1145.18,2017.26,2076.22,1086.22,2017981766
2015-08-19,2017.26,1480.63,2057.93,1439.96,1746595335
2015-08-20,1480.63,1758.79,1782.01,1457.4,1412381817
2015-08-21,1758.79,2305.68,2350.29,1714.18,1403147093
2015-08-24,2305.68,3297.98,3366.67,2236.99,1442948285
2015-08-25,3297.98,3659.39,3731.34,3226.03,1535408741
2015-08-26,3659.39,3171.81,3761.41,3069.8,1885886306
2015-08-27,3171.81,2247.17,3226.19,2192.79,1629513562
2015-08-28,2247.17,1765.94,2279.29,1733.82,1782440052
2015-08-31,1765.94,1820.68,1851.0,1735.62,1619885501
2015-09-01,1820.68,2167.42,2210.29,1777.81,1892057488
2015-09-02,2167.42,2145.57,2220.39,2092.6,1952826592
2015-09-07,2145.57,2532.34,2582.44,2095.47,1261989217
2015-09-08,2532.34,1992.71,2577.17,1947.88,1014593872
2015-09-09,1992.71,1727.52,2014.24,1705.99,1473788108
2015-09-10,1727.52,1968.58,1984.77,1711.33,1032710533
2015-09-11,1968.58,1894.61,1984.2,1878.98,819387682
2015-09-14,1894.61,2465.5,2527.43,1832.68,1335100451
2015-09-15,2465.5,2972.13,3016.09,2421.54,972797361
2015-09-16,2972.13,1950.68,3024.24,1898.57,1077784450
2015-09-17,1950.68,2202.62,2236.77,1916.54,1197350174
2015-09-18,2202.62,1865.87,2218.1,1850.39,784657178
2015-09-21,1865.87,1595.43,1890.23,1571.07,907423312
2015-09-22,1595.43,1523.37,1609.1,1509.7,1051215120
2015-09-23,1523.37,1689.23,1703.57,1509.03,894193888
2015-09-24,1689.23,1474.84,1698.04,1466.02,800382984
2015-09-25,1474.84,1664.13,1685.5,1453.48,897535440
2015-09-28,1664.13,1460.01,1679.4,1444.74,593877871
2015-09-29,1460.01,1616.82,1628.25,1448.57,650198020
2015-09-30,1616.82,1447.46,1625.96,1438.32,575868048
2015-10-08,1447.46,1192.54,1456.38,1183.62,922847848
2015-10-09,1192.54,1069.38,1200.41,1061.51,908672758
2015-10-12,1069.38,974.75,1086.07,958.06,1476471396
2015-10-13,974.75,951.79,980.87,945.66,1106958962
2015-10-14,951.79,1095.76,1103.4,944.14,1122066254
2015-10-15,1095.76,916.76,1106.5,906.02,1209950432
2015-10-16,916.76,811.02,922.29,805.5,1480623016
2015-10-19,811.02,869.59,876.92,803.7,1422972416
2015-10-20,869.59,761.39,876.27,754.71,1252601510
2015-10-21,761.39,1437.45,1470.4,728.45,1871461808
2015-10-22,1437.45,1079.0,1450.44,1066.02,1293766862
2015-10-23,1079.0,893.9,1086.74,886.16,1398044244
2015-10-26,893.9,861.83,900.76,854.97,1457167554
2015-10-27,861.83,850.04,874.97,836.9,1317601082
2015-10-28,850.04,1021.21,1031.87,839.38,1191563680
2015-10-29,1021.21,858.49,1027.74,851.95,940789286
2015-10-30,858.49,850.77,866.67,842.59,1009739900
2015-11-02,850.77,1036.27,1046.34,840.7,945848177
2015-11-03,1036.27,1075.48,1082.39,1029.36,774420393
2015-11-04,1075.48,1012.88,1093.54,994.83,1378419474
2015-11-05,1012.88,989.45,1027.72,974.61,2319966616
2015-11-06,989.45,852.42,999.07,842.81,1793420682
2015-11-09,852.42,789.05,862.58,778.89,2144327144
2015-11-10,789.05,846.73,853.9,781.87,1780202598
2015-11-11,846.73,791.52,852.38,785.87,1512142138
2015-11-12,791.52,904.14,911.52,784.14,1492402314
2015-11-13,904.14,1048.77,1057.4,895.5,1391205078
2015-11-16,1048.77,867.28,1058.86,857.19,1115953474
2015-11-17,867.28,928.42,938.92,856.78,1602949614
2015-11-18,928.42,1053.65,1062.35,919.73,1242996058
2015-11-19,1053.65,866.56,1060.57,859.64,1064376120
2015-11-20,866.56,811.74,870.69,807.6,1305087864
2015-11-23,811.74,906.19,912.79,805.14,1271542808
2015-11-24,906.19,816.27,911.81,810.66,1024548968
2015-11-25,816.27,725.07,821.03,720.31,1131268966
2015-11-26,725.07,845.6,850.76,719.92,1248186310
2015-11-27,845.6,1714.19,1755.38,804.41,1428719952
2015-11-30,1714.19,1186.42,1735.58,1165.03,1237669116
2015-12-01,1186.42,1022.37,1195.67,1013.12,1017122986
2015-12-02,1022.37,1019.91,1039.2,1003.08,1308553657
2015-12-03,1019.91,896.05,1027.8,888.16,1246262994
2015-12-04,896.05,1060.51,1068.27,888.29,1047764042
2015-12-07,1060.51,942.02,1065.74,936.79,849770298
2015-12-08,942.02,1117.54,1124.54,935.02,918953742
2015-12-09,1117.54,995.44,1122.84,990.13,819014576
2015-12-10,995.44,1043.09,1050.52,988.0,831204708
2015-12-11,1043.09,1166.67,1173.05,1036.71,759500125
2015-12-14,1166.67,1079.28,1182.37,1063.58,930302745
2015-12-15,1079.28,1042.21,1084.32,1037.17,853773622
2015-12-16,1042.21,1000.79,1046.33,996.67,810060090
2015-12-17,1000.79,876.63,1006.7,870.71,1208307122
2015-12-18,876.63,873.42,882.36,867.68,1179043410
2015-12-21,873.42,822.47,881.9,813.99,1326406093
2015-12-22,822.47,790.75,826.11,787.11,1130112696
2015-12-23,790.75,890.66,897.07,784.35,1299483592
2015-12-24,890.66,944.11,951.79,882.98,962501258
2015-12-25,944.11,809.45,947.27,806.29,793816796
2015-12-28,809.45,1161.35,1176.08,794.73,1085611645
2015-12-29,1161.35,898.53,1166.5,893.38,745001586
2015-12-30,898.53,866.5,900.93,864.1,513293865
2015-12-31,866.5,970.63,976.54,860.59,751728664
2016-01-04,970.63,2034.75,2093.37,912.01,781688836
2016-01-05,2034.75,1600.38,2064.33,1570.81,1114793552
2016-01-06,1600.38,1328.61,1613.61,1315.38,973421689
2016-01-07,1328.61,2496.97,2555.08,1270.51,283645430
2016-01-08,2496.97,1706.98,2538.11,1665.85,1178812778
2016-01-11,1706.98,2540.39,2589.1,1658.27,1114779439
2016-01-12,2540.39,1809.34,2559.71,1790.02,859989298
2016-01-13,1809.34,2143.33,2175.5,1777.16,804958028
2016-01-14,2143.33,1792.56,2184.5,1751.39,895367083
2016-01-15,1792.56,2205.99,2239.93,1758.62,844802452
2016-01-18,2205.99,1828.16,2234.17,1799.98,703302966
2016-01-19,1828.16,1571.01,1851.89,1547.27,874510662
2016-01-20,1571.01,1782.43,1798.9,1554.53,904331112
2016-01-21,1782.43,2226.73,2264.76,1744.39,798023463
2016-01-22,2226.73,1757.54,2247.34,1736.94,659332972
2016-01-25,1757.54,1650.63,1768.17,1640.0,603646118
2016-01-26,1650.63,2473.33,2531.34,1592.63,860479186
2016-01-27,2473.33,2111.96,2515.09,2070.2,892040838
2016-01-28,2111.96,2572.95,2610.92,2073.98,681570686
2016-01-29,2572.95,1870.96,2605.08,1838.83,765383685
2016-02-01,1870.96,2074.88,2097.86,1847.98,622027350
2016-02-02,2074.88,1698.46,2094.7,1678.65,641708766
2016-02-03,1698.46,1708.03,1721.72,1684.77,589485204
2016-02-04,1708.03,1524.62,1717.7,1514.95,673782029
2016-02-05,1524.62,1631.01,1638.83,1516.8,552213045
2016-02-15,1631.01,1660.98,1681.47,1610.52,519758877
2016-02-16,1660.98,1348.3,1677.64,1331.64,786795462
2016-02-17,1348.3,1220.59,1356.27,1212.63,884139959
2016-02-18,1220.59,1349.5,1357.76,1212.34,877606985
2016-02-19,1349.5,1320.36,1356.47,1313.4,657305248
2016-02-22,1320.36,1128.56,1328.25,1120.68,945961285
2016-02-23,1128.56,1246.31,1256.45,1118.42,810028156
2016-02-24,1246.31,1119.34,1255.83,1109.82,822001900
2016-02-25,1119.34,2019.89,2074.52,1064.71,1077989394
2016-02-26,2019.89,1402.01,2034.39,1387.51,758438511
2016-02-29,1402.01,1832.9,1866.87,1368.04,860553991
2016-03-01,1832.9,1409.87,1852.98,1389.79,785085268
2016-03-02,1409.87,1218.72,1431.59,1197.0,1134964222
2016-03-03,1218.72,1159.48,1226.46,1151.74,1169203550
2016-03-04,1159.48,1197.52,1214.31,1142.7,1350092995
2016-03-07,1197.52,1116.76,1205.76,1108.53,870462414
2016-03-08,1116.76,1104.76,1134.68,1086.84,937654723
2016-03-09,1104.76,1231.5,1242.55,1093.7,761875620
2016-03-10,1231.5,1410.42,1422.92,1219.0,558034472
2016-03-11,1410.42,1257.25,1418.92,1248.75,517399514
2016-03-14,1257.25,1077.18,1269.4,1065.04,809222695
2016-03-15,1077.18,1042.86,1084.6,1035.44,690281410
2016-03-16,1042.86,1012.32,1051.58,1003.6,821556480
2016-03-17,1012.32,930.49,1022.79,920.03,867646154
2016-03-18,930.49,832.74,939.23,824.0,1319042606
2016-03-21,832.74,756.61,838.84,750.51,1488010502
2016-03-22,756.61,929.75,935.11,751.25,1105756848
2016-03-23,929.75,798.98,934.26,794.47,895562648
2016-03-24,798.98,965.23,971.26,792.95,964292022
2016-03-25,965.23,822.22,969.25,818.21,717766216
2016-03-28,822.22,909.62,917.97,813.87,813109580
2016-03-29,909.62,1042.93,1051.63,900.92,730390810
2016-03-30,1042.93,854.5,1050.53,846.91,861913966
2016-03-31,854.5,781.67,858.13,778.04,899301490
2016-04-01,781.67,766.57,787.81,760.44,840188673
2016-04-05,766.57,705.03,773.33,698.27,1025994054
2016-04-06,705.03,714.06,717.17,701.92,920975814
2016-04-07,714.06,857.6,864.6,707.07,895333678
2016-04-08,857.6,930.21,935.1,852.71,767488702
2016-04-11,930.21,774.8,934.73,770.28,904048266
2016-04-12,774.8,848.06,852.76,770.1,731360211
2016-04-13,848.06,736.48,853.8,730.74,1273774078
2016-04-14,736.48,643.21,739.42,640.27,838901419
2016-04-15,643.21,703.38,705.83,640.75,755196519
2016-04-18,703.38,856.53,860.47,699.44,735721942
2016-04-19,856.53,694.34,859.4,691.47,626785866
2016-04-20,694.34,1191.31,1215.78,669.87,1161171004
2016-04-21,1191.31,1088.96,1199.23,1081.04,772351557
2016-04-22,1088.96,881.97,1093.99,876.94,576131286
2016-04-25,881.97,936.91,942.19,876.69,516279868
2016-04-26,936.91,805.76,940.79,801.88,482975866
2016-04-27,805.76,906.23,909.91,802.08,522348582
2016-04-28,906.23,946.49,952.62,900.09,556938264
2016-04-29,946.49,1038.74,1042.08,943.15,460018838
2016-05-03,1038.74,968.62,1048.87,958.48,718138110
2016-05-04,968.62,1001.85,1005.4,965.06,679197089
2016-05-05,1001.85,868.5,1004.72,865.62,582541668
2016-05-06,868.5,1378.46,1396.4,850.57,849984954
2016-05-09,1378.46,1614.66,1630.22,1362.9,725205043
2016-05-10,1614.66,1258.02,1619.79,1252.89,494690977
2016-05-11,1258.02,1191.54,1264.97,1184.59,559502901
2016-05-12,1191.54,1200.63,1211.53,1180.64,556842961
2016-05-13,1200.63,1311.81,1319.17,1193.27,476711019
2016-05-16,1311.81,1142.6,1319.59,1134.82,477916324
2016-05-17,1142.6,1193.36,1200.02,1135.94,538566542
2016-05-18,1193.36,1338.04,1348.14,1183.26,607306688
2016-05-19,1338.04,1275.88,1344.69,1269.24,484353780
2016-05-20,1275.88,1135.67,1283.01,1128.54,463619457
2016-05-23,1135.67,1062.69,1139.59,1058.77,514211381
2016-05-24,1062.69,1193.4,1199.06,1057.02,478101464
2016-05-25,1193.4,1222.32,1229.15,1186.57,454357772
2016-05-26,1222.32,1106.96,1230.53,1098.74,499662374
2016-05-27,1106.96,1172.25,1176.32,1102.89,481191973
2016-05-30,1172.25,1116.25,1179.08,1109.42,467692939
2016-05-31,1116.25,1082.03,1131.78,1066.51,952459056
2016-06-01,1082.03,1102.68,1106.51,1078.2,837157488
2016-06-02,1102.68,964.56,1105.72,961.52,686888649
2016-06-03,964.56,862.05,969.24,857.36,770365166
2016-06-06,862.05,938.07,941.81,858.31,618521491
2016-06-07,938.07,941.36,943.78,935.65,579527592
2016-06-08,941.36,1035.35,1039.73,936.98,622363734
2016-06-13,1035.35,1817.01,1839.28,1013.09,736000994
2016-06-14,1817.01,1231.84,1822.15,1226.71,526518333
2016-06-15,1231.84,1165.57,1247.83,1149.58,719795899
2016-06-16,1165.57,1218.45,1223.17,1160.85,732303122
2016-06-17,1218.45,1048.2,1223.95,1042.7,715460852
2016-06-20,1048.2,971.59,1052.69,967.1,576381734
2016-06-21,971.59,1137.96,1147.56,961.99,715487477
2016-06-22,1137.96,974.54,1143.86,968.63,575103790
2016-06-23,974.54,1057.56,1062.06,970.03,615585839
2016-06-24,1057.56,1375.08,1394.29,1038.35,842508248
2016-06-27,1375.08,1148.26,1385.43,1137.91,694235467
2016-06-28,1148.26,988.68,1153.77,983.16,775635035
2016-06-29,988.68,936.67,991.82,933.53,825010223
2016-06-30,936.67,900.93,939.04,898.56,675206668
2016-07-01,900.93,871.71,903.97,868.67,612670659
2016-07-04,871.71,866.27,880.23,857.75,925527370
2016-07-05,866.27,836.65,868.77,834.15,949630548
2016-07-06,836.65,791.87,839.77,788.75,877300309
2016-07-07,791.87,870.73,874.57,788.04,921017256
2016-07-08,870.73,917.94,921.0,867.68,714074084
2016-07-11,917.94,824.23,922.05,820.12,943551104
2016-07-12,824.23,801.25,831.85,793.63,1108769460
2016-07-13,801.25,820.34,824.14,797.45,1110560822
2016-07-14,820.34,783.71,822.68,781.38,789136279
2016-07-15,783.71,805.92,808.45,781.19,753764268
2016-07-18,805.92,863.9,867.59,802.23,778387068
2016-07-19,863.9,830.2,867.99,826.11,674546239
2016-07-20,830.2,910.47,913.08,827.59,602616529
2016-07-21,910.47,768.02,913.73,764.76,688008556
2016-07-22,768.02,881.55,885.11,764.46,679486740
2016-07-25,881.55,760.47,884.31,757.71,600675276
2016-07-26,760.47,698.88,764.13,695.21,643330493
2016-07-27,698.88,1195.08,1215.6,678.36,1158588966
2016-07-28,1195.08,990.55,1201.42,984.21,795990962
2016-07-29,990.55,1034.38,1038.65,986.27,617598206
2016-08-01,1034.38,1159.71,1166.99,1027.1,621023202
2016-08-02,1159.71,961.04,1162.91,957.84,456595075
2016-08-03,961.04,889.53,963.97,886.6,546701108
2016-08-04,889.53,833.82,892.98,830.37,557897299
2016-08-05,833.82,854.71,857.82,830.7,563822713
2016-08-08,854.71,805.88,860.08,800.51,616492197
2016-08-09,805.88,726.82,808.66,724.05,674940387
2016-08-10,726.82,842.43,844.87,724.39,649187560
2016-08-11,842.43,932.46,937.66,837.24,678869196
2016-08-12,932.46,851.38,938.53,845.31,727975940
2016-08-15,851.38,884.1,895.75,839.73,1302158204
2016-08-16,884.1,1015.8,1020.9,879.0,1207468896
2016-08-17,1015.8,970.66,1019.8,966.66,900331768
2016-08-18,970.66,1032.95,1038.02,965.59,967600497
2016-08-19,1032.95,908.44,1036.42,904.97,817824935
2016-08-22,908.44,1040.15,1045.25,903.34,776246106
2016-08-23,1040.15,887.67,1043.87,883.95,677309213
2016-08-24,887.67,910.62,913.52,884.77,615561934
2016-08-25,910.62,1052.18,1057.02,905.78,713445308
2016-08-26,1052.18,996.04,1055.81,992.41,619217966
2016-08-29,996.04,953.91,998.62,951.33,588552948
2016-08-30,953.91,864.51,956.16,862.26,569772602
2016-08-31,864.51,797.07,867.3,794.27,583330370
2016-09-01,797.07,962.39,965.71,793.75,625245966
2016-09-02,962.39,900.78,965.75,897.42,602634124
2016-09-05,900.78,808.38,903.18,805.98,574827626
2016-09-06,808.38,785.16,813.81,779.73,726672852
2016-09-07,785.16,761.83,787.28,759.71,770323929
2016-09-08,761.83,716.16,763.31,714.68,579033438
2016-09-09,716.16,821.08,823.98,713.26,640136899
2016-09-12,821.08,1141.87,1148.23,814.73,851951517
2016-09-13,1141.87,957.88,1144.93,954.83,540107187
2016-09-14,957.88,1041.75,1045.22,954.41,531958042
2016-09-19,1041.75,870.42,1044.5,867.67,473326857
2016-09-20,870.42,940.39,942.27,868.54,455598241
2016-09-21,940.39,823.36,942.06,821.68,457855354
2016-09-22,823.36,732.81,825.4,730.77,568466357
2016-09-23,732.81,843.78,845.72,730.87,500596523
2016-09-26,843.78,1199.77,1207.22,836.33,582867304
2016-09-27,1199.77,943.92,1203.54,940.15,479346203
2016-09-28,943.92,982.96,985.03,941.84,402009177
2016-09-29,982.96,841.97,985.1,839.83,444377610
2016-09-30,841.97,765.42,843.9,763.49,390040754
2016-10-10,765.42,770.4,774.44,761.39,635123601
2016-10-11,770.4,688.39,771.8,686.99,676458467
2016-10-12,688.39,770.62,772.16,686.85,569775540
2016-10-13,770.62,714.65,772.06,713.22,622933535
2016-10-14,714.65,688.84,716.72,686.77,581707682
2016-10-17,688.84,926.16,930.84,684.16,546863713
2016-10-18,926.16,867.18,931.44,861.89,621699043
2016-10-19,867.18,880.65,883.25,864.58,609831493
2016-10-20,880.65,765.57,882.18,764.04,510986251
2016-10-21,765.57,782.19,785.76,761.99,653163858
2016-10-24,782.19,782.45,787.04,777.6,850351983
2016-10-25,782.45,759.59,783.97,758.07,680291756
2016-10-26,759.59,849.62,851.97,757.24,632498097
2016-10-27,849.62,888.71,890.68,847.65,515648446
2016-10-28,888.71,966.33,970.41,884.62,591430469
2016-10-31,966.33,1012.34,1015.33,963.34,476535320
2016-11-01,1012.34,821.9,1014.96,819.29,498930270
2016-11-02,821.9,965.87,969.06,818.72,579963124
2016-11-03,965.87,924.87,971.63,919.12,741592284
2016-11-04,924.87,990.05,993.48,921.44,648805768
2016-11-07,990.05,873.13,992.49,870.68,603238808
2016-11-08,873.13,758.41,875.28,756.26,638744455
2016-11-09,758.41,1056.56,1064.15,750.82,820326698
2016-11-10,1056.56,866.59,1059.11,864.04,792428191
2016-11-11,866.59,771.59,869.93,768.24,1084526316
2016-11-14,771.59,722.42,775.02,718.99,1173332098
2016-11-15,722.42,745.9,747.93,720.4,808471247
2016-11-16,745.9,735.85,747.56,734.2,763712467
2016-11-17,735.85,690.51,737.97,688.39,707870030
2016-11-18,690.51,777.66,780.17,688.0,685965764
2016-11-21,777.66,724.77,781.38,721.05,837548167
2016-11-22,724.77,625.16,727.01,622.91,964755122
2016-11-23,625.16,654.42,656.87,622.71,933594400
2016-11-24,654.42,635.4,657.07,632.75,823747037
2016-11-25,635.4,656.03,660.55,630.88,856960710
2016-11-28,656.03,580.9,657.81,579.13,1118663452
2016-11-29,580.9,635.41,639.26,577.05,1251996229
2016-11-30,635.41,735.82,739.49,631.74,957999548
2016-12-01,735.82,604.72,737.8,602.74,960119849
2016-12-02,604.72,805.01,809.73,600.01,1037581270
2016-12-05,805.01,869.34,873.25,801.1,928940627
2016-12-06,869.34,882.72,885.25,866.81,619461389
2016-12-07,882.72,710.77,885.36,708.13,616117632
2016-12-08,710.77,775.47,777.33,708.91,637300674
2016-12-09,775.47,728.73,779.06,725.14,826597933
2016-12-12,728.73,1247.0,1264.25,711.48,1056118834
2016-12-13,1247.0,1009.17,1252.65,1003.53,682246918
2016-12-14,1009.17,1067.53,1072.43,1004.28,723447981
2016-12-15,1067.53,1137.79,1145.22,1060.1,678604789
2016-12-16,1137.79,1003.75,1141.45,1000.09,562925085
2016-12-19,1003.75,1079.34,1082.12,1000.96,510234336
2016-12-20,1079.34,1161.33,1166.15,1074.52,540633261
2016-12-21,1161.33,1010.83,1164.6,1007.56,636432278
2016-12-22,1010.83,1057.57,1060.13,1008.28,549842700
2016-12-23,1057.57,1183.09,1188.21,1052.45,570018632
2016-12-26,1183.09,1095.83,1190.78,1088.14,530062560
2016-12-27,1095.83,1156.76,1159.07,1093.52,461433775
2016-12-28,1156.76,1236.9,1240.8,1152.86,437335779
2016-12-29,1236.9,1273.55,1277.27,1233.18,433134253
2016-12-30,1273.55,1112.51,1276.11,1109.95,447314711
2017-01-03,1112.51,1002.07,1116.07,998.52,496234925
2017-01-04,1002.07,924.28,1006.18,920.17,561036862
2017-01-05,924.28,940.42,942.3,922.4,553150354
2017-01-06,940.42,1049.55,1052.5,937.47,562457308
2017-01-09,1049.55,926.41,1052.3,923.66,539601832
2017-01-10,926.41,996.89,999.11,924.19,544088795
2017-01-11,996.89,1104.65,1109.16,992.39,562876342
2017-01-12,1104.65,1162.86,1166.97,1100.54,491257079
2017-01-13,1162.86,1201.12,1206.92,1157.06,518492230
2017-01-16,1201.12,1593.23,1614.48,1179.87,914844988
2017-01-17,1593.23,1402.0,1602.08,1393.14,442843246
2017-01-18,1402.0,1260.23,1406.41,1255.81,429023038
2017-01-19,1260.23,1351.1,1355.31,1256.02,409322506
2017-01-20,1351.1,1185.25,1357.22,1179.13,403643947
2017-01-23,1185.25,1072.62,1188.63,1069.24,448839361
2017-01-24,1072.62,1059.01,1075.3,1056.33,420448748
2017-01-25,1059.01,974.24,1061.51,971.74,368549059
2017-01-26,974.24,909.26,976.38,907.12,387063585
2017-02-03,909.26,1037.78,1041.54,905.5,324089972
2017-02-06,1037.78,917.8,1040.92,914.65,420570942
2017-02-07,917.8,991.77,994.57,914.99,409640619
2017-02-08,991.77,890.26,995.69,886.34,472752920
2017-02-09,890.26,794.97,892.77,792.47,619494176
2017-02-10,794.97,746.46,797.01,744.43,762001028
2017-02-13,746.46,677.68,748.46,675.68,713797521
2017-02-14,677.68,728.38,729.91,676.14,586832713
2017-02-15,728.38,866.7,870.36,724.71,779695124
2017-02-16,866.7,708.52,868.69,706.53,667249394
2017-02-17,708.52,862.76,866.64,704.65,692143766
2017-02-20,862.76,793.36,867.04,789.09,770153962
2017-02-21,793.36,662.78,795.31,660.84,690602930
2017-02-22,662.78,617.52,664.19,616.11,649941153
2017-02-23,617.52,698.59,701.06,615.05,648082272
2017-02-24,698.59,605.76,700.03,604.31,603544000
2017-02-27,605.76,779.26,782.16,602.86,599867645
2017-02-28,779.26,625.01,780.7,623.57,478104747
2017-03-01,625.01,531.89,626.46,530.44,621421840
2017-03-02,531.89,672.32,674.82,529.39,568138500
2017-03-03,672.32,647.15,674.08,645.39,512284713
2017-03-06,647.15,531.56,648.92,529.79,531393978
2017-03-07,531.56,457.79,532.52,456.83,524556038
2017-03-08,457.79,539.77,541.0,456.56,512967876
2017-03-09,539.77,670.33,672.55,537.55,544181178
2017-03-10,670.33,627.71,671.58,626.45,443195965
2017-03-13,627.71,623.95,631.17,620.48,556422800
2017-03-14,623.95,614.41,625.3,613.06,488801977
2017-03-15,614.41,557.12,615.7,555.84,489073498
2017-03-16,557.12,463.85,558.21,462.76,636923832
2017-03-17,463.85,748.47,752.51,459.82,656509742
2017-03-20,748.47,575.16,750.12,573.51,556171540
2017-03-21,575.16,474.71,576.23,473.63,545363504
2017-03-22,474.71,648.45,650.79,472.37,642636642
2017-03-23,648.45,596.34,651.23,593.56,611124364
2017-03-24,596.34,527.37,598.59,525.12,752627605
2017-03-27,527.37,631.15,633.27,525.24,671901844
2017-03-28,631.15,687.43,689.12,629.46,521641956
2017-03-29,687.43,774.59,777.21,684.81,666480044
2017-03-30,774.59,1057.13,1062.97,768.75,753398464
2017-03-31,1057.13,794.5,1059.48,792.15,599859742
2017-04-05,794.5,716.68,797.61,713.57,851627413
2017-04-06,716.68,616.8,718.22,615.27,811671862
2017-04-07,616.8,599.29,618.34,597.76,814187934
2017-04-10,599.29,749.03,751.16,597.15,805247863
2017-04-11,749.03,714.13,753.39,709.76,979391530
2017-04-12,714.13,818.51,821.14,711.49,949560872
2017-04-13,818.51,695.27,820.57,693.2,705264034
2017-04-14,695.27,843.03,847.16,691.14,750937819
2017-04-17,843.03,867.75,871.13,839.65,671329902
2017-04-18,867.75,960.96,964.72,863.99,631993553
2017-04-19,960.96,1138.18,1144.43,954.71,702685937
2017-04-20,1138.18,934.47,1141.54,931.11,644986528
2017-04-21,934.47,875.93,937.66,872.73,576037252
2017-04-24,875.93,1236.98,1245.27,867.64,647538263
2017-04-25,1236.98,985.54,1240.54,981.98,523028851
2017-04-26,985.54,894.12,988.22,891.43,605333384
2017-04-27,894.12,906.0,912.6,887.52,712103431
2017-04-28,906.0,880.52,908.63,877.89,554688869
2017-05-02,880.52,924.89,927.06,878.36,519080726
2017-05-03,924.89,1018.95,1022.54,921.3,541151411
2017-05-04,1018.95,1106.55,1111.24,1014.26,585469060
2017-05-05,1106.55,1216.65,1221.45,1101.76,618666876
2017-05-08,1216.65,1359.62,1366.94,1209.33,672314849
2017-05-09,1359.62,1273.07,1365.31,1267.38,455860621
2017-05-10,1273.07,1449.75,1458.46,1264.36,537765725
2017-05-11,1449.75,1370.03,1459.35,1360.43,644171824
2017-05-12,1370.03,1234.67,1376.3,1228.4,538001259
2017-05-15,1234.67,1107.28,1237.03,1104.92,470971665
2017-05-16,1107.28,1105.41,1116.03,1096.67,602320827
2017-05-17,1105.41,1133.32,1137.01,1101.73,578904551
2017-05-18,1133.32,1218.52,1222.76,1129.08,487133586
2017-05-19,1218.52,1138.28,1221.41,1135.39,423814722
2017-05-22,1138.28,1164.84,1171.07,1132.05,530661755
2017-05-23,1164.84,1228.07,1235.08,1157.83,652882175
2017-05-24,1228.07,1191.43,1235.8,1183.69,493242490
2017-05-25,1191.43,1157.76,1202.14,1147.05,748266616
2017-05-26,1157.76,1159.2,1162.73,1154.23,581176523
2017-05-31,1159.2,1046.71,1164.56,1041.35,588491181
2017-06-01,1046.71,1050.04,1054.74,1042.01,590089446
2017-06-02,1050.04,1023.0,1055.58,1017.47,504981214
2017-06-05,1023.0,1035.68,1039.32,1019.36,491690915
2017-06-06,1035.68,913.52,1038.9,910.3,396333356
2017-06-07,913.52,851.54,918.87,846.19,618021240
2017-06-08,851.54,789.84,854.29,787.09,538135338
2017-06-09,789.84,720.91,792.31,718.44,591657357
2017-06-12,720.91,799.25,802.5,717.66,532851616
2017-06-13,799.25,720.11,802.17,717.19,463170330
2017-06-14,720.11,833.08,836.31,716.89,504792375
2017-06-15,833.08,775.88,836.46,772.5,517897302
2017-06-16,775.88,852.74,854.79,773.83,457253246
2017-06-19,852.74,711.98,855.34,709.38,477924078
2017-06-20,711.98,704.89,713.93,702.94,502902389
2017-06-21,704.89,604.66,707.44,602.11,503682161
2017-06-22,604.66,731.8,736.5,599.96,746515782
2017-06-23,731.8,649.56,735.67,645.69,592105980
2017-06-26,649.56,595.26,652.55,592.27,719227636
2017-06-27,595.26,550.32,596.97,548.61,560308847
2017-06-28,550.32,666.77,668.84,548.24,560496046
2017-06-29,666.77,541.47,668.26,539.97,491963022
2017-06-30,541.47,527.25,543.04,525.68,464821817
2017-07-03,527.25,511.32,529.05,509.52,523577291
2017-07-04,511.32,618.39,620.39,509.31,549286506
2017-07-05,618.39,550.02,621.14,547.28,540699349
2017-07-06,550.02,457.31,551.85,455.48,634782925
2017-07-07,457.31,468.28,469.56,456.03,624555097
2017-07-10,468.28,554.01,555.94,466.35,709504994
2017-07-11,554.01,593.53,596.72,550.83,696321495
2017-07-12,593.53,711.12,715.2,589.45,712972963
2017-07-13,711.12,554.63,713.19,552.56,736905982
2017-07-14,554.63,510.51,556.46,508.68,622104423
2017-07-17,510.51,948.89,960.67,498.74,1029142190
2017-07-18,948.89,754.17,953.24,749.83,720991429
2017-07-19,754.17,719.33,759.66,713.85,994307089
2017-07-20,719.33,599.71,721.69,597.35,819700196
2017-07-21,599.71,660.26,662.3,597.67,700984179
2017-07-24,660.26,577.52,662.47,575.3,794092289
2017-07-25,577.52,659.4,661.9,575.02,730432239
2017-07-26,659.4,764.04,768.17,655.27,775480667
2017-07-27,764.04,665.04,768.27,660.81,834329942
2017-07-28,665.04,606.35,667.03,604.35,656498334
2017-07-31,606.35,529.21,608.36,527.2,861320048
2017-08-01,529.21,502.35,530.96,500.6,851734208
2017-08-02,502.35,644.41,646.6,500.16,970619615
2017-08-03,644.41,705.06,708.9,640.57,840604624
2017-08-04,705.06,807.11,810.01,702.15,923065453
2017-08-07,807.11,629.89,810.02,626.97,769102433
2017-08-08,629.89,546.73,631.55,545.07,846482278
2017-08-09,546.73,557.56,559.19,545.11,793832272
2017-08-10,557.56,703.76,708.27,553.05,807001031
2017-08-11,703.76,918.14,923.67,698.23,909610274
2017-08-14,918.14,757.62,922.91,752.85,701667278
2017-08-15,757.62,629.3,759.69,627.23,662238268
2017-08-16,629.3,636.08,638.52,626.86,655904914
2017-08-17,636.08,550.18,637.66,548.59,704345440
2017-08-18,550.18,545.34,552.09,543.43,633698816
2017-08-21,545.34,477.42,546.51,476.25,628563594
2017-08-22,477.42,476.51,478.76,475.18,648492047
2017-08-23,476.51,483.89,485.61,474.79,647522971
2017-08-24,483.89,591.55,593.91,481.53,570602091
2017-08-25,591.55,589.78,595.31,586.03,766977446
2017-08-28,589.78,582.4,593.62,578.56,1011559860
2017-08-29,582.4,600.42,602.12,580.69,761850150
2017-08-30,600.42,617.12,619.34,598.2,842880168
2017-08-31,617.12,635.63,637.93,614.83,801538932
2017-09-01,635.63,562.64,637.68,560.59,971944724
2017-09-04,562.64,463.39,564.32,461.71,939738594
2017-09-05,463.39,397.75,464.56,396.58,777838722
2017-09-06,397.75,416.38,417.83,396.3,820289814
2017-09-07,416.38,548.92,550.88,414.42,793456078
2017-09-08,548.92,534.71,550.74,532.89,685692918
2017-09-11,534.71,484.12,536.57,482.26,775529378
2017-09-12,484.12,499.65,501.41,482.36,951593552
2017-09-13,499.65,423.16,500.79,422.02,664841658
2017-09-14,423.16,517.8,519.72,421.24,770404941
2017-09-15,517.8,544.36,545.88,516.28,792903153
2017-09-18,544.36,418.66,545.72,417.3,716118486
2017-09-19,418.66,511.34,513.35,416.66,704944311
2017-09-20,511.34,418.27,512.63,416.99,687856096
2017-09-21,418.27,471.81,473.51,416.58,714713399
2017-09-22,471.81,468.62,473.14,467.29,638057986
2017-09-25,468.62,584.49,586.53,466.58,638748378
2017-09-26,584.49,509.41,585.55,508.35,502915972
2017-09-27,509.41,442.95,510.52,441.84,536068240
2017-09-28,442.95,481.29,482.25,441.99,568858116
2017-09-29,481.29,384.27,482.28,383.28,560242785
2017-10-09,384.27,426.64,428.6,382.3,790112046
2017-10-10,426.64,458.45,460.56,424.52,690605548
2017-10-11,458.45,423.49,459.73,422.21,664387210
2017-10-12,423.49,408.14,424.69,406.95,590531110
2017-10-13,408.14,354.61,409.06,353.7,548913000
2017-10-16,354.61,498.26,500.5,352.37,700426576
2017-10-17,498.26,500.11,501.55,496.82,481915380
2017-10-18,500.11,424.91,501.62,423.4,611050637
2017-10-19,424.91,478.39,479.75,423.55,623131434
2017-10-20,478.39,443.91,479.71,442.58,455570842
2017-10-23,443.91,386.59,444.83,385.66,493143475
2017-10-24,386.59,346.1,387.8,344.89,539351437
2017-10-25,346.1,293.09,346.9,292.28,503190233
2017-10-26,293.09,315.71,316.9,291.9,724467415
2017-10-27,315.71,315.96,317.07,314.59,704509132
2017-10-30,315.96,631.83,637.0,310.79,864528794
2017-10-31,631.83,530.87,633.3,529.4,612610099
2017-11-01,530.87,583.37,585.48,528.77,724743143
2017-11-02,583.37,577.33,585.29,575.41,689848875
2017-11-03,577.33,705.88,709.28,573.92,707821148
2017-11-06,705.88,633.44,709.06,630.27,657489682
2017-11-07,633.44,513.26,635.49,511.22,807255079
2017-11-08,513.26,586.99,589.66,510.59,797292888
2017-11-09,586.99,471.47,588.76,469.7,662719869
2017-11-10,471.47,419.68,473.3,417.85,783745992
2017-11-13,419.68,362.92,420.64,361.96,849920651
2017-11-14,362.92,567.38,569.96,360.34,791317826
2017-11-15,567.38,708.43,711.84,563.97,676388528
2017-11-16,708.43,565.66,710.82,563.26,661139848
2017-11-17,565.66,719.67,725.23,560.09,1050537438
2017-11-20,719.67,687.45,726.06,681.06,751708928
2017-11-21,687.45,684.84,692.59,679.71,923077437
2017-11-22,684.84,656.72,688.89,652.68,986963092
2017-11-23,656.72,1136.25,1149.52,643.45,952178966
2017-11-24,1136.25,883.52,1140.85,878.92,701179820
2017-11-27,883.52,1020.65,1026.51,877.66,755643099
2017-11-28,1020.65,884.23,1025.36,879.51,571707653
2017-11-29,884.23,905.19,910.77,878.64,712664684
2017-11-30,905.19,1019.69,1025.47,899.4,615563342
2017-12-01,1019.69,933.06,1024.07,928.68,562783284
2017-12-04,933.06,875.01,936.87,871.19,575482900
2017-12-05,875.01,923.01,929.92,868.1,859297393
2017-12-06,923.01,981.48,988.41,916.08,612052857
2017-12-07,981.48,1119.16,1124.85,975.79,519459723
2017-12-08,1119.16,966.25,1124.66,960.76,519867212
2017-12-11,966.25,859.81,970.9,855.17,557148447
2017-12-12,859.81,1008.08,1013.32,854.58,503013029
2017-12-13,1008.08,876.44,1012.11,872.41,453962445
2017-12-14,876.44,955.64,959.42,872.66,478406373
2017-12-15,955.64,1073.58,1078.18,951.04,533490927
2017-12-18,1073.58,999.94,1077.51,996.02,460587297
2017-12-19,999.94,877.24,1004.02,873.16,461559281
2017-12-20,877.24,925.82,928.93,874.13,531124734
2017-12-21,925.82,841.52,931.35,835.99,550492463
2017-12-22,841.52,894.66,897.0,839.18,451800346
2017-12-25,894.66,994.33,1000.17,888.82,549713188
2017-12-26,994.33,834.02,997.78,830.56,530334844
2017-12-27,834.02,969.31,974.44,828.88,608526543
2017-12-28,969.31,835.27,973.49,831.08,658224538
2017-12-29,835.27,735.23,837.4,733.09,532199374
2018-01-02,735.23,671.53,738.39,668.36,821337692
2018-01-03,671.53,623.82,674.75,620.6,846187463
2018-01-04,623.82,602.28,625.53,600.56,774323509
2018-01-05,602.28,539.79,603.76,538.31,835320239
2018-01-08,539.79,486.52,541.65,484.66,947528005
2018-01-09,486.52,499.79,501.18,485.14,762765374
2018-01-10,499.79,509.36,511.47,497.69,867460692
2018-01-11,509.36,494.14,511.26,492.24,720910255
2018-01-12,494.14,465.3,495.52,463.92,685537154
2018-01-15,465.3,651.11,655.51,460.91,980421368
2018-01-16,651.11,524.1,653.33,521.88,908616430
2018-01-17,524.1,627.33,631.64,519.8,1155964951
2018-01-18,627.33,499.07,629.35,497.05,959958881
2018-01-19,499.07,463.27,501.06,461.28,1107461573
2018-01-22,463.27,480.99,484.23,460.03,966428910
2018-01-23,480.99,452.98,482.67,451.3,1091017126
2018-01-24,452.98,505.12,508.31,449.79,1175877078
2018-01-25,505.12,644.88,648.36,501.65,1063144454
2018-01-26,644.88,496.56,647.15,494.28,984157326
2018-01-29,496.56,824.2,831.65,489.11,1031045412
2018-01-30,824.2,797.05,828.09,793.15,782837010
2018-01-31,797.05,806.42,811.19,792.28,844294136
2018-02-01,806.42,1151.63,1161.73,796.32,1071519074
2018-02-02,1151.63,977.14,1160.86,967.91,840150066
2018-02-05,977.14,938.28,984.35,931.07,913936985
2018-02-06,938.28,1634.91,1651.42,921.77,1209434090
2018-02-07,1634.91,1795.64,1824.71,1605.83,1145660932
2018-02-08,1795.64,1662.45,1812.29,1645.79,883342966
2018-02-09,1662.45,2493.51,2530.35,1625.6,1133968540
2018-02-12,2493.51,1751.4,2508.75,1736.15,660169358
2018-02-13,1751.4,1527.64,1760.58,1518.45,648442159
2018-02-14,1527.64,1438.28,1534.08,1431.83,411613556
2018-02-22,1438.28,1288.45,1445.04,1281.69,599856068
2018-02-23,1288.45,1257.18,1294.53,1251.11,589070600
2018-02-26,1257.18,1166.56,1267.05,1156.69,799378944
2018-02-27,1166.56,1301.84,1309.81,1158.59,742523244
2018-02-28,1301.84,1346.24,1355.18,1292.91,650092822
2018-03-01,1346.24,1198.43,1355.53,1189.14,646326056
2018-03-02,1198.43,1304.6,1310.5,1192.53,597452388
2018-03-05,1304.6,1196.52,1310.22,1190.89,556477640
2018-03-06,1196.52,1074.3,1202.95,1067.86,807759580
2018-03-07,1074.3,1191.32,1197.95,1067.67,662941356
2018-03-08,1191.32,1062.91,1195.84,1058.38,574927841
2018-03-09,1062.91,961.32,1067.89,956.34,698769474
2018-03-12,961.32,886.23,964.45,883.1,854656210
2018-03-13,886.23,1005.89,1010.34,881.79,714707180
2018-03-14,1005.89,1092.78,1096.47,1002.21,612692662
2018-03-15,1092.78,972.08,1097.46,967.4,565750306
2018-03-16,972.08,1051.85,1057.33,966.61,542223868
2018-03-19,1051.85,910.62,1056.38,906.09,530642586
2018-03-20,910.62,812.7,914.74,808.58,530533880
2018-03-21,812.7,975.47,982.14,806.03,636087302
2018-03-22,975.47,1089.93,1096.83,968.58,572612048
2018-03-23,1089.93,1863.4,1884.64,1068.69,1088964134
2018-03-26,1863.4,1552.9,1879.35,1536.95,733118196
2018-03-27,1552.9,1268.56,1561.12,1260.34,743666906
2018-03-28,1268.56,1484.95,1495.47,1258.04,652676646
2018-03-29,1484.95,1314.7,1498.5,1301.14,698448820
2018-03-30,1314.7,1201.49,1320.33,1195.86,623054792
2018-04-02,1201.49,1261.78,1268.36,1194.91,706243480
2018-04-03,1261.78,1361.87,1367.73,1255.92,601356116
2018-04-04,1361.87,1402.41,1410.43,1353.85,562281176
2018-04-09,1402.41,1331.59,1409.86,1324.14,537641046
2018-04-10,1331.59,1217.39,1340.31,1208.66,656252116
2018-04-11,1217.39,1124.44,1221.77,1120.07,670809194
2018-04-12,1124.44,1240.25,1245.51,1119.18,525283272
2018-04-13,1240.25,1321.77,1329.64,1232.38,460663526
2018-04-16,1321.77,1453.95,1465.26,1310.46,632090440
2018-04-17,1453.95,1785.5,1801.55,1437.89,579590128
2018-04-18,1785.5,1476.52,1799.66,1462.35,657858592
2018-04-19,1476.52,1293.56,1483.71,1286.36,614969366
2018-04-20,1293.56,1459.76,1470.83,1282.48,611511416
2018-04-23,1459.76,1387.84,1470.13,1377.47,546872758
2018-04-24,1387.84,1232.59,1399.83,1220.59,674545178
2018-04-25,1232.59,1246.81,1250.81,1228.59,504017708
2018-04-26,1246.81,1493.94,1506.31,1234.44,534684706
2018-04-27,1493.94,1355.08,1502.94,1346.08,534687616
2018-05-02,1355.08,1302.99,1362.06,1296.01,525475076
2018-05-03,1302.99,1182.21,1312.5,1172.7,567612532
2018-05-04,1182.21,1262.43,1266.7,1177.94,448261619
2018-05-07,1262.43,1089.44,1269.67,1082.2,535948380
2018-05-08,1089.44,978.51,1094.3,973.65,575280196
2018-05-09,978.51,1070.15,1072.98,975.68,437905238
2018-05-10,1070.15,949.05,1073.29,945.9,468651936
2018-05-11,949.05,1044.39,1048.36,945.09,493136264
2018-05-14,1044.39,942.49,1047.61,939.27,517558300
2018-05-15,942.49,852.5,946.11,848.88,474259211
2018-05-16,852.5,957.22,960.59,849.13,472036084
2018-05-17,957.22,1033.98,1037.98,953.22,399194980
2018-05-18,1033.98,886.49,1039.27,881.2,475042609
2018-05-21,886.49,774.57,888.78,772.28,586528242
2018-05-22,774.57,768.02,777.34,765.24,499814216
2018-05-23,768.02,894.84,899.14,763.72,553134049
2018-05-24,894.84,965.56,968.98,891.42,445427017
2018-05-25,965.56,1030.45,1035.32,960.68,470455537
2018-05-28,1030.45,971.1,1035.35,966.19,464431491
2018-05-29,971.1,1145.13,1151.32,964.91,511105714
2018-05-30,1145.13,1593.64,1602.64,1136.13,561887034
2018-05-31,1593.64,1259.32,1601.89,1251.07,546061949
2018-06-01,1259.32,1422.89,1431.43,1250.78,469727446
2018-06-04,1422.89,1237.81,1428.1,1232.6,449403908
2018-06-05,1237.81,1111.11,1244.37,1104.56,458820438
2018-06-06,1111.11,1155.32,1157.95,1108.48,441791526
2018-06-07,1155.32,1213.37,1217.95,1150.74,469015268
2018-06-08,1213.37,1495.34,1505.08,1203.63,497109298
2018-06-11,1495.34,1379.08,1501.13,1373.29,405627798
2018-06-12,1379.08,1267.93,1387.86,1259.15,426463352
2018-06-13,1267.93,1400.54,1406.37,1262.1,418949432
2018-06-14,1400.54,1500.12,1508.15,1392.51,416768435
2018-06-15,1500.12,1674.25,1684.71,1489.66,519342118
2018-06-19,1674.25,2511.28,2552.8,1632.73,910594494
2018-06-20,2511.28,1898.63,2527.6,1882.31,525799594
2018-06-21,1898.63,2278.99,2301.53,1876.09,557313178
2018-06-22,2278.99,1934.93,2295.27,1918.65,453290362
2018-06-25,1934.93,2079.43,2095.59,1918.77,465265359
2018-06-26,2079.43,2093.22,2110.91,2061.74,500232649
2018-06-27,2093.22,2525.45,2549.65,2069.02,489958828
2018-06-28,2525.45,2464.36,2542.84,2446.97,452402218
2018-06-29,2464.36,2083.7,2487.6,2060.47,479135816
2018-07-02,2083.7,2735.24,2771.06,2047.89,516260934
2018-07-03,2735.24,2340.58,2762.34,2313.48,565303342
2018-07-04,2340.58,2523.99,2541.15,2323.41,462358998
2018-07-05,2523.99,2518.75,2546.71,2496.02,491926426
2018-07-06,2518.75,2376.62,2548.18,2347.19,526963420
2018-07-09,2376.62,1962.65,2394.85,1944.43,474928953
2018-07-10,1962.65,1868.52,1970.42,1860.76,438977281
2018-07-11,1868.52,2070.14,2083.78,1854.88,469378924
2018-07-12,2070.14,1742.88,2090.44,1722.59,596461336
2018-07-13,1742.88,1653.18,1747.88,1648.18,467079534
2018-07-16,1653.18,1722.94,1731.69,1644.42,432227252
2018-07-17,1722.94,1734.55,1743.57,1713.91,401202081
2018-07-18,1734.55,1796.95,1807.19,1724.3,445785840
2018-07-19,1796.95,1822.12,1833.57,1785.5,432916737
2018-07-20,1822.12,1589.33,1840.9,1570.55,598684058
2018-07-23,1589.33,1380.87,1599.64,1370.57,697176696
2018-07-24,1380.87,1216.64,1389.79,1207.72,888378266
2018-07-25,1216.64,1232.4,1236.34,1212.69,612378038
2018-07-26,1232.4,1332.53,1341.46,1223.46,596367584
2018-07-27,1332.53,1381.16,1386.38,1327.31,482302749
2018-07-30,1381.16,1380.01,1391.28,1369.89,525481655
2018-07-31,1380.01,1239.45,1385.37,1234.09,432462546
2018-08-01,1239.45,1645.81,1663.44,1221.83,547351264
2018-08-02,1645.81,2174.8,2204.13,1616.49,632709192
2018-08-03,2174.8,2132.71,2190.68,2116.84,447088400
2018-08-06,2132.71,2338.88,2363.95,2107.64,481605342
2018-08-07,2338.88,1860.64,2362.44,1837.08,553705554
2018-08-08,1860.64,2073.87,2087.71,1846.81,504399318
2018-08-09,2073.87,1744.56,2097.58,1720.85,573298384
2018-08-10,1744.56,1577.75,1752.04,1570.27,441794151
2018-08-13,1577.75,1549.65,1589.76,1537.64,478283531
2018-08-14,1549.65,1623.99,1630.67,1542.98,390778911
2018-08-15,1623.99,1926.06,1944.79,1605.27,435687874
2018-08-16,1926.06,1933.63,1952.55,1907.14,465976195
2018-08-17,1933.63,2238.07,2262.3,1909.41,423845981
2018-08-20,2238.07,1828.77,2252.05,1814.79,439100790
2018-08-21,1828.77,1582.5,1840.51,1570.76,450670300
2018-08-22,1582.5,1676.28,1682.92,1575.85,340474339
2018-08-23,1676.28,1535.26,1685.47,1526.06,386236677
2018-08-24,1535.26,1493.37,1544.98,1483.64,394499388
2018-08-27,1493.37,1282.3,1504.06,1271.61,547439574
2018-08-28,1282.3,1320.56,1324.89,1277.97,456211884
2018-08-29,1320.56,1403.58,1407.86,1316.27,411259222
2018-08-30,1403.58,1511.37,1521.32,1393.62,423534076
2018-08-31,1511.37,1586.51,1594.93,1502.94,451542711
2018-09-03,1586.51,1546.46,1594.46,1538.5,412425647
2018-09-04,1546.46,1328.3,1556.37,1318.38,444016142
2018-09-05,1328.3,1556.75,1567.3,1317.74,433982368
2018-09-06,1556.75,1609.53,1620.18,1546.1,394801749
2018-09-07,1609.53,1494.48,1621.61,1482.4,421147105
2018-09-10,1494.48,1678.16,1689.1,1483.54,409652338
2018-09-11,1678.16,1617.79,1686.41,1609.53,382078429
2018-09-12,1617.79,1727.83,1735.67,1609.94,347780495
2018-09-13,1727.83,1517.68,1739.33,1506.17,432877650
2018-09-14,1517.68,1522.69,1529.33,1511.04,397227901
2018-09-17,1522.69,1720.64,1727.81,1515.53,346004472
2018-09-18,1720.64,1551.59,1735.19,1537.04,447806266
2018-09-19,1551.59,1411.46,1564.7,1398.35,559186703
2018-09-20,1411.46,1442.94,1448.01,1406.39,432948157
2018-09-21,1442.94,1309.25,1457.5,1294.69,648178167
2018-09-25,1309.25,1358.87,1363.74,1304.38,435776884
2018-09-26,1358.87,1193.38,1367.4,1184.85,570932573
2018-09-27,1193.38,1263.28,1268.58,1188.08,470274535
2018-09-28,1263.28,1097.18,1268.72,1091.75,521701195
2018-10-08,1097.18,1588.13,1602.79,1082.53,586816334
2018-10-09,1588.13,1384.42,1595.06,1377.49,424275264
2018-10-10,1384.42,1322.85,1393.37,1313.9,416048373
2018-10-11,1322.85,2259.43,2293.08,1289.2,744674317
2018-10-12,2259.43,1702.62,2280.57,1681.47,628176082
2018-10-15,1702.62,1875.3,1891.52,1686.39,451662923
2018-10-16,1875.3,2017.44,2038.91,1853.83,449408388
2018-10-17,2017.44,1767.79,2036.87,1748.36,507984330
2018-10-18,1767.79,2079.7,2096.05,1751.44,474152524
2018-10-19,2079.7,1725.2,2110.38,1694.52,596488866
2018-10-22,1725.2,1490.92,1751.93,1464.18,858816728
2018-10-23,1490.92,1845.54,1869.15,1467.3,693670228
2018-10-24,1845.54,1597.78,1860.87,1582.45,633419253
2018-10-25,1597.78,1570.47,1616.72,1551.53,621927162
2018-10-26,1570.47,1648.19,1661.57,1557.09,597806735
2018-10-29,1648.19,2019.94,2041.56,1626.57,533956448
2018-10-30,2019.94,1681.56,2041.46,1660.04,658621216
2018-10-31,1681.56,1476.11,1693.33,1464.34,663823878
2018-11-01,1476.11,1389.68,1485.05,1380.75,769820414
2018-11-02,1389.68,1151.87,1399.11,1142.44,895315966
2018-11-05,1151.87,1232.67,1241.61,1142.93,697095382
2018-11-06,1232.67,1292.32,1298.82,1226.17,553568441
2018-11-07,1292.32,1371.05,1379.56,1283.8,603598198
2018-11-08,1371.05,1399.05,1407.37,1362.73,527828567
2018-11-09,1399.05,1537.59,1544.4,1392.24,556526946
2018-11-12,1537.59,1264.64,1548.34,1253.89,616238086
2018-11-13,1264.64,1139.54,1278.42,1125.76,866393566
2018-11-14,1139.54,1256.18,1262.6,1133.13,788197056
2018-11-15,1256.18,1076.61,1262.38,1070.42,688091929
2018-11-16,1076.61,1018.84,1083.5,1011.95,828474092
2018-11-19,1018.84,946.13,1023.74,941.23,782898572
2018-11-20,946.13,1150.11,1159.44,936.8,736638545
2018-11-21,1150.11,990.71,1156.09,984.74,604420889
2018-11-22,990.71,1068.29,1073.33,985.67,488710924
2018-11-23,1068.29,1422.14,1437.54,1052.88,620836393
2018-11-26,1422.14,1275.19,1428.44,1268.88,439128603
2018-11-27,1275.19,1231.86,1280.81,1226.23,411325746
2018-11-28,1231.86,1079.54,1240.08,1071.32,506832681
2018-11-29,1079.54,1329.2,1341.2,1067.54,542062883
2018-11-30,1329.2,1099.04,1336.12,1092.12,477935449
2018-12-03,1099.04,947.68,1104.75,941.97,766428306
2018-12-04,947.68,867.67,950.52,864.83,558944477
2018-12-05,867.67,962.35,968.58,861.44,532824573
2018-12-06,962.35,1170.16,1177.22,955.29,507224962
2018-12-07,1170.16,1066.82,1173.11,1063.87,373547310
2018-12-10,1066.82,1198.19,1203.27,1061.74,411747196
2018-12-11,1198.19,1022.77,1200.8,1020.16,353947239
2018-12-12,1022.77,933.96,1025.65,931.08,356995744
2018-12-13,933.96,900.1,941.22,892.84,552106875
2018-12-14,900.1,1096.35,1103.67,892.78,193792240
2018-12-17,1096.35,1059.43,1101.29,1054.5,425081126
2018-12-18,1059.43,1198.48,1206.24,1051.67,416002133
2018-12-19,1198.48,1417.71,1427.08,1189.11,374382862
2018-12-20,1417.71,1381.74,1426.42,1373.02,441316039
2018-12-21,1381.74,1513.34,1522.34,1372.73,456481553
2018-12-24,1513.34,1291.06,1519.88,1284.51,362615785
2018-12-25,1291.06,1576.24,1590.76,1276.54,507963378
2018-12-26,1576.24,1633.33,1640.53,1569.04,373614939
2018-12-27,1633.33,1849.5,1865.78,1617.04,501478283
2018-12-28,1849.5,1587.14,1857.54,1579.09,449022239
2019-01-02,1587.14,1926.01,1940.49,1572.65,418866873
2019-01-03,1926.01,1897.14,1938.55,1884.59,284835055
2019-01-04,1897.14,1774.47,1920.29,1751.32,398457157
2019-01-07,1774.47,1572.34,1782.24,1564.57,635371035
2019-01-08,1572.34,1629.13,1633.18,1568.29,539929784
2019-01-09,1629.13,1558.3,1640.37,1547.06,681848870
2019-01-10,1558.3,1612.93,1619.28,1551.95,544768949
2019-01-11,1612.93,1458.4,1619.01,1452.31,492637965
2019-01-14,1458.4,1558.29,1565.18,1451.51,474785397
2019-01-15,1558.29,1368.02,1569.17,1357.15,557587377
2019-01-16,1368.02,1300.99,1371.77,1297.24,513308435
2019-01-17,1300.99,1380.57,1386.49,1295.07,539184264
2019-01-18,1380.57,1184.15,1387.78,1176.95,652465571
2019-01-21,1184.15,1082.78,1188.36,1078.57,580593635
2019-01-22,1082.78,1232.62,1240.47,1074.92,493690102
2019-01-23,1232.62,1178.04,1236.3,1174.36,414141461
2019-01-24,1178.04,1045.44,1183.87,1039.61,503584023
2019-01-25,1045.44,983.01,1050.03,978.41,555971254
2019-01-28,983.01,1099.86,1107.25,975.61,526734260
2019-01-29,1099.86,1124.29,1132.81,1091.34,537428476
2019-01-30,1124.29,1212.27,1217.85,1118.7,425445141
2019-01-31,1212.27,1084.72,1218.86,1078.13,562432208
2019-02-01,1084.72,959.82,1091.21,953.33,513016070
2019-02-11,959.82,924.58,968.03,916.37,600486892
2019-02-12,924.58,818.88,928.48,814.97,712773681
2019-02-13,818.88,825.46,832.78,811.56,944757258
2019-02-14,825.46,808.38,828.99,804.85,821657925
2019-02-15,808.38,1005.72,1011.78,802.32,809325742
2019-02-18,1005.72,918.34,1014.9,909.16,1041178484
2019-02-19,918.34,1038.56,1046.41,910.49,1097597174
2019-02-20,1038.56,850.28,1042.95,845.89,905961874
2019-02-21,850.28,1024.69,1033.69,841.28,1095295184
2019-02-22,1024.69,949.19,1035.38,938.49,1129937050
2019-02-25,949.19,959.31,976.11,932.38,2026441004
2019-02-26,959.31,1193.96,1205.93,947.33,2126913332
2019-02-27,1193.96,1299.31,1313.4,1179.87,1730443972
2019-02-28,1299.31,1203.19,1305.96,1196.54,1204568296
2019-03-01,1203.19,1004.52,1211.73,995.98,1260966010
2019-03-04,1004.52,951.24,1016.52,939.24,1957856368
2019-03-05,951.24,896.57,958.45,889.37,1520756284
2019-03-06,896.57,804.42,903.03,797.96,1983426092
2019-03-07,804.42,967.57,976.06,795.94,2031556564
2019-03-08,967.57,1612.04,1634.77,944.84,2031046124
2019-03-11,1612.04,1131.01,1624.17,1118.88,1510450224
2019-03-12,1131.01,960.91,1139.98,951.95,1791274700
2019-03-13,960.91,1112.16,1122.64,950.43,1557901164
2019-03-14,1112.16,1214.35,1226.93,1099.58,1265557696
2019-03-15,1214.35,1011.48,1222.19,1003.64,1137286668
2019-03-18,1011.48,918.38,1022.85,907.0,1365535824
2019-03-19,918.38,952.96,958.57,912.77,1193039794
2019-03-20,952.96,940.33,960.17,933.12,1201471966
2019-03-21,940.33,859.93,945.17,855.1,1373196692
2019-03-22,859.93,848.41,865.93,842.41,1186503446
2019-03-25,848.41,1012.06,1019.35,841.12,1287947784
2019-03-26,1012.06,1179.25,1191.59,999.73,1171585974
2019-03-27,1179.25,950.09,1184.98,944.37,963266778
2019-03-28,950.09,1027.42,1033.61,943.9,944117078
2019-03-29,1027.42,958.55,1041.31,944.65,1349406888
2019-04-01,958.55,839.09,966.68,830.96,1695816568
2019-04-02,839.09,859.28,862.9,835.47,1543655124
2019-04-03,859.28,756.98,865.44,750.81,1482817050
2019-04-04,756.98,688.1,760.53,684.55,1614767822
2019-04-08,688.1,836.21,845.5,678.81,1728879298
2019-04-09,836.21,735.35,839.87,731.69,1236105862
2019-04-10,735.35,707.12,740.63,701.84,1293543410
2019-04-11,707.12,916.34,925.57,697.9,1156646690
2019-04-12,916.34,903.7,920.5,899.54,935497900
2019-04-15,903.7,1022.35,1033.79,892.26,1200690946
2019-04-16,1022.35,961.95,1035.83,948.46,1289796990
2019-04-17,961.95,830.92,966.4,826.46,1214184680
2019-04-18,830.92,900.37,903.82,827.48,1028787816
2019-04-19,900.37,770.41,905.66,765.12,1018519766
2019-04-22,770.41,977.09,986.47,761.03,1200415206
2019-04-23,977.09,982.76,988.61,971.24,1056926304
2019-04-24,982.76,857.56,989.78,850.54,958323764
2019-04-25,857.56,1116.58,1127.64,846.5,1075775122
2019-04-26,1116.58,1142.63,1149.38,1109.83,935742696
2019-04-29,1142.63,1164.96,1175.75,1131.83,1004958738
2019-04-30,1164.96,999.99,1170.41,994.54,760935164
2019-05-06,999.99,2020.74,2052.81,967.92,1204233298
2019-05-07,2020.74,1312.95,2031.68,1302.0,866008248
2019-05-08,1312.95,1487.34,1502.44,1297.85,771136786
2019-05-09,1487.34,1646.68,1658.51,1475.51,679421609
2019-05-10,1646.68,1413.97,1669.94,1390.71,957271010
2019-05-13,1413.97,1570.68,1578.46,1406.19,690014008
2019-05-14,1570.68,1587.66,1596.96,1561.38,671502784
2019-05-15,1587.66,1353.35,1597.3,1343.71,742585613
2019-05-16,1353.35,1259.2,1358.72,1253.83,785816289
2019-05-17,1259.2,1683.05,1704.08,1238.17,862366756
2019-05-20,1683.05,1656.21,1695.32,1643.95,724282710
2019-05-21,1656.21,1440.44,1669.07,1427.58,730191325
2019-05-22,1440.44,1518.45,1526.5,1432.39,667081244
2019-05-23,1518.45,1759.71,1771.5,1506.66,677360741
2019-05-24,1759.71,1616.22,1767.82,1608.12,563933810
2019-05-27,1616.22,1434.87,1631.7,1419.4,704776198
2019-05-28,1434.87,1340.45,1442.75,1332.57,756752132
2019-05-29,1340.45,1368.93,1376.97,1332.4,641267272
2019-05-30,1368.93,1485.45,1492.71,1361.67,664782613
2019-05-31,1485.45,1530.95,1538.44,1477.96,623131822
2019-06-03,1530.95,1499.29,1541.51,1488.73,703506407
2019-06-04,1499.29,1645.68,1655.48,1489.49,607157415
2019-06-05,1645.68,1655.99,1664.32,1637.35,598869156
2019-06-06,1655.99,1867.81,1879.84,1643.95,583271144
2019-06-10,1867.81,1522.7,1877.95,1512.55,585229918
2019-06-11,1522.7,1365.36,1539.6,1348.46,913312618
2019-06-12,1365.36,1444.03,1449.2,1360.19,789373081
2019-06-13,1444.03,1387.93,1450.7,1381.27,669029758
2019-06-14,1387.93,1502.57,1513.32,1377.18,704236233
2019-06-17,1502.57,1371.02,1508.54,1365.05,506416904
2019-06-18,1371.02,1266.01,1376.42,1260.61,486313846
2019-06-19,1266.01,1126.22,1273.11,1119.12,806235000
2019-06-20,1126.22,1115.5,1140.56,1101.16,1043632190
2019-06-21,1115.5,1108.78,1120.12,1104.16,993555184
2019-06-24,1108.78,1030.91,1112.36,1027.33,699474674
2019-06-25,1030.91,1224.83,1235.27,1020.47,807699653
2019-06-26,1224.83,1154.02,1229.93,1148.92,557066789
2019-06-27,1154.02,984.67,1158.87,979.82,676200458
2019-06-28,984.67,1063.92,1068.61,979.98,581650521
2019-07-01,1063.92,900.33,1069.22,895.04,940236366
2019-07-02,900.33,878.38,902.74,875.98,793976331
2019-07-03,878.38,999.89,1004.82,873.45,717362454
2019-07-04,999.89,1054.78,1060.35,994.32,652285702
2019-07-05,1054.78,887.97,1058.58,884.17,507717555
2019-07-08,887.97,1273.8,1288.11,873.65,716252682
2019-07-09,1273.8,1092.35,1278.29,1087.85,486238858
2019-07-10,1092.35,1137.38,1142.35,1087.38,466271319
2019-07-11,1137.38,1060.75,1143.75,1054.38,486662344
2019-07-12,1060.75,930.19,1065.14,925.79,483666396
2019-07-15,930.19,966.25,977.18,919.26,635915363
2019-07-16,966.25,1001.03,1003.85,963.43,498283639
2019-07-17,1001.03,1000.94,1004.7,997.27,573241964
2019-07-18,1000.94,1119.8,1123.63,997.12,546326066
2019-07-19,1119.8,952.18,1124.02,947.96,543946515
2019-07-22,952.18,1095.43,1102.72,944.88,594561451
2019-07-23,1095.43,969.5,1098.37,966.56,452734132
2019-07-24,969.5,863.74,973.31,859.93,568900267
2019-07-25,863.74,790.89,866.7,787.93,559706107
2019-07-26,790.89,752.0,793.26,749.62,508386999
2019-07-29,752.0,789.53,791.44,750.1,494935056
2019-07-30,789.53,698.89,792.19,696.23,572910289
2019-07-31,698.89,822.52,824.75,696.66,515060386
2019-08-01,822.52,891.3,894.93,818.89,520428657
2019-08-02,891.3,1092.75,1097.13,886.91,664230079
2019-08-05,1092.75,1453.94,1464.12,1082.56,616770884
2019-08-06,1453.94,1852.03,1868.09,1437.88,814282656
2019-08-07,1852.03,1624.79,1859.34,1617.47,545484836
2019-08-08,1624.79,1323.85,1628.85,1319.79,543593051
2019-08-09,1323.85,1548.58,1559.01,1313.42,536226872
2019-08-12,1548.58,1380.4,1558.02,1370.96,501360258
2019-08-13,1380.4,1474.81,1479.41,1375.8,474083593
2019-08-14,1474.81,1295.45,1480.12,1290.13,561221713
2019-08-15,1295.45,1322.59,1335.6,1282.44,574948714
2019-08-16,1322.59,1227.29,1329.33,1220.55,573897354
2019-08-19,1227.29,1154.68,1236.73,1145.24,866014166
2019-08-20,1154.68,1218.39,1222.26,1150.81,722901440
2019-08-21,1218.39,1205.59,1221.05,1202.92,580544056
2019-08-22,1205.59,1082.5,1209.0,1079.09,575564442
2019-08-23,1082.5,990.06,1086.75,985.8,595862137
2019-08-26,990.06,1144.45,1149.04,985.46,636181882
2019-08-27,1144.45,1022.18,1151.32,1015.31,810499690
2019-08-28,1022.18,1088.6,1092.2,1018.58,646604942
2019-08-29,1088.6,1107.95,1111.93,1084.62,620378222
2019-08-30,1107.95,1157.91,1165.36,1100.5,688836510
2019-09-02,1157.91,1023.27,1165.39,1015.8,744997146
2019-09-03,1023.27,915.68,1025.95,913.0,704615424
2019-09-04,915.68,818.24,919.45,814.47,855561704
2019-09-05,818.24,782.75,823.19,777.8,1171320154
2019-09-06,782.75,712.15,785.29,709.61,807667790
2019-09-09,712.15,658.3,715.47,654.98,956318896
2019-09-10,658.3,805.23,808.3,655.23,895405166
2019-09-11,805.23,921.36,926.13,800.46,849445228
2019-09-12,921.36,755.6,924.63,752.33,717038708
2019-09-16,755.6,761.88,764.79,752.7,772457230
2019-09-17,761.88,1074.13,1082.14,753.87,783541976
2019-09-18,1074.13,819.25,1076.43,816.94,591131287
2019-09-19,819.25,698.32,822.03,695.53,589939482
2019-09-20,698.32,637.86,699.86,636.32,684154210
2019-09-23,637.86,814.74,819.39,633.21,632189940
2019-09-24,814.74,679.5,817.98,676.27,617942548
2019-09-25,679.5,798.92,801.74,676.68,622494518
2019-09-26,798.92,1012.6,1019.93,791.58,697713750
2019-09-27,1012.6,800.59,1015.55,797.64,516156103
2019-09-30,800.59,915.46,920.17,795.88,450092589
2019-10-08,915.46,795.07,919.2,791.33,500652444
2019-10-09,795.07,715.18,798.7,711.55,506201300
2019-10-10,715.18,678.65,718.95,674.88,523818879
2019-10-11,678.65,656.64,682.12,653.17,618336902
2019-10-14,656.64,615.85,659.73,612.76,805663532
2019-10-15,615.85,723.95,726.23,613.58,596909610
2019-10-16,723.95,811.46,815.13,720.27,564647026
2019-10-17,811.46,726.84,813.26,725.04,458549951
2019-10-18,726.84,1072.53,1080.99,718.39,564808110
2019-10-21,1072.53,867.41,1075.68,864.27,503878644
2019-10-22,867.41,724.69,869.97,722.13,461834731
2019-10-23,724.69,850.66,854.23,721.11,479703766
2019-10-24,850.66,830.24,853.96,826.94,483300940
2019-10-25,830.24,726.49,834.28,722.45,523126018
2019-10-28,726.49,648.66,728.81,646.34,685430880
2019-10-29,648.66,795.17,797.76,646.06,646356194
2019-10-30,795.17,879.14,881.91,792.39,577174234
2019-10-31,879.14,918.81,922.06,875.89,589489452
2019-11-01,918.81,862.12,925.03,855.91,611617827
2019-11-04,862.12,725.43,864.07,723.48,646480994
2019-11-05,725.43,682.71,729.38,678.76,707517594
2019-11-06,682.71,795.67,798.92,679.46,628174228
2019-11-07,795.67,669.99,798.22,667.45,540892544
2019-11-08,669.99,801.92,806.01,665.91,607784306
2019-11-11,801.92,1046.6,1052.63,795.88,602067180
2019-11-12,1046.6,851.44,1050.22,847.82,498935095
2019-11-13,851.44,860.2,862.77,848.87,483456694
2019-11-14,860.2,749.16,862.37,746.99,518312187
2019-11-15,749.16,855.39,858.98,745.57,529540759
2019-11-18,855.39,734.91,858.6,731.69,491290597
2019-11-19,734.91,702.0,738.95,697.95,535130131
2019-11-20,702.0,818.11,821.63,698.48,536966615
2019-11-21,818.11,879.54,882.22,815.43,472011093
2019-11-22,879.54,1217.8,1229.54,867.8,613383517
2019-11-25,1217.8,1024.61,1222.69,1019.72,672090000
2019-11-26,1024.61,915.37,1027.62,912.37,666178178
2019-11-27,915.37,965.05,968.66,911.76,509966905
2019-11-28,965.05,1053.49,1057.26,961.27,437000430
2019-11-29,1053.49,1188.15,1194.74,1046.9,473762704
2019-12-02,1188.15,995.83,1191.04,992.94,490333767
2019-12-03,995.83,887.16,999.98,883.01,469694278
2019-12-04,887.16,955.64,958.33,884.47,496624251
2019-12-05,955.64,841.81,958.78,838.67,563847580
2019-12-06,841.81,770.19,844.18,767.81,522632257
2019-12-09,770.19,816.65,818.99,767.84,630406029
2019-12-10,816.65,731.64,818.76,729.53,598424895
2019-12-11,731.64,732.72,734.81,729.55,632238431
2019-12-12,732.72,788.53,790.57,730.68,566747293
2019-12-13,788.53,711.99,791.83,708.69,860687682
2019-12-16,711.99,722.7,725.77,708.91,880781476
2019-12-17,722.7,763.17,769.08,716.78,1175723748
2019-12-18,763.17,865.39,868.2,760.36,935931598
2019-12-19,865.39,800.17,867.4,798.16,777775927
2019-12-20,800.17,896.2,899.82,796.56,796372441
2019-12-23,896.2,1268.6,1277.7,887.11,765165605
2019-12-24,1268.6,938.82,1272.27,935.15,605708918
2019-12-25,938.82,889.15,941.43,886.53,639488668
2019-12-26,889.15,767.6,891.86,764.89,677455815
2019-12-27,767.6,914.5,919.35,762.76,933810432
2019-12-30,914.5,912.08,922.05,904.53,946017076
2019-12-31,912.08,772.27,914.25,770.11,784193085
2020-01-02,772.27,748.37,776.53,744.12,1123505913
2020-01-03,748.37,779.75,782.4,745.72,938424944
2020-01-06,779.75,899.3,906.07,772.98,1148610988
2020-01-07,899.3,753.35,902.28,750.37,976802842
2020-01-08,753.35,898.46,903.51,748.29,1094791290
2020-01-09,898.46,756.54,901.07,753.94,915505415
2020-01-10,756.54,799.72,802.7,753.56,774886825
2020-01-13,799.72,738.2,804.73,733.19,802200540
2020-01-14,738.2,788.56,791.79,734.97,874867348
2020-01-15,788.56,842.18,845.77,784.97,739033491
2020-01-16,842.18,839.57,846.07,835.68,734465491
2020-01-17,839.57,741.74,844.42,736.89,695007471
2020-01-20,741.74,660.49,745.87,656.36,796607844
2020-01-21,660.49,881.94,887.49,654.94,867818381
2020-01-22,881.94,858.82,892.41,848.35,854628524
2020-01-23,858.82,1382.19,1403.17,837.84,1045081574
2020-02-03,1382.19,2416.04,2440.43,1357.8,889460922
2020-02-04,2416.04,1443.05,2443.69,1415.4,1374932976
2020-02-05,1443.05,1285.39,1457.97,1270.47,1165838353
2020-02-06,1285.39,1203.5,1301.24,1187.65,1458796356
2020-02-07,1203.5,1109.59,1212.29,1100.81,1401185456
2020-02-10,1109.59,1036.73,1116.97,1029.36,1345112001
2020-02-11,1036.73,1037.57,1044.33,1029.97,1229690501
2020-02-12,1037.57,943.04,1045.46,935.14,1166438443
2020-02-13,943.04,1078.78,1085.94,935.88,1280777925
2020-02-14,1078.78,1026.18,1086.49,1018.47,1194441827
2020-02-17,1026.18,916.53,1034.71,908.0,1454005311
2020-02-18,916.53,898.35,921.45,893.43,1453363674
2020-02-19,898.35,1011.77,1017.07,893.05,1476374576
2020-02-20,1011.77,905.31,1020.84,896.23,1642353230
2020-02-21,905.31,877.12,911.34,871.09,1728008657
2020-02-24,877.12,888.29,894.23,871.18,1758339272
2020-02-25,888.29,948.87,961.23,875.93,2063873346
2020-02-26,948.87,1173.79,1186.4,936.27,2108615618
2020-02-27,1173.79,954.92,1180.59,948.13,1582068294
2020-02-28,954.92,1540.82,1558.47,937.28,1851062526
2020-03-02,1540.82,1152.56,1556.63,1136.75,1674489830
2020-03-03,1152.56,997.27,1162.89,986.94,1811932101
2020-03-04,997.27,921.38,1004.09,914.56,1530683008
2020-03-05,921.38,833.16,927.85,826.69,1887059166
2020-03-06,833.16,982.66,987.56,828.27,1547801890
2020-03-09,982.66,1397.69,1410.48,969.87,1797255319
2020-03-10,1397.69,1153.79,1416.21,1135.27,1710772968
2020-03-11,1153.79,1261.07,1271.26,1143.6,1490454223
2020-03-12,1261.07,1409.64,1419.13,1251.57,1343614664
2020-03-13,1409.64,1603.38,1634.01,1379.01,1602552918
2020-03-16,1603.38,2466.46,2516.82,1553.02,1561298043
2020-03-17,2466.46,2039.71,2504.48,2001.69,1358795050
2020-03-18,2039.71,2497.9,2537.8,1999.81,1320516614
2020-03-19,2497.9,2315.01,2532.58,2280.34,1382816838
2020-03-20,2315.01,1995.8,2332.36,1978.45,1134813521
2020-03-23,1995.8,2734.25,2760.7,1969.35,1138082516
2020-03-24,2734.25,1984.47,2756.32,1962.4,1179922440
2020-03-25,1984.47,1668.29,1993.14,1659.62,1243035848
2020-03-26,1668.29,1786.28,1797.02,1657.55,1029473975
2020-03-27,1786.28,1777.51,1798.41,1765.38,1037199760
2020-03-30,1777.51,2077.5,2092.62,1762.39,1060503652
2020-03-31,2077.5,1918.74,2087.55,1908.69,943167817
2020-04-01,1918.74,2047.29,2062.85,1903.18,963280860
2020-04-02,2047.29,1736.29,2066.78,1716.81,958695443
2020-04-03,1736.29,1870.45,1879.71,1727.04,892066085
2020-04-07,1870.45,1558.27,1876.89,1551.83,1192331808
2020-04-08,1558.27,1626.7,1632.38,1552.59,1063368655
2020-04-09,1626.7,1483.63,1631.07,1479.26,1005405930
2020-04-10,1483.63,1609.43,1623.14,1469.92,1028157466
2020-04-13,1609.43,1642.57,1648.58,1603.42,785292271
2020-04-14,1642.57,1354.37,1652.15,1344.8,935663737
2020-04-15,1354.37,1394.56,1400.91,1348.02,977105272
2020-04-16,1394.56,1269.55,1400.71,1263.39,926203288
2020-04-17,1269.55,1135.79,1275.57,1129.77,1134710856
2020-04-20,1135.79,1057.12,1139.58,1053.33,951532585
2020-04-21,1057.12,1199.48,1206.72,1049.87,1001968216
2020-04-22,1199.48,1061.1,1206.4,1054.18,920229910
2020-04-23,1061.1,1107.77,1112.14,1056.73,1035766242
2020-04-24,1107.77,1202.49,1208.77,1101.49,986920021
2020-04-27,1202.49,1070.3,1207.98,1064.81,907761361
2020-04-28,1070.3,1165.16,1180.26,1055.2,1106352393
2020-04-29,1165.16,1043.48,1170.97,1037.67,867132133
2020-04-30,1043.48,922.61,1050.27,915.82,1074016088
2020-05-06,922.61,982.89,993.25,912.25,1117570654
2020-05-07,982.89,1029.45,1033.23,979.12,999535632
2020-05-08,1029.45,873.58,1033.98,869.05,1027260024
2020-05-11,873.58,981.06,987.81,866.83,1017712330
2020-05-12,981.06,893.95,985.61,889.39,878705932
2020-05-13,893.95,791.24,897.57,787.62,820498845
2020-05-14,791.24,905.71,908.81,788.14,876269216
2020-05-15,905.71,860.56,909.86,856.41,858541212
2020-05-18,860.56,858.67,865.32,853.91,1012292783
2020-05-19,858.67,742.41,861.89,739.2,869017623
2020-05-20,742.41,854.44,858.87,737.98,936205742
2020-05-21,854.44,959.0,965.26,848.18,880632401
2020-05-22,959.0,1369.51,1382.95,945.55,893438510
2020-05-25,1369.51,1081.34,1373.76,1077.08,708586233
2020-05-26,1081.34,913.4,1086.62,908.12,743788383
2020-05-27,913.4,1024.08,1029.33,908.15,828732611
2020-05-28,1024.08,1064.34,1072.91,1015.51,863839546
2020-05-29,1064.34,948.75,1069.9,943.19,857108851
2020-06-01,948.75,905.57,956.96,897.36,1150769358
2020-06-02,905.57,851.77,908.86,848.48,1173759422
2020-06-03,851.77,837.92,855.17,834.52,1162739074
2020-06-04,837.92,810.1,840.71,807.3,980641445
2020-06-05,810.1,744.69,812.86,741.93,943657690
2020-06-08,744.69,717.4,747.97,714.11,1065390386
2020-06-09,717.4,653.16,719.92,650.64,953722113
2020-06-10,653.16,699.58,701.61,651.13,927624236
2020-06-11,699.58,896.35,902.6,693.33,1059974031
2020-06-12,896.35,881.75,904.08,874.01,1089673050
2020-06-15,881.75,985.41,990.76,876.39,1137759654
2020-06-16,985.41,808.59,988.66,805.34,1019535457
2020-06-17,808.59,705.95,810.92,703.63,1054412938
2020-06-18,705.95,674.29,708.82,671.43,1167212692
2020-06-19,674.29,706.7,711.32,669.68,1183249369
2020-06-22,706.7,714.92,718.11,703.51,1215720816
2020-06-23,714.92,618.02,718.11,614.83,1043048553
2020-06-24,618.02,567.39,619.87,565.54,981001010
2020-06-29,567.39,701.59,704.57,564.41,1031512840
2020-06-30,701.59,618.55,705.11,615.03,997279384
2020-07-01,618.55,707.92,713.68,612.79,1274597362
2020-07-02,707.92,772.72,779.62,701.03,1770046788
2020-07-03,772.72,709.27,777.8,704.2,2002582162
2020-07-06,709.27,817.16,832.61,693.82,2795114690
2020-07-07,817.16,946.61,957.44,806.32,2874765904
2020-07-08,946.61,886.23,956.82,876.02,2504840400
2020-07-09,886.23,826.42,895.37,817.29,2653028814
2020-07-10,826.42,1031.01,1039.35,818.08,2406738002
2020-07-13,1031.01,930.52,1042.83,918.7,2437492470
2020-07-14,930.52,1147.14,1161.11,916.55,2386020451
2020-07-15,1147.14,1466.26,1484.28,1129.13,2161268981
2020-07-16,1466.26,2306.9,2362.36,1410.8,2149050597
2020-07-17,2306.9,1524.11,2324.62,1506.39,1594606320
2020-07-20,1524.11,1305.62,1541.97,1287.76,1790771770
2020-07-21,1305.62,1205.08,1312.6,1198.09,1543745739
2020-07-22,1205.08,1110.53,1216.48,1099.13,1701667037
2020-07-23,1110.53,1163.19,1176.2,1097.52,1758691667
2020-07-24,1163.19,1803.92,1838.39,1128.72,1857783983
2020-07-27,1803.92,1403.01,1814.75,1392.18,1282345799
2020-07-28,1403.01,1242.97,1409.5,1236.48,1226594997
2020-07-29,1242.97,1100.05,1257.45,1085.56,1409549410
2020-07-30,1100.05,1213.5,1219.69,1093.85,1419008518
2020-07-31,1213.5,1073.14,1224.4,1062.24,1509804355
2020-08-03,1073.14,949.09,1080.45,941.78,1743549161
2020-08-04,949.09,985.33,992.49,941.92,1855375153
2020-08-05,985.33,931.32,992.01,924.64,1581350022
2020-08-06,931.32,973.71,982.13,922.9,1724703126
2020-08-07,973.71,1136.26,1148.97,961.0,1661850586
2020-08-10,1136.26,967.2,1144.94,958.52,1547017809
2020-08-11,967.2,1077.9,1088.84,956.26,1596815052
2020-08-12,1077.9,1167.82,1181.38,1064.34,1540001331
2020-08-13,1167.82,1104.61,1173.1,1099.33,1288567639
2020-08-14,1104.61,946.24,1111.88,938.96,1240725397
2020-08-17,946.24,852.5,954.06,844.67,1863343283
2020-08-18,852.5,826.07,855.56,823.01,1550452259
2020-08-19,826.07,992.9,1000.55,818.41,1584629462
2020-08-20,992.9,1120.82,1127.36,986.36,1310370884
2020-08-21,1120.82,933.88,1125.59,929.12,1183066978
2020-08-24,933.88,826.46,939.47,820.87,1215557246
2020-08-25,826.46,824.08,831.35,819.19,1257135873
2020-08-26,824.08,1068.14,1078.07,814.16,1313057077
2020-08-27,1068.14,884.09,1073.7,878.53,1108443274
2020-08-28,884.09,843.21,892.36,834.94,1285847646
2020-08-31,843.21,921.71,927.89,837.03,1474546612
2020-09-01,921.71,791.64,925.21,788.14,1130888497
2020-09-02,791.64,762.75,796.2,758.19,1355235802
2020-09-03,762.75,865.51,871.06,757.2,1270155911
2020-09-04,865.51,957.37,962.2,860.67,1114419544
2020-09-07,957.37,1367.31,1383.6,941.08,1361434606
2020-09-08,1367.31,1027.09,1374.14,1020.26,1353283387
2020-09-09,1027.09,1358.35,1370.46,1014.98,1634485991
2020-09-10,1358.35,1319.9,1370.22,1308.02,1423155549
2020-09-11,1319.9,1120.09,1327.87,1112.12,1030192287
2020-09-14,1120.09,993.6,1125.16,988.53,1049738874
2020-09-15,993.6,914.63,998.6,909.63,975614146
2020-09-16,914.63,1042.02,1047.45,909.2,949650674
2020-09-17,1042.02,1017.93,1049.45,1010.51,961471654
2020-09-18,1017.93,937.4,1026.1,929.22,1231094934
2020-09-21,937.4,1039.76,1045.33,931.83,1046619882
2020-09-22,1039.76,1149.27,1157.35,1031.68,1010993107
2020-09-23,1149.27,989.93,1154.21,984.99,837269937
2020-09-24,989.93,1166.45,1173.82,982.56,967770096
2020-09-25,1166.45,1097.42,1172.11,1091.76,774857279
2020-09-28,1097.42,1111.22,1116.51,1092.13,719708548
2020-09-29,1111.22,1022.03,1117.0,1016.24,716383882
2020-09-30,1022.03,1030.78,1037.55,1015.25,734371429
2020-10-09,1030.78,897.51,1034.76,893.53,898578208
2020-10-12,897.51,864.69,905.72,856.48,1267577290
2020-10-13,864.69,806.57,868.05,803.21,1012400422
2020-10-14,806.57,917.84,920.81,803.61,998111213
2020-10-15,917.84,965.35,969.48,913.72,947925234
2020-10-16,965.35,954.9,970.67,949.58,953440197
2020-10-19,954.9,1222.5,1233.15,944.25,1023874543
2020-10-20,1222.5,1001.26,1227.75,996.0,844057534
2020-10-21,1001.26,1049.07,1054.57,995.76,881135858
2020-10-22,1049.07,1151.92,1158.11,1042.88,829024813
2020-10-23,1151.92,1529.02,1543.13,1137.81,867069035
2020-10-26,1529.02,1392.86,1539.54,1382.33,827698704
2020-10-27,1392.86,1229.57,1398.07,1224.36,767499479
2020-10-28,1229.57,1090.08,1236.04,1083.62,877691858
2020-10-29,1090.08,1083.01,1100.5,1072.6,930484982
2020-10-30,1083.01,1376.64,1388.68,1070.97,1100441171
2020-11-02,1376.64,1201.6,1383.32,1194.93,1054185849
2020-11-03,1201.6,1041.35,1208.1,1034.86,1021469927
2020-11-04,1041.35,968.36,1045.82,963.9,893993861
2020-11-05,968.36,877.14,972.71,872.79,1076576583
2020-11-06,877.14,979.67,986.33,870.48,1116098763
2020-11-09,979.67,882.31,986.42,875.56,1419206667
2020-11-10,882.31,1034.68,1041.07,875.91,1282609110
2020-11-11,1034.68,1169.34,1176.72,1027.3,1187528936
2020-11-12,1169.34,997.49,1172.93,993.9,932520667
2020-11-13,997.49,1015.32,1021.34,991.47,978586442
2020-11-16,1015.32,876.39,1021.19,870.53,1121199510
2020-11-17,876.39,948.26,953.43,871.22,1167806669
2020-11-18,948.26,932.45,952.76,927.95,1209596655
2020-11-19,932.45,824.54,937.37,819.61,1073242688
2020-11-20,824.54,754.04,826.88,751.69,1051576259
2020-11-23,754.04,734.13,759.03,729.13,1490474041
2020-11-24,734.13,819.31,822.03,731.41,1205891378
2020-11-25,819.31,1047.98,1056.09,811.2,1285408114
2020-11-26,1047.98,927.84,1052.53,923.29,1052251600
2020-11-27,927.84,789.12,931.98,784.98,1185049626
2020-11-30,789.12,978.63,986.21,781.55,1683590604
2020-12-01,978.63,897.31,986.5,889.44,1386726456
2020-12-02,897.31,837.96,900.79,834.49,1346181288
2020-12-03,837.96,805.76,841.31,802.41,1266623516
2020-12-04,805.76,727.59,808.84,724.5,1079545194
2020-12-07,727.59,817.57,821.1,724.06,1066699448
2020-12-08,817.57,841.17,843.98,814.76,945600073
2020-12-09,841.17,1131.23,1140.12,832.28,1074094321
2020-12-10,1131.23,976.24,1135.79,971.68,980160106
2020-12-11,976.24,1202.66,1213.21,965.69,1201546567
2020-12-14,1202.66,988.24,1207.84,983.05,958054112
2020-12-15,988.24,908.41,992.13,904.52,923906183
2020-12-16,908.41,906.03,911.38,903.06,898986630
2020-12-17,906.03,833.73,911.55,828.21,1080586519
2020-12-18,833.73,911.75,915.82,829.66,1057805025
2020-12-21,911.75,839.14,918.13,832.76,1124756856
2020-12-22,839.14,1119.86,1129.09,829.91,1284495918
2020-12-23,1119.86,898.55,1124.75,893.66,1168574789
2020-12-24,898.55,966.75,972.12,893.18,1050087197
2020-12-25,966.75,828.96,971.43,824.27,1068958195
2020-12-28,828.96,791.15,832.42,787.69,1190496884
2020-12-29,791.15,899.38,903.29,787.24,1193023067
2020-12-30,899.38,812.24,905.1,806.51,1149334134
2020-12-31,812.24,756.83,817.48,751.58,1314195033
2021-01-04,756.83,803.64,810.63,749.84,1551217101
2021-01-05,803.64,808.75,815.1,797.3,1640448754
2021-01-06,808.75,774.03,814.11,768.67,1499152928
2021-01-07,774.03,775.24,781.32,767.95,1634274833
2021-01-08,775.24,883.18,889.67,768.75,1468921597
2021-01-11,883.18,1102.42,1113.11,872.5,1574127720
2021-01-12,1102.42,984.41,1113.79,973.04,1442990575
2021-01-13,984.41,1049.23,1057.58,976.07,1673570820
2021-01-14,1049.23,1144.75,1154.79,1039.2,1529639002
2021-01-15,1144.75,1079.54,1153.52,1070.77,1476306264
2021-01-18,1079.54,950.77,1089.01,941.3,1342257621
2021-01-19,950.77,1071.69,1080.42,942.03,1409231860
2021-01-20,1071.69,911.99,1077.71,905.97,1187217820
2021-01-21,911.99,810.8,917.93,804.86,1417725302
2021-01-22,810.8,796.27,815.23,791.84,1384018841
2021-01-25,796.27,772.36,802.6,766.03,1398541338
2021-01-26,772.36,931.78,938.54,765.6,1203033660
2021-01-27,931.78,817.35,937.51,811.62,1149755903
2021-01-28,817.35,1070.78,1079.09,809.04,1195576799
2021-01-29,1070.78,1171.6,1185.32,1057.06,1265119585
2021-02-01,1171.6,980.99,1177.41,975.18,1166278140
2021-02-02,980.99,853.27,986.8,847.45,1135703908
2021-02-03,853.27,938.84,943.99,848.11,1247729656
2021-02-04,938.84,1002.04,1010.58,930.3,1248736792
2021-02-05,1002.04,996.27,1009.17,989.14,1242967212
2021-02-08,996.27,866.71,1003.24,859.75,1070825021
2021-02-09,866.71,806.68,874.15,799.25,1086586992
2021-02-10,806.68,739.75,812.77,733.67,1114009720
2021-02-18,739.75,897.32,907.89,729.19,1455985896
2021-02-19,897.32,814.19,904.6,806.91,1484636508
2021-02-22,814.19,1176.65,1191.33,799.52,1971573498
2021-02-23,1176.65,1073.54,1184.45,1065.74,1591847596
2021-02-24,1073.54,1536.91,1558.9,1051.54,1494326094
2021-02-25,1536.91,1235.5,1545.25,1227.16,1491407391
2021-02-26,1235.5,1566.12,1577.35,1224.27,1385407862
2021-03-01,1566.12,1211.42,1573.42,1204.13,1279616083
2021-03-02,1211.42,1403.12,1417.59,1196.95,1365834114
2021-03-03,1403.12,1202.8,1414.12,1191.8,1395161967
2021-03-04,1202.8,1564.48,1580.27,1187.01,1537473576
2021-03-05,1564.48,1460.49,1578.75,1446.21,1432599292
2021-03-08,1460.49,2221.34,2261.04,1420.78,1549518784
2021-03-09,2221.34,2498.22,2533.73,2185.82,1624195285
2021-03-10,2498.22,1980.93,2511.77,1967.37,1199589816
2021-03-11,1980.93,1663.75,1998.49,1646.19,1307724040
2021-03-12,1663.75,1556.87,1672.73,1547.89,1410051749
2021-03-15,1556.87,1804.46,1823.52,1537.81,1413968103
2021-03-16,1804.46,1632.51,1814.32,1622.65,1233321979
2021-03-17,1632.51,1586.68,1645.22,1573.97,1138058018
2021-03-18,1586.68,1516.2,1593.27,1509.61,1125169169
2021-03-19,1516.2,1738.0,1751.62,1502.58,1231656361
2021-03-22,1738.0,1505.35,1747.41,1495.94,1222562988
2021-03-23,1505.35,1607.19,1619.63,1492.91,1244628108
2021-03-24,1607.19,1771.81,1785.46,1593.54,1219390081
2021-03-25,1771.81,1664.64,1781.61,1654.84,1073336890
2021-03-26,1664.64,1404.61,1675.99,1393.26,1112592670
2021-03-29,1404.61,1337.34,1412.24,1329.71,1152806752
2021-03-30,1337.34,1276.34,1344.43,1269.25,1123102294
2021-03-31,1276.34,1359.11,1366.28,1269.17,1092241756
2021-04-01,1359.11,1184.39,1365.36,1178.14,1016326710
2021-04-02,1184.39,1063.91,1189.5,1058.81,1028444106
2021-04-06,1063.91,1123.68,1128.68,1058.91,925792476
2021-04-07,1123.68,1155.18,1162.09,1116.77,1163733826
2021-04-08,1155.18,1049.75,1160.99,1043.95,1224580211
2021-04-09,1049.75,1205.23,1212.35,1042.63,1064183348
2021-04-12,1205.23,1507.87,1521.78,1191.32,1203291513
2021-04-13,1507.87,1404.2,1516.06,1396.01,1061532038
2021-04-14,1404.2,1175.62,1409.89,1169.93,980544474
2021-04-15,1175.62,1262.89,1269.47,1169.05,969230153
2021-04-16,1262.89,1124.71,1269.17,1118.43,1017183534
2021-04-19,1124.71,1065.35,1136.25,1053.81,1219213606
2021-04-20,1065.35,1119.15,1124.33,1060.18,1133500305
2021-04-21,1119.15,1032.11,1124.08,1027.18,1015151303
2021-04-22,1032.11,1000.74,1036.73,996.11,1010724793
2021-04-23,1000.74,894.67,1005.32,890.08,1025351017
2021-04-26,894.67,1107.0,1116.27,885.4,1174090559
2021-04-27,1107.0,974.61,1111.21,970.4,1025282060
2021-04-28,974.61,899.31,979.38,894.54,990874491
2021-04-29,899.31,846.56,903.64,842.23,1097605568
2021-04-30,846.56,951.22,956.44,841.34,1224664487
2021-05-06,951.22,1102.47,1111.06,942.63,1216497791
2021-05-07,1102.47,1367.34,1379.58,1090.22,1345327524
2021-05-10,1367.34,1186.17,1373.56,1179.95,1366316891
2021-05-11,1186.17,1105.39,1195.14,1096.43,1296159627
2021-05-12,1105.39,955.87,1110.77,950.49,1145572038
2021-05-13,955.87,1047.32,1052.69,950.51,1186903628
2021-05-14,1047.32,971.35,1056.52,962.16,1315963618
2021-05-17,971.35,876.59,977.79,870.15,1246117358
2021-05-18,876.59,847.18,879.89,843.88,1026335384
2021-05-19,847.18,872.01,875.34,843.85,1056341342
2021-05-20,872.01,819.76,875.6,816.17,1205673968
2021-05-21,819.76,949.24,955.5,813.5,1060932024
2021-05-24,949.24,799.78,953.55,795.47,1092471666
2021-05-25,799.78,824.84,834.01,790.62,1357023332
2021-05-26,824.84,768.79,827.35,766.28,1328637688
2021-05-27,768.79,689.97,773.63,685.13,1224083016
2021-05-28,689.97,777.24,781.9,685.31,1343493314
2021-05-31,777.24,692.37,780.92,688.7,1249369872
2021-06-01,692.37,633.83,696.23,629.97,1304014106
2021-06-02,633.83,789.54,795.02,628.36,1289217003
2021-06-03,789.54,851.79,856.34,784.99,1270139020
2021-06-04,851.79,748.04,858.16,741.67,1215870049
2021-06-07,748.04,713.59,750.73,710.9,1150531291
2021-06-08,713.59,861.18,868.4,706.36,1175509714
2021-06-09,861.18,719.53,863.88,716.83,1135763316
2021-06-10,719.53,633.29,723.53,629.29,1264135002
2021-06-11,633.29,750.97,754.53,629.72,1467151029
2021-06-15,750.97,884.64,890.73,744.88,1309139138
2021-06-16,884.64,1187.95,1198.16,874.43,1179518515
2021-06-17,1187.95,926.97,1193.64,921.27,1100746386
2021-06-18,926.97,858.89,931.81,854.04,1232786513
2021-06-21,858.89,809.9,864.09,804.7,1191275751
2021-06-22,809.9,755.02,813.29,751.63,1248189699
2021-06-23,755.02,676.85,758.99,672.88,1247790843
2021-06-24,676.85,716.01,719.43,673.43,1223337946
2021-06-25,716.01,673.8,720.71,669.11,1314383240
2021-06-28,673.8,657.36,676.91,654.25,1208002464
2021-06-29,657.36,777.35,781.32,653.39,1162223899
2021-06-30,777.35,660.39,780.79,656.95,1040551835
2021-07-01,660.39,692.57,696.48,656.48,1168178377
2021-07-02,692.57,1047.53,1056.05,684.06,1154212872
2021-07-05,1047.53,807.44,1051.5,803.48,1148480768
2021-07-06,807.44,887.47,894.47,800.45,1229695967
2021-07-07,887.47,828.71,895.28,820.9,1230319529
2021-07-08,828.71,879.62,884.96,823.36,1404125796
2021-07-09,879.62,947.86,954.68,872.79,1359561890
2021-07-12,947.86,824.75,954.14,818.47,1615373613
2021-07-13,824.75,767.0,828.63,763.12,1451901861
2021-07-14,767.0,899.38,904.19,762.18,1510519236
2021-07-15,899.38,810.26,905.57,804.06,1460748646
2021-07-16,810.26,933.14,938.56,804.83,1416281972
2021-07-19,933.14,847.97,938.15,842.95,1331998551
2021-07-20,847.97,828.33,851.75,824.55,1151103538
2021-07-21,828.33,738.24,832.48,734.09,1387451802
2021-07-22,738.24,702.41,741.22,699.43,1539405386
2021-07-23,702.41,871.16,876.53,697.03,1741897727
2021-07-26,871.16,1426.54,1449.03,848.67,1749251285
2021-07-27,1426.54,1964.64,1996.5,1394.69,1843554320
2021-07-28,1964.64,1602.0,1983.91,1582.73,1578038076
2021-07-29,1602.0,1284.66,1611.62,1275.04,1408568948
2021-07-30,1284.66,1328.36,1336.52,1276.5,1519680701
2021-08-02,1328.36,1298.81,1344.89,1282.28,1734966758
2021-08-03,1298.81,1310.89,1318.85,1290.85,1623277664
2021-08-04,1310.89,1130.52,1318.6,1122.8,1419576665
2021-08-05,1130.52,1218.4,1225.89,1123.03,1433860143
2021-08-06,1218.4,1267.58,1274.99,1210.99,1349945304
2021-08-09,1267.58,1170.97,1277.43,1161.12,1445659449
2021-08-10,1170.97,1041.25,1178.15,1034.07,1417900056
2021-08-11,1041.25,1088.5,1093.49,1036.25,1548828238
2021-08-12,1088.5,1141.53,1147.41,1082.61,1506705006
2021-08-13,1141.53,1251.79,1259.89,1133.42,1460271448
2021-08-16,1251.79,1254.75,1260.54,1246.0,1474838195
2021-08-17,1254.75,1759.91,1780.44,1234.22,1628162765
2021-08-18,1759.91,1358.61,1769.16,1349.35,1537790334
2021-08-19,1358.61,1314.12,1367.05,1305.68,1533720321
2021-08-20,1314.12,1557.31,1571.32,1300.11,1475406957
2021-08-23,1557.31,1260.68,1566.16,1251.83,1484779016
2021-08-24,1260.68,1110.57,1267.72,1103.53,1646218982
2021-08-25,1110.57,1043.66,1115.57,1038.66,1607480133
2021-08-26,1043.66,1235.03,1245.38,1033.31,1751789826
2021-08-27,1235.03,1118.91,1241.93,1112.01,1660777703
2021-08-30,1118.91,1126.23,1133.09,1112.05,1890073753
2021-08-31,1126.23,1185.36,1194.75,1116.84,1923733962
2021-09-01,1185.36,1232.84,1246.81,1171.39,2432787052
2021-09-02,1232.84,1132.93,1239.33,1126.43,2031773228
2021-09-03,1132.93,1175.87,1183.94,1124.86,2198145014
2021-09-06,1175.87,1055.93,1186.22,1045.58,1929927304
2021-09-07,1055.93,960.16,1063.0,953.09,1980294035
2021-09-08,960.16,1020.94,1026.67,954.43,2132336366
2021-09-09,1020.94,961.49,1026.04,956.38,2140508945
2021-09-10,961.49,926.38,967.76,920.1,2266081143
2021-09-13,926.38,957.06,963.11,920.33,2025023004
2021-09-14,957.06,1067.19,1075.93,948.31,2077265987
2021-09-15,1067.19,1131.02,1136.95,1061.26,1728141918
2021-09-16,1131.02,1373.71,1384.6,1120.13,1959416170
2021-09-17,1373.71,1169.64,1383.24,1160.11,1783699718
2021-09-22,1169.64,1159.78,1177.5,1151.92,1610308599
2021-09-23,1159.78,1025.1,1164.86,1020.02,1857833444
2021-09-24,1025.1,1057.63,1064.92,1017.81,1740371507
2021-09-27,1057.63,1119.34,1129.65,1047.33,1815794663
2021-09-28,1119.34,1056.68,1125.72,1050.3,1490047958
2021-09-29,1056.68,1289.86,1298.85,1047.69,1570774171
2021-09-30,1289.86,1084.96,1295.1,1079.72,1329076105
2021-10-08,1084.96,1015.42,1091.03,1009.34,1465088815
2021-10-11,1015.42,1013.28,1020.98,1007.71,1406037742
2021-10-12,1013.28,1247.06,1258.33,1002.01,1440199208
2021-10-13,1247.06,1056.59,1254.87,1048.78,1172934485
2021-10-14,1056.59,1058.35,1062.8,1052.15,1097150083
2021-10-15,1058.35,939.1,1063.98,933.47,1255849120
2021-10-18,939.1,1000.27,1006.74,932.62,1255726979
2021-10-19,1000.27,884.54,1004.48,880.33,1217340710
2021-10-20,884.54,956.88,960.83,880.59,1253572899
2021-10-21,956.88,909.08,961.49,904.47,1284968242
2021-10-22,909.08,848.58,913.51,844.16,1284819086
2021-10-25,848.58,787.55,852.35,783.78,1213414782
2021-10-26,787.55,881.71,885.68,783.57,1265296387
2021-10-27,881.71,995.56,1000.64,876.63,1309251967
2021-10-28,995.56,1093.3,1099.17,989.69,1359443609
2021-10-29,1093.3,915.3,1099.31,909.28,1330543184
2021-11-01,915.3,931.27,936.39,910.18,1424481838
2021-11-02,931.27,1137.96,1148.51,920.71,1553538702
2021-11-03,1137.96,1115.64,1143.97,1109.62,1185005106
2021-11-04,1115.64,943.28,1119.01,939.91,1199848302
2021-11-05,943.28,1053.38,1058.21,938.46,1350608246
2021-11-08,1053.38,926.62,1056.9,923.11,1197634493
2021-11-09,926.62,887.23,930.45,883.4,1130785607
2021-11-10,887.23,1001.25,1007.9,880.59,1263146243
2021-11-11,1001.25,899.69,1007.43,893.51,1379577966
2021-11-12,899.69,874.29,902.5,871.48,1275546030
2021-11-15,874.29,917.3,921.14,870.45,1260451672
2021-11-16,917.3,931.24,934.95,913.59,1265295383
2021-11-17,931.24,832.7,934.0,829.93,1139247214
2021-11-18,832.7,932.18,935.68,829.21,1251121560
2021-11-19,932.18,819.57,936.86,814.89,1294986427
2021-11-22,819.57,749.47,822.82,746.21,1346887684
2021-11-23,749.47,729.28,751.64,727.12,1427447076
2021-11-24,729.28,717.7,731.72,715.26,1349703193
2021-11-25,717.7,798.29,800.44,715.55,1226227639
2021-11-26,798.29,876.47,879.55,795.21,1224889309
2021-11-29,876.47,826.77,880.43,822.81,1295233148
2021-11-30,826.77,861.96,866.08,822.64,1350276347
2021-12-01,861.96,782.29,864.49,779.75,1289441636
2021-12-02,782.29,802.77,805.73,779.32,1394625614
2021-12-03,802.77,696.11,805.75,693.13,1370032033
2021-12-06,696.11,904.04,909.33,690.83,1555716817
2021-12-07,904.04,891.06,909.34,885.77,1510691410
2021-12-08,891.06,868.76,896.29,863.54,1346795818
2021-12-09,868.76,835.03,874.75,829.04,1657973654
2021-12-10,835.03,869.29,872.0,832.32,1566955762
2021-12-13,869.29,745.72,872.8,742.21,1646347949
2021-12-14,745.72,832.69,834.93,743.47,1411813504
2021-12-15,832.69,907.49,911.51,828.67,1408931817
2021-12-16,907.49,752.47,910.17,749.79,1415865422
2021-12-17,752.47,943.49,948.96,747.0,1503077882
2021-12-20,943.49,1246.12,1256.27,933.35,1540845999
2021-12-21,1246.12,942.03,1250.29,937.85,1441053909
2021-12-22,942.03,865.58,944.61,862.99,1445582888
2021-12-23,865.58,766.83,868.27,764.14,1401408289
2021-12-24,766.83,904.07,909.14,761.77,1432201241
2021-12-27,904.07,918.69,922.38,900.37,1233394298
2021-12-28,918.69,797.59,921.73,794.55,1239833383
2021-12-29,797.59,950.26,955.24,792.61,1162758855
2021-12-30,950.26,816.08,954.45,811.89,1224454625
2021-12-31,816.08,725.13,818.24,722.96,1257335568
2022-01-04,725.13,937.45,944.56,718.02,1580252282
2022-01-05,937.45,1200.55,1209.16,928.84,1689273565
2022-01-06,1200.55,1190.1,1207.27,1183.38,1479570808
2022-01-07,1190.1,1155.03,1195.45,1149.68,1709124772
2022-01-10,1155.03,1042.63,1161.11,1036.54,1407847995
2022-01-11,1042.63,1193.59,1200.21,1036.01,1406862535
2022-01-12,1193.59,1035.38,1197.79,1031.17,1365049665
2022-01-13,1035.38,1305.43,1314.49,1026.32,1435121312
2022-01-14,1305.43,1239.14,1311.73,1232.84,1474854104
2022-01-17,1239.14,1063.17,1244.41,1057.9,1307518970
2022-01-18,1063.17,1012.91,1069.46,1006.61,1529027339
2022-01-19,1012.91,1143.09,1150.32,1005.68,1352987077
2022-01-20,1143.09,1129.87,1149.81,1123.15,1529850212
2022-01-21,1129.87,1227.04,1232.91,1124.0,1293449794
2022-01-24,1227.04,1095.13,1232.94,1089.23,1098709264
2022-01-25,1095.13,1495.14,1510.01,1080.26,1292399610
2022-01-26,1495.14,1214.42,1502.59,1206.97,1050669463
2022-01-27,1214.42,1521.63,1535.66,1200.38,1125164304
2022-01-28,1521.63,1564.93,1579.64,1506.92,1141553674
2022-02-07,1564.93,1307.76,1572.86,1299.83,1247063043
2022-02-08,1307.76,1376.76,1390.88,1293.63,1373381526
2022-02-09,1376.76,1199.48,1384.21,1192.03,1367124701
2022-02-10,1199.48,1239.08,1246.52,1192.04,1341538740
2022-02-11,1239.08,1382.67,1391.27,1230.49,1413802037
2022-02-14,1382.67,1487.23,1496.99,1372.91,1254163856
2022-02-15,1487.23,1279.61,1494.7,1272.13,1090720847
2022-02-16,1279.61,1176.52,1283.47,1172.66,1057930049
2022-02-17,1176.52,1119.79,1181.77,1114.54,1156001787
2022-02-18,1119.79,1079.59,1125.15,1074.23,1118843200
2022-02-21,1079.59,1123.46,1127.73,1075.31,1212214125
2022-02-22,1123.46,1269.97,1276.24,1117.19,1276470307
2022-02-23,1269.97,1091.44,1277.21,1084.2,1271245877
2022-02-24,1091.44,1471.94,1488.65,1074.73,1845499914
2022-02-25,1471.94,1186.52,1478.53,1179.93,1385644691
2022-02-28,1186.52,1042.65,1191.74,1037.43,1256917643
2022-03-01,1042.65,976.41,1046.92,972.14,1202860440
2022-03-02,976.41,1050.08,1054.12,972.37,1182843875
2022-03-03,1050.08,1129.31,1135.6,1043.79,1447037645
2022-03-04,1129.31,1244.85,1252.32,1121.84,1375116734
2022-03-07,1244.85,1922.33,1943.29,1223.9,1442947703
2022-03-08,1922.33,2283.63,2313.09,1892.87,1552390646
2022-03-09,2283.63,2251.18,2333.52,2201.29,1726836798
2022-03-10,2251.18,1784.84,2261.04,1774.97,1390882813
2022-03-11,1784.84,1696.07,1807.16,1673.76,1409604582
2022-03-14,1696.07,2133.66,2155.11,1674.62,1258314841
2022-03-15,2133.66,2866.28,2917.18,2082.77,1729662920
2022-03-16,2866.28,1998.83,2911.18,1953.94,1691240797
2022-03-17,1998.83,1669.23,2013.64,1654.43,1628724161
2022-03-18,1669.23,1508.99,1681.86,1496.36,1415105443
2022-03-21,1508.99,1488.59,1518.89,1478.68,1344146126
2022-03-22,1488.59,1530.54,1538.83,1480.31,1336045712
2022-03-23,1530.54,1452.59,1537.74,1445.39,1275976976
2022-03-24,1452.59,1557.88,1566.69,1443.78,1212689375
2022-03-25,1557.88,1751.32,1765.6,1543.59,1219329188
2022-03-28,1751.32,1733.62,1765.45,1719.5,1257936113
2022-03-29,1733.62,1818.79,1829.23,1723.18,1167240961
2022-03-30,1818.79,1488.18,1831.99,1474.98,1372203788
2022-03-31,1488.18,1600.4,1607.72,1480.85,1460135208
2022-04-01,1600.4,1394.49,1612.24,1382.64,1408059294
2022-04-06,1394.49,1441.21,1449.26,1386.44,1573289730
2022-04-07,1441.21,1628.64,1640.8,1429.05,1459159322
2022-04-08,1628.64,1449.1,1638.79,1438.94,1458871040
2022-04-11,1449.1,1834.53,1855.41,1428.22,1480974143
2022-04-12,1834.53,1459.38,1849.22,1444.69,1442160937
2022-04-13,1459.38,1546.73,1556.8,1449.31,1351869429
2022-04-14,1546.73,1342.45,1556.02,1333.16,1287903738
2022-04-15,1342.45,1386.91,1395.97,1333.39,1383849734
2022-04-18,1386.91,1354.27,1397.39,1343.79,1195800450
2022-04-19,1354.27,1416.83,1426.82,1344.29,1152198722
2022-04-20,1416.83,1708.01,1722.74,1402.1,1244299153
2022-04-21,1708.01,2101.62,2127.04,1682.59,1354603015
2022-04-22,2101.62,1799.53,2116.63,1784.51,1203621453
2022-04-25,1799.53,2766.76,2809.85,1756.43,1561779897
2022-04-26,2766.76,2443.07,2796.4,2413.44,1449610156
2022-04-27,2443.07,2097.83,2480.13,2060.77,1562523388
2022-04-28,2097.83,1966.95,2114.64,1950.13,1372024492
2022-04-29,1966.95,1695.29,1990.31,1671.93,1572990270
2022-05-05,1695.29,1676.87,1707.18,1664.99,1391936570
2022-05-06,1676.87,1967.44,1980.56,1663.75,1208635941
2022-05-09,1967.44,1878.65,1978.98,1867.11,1021083764
2022-05-10,1878.65,1719.09,1902.97,1694.78,1333051186
2022-05-11,1719.09,1538.97,1739.14,1518.92,1568224854
2022-05-12,1538.97,1550.19,1559.63,1529.53,1197336004
2022-05-13,1550.19,1445.57,1557.87,1437.89,1155341047
2022-05-16,1445.57,1540.16,1552.41,1433.32,1207875807
2022-05-17,1540.16,1366.25,1548.34,1358.07,1156815751
2022-05-18,1366.25,1427.3,1434.87,1358.67,1129019124
2022-05-19,1427.3,1318.08,1437.9,1307.48,1202220617
2022-05-20,1318.08,1142.8,1325.15,1135.73,1383404746
2022-05-23,1142.8,1164.52,1170.37,1136.95,1276058594
2022-05-24,1164.52,1507.08,1524.72,1146.87,1473809647
2022-05-25,1507.08,1210.87,1513.08,1204.86,1150567793
2022-05-26,1210.87,1112.74,1220.46,1103.14,1274334958
2022-05-27,1112.74,1067.85,1120.57,1060.02,1215896447
2022-05-30,1067.85,980.46,1072.57,975.74,1168872304
2022-05-31,980.46,895.32,988.82,886.96,1333874552
2022-06-01,895.32,925.25,929.44,891.14,1251037855
2022-06-02,925.25,854.24,930.74,848.75,1250211291
2022-06-06,854.24,814.81,863.04,806.01,1556088772
2022-06-07,814.81,810.01,818.95,805.87,1446800592
2022-06-08,810.01,722.1,815.56,716.56,1533005026
2022-06-09,722.1,884.84,891.58,715.36,1495850351
2022-06-10,884.84,809.02,893.06,800.8,1585579606
2022-06-13,809.02,928.95,934.34,803.64,1572739182
2022-06-14,928.95,880.04,939.72,869.28,1629322216
2022-06-15,880.04,866.05,889.14,856.95,2052019507
2022-06-16,866.05,854.34,871.73,848.65,1624428035
2022-06-17,854.34,777.63,862.1,769.88,1473001570
2022-06-20,777.63,741.54,782.6,736.58,1538262356
2022-06-21,741.54,803.5,809.18,735.85,1531995343
2022-06-22,803.5,936.8,942.96,797.34,1446292355
2022-06-23,936.8,791.25,943.83,784.22,1553209031
2022-06-24,791.25,703.16,795.3,699.1,1558991092
2022-06-27,703.16,636.06,706.48,632.74,1618508177
2022-06-28,636.06,598.39,641.05,593.4,1620965278
2022-06-29,598.39,799.05,805.81,591.63,1732439270
2022-06-30,799.05,689.14,804.88,683.31,1488935742
2022-07-01,689.14,761.86,765.72,685.28,1362957011
2022-07-04,761.86,643.58,766.48,638.96,1381363538
2022-07-05,643.58,696.76,702.64,637.7,1535301255
2022-07-06,696.76,832.64,839.91,689.49,1445567856
2022-07-07,832.64,677.45,837.07,673.02,1311637647
2022-07-08,677.45,739.41,743.59,673.27,1286651202
2022-07-11,739.41,902.96,909.49,732.88,1339442974
2022-07-12,902.96,1015.26,1023.02,895.2,1294712849
2022-07-13,1015.26,828.8,1020.38,823.69,1295697811
2022-07-14,828.8,752.56,834.45,746.92,1386158513
2022-07-15,752.56,970.44,979.05,743.96,1474913113
2022-07-18,970.44,836.99,977.33,830.09,1339460614
2022-07-19,836.99,870.68,875.33,832.33,1257462529
2022-07-20,870.68,756.22,873.43,753.47,1178222817
2022-07-21,756.22,867.57,872.39,751.39,1303309847
2022-07-22,867.57,896.23,902.89,860.9,1195385393
2022-07-25,896.23,1014.34,1019.2,891.36,1075825640
2022-07-26,1014.34,864.36,1019.16,859.54,1048737438
2022-07-27,864.36,892.7,895.74,861.32,1045450126
2022-07-28,892.7,853.76,896.77,849.69,1234449598
2022-07-29,853.76,1104.47,1112.62,845.61,1258369181
2022-08-01,1104.47,949.77,1111.67,942.56,1180083650
2022-08-02,949.77,1287.81,1299.36,938.22,1575626603
2022-08-03,1287.81,1367.01,1380.7,1274.11,1331727173
2022-08-04,1367.01,1128.98,1373.0,1122.99,1068575904
2022-08-05,1128.98,992.04,1136.31,984.7,1152769836
2022-08-08,992.04,982.62,995.53,979.12,1057617301
2022-08-09,982.62,891.15,986.15,887.62,1048134423
2022-08-10,891.15,1024.56,1030.58,885.13,1055455664
2022-08-11,1024.56,915.15,1031.42,908.29,1270642189
2022-08-12,915.15,963.7,967.23,911.63,1230973843
2022-08-15,963.7,927.37,968.16,922.92,1174938446
2022-08-16,927.37,896.57,931.12,892.83,1200413851
2022-08-17,896.57,805.53,901.34,800.77,1302250077
2022-08-18,805.53,885.09,888.41,802.22,1213692340
2022-08-19,885.09,1003.98,1009.61,879.46,1321005534
2022-08-22,1003.98,857.77,1008.92,852.83,1225176989
2022-08-23,857.77,874.22,877.71,854.28,1193196801
2022-08-24,874.22,1314.16,1328.91,859.47,1402630730
2022-08-25,1314.16,1038.72,1321.88,1031.0,1266586292
2022-08-26,1038.72,1064.25,1069.57,1033.4,1140551084
2022-08-29,1064.25,1031.41,1070.03,1025.62,1082437215
2022-08-30,1031.41,1127.99,1133.61,1025.78,1101081939
2022-08-31,1127.99,1257.13,1267.29,1117.82,1329612552
2022-09-01,1257.13,1358.67,1366.62,1249.18,1058473444
2022-09-02,1358.67,1335.78,1365.18,1329.27,969437658
2022-09-05,1335.78,1315.09,1341.63,1309.24,1025780549
2022-09-06,1315.09,1148.84,1321.81,1142.13,1163812353
2022-09-07,1148.84,1080.13,1154.66,1074.31,1134018761
2022-09-08,1080.13,1214.32,1219.22,1075.23,1068728187
2022-09-09,1214.32,1075.89,1220.14,1070.06,1111671453
2022-09-13,1075.89,1021.94,1079.81,1018.02,1067250804
2022-09-14,1021.94,1132.61,1137.83,1016.73,973586339
2022-09-15,1132.61,1519.51,1537.48,1114.65,1259551234
2022-09-16,1519.51,1826.64,1843.32,1502.83,1235321764
2022-09-19,1826.64,1636.56,1836.64,1626.55,961400378
2022-09-20,1636.56,1439.69,1643.46,1432.79,870046148
2022-09-21,1439.69,1501.48,1509.58,1431.59,914554065
2022-09-22,1501.48,1570.95,1579.33,1493.1,878286176
2022-09-23,1570.95,1755.31,1769.1,1557.16,962539390
2022-09-26,1755.31,1862.33,1877.83,1739.81,1002754792
2022-09-27,1862.33,1594.66,1873.74,1583.25,907662195
2022-09-28,1594.66,1921.65,1934.91,1581.4,895705825
2022-09-29,1921.65,1773.4,1933.81,1761.23,889085724
2022-09-30,1773.4,1882.58,1894.2,1761.78,801262591
2022-10-10,1882.58,2458.52,2484.84,1856.26,939913536
2022-10-11,2458.52,2031.49,2468.29,2021.72,812136650
2022-10-12,2031.49,1864.94,2059.87,1836.56,1006099784
2022-10-13,1864.94,1861.43,1876.38,1849.99,994086401
2022-10-14,1861.43,1596.74,1877.4,1580.77,1121554800
2022-10-17,1596.74,1488.21,1604.44,1480.51,1051753824
2022-10-18,1488.21,1496.64,1503.98,1480.87,986204280
2022-10-19,1496.64,1624.74,1634.56,1486.83,922908335
2022-10-20,1624.74,1700.97,1717.19,1608.53,980514744
2022-10-21,1700.97,1642.07,1709.43,1633.62,965692473
2022-10-24,1642.07,2283.12,2315.98,1609.22,1197510655
2022-10-25,2283.12,2084.22,2302.1,2065.25,1064627195
2022-10-26,2084.22,1823.8,2102.14,1805.88,1177478032
2022-10-27,1823.8,1919.19,1931.31,1811.68,1152844922
2022-10-28,1919.19,2487.5,2513.53,1893.16,1203222118
2022-10-31,2487.5,2232.53,2505.75,2214.27,1224332520
2022-11-01,2232.53,1860.64,2255.93,1837.23,1324331568
2022-11-02,1860.64,1627.87,1876.94,1611.56,1342428456
2022-11-03,1627.87,1667.48,1676.49,1618.86,1084620263
2022-11-04,1667.48,1439.59,1686.68,1420.39,1356863143
2022-11-07,1439.59,1351.36,1447.17,1343.79,1294032690
2022-11-08,1351.36,1438.74,1446.92,1343.18,1049633842
2022-11-09,1438.74,1522.05,1529.79,1431.0,993156561
2022-11-10,1522.05,1570.51,1579.08,1513.49,1133147031
2022-11-11,1570.51,1314.29,1581.88,1302.92,1733957316
2022-11-14,1314.29,1319.46,1328.95,1304.79,1514683716
2022-11-15,1319.46,1150.87,1331.0,1139.33,1400259147
2022-11-16,1150.87,1241.09,1247.51,1144.45,1234992558
2022-11-17,1241.09,1252.3,1259.25,1234.14,1152586652
2022-11-18,1252.3,1303.73,1309.7,1246.33,1243247633
2022-11-21,1303.73,1364.19,1370.31,1297.61,1059117889
2022-11-22,1364.19,1340.01,1372.95,1331.25,1279183438
2022-11-23,1340.01,1285.2,1347.87,1277.35,1251285169
2022-11-24,1285.2,1360.53,1367.13,1278.6,1020932680
2022-11-25,1360.53,1303.9,1366.71,1297.73,1197992968
2022-11-28,1303.9,1464.28,1473.95,1294.23,1157572808
2022-11-29,1464.28,1251.12,1474.91,1240.48,1505972031
2022-11-30,1251.12,1200.9,1255.96,1196.06,1432594665
2022-12-01,1200.9,1099.45,1206.17,1094.18,1502436180
2022-12-02,1099.45,1172.58,1177.3,1094.73,1179296372
2022-12-05,1172.58,1053.93,1177.46,1049.05,1674915946
2022-12-06,1053.93,990.67,1059.81,984.79,1408066698
2022-12-07,990.67,1026.45,1032.15,984.97,1333712725
2022-12-08,1026.45,1000.89,1029.67,997.67,1210383366
2022-12-09,1000.89,886.38,1005.54,881.73,1441923198
2022-12-12,886.38,984.3,987.88,882.8,1258029393
2022-12-13,984.3,1029.72,1033.2,980.81,1092101421
2022-12-14,1029.72,977.87,1033.8,973.8,1050985285
2022-12-15,977.87,937.62,981.74,933.75,977596643
2022-12-16,937.62,960.62,964.36,933.87,1028441142
2022-12-19,960.62,1437.58,1451.16,947.04,1084386258
2022-12-20,1437.58,1564.81,1574.4,1427.99,860495715
2022-12-21,1564.81,1371.1,1570.53,1365.38,757112716
2022-12-22,1371.1,1433.42,1443.24,1361.28,890557395
2022-12-23,1433.42,1499.52,1506.69,1426.25,763565690
2022-12-26,1499.52,1300.9,1506.23,1294.19,812514666
2022-12-27,1300.9,1141.99,1305.91,1136.97,877833970
2022-12-28,1141.99,1231.16,1235.27,1137.87,904302993
2022-12-29,1231.16,1284.6,1289.9,1225.87,848376029
2022-12-30,1284.6,1178.14,1287.84,1174.9,843875908
2023-01-03,1178.14,1124.0,1186.35,1115.79,1102455414
2023-01-04,1124.0,1096.01,1128.37,1091.63,1094248238
2023-01-05,1096.01,1005.23,1102.24,999.0,1085762286
2023-01-06,1005.23,926.07,1009.32,921.99,1074374027
2023-01-09,926.07,895.48,929.2,892.35,1045481652
2023-01-10,895.48,873.66,898.51,870.63,950648527
2023-01-11,873.66,945.44,949.77,869.33,961715829
2023-01-12,945.44,831.31,948.07,828.68,904634939
2023-01-13,831.31,743.05,834.43,739.93,909511067
2023-01-16,743.05,790.35,797.69,735.71,1243392168
2023-01-17,790.35,762.11,792.67,759.79,920622211
2023-01-18,762.11,730.54,764.05,728.6,858899592
2023-01-19,730.54,647.74,733.86,644.41,921941900
2023-01-20,647.74,571.4,649.41,569.73,1090251799
2023-01-30,571.4,655.44,659.72,567.11,1451434734
2023-01-31,655.44,753.55,757.28,651.71,1226208760
2023-02-01,753.55,652.54,757.13,648.97,1388398048
2023-02-02,652.54,677.48,680.08,649.95,1347637450
2023-02-03,677.48,814.65,819.56,672.57,1197305389
2023-02-06,814.65,906.3,910.15,810.8,1110664878
2023-02-07,906.3,764.37,908.88,761.79,1058371454
2023-02-08,764.37,896.7,900.34,760.73,1012976890
2023-02-09,896.7,842.75,902.78,836.66,1085121916
2023-02-10,842.75,936.29,940.22,838.82,1104504549
2023-02-13,936.29,826.43,940.35,822.37,1243998004
2023-02-14,826.43,768.66,828.93,766.17,1125672805
2023-02-15,768.66,852.53,855.66,765.54,1180846484
2023-02-16,852.53,1219.9,1232.44,839.99,1586565530
2023-02-17,1219.9,1406.65,1416.13,1210.42,1171151418
2023-02-20,1406.65,1204.74,1417.58,1193.81,1349834283
2023-02-21,1204.74,1030.58,1208.84,1026.48,1306549450
2023-02-22,1030.58,1085.91,1089.48,1027.01,1024727614
2023-02-23,1085.91,1064.15,1090.41,1059.65,1054508097
2023-02-24,1064.15,1159.91,1165.66,1058.4,944168278
2023-02-27,1159.91,1221.29,1225.82,1155.38,951844997
2023-02-28,1221.29,1050.62,1226.17,1045.74,1096410157
2023-03-01,1050.62,960.93,1056.44,955.11,1407552016
2023-03-02,960.93,1081.56,1084.73,957.76,1422524132
2023-03-03,1081.56,944.25,1085.2,940.61,1410964911
2023-03-06,944.25,1005.71,1010.47,939.49,1396912028
2023-03-07,1005.71,1316.55,1326.33,995.94,1601668519
2023-03-08,1316.55,1230.96,1320.22,1227.29,1096253473
2023-03-09,1230.96,1266.94,1272.1,1225.8,1128477953
2023-03-10,1266.94,1416.38,1422.72,1260.61,1218803021
2023-03-13,1416.38,1357.32,1422.7,1351.0,1288818160
2023-03-14,1357.32,1504.08,1514.2,1347.19,1385860858
2023-03-15,1504.08,1385.66,1509.93,1379.8,1274076776
2023-03-16,1385.66,1648.71,1657.04,1377.33,1363755623
2023-03-17,1648.71,1552.19,1658.3,1542.6,1517178142
2023-03-20,1552.19,1658.1,1666.58,1543.71,1678881560
2023-03-21,1658.1,1406.5,1663.98,1400.62,1336188744
2023-03-22,1406.5,1269.86,1410.68,1265.67,1405778810
2023-03-23,1269.86,1170.16,1276.21,1163.81,1433818262
2023-03-24,1170.16,1210.58,1213.92,1166.82,1522495200
2023-03-27,1210.58,1272.08,1277.91,1204.74,1598467298
2023-03-28,1272.08,1373.78,1379.35,1266.51,1382986478
2023-03-29,1373.78,1269.36,1379.11,1264.03,1333720722
2023-03-30,1269.36,1156.25,1275.43,1150.19,1338476442
2023-03-31,1156.25,1070.74,1159.93,1067.06,1311500047
2023-04-03,1070.74,959.22,1075.51,954.46,1666440308
2023-04-04,959.22,990.63,994.56,955.29,1750930090
2023-04-06,990.63,962.94,994.27,959.3,1489285446
2023-04-07,962.94,861.18,966.52,857.61,1334929750
2023-04-10,861.18,976.4,981.1,856.48,1540261982
2023-04-11,976.4,974.18,980.44,970.15,1441129236
2023-04-12,974.18,921.99,977.18,919.0,1554664056
2023-04-13,921.99,996.93,1000.81,918.11,1564479598
2023-04-14,996.93,849.54,1000.52,845.94,1473649516
2023-04-17,849.54,797.81,853.67,793.68,1643391342
2023-04-18,797.81,752.33,800.49,749.65,1475033026
2023-04-19,752.33,836.94,840.29,748.98,1482555774
2023-04-20,836.94,871.1,874.94,833.09,1524994796
2023-04-21,871.1,1319.25,1331.86,858.48,1677560934
2023-04-24,1319.25,1339.28,1348.19,1310.34,1532108586
2023-04-25,1339.28,1509.22,1521.96,1326.55,1643136482
2023-04-26,1509.22,1394.39,1517.61,1386.01,1555201720
2023-04-27,1394.39,1233.91,1401.59,1226.71,1467598318
2023-04-28,1233.91,1078.43,1239.49,1072.85,1653331604
2023-05-04,1078.43,1055.42,1083.88,1049.96,1937021042
2023-05-05,1055.42,1173.68,1180.18,1048.92,1756208560
2023-05-08,1173.68,1047.39,1179.57,1041.5,2023953726
2023-05-09,1047.39,1243.34,1252.01,1038.72,2187109518
2023-05-10,1243.34,1257.1,1263.99,1236.45,1736897274
2023-05-11,1257.1,1230.93,1261.62,1226.41,1413462722
2023-05-12,1230.93,1402.94,1411.77,1222.09,1383030922
2023-05-15,1402.94,1274.41,1413.07,1264.28,1535661160
2023-05-16,1274.41,1315.18,1320.52,1269.07,1303208256
2023-05-17,1315.18,1339.76,1344.7,1310.24,1167518298
2023-05-18,1339.76,1309.37,1345.59,1303.53,1321471318
2023-05-19,1309.37,1342.98,1348.76,1303.58,1221859462
2023-05-22,1342.98,1245.21,1349.12,1239.07,1152140250
2023-05-23,1245.21,1434.47,1442.48,1237.2,1180873025
2023-05-24,1434.47,1524.66,1532.24,1426.9,1249170812
2023-05-25,1524.66,1559.72,1568.0,1516.38,1253541004
2023-05-26,1559.72,1421.65,1567.34,1414.03,1133340626
2023-05-29,1421.65,1502.64,1510.72,1413.58,1314719780
2023-05-30,1502.64,1418.13,1512.01,1408.76,1345167548
2023-05-31,1418.13,1513.18,1520.56,1410.75,1283958282
2023-06-01,1513.18,1391.21,1521.41,1382.98,1377995110
2023-06-02,1391.21,1252.19,1396.82,1246.58,1306037770
2023-06-05,1252.19,1308.66,1313.5,1247.35,1212182190
2023-06-06,1308.66,1538.48,1549.67,1297.47,1331629632
2023-06-07,1538.48,1485.11,1545.13,1478.45,1092687766
2023-06-08,1485.11,1371.3,1492.73,1363.67,1226939834
2023-06-09,1371.3,1244.22,1376.39,1239.13,1359168210
2023-06-12,1244.22,1221.21,1249.83,1215.6,1328814660
2023-06-13,1221.21,1131.5,1225.65,1127.06,1229530194
2023-06-14,1131.5,1195.83,1199.46,1127.87,1336790924
2023-06-15,1195.83,1091.65,1201.75,1085.73,1368462992
2023-06-16,1091.65,976.16,1096.13,971.68,1392273408
2023-06-19,976.16,1082.85,1086.7,972.31,1402638942
2023-06-20,1082.85,1085.32,1088.55,1079.61,1324773054
2023-06-21,1085.32,1358.82,1369.0,1075.14,1503958736
2023-06-26,1358.82,1468.26,1477.24,1349.84,1543397633
2023-06-27,1468.26,1170.7,1474.7,1164.26,1368174731
2023-06-28,1170.7,1179.51,1186.28,1163.92,1379323570
2023-06-29,1179.51,1262.36,1267.18,1174.69,1286356793
2023-06-30,1262.36,1132.62,1269.16,1125.83,1360749216
2023-07-03,1132.62,994.09,1137.93,988.78,1579598706
2023-07-04,994.09,926.61,997.88,922.82,1408795552
2023-07-05,926.61,1044.69,1049.35,921.95,1345169792
2023-07-06,1044.69,1124.83,1130.25,1039.27,1286304196
2023-07-07,1124.83,1182.05,1186.85,1120.02,1310106186
2023-07-10,1182.05,1018.18,1186.38,1013.84,1202951641
2023-07-11,1018.18,913.54,1021.57,910.14,1175478210
2023-07-12,913.54,1020.68,1025.49,908.73,1404639153
2023-07-13,1020.68,895.43,1025.4,890.71,1433596460
2023-07-14,895.43,913.4,916.0,892.83,1434438878
2023-07-17,913.4,1023.45,1026.95,909.89,1274702593
2023-07-18,1023.45,1072.2,1075.73,1019.92,1216441700
2023-07-19,1072.2,1078.07,1082.33,1067.94,1100432798
2023-07-20,1078.07,1285.57,1293.65,1069.99,1258961141
2023-07-21,1285.57,1215.07,1291.87,1208.78,1173764603
2023-07-24,1215.07,1282.85,1288.32,1209.6,1092061138
2023-07-25,1282.85,1112.61,1288.52,1106.94,1709258754
2023-07-26,1112.61,1131.69,1135.39,1108.91,1488232421
2023-07-27,1131.69,1240.65,1246.85,1125.49,1503358800
2023-07-28,1240.65,1230.99,1253.4,1218.24,1932564935
2023-07-31,1230.99,1276.03,1284.72,1222.3,2176814831
2023-08-01,1276.03,1273.34,1282.23,1267.15,1973472074
2023-08-02,1273.34,1308.73,1315.11,1266.96,1727899053
2023-08-03,1308.73,1130.06,1314.56,1124.22,1697438385
2023-08-04,1130.06,1073.66,1135.72,1068.01,2147832371
2023-08-07,1073.66,1168.61,1173.36,1068.92,1674359178
2023-08-08,1168.61,1203.78,1209.34,1163.05,1488715947
2023-08-09,1203.78,1251.13,1255.59,1199.31,1314790298
2023-08-10,1251.13,1104.49,1255.1,1100.52,1304230021
2023-08-11,1104.49,1517.73,1531.5,1090.73,1528009206
2023-08-14,1517.73,1434.98,1525.84,1426.87,1402460509
2023-08-15,1434.98,1533.31,1543.69,1424.6,1291468690
2023-08-16,1533.31,1596.07,1604.32,1525.05,1311028883
2023-08-17,1596.07,1449.27,1606.15,1439.19,1365715543
2023-08-18,1449.27,1770.05,1783.38,1435.95,1363826376
2023-08-21,1770.05,1935.12,1947.64,1757.53,1245927052
2023-08-22,1935.12,1727.44,1949.52,1713.03,1503354561
2023-08-23,1727.44,2041.95,2056.36,1713.02,1290540525
2023-08-24,2041.95,1700.0,2054.27,1687.68,1452731028
2023-08-25,1700.0,1779.9,1790.17,1689.73,1436753562
2023-08-28,1779.9,1862.9,1900.52,1742.27,2286266175
2023-08-29,1862.9,1674.01,1881.11,1655.79,1961551118
2023-08-30,1674.01,1577.91,1682.31,1569.61,1743680991
2023-08-31,1577.91,1616.95,1624.07,1570.79,1500674754
2023-09-01,1616.95,1503.7,1623.82,1496.83,1358304140
2023-09-04,1503.7,1330.1,1511.59,1322.21,1678838753
2023-09-05,1330.1,1440.71,1445.94,1324.88,1404781610
2023-09-06,1440.71,1414.32,1446.6,1408.43,1309123687
2023-09-07,1414.32,1572.72,1582.6,1404.43,1349029805
2023-09-08,1572.72,1507.54,1578.62,1501.63,1150583357
2023-09-11,1507.54,1323.89,1516.73,1314.69,1435192233
2023-09-12,1323.89,1377.01,1381.02,1319.87,1174010213
2023-09-13,1377.01,1465.97,1475.31,1367.67,1227474968
2023-09-14,1465.97,1460.95,1472.23,1454.69,1253031524
2023-09-15,1460.95,1463.9,1473.03,1451.82,1330462229
2023-09-18,1463.9,1320.09,1471.31,1312.68,1208400036
2023-09-19,1320.09,1420.26,1425.58,1314.77,1150901386
2023-09-20,1420.26,1535.4,1539.77,1415.89,1060139894
2023-09-21,1535.4,1654.66,1662.11,1527.95,1079878339
2023-09-22,1654.66,1457.09,1667.57,1444.17,1392862416
2023-09-25,1457.09,1525.34,1530.95,1451.48,1264282284
2023-09-26,1525.34,1595.72,1601.25,1519.82,1103679490
2023-09-27,1595.72,1430.37,1602.78,1423.31,1215681407
2023-09-28,1430.37,1418.57,1436.39,1412.55,1204919119
2023-10-09,1418.57,1564.93,1573.46,1410.05,1342830123
2023-10-10,1564.93,1666.88,1675.38,1556.43,1336404764
2023-10-11,1666.88,1497.64,1674.06,1490.46,1384590860
2023-10-12,1497.64,1309.81,1502.74,1304.71,1439451252
2023-10-13,1309.81,1426.4,1431.29,1304.92,1364161694
2023-10-16,1426.4,1615.46,1626.04,1415.82,1396017369
2023-10-17,1615.46,1428.27,1621.48,1422.26,1306802847
2023-10-18,1428.27,1516.72,1523.53,1421.46,1359757173
2023-10-19,1516.72,1814.83,1826.89,1504.66,1486023695
2023-10-20,1814.83,1792.52,1824.0,1783.34,1337587436
2023-10-23,1792.52,2212.89,2230.98,1774.43,1373842899
2023-10-24,2212.89,1802.98,2225.03,1790.84,1514067038
2023-10-25,1802.98,1673.62,1810.96,1665.64,1643286561
2023-10-26,1673.62,1553.86,1682.21,1545.28,1493838833
2023-10-27,1553.86,1495.69,1570.23,1479.33,1658711147
2023-10-30,1495.69,1424.82,1505.89,1414.62,1808873125
2023-10-31,1424.82,1461.68,1467.67,1418.82,1582565547
2023-11-01,1461.68,1437.71,1468.74,1430.64,1385298947
2023-11-02,1437.71,1514.75,1523.33,1429.12,1350722941
2023-11-03,1514.75,1309.99,1521.97,1302.77,1392106874
2023-11-06,1309.99,1174.8,1316.35,1168.45,1912941324
2023-11-07,1174.8,1195.74,1200.12,1170.42,1667936144
2023-11-08,1195.74,1193.67,1201.6,1187.81,1733836027
2023-11-09,1193.67,1204.83,1209.85,1188.65,1592608757
2023-11-10,1204.83,1266.57,1270.75,1200.65,1394450046
2023-11-13,1266.57,1193.8,1271.7,1188.67,1442272293
2023-11-14,1193.8,1095.11,1198.65,1090.26,1498355579
2023-11-15,1095.11,1015.66,1098.73,1012.05,1581088380
2023-11-16,1015.66,1124.53,1129.53,1010.67,1382294310
2023-11-17,1124.53,1046.03,1128.05,1042.52,1349227040
2023-11-20,1046.03,939.1,1050.81,934.32,1480448718
2023-11-21,939.1,943.06,947.8,934.37,1690402286
2023-11-22,943.06,1049.75,1054.48,938.33,1486533340
2023-11-23,1049.75,914.2,1053.85,910.09,1381416994
2023-11-24,914.2,989.59,993.69,910.1,1409345387
2023-11-27,989.59,1047.11,1051.9,984.8,1446010165
2023-11-28,1047.11,916.75,1050.82,913.05,1273917746
2023-11-29,916.75,998.57,1002.61,912.71,1324112374
2023-11-30,998.57,906.8,1001.88,903.49,1327289672
2023-12-01,906.8,939.37,944.33,901.84,1421783879
2023-12-04,939.37,1021.17,1025.29,935.25,1423965526
2023-12-05,1021.17,1387.89,1397.17,1011.9,1390924252
2023-12-06,1387.89,1159.49,1394.48,1152.91,1417790687
2023-12-07,1159.49,1189.15,1194.68,1153.96,1391810137
2023-12-08,1189.15,1064.65,1194.16,1059.63,1665544636
2023-12-11,1064.65,1172.94,1185.12,1052.47,1648095233
2023-12-12,1172.94,1073.41,1176.61,1069.75,1341945196
2023-12-13,1073.41,1236.41,1243.47,1066.36,1275743551
2023-12-14,1236.41,1298.68,1306.66,1228.43,1216633286
2023-12-15,1298.68,1382.35,1390.95,1290.08,1280077932
2023-12-18,1382.35,1453.12,1461.06,1374.41,1252329900
2023-12-19,1453.12,1330.7,1459.33,1324.5,1134944012
2023-12-20,1330.7,1554.55,1563.47,1321.78,1178473167
2023-12-21,1554.55,1420.51,1565.25,1409.81,1295994059
2023-12-22,1420.51,1455.24,1464.03,1411.72,1398861703
2023-12-25,1455.24,1338.37,1460.09,1333.52,1052781744
2023-12-26,1338.37,1545.28,1553.23,1330.42,1049511143
2023-12-27,1545.28,1373.14,1551.76,1366.66,1167053759
2023-12-28,1373.14,1394.91,1410.78,1357.27,1603019596
2023-12-29,1394.91,1250.48,1399.98,1245.41,1399728174
2024-01-02,1250.48,1333.05,1339.62,1243.91,1394591929
2024-01-03,1333.05,1342.15,1348.78,1326.43,1303160999
2024-01-04,1342.15,1449.03,1457.64,1333.54,1213599109
2024-01-05,1449.03,1647.82,1661.8,1435.06,1374062474
2024-01-08,1647.82,1950.73,1964.68,1633.87,1261564629
2024-01-09,1950.73,1633.47,1959.86,1624.33,1243871445
2024-01-10,1633.47,1766.8,1779.52,1620.75,1162830462
2024-01-11,1766.8,1578.5,1778.31,1566.99,1312907085
2024-01-12,1578.5,1670.25,1678.59,1570.16,1240128000
2024-01-15,1670.25,1700.25,1710.54,1659.96,1120065549
2024-01-16,1700.25,1575.72,1709.61,1566.36,1297709627
2024-01-17,1575.72,2087.35,2106.35,1556.72,1206859569
2024-01-18,2087.35,1902.03,2112.49,1876.88,1782971395
2024-01-19,1902.03,1866.4,1912.02,1856.42,1255697286
2024-01-22,1866.4,2579.89,2617.74,1828.55,1619250723
2024-01-23,2579.89,2043.45,2600.25,2023.09,1419381432
2024-01-24,2043.45,1869.7,2067.97,1845.18,1643522987
2024-01-25,1869.7,1626.97,1888.23,1608.43,1922044067
2024-01-26,1626.97,1693.42,1705.24,1615.15,1797876556
2024-01-29,1693.42,1908.79,1926.77,1675.44,1759535524
2024-01-30,1908.79,2165.93,2186.46,1888.26,1450250336
2024-01-31,2165.93,2295.73,2316.06,2145.61,1705586872
2024-02-01,2295.73,2086.75,2317.45,2065.04,1587590875
2024-02-02,2086.75,2689.71,2746.18,2030.29,1912868246
2024-02-05,2689.71,2657.02,2747.39,2599.33,2244563057
2024-02-06,2657.02,2068.84,2711.06,2014.8,2325198612
2024-02-07,2068.84,1669.82,2090.12,1648.55,2529452922
2024-02-08,1669.82,1551.73,1685.6,1535.95,2421285003
2024-02-19,1551.73,1491.46,1563.2,1479.99,2168418583
2024-02-20,1491.46,1434.79,1500.28,1425.97,1671889182
2024-02-21,1434.79,1370.48,1454.6,1350.66,2103839547
2024-02-22,1370.48,1240.22,1377.33,1233.37,1683806464
2024-02-23,1240.22,1180.15,1246.88,1173.49,1860387819
2024-02-26,1180.15,1252.51,1261.5,1171.16,1979917750
2024-02-27,1252.51,1087.91,1262.82,1077.6,1861608025
2024-02-28,1087.91,1345.65,1363.6,1069.95,2661208414
2024-02-29,1345.65,1085.71,1359.04,1072.32,2015288922
2024-03-01,1085.71,987.59,1091.24,982.05,1923300642
2024-03-04,987.59,912.88,992.83,907.63,1931167068
2024-03-05,912.88,919.27,924.49,907.67,1900967975
2024-03-06,919.27,979.72,986.05,912.94,1685218392
2024-03-07,979.72,1067.39,1075.8,971.31,1847935162
2024-03-08,1067.39,927.77,1072.9,922.26,1569893171
2024-03-11,927.77,814.09,934.5,807.36,1800709005
2024-03-12,814.09,789.69,819.13,784.65,2077241255
2024-03-13,789.69,865.79,870.18,785.3,1841548014
2024-03-14,865.79,921.11,928.08,858.82,1804887896
2024-03-15,921.11,803.12,926.3,797.93,1743885747
2024-03-18,803.12,710.33,807.02,706.43,2028524859
2024-03-19,710.33,812.18,816.15,706.36,1901879666
2024-03-20,812.18,712.83,815.0,710.01,1765371048
2024-03-21,712.83,742.4,746.04,709.19,1871508822
2024-03-22,742.4,906.04,912.66,735.78,1968972906
2024-03-25,906.04,986.62,993.53,899.13,1883226602
2024-03-26,986.62,888.7,991.61,883.71,1696947583
2024-03-27,888.7,1186.13,1194.86,879.97,1667734524
2024-03-28,1186.13,999.38,1194.44,991.06,1754880468
2024-03-29,999.38,865.93,1003.62,861.68,1638321011
2024-04-01,865.93,786.77,870.92,781.78,1893118805
2024-04-02,786.77,883.65,887.27,783.14,1849791146
2024-04-03,883.65,944.74,948.89,879.5,1785932417
2024-04-08,944.74,1138.43,1145.72,937.46,1891917380
2024-04-09,1138.43,982.22,1143.31,977.34,1586889835
2024-04-10,982.22,1147.54,1155.57,974.19,1645551445
2024-04-11,1147.54,1067.19,1153.99,1060.74,1600329872
2024-04-12,1067.19,1177.08,1184.18,1060.08,1574697285
2024-04-15,1177.08,1144.03,1188.85,1132.26,2143270568
2024-04-16,1144.03,1404.58,1416.18,1132.43,2107772834
2024-04-17,1404.58,1157.04,1414.54,1147.09,1967682112
2024-04-18,1157.04,1110.93,1165.81,1102.16,1961162314
2024-04-19,1110.93,1184.52,1191.22,1104.22,1759480582
2024-04-22,1184.52,1184.41,1192.87,1176.05,1700813754
2024-04-23,1184.41,1236.7,1243.36,1177.75,1608127329
2024-04-24,1236.7,1106.21,1242.31,1100.6,1547661337
2024-04-25,1106.21,1054.2,1111.99,1048.41,1503566841
2024-04-26,1054.2,1011.78,1063.37,1002.61,2190551622
2024-04-29,1011.78,989.45,1021.37,979.87,2430117004
2024-04-30,989.45,1066.54,1071.09,984.9,2103096561
2024-05-06,1066.54,910.15,1070.7,905.99,2179481768
2024-05-07,910.15,877.34,913.12,874.37,1881922090
2024-05-08,877.34,968.31,972.56,873.08,1687491196
2024-05-09,968.31,831.97,973.38,826.89,1755524578
2024-05-10,831.97,853.82,858.51,827.27,1828420664
2024-05-13,853.82,931.59,936.49,848.92,1819690174
2024-05-14,931.59,918.0,935.59,914.0,1649696439
2024-05-15,918.0,1039.29,1044.33,912.96,1560143152
2024-05-16,1039.29,930.5,1043.7,926.09,1755640287
2024-05-17,930.5,832.18,935.86,826.82,1841200761
2024-05-20,832.18,748.44,835.72,744.9,2041727535
2024-05-21,748.44,847.86,851.25,745.05,1630484411
2024-05-22,847.86,770.96,850.97,767.85,1680509025
2024-05-23,770.96,983.01,989.02,764.95,1730620461
2024-05-24,983.01,1123.05,1130.64,975.42,1512267189
2024-05-27,1123.05,945.89,1129.0,939.94,1559679232
2024-05-28,945.89,1036.24,1041.18,940.94,1509243230
2024-05-29,1036.24,927.47,1040.53,923.17,1448288548
2024-05-30,927.47,1024.71,1030.28,921.89,1477393802
2024-05-31,1024.71,1054.48,1059.02,1020.17,1414463149
2024-06-03,1054.48,1037.66,1060.21,1031.94,1698989908
2024-06-04,1037.66,948.87,1043.3,943.23,1529554122
2024-06-05,948.87,1096.01,1101.37,943.51,1416659995
2024-06-06,1096.01,1248.83,1257.15,1087.69,1795638563
2024-06-07,1248.83,1373.09,1383.14,1238.78,1513125702
2024-06-11,1373.09,1374.92,1384.46,1363.55,1479929527
2024-06-12,1374.92,1277.85,1379.57,1273.21,1394831394
2024-06-13,1277.85,1393.4,1400.1,1271.15,1459305317
2024-06-14,1393.4,1386.92,1401.53,1378.79,1696285768
2024-06-17,1386.92,1355.36,1392.94,1349.34,1449184610
2024-06-18,1355.36,1286.14,1360.8,1280.69,1426336810
2024-06-19,1286.14,1427.73,1434.01,1279.86,1336788204
2024-06-20,1427.73,1558.06,1568.04,1417.75,1445261086
2024-06-21,1558.06,1548.92,1565.93,1541.06,1260743395
2024-06-24,1548.92,1839.15,1852.61,1535.46,1433524739
2024-06-25,1839.15,1895.22,1908.81,1825.56,1331176507
2024-06-26,1895.22,1663.01,1908.2,1650.03,1366399505
2024-06-27,1663.01,1866.37,1875.15,1654.22,1336273522
2024-06-28,1866.37,1802.49,1879.4,1789.46,1503894327
2024-07-01,1802.49,1697.79,1814.2,1686.08,1397996156
2024-07-02,1697.79,1759.68,1768.46,1689.02,1393546026
2024-07-03,1759.68,1828.8,1837.4,1751.08,1251720148
2024-07-04,1828.8,2025.48,2039.73,1814.56,1315525752
2024-07-05,2025.48,1948.83,2041.07,1933.24,1295265704
2024-07-08,1948.83,2163.1,2177.13,1934.81,1327388117
2024-07-09,2163.1,1927.47,2182.73,1907.84,1541604687
2024-07-10,1927.47,1912.07,1937.61,1901.93,1431945026
2024-07-11,1912.07,1652.35,1922.89,1641.53,1637950853
2024-07-12,1652.35,1613.37,1658.95,1606.77,1453032864
2024-07-15,1613.37,1611.29,1619.81,1604.85,1313289203
2024-07-16,1611.29,1496.57,1619.49,1488.37,1293412370
2024-07-17,1496.57,1469.45,1503.98,1462.04,1383816863
2024-07-18,1469.45,1392.14,1479.55,1382.04,1362432364
2024-07-19,1392.14,1334.84,1401.29,1325.7,1357764535
2024-07-22,1334.84,1378.69,1386.5,1327.04,1355366442
2024-07-23,1378.69,1806.04,1825.62,1359.11,1441220597
2024-07-24,1806.04,1723.07,1817.37,1711.74,1423614720
2024-07-25,1723.07,1684.46,1732.41,1675.12,1324976386
2024-07-26,1684.46,1511.3,1693.13,1502.63,1332684660
2024-07-29,1511.3,1606.34,1613.54,1504.1,1252750615
2024-07-30,1606.34,1630.13,1638.12,1598.34,1272911189
2024-07-31,1630.13,1481.91,1651.67,1460.37,1972536162
2024-08-01,1481.91,1550.78,1559.97,1472.72,1647346712
2024-08-02,1550.78,1631.52,1643.22,1539.07,1515947101
2024-08-05,1631.52,2035.37,2056.78,1610.12,1710270884
2024-08-06,2035.37,1729.44,2047.45,1717.36,1465793243
2024-08-07,1729.44,1699.18,1737.65,1690.97,1272647602
2024-08-08,1699.18,1615.61,1710.83,1603.96,1366209250
2024-08-09,1615.61,1764.84,1775.76,1604.69,1318813264
2024-08-12,1764.84,1772.52,1778.99,1758.37,1174948228
2024-08-13,1772.52,1620.77,1779.63,1613.67,1123886604
2024-08-14,1620.77,1793.43,1801.5,1612.7,1087628025
2024-08-15,1793.43,1609.07,1806.34,1596.16,1402706434
2024-08-16,1609.07,1611.79,1617.69,1603.16,1370978262
2024-08-19,1611.79,1544.73,1619.92,1536.6,1353949006
2024-08-20,1544.73,1769.17,1780.78,1533.11,1370794832
2024-08-21,1769.17,1809.67,1817.26,1761.57,1206126797
2024-08-22,1809.67,1887.86,1897.49,1800.03,1288104588
2024-08-23,1887.86,1741.52,1895.66,1733.72,1192324065
2024-08-26,1741.52,1762.89,1770.33,1734.08,1224580527
2024-08-27,1762.89,1893.7,1900.61,1755.98,1218038275
2024-08-28,1893.7,1893.04,1902.21,1884.52,1181942416
2024-08-29,1893.04,1846.04,1906.36,1832.71,1458807923
2024-08-30,1846.04,1704.46,1867.15,1683.34,2075196383
2024-09-02,1704.46,2029.09,2045.81,1687.74,1700998304
2024-09-03,2029.09,1732.54,2038.89,1722.75,1420791845
2024-09-04,1732.54,1738.35,1747.62,1723.27,1327285828
2024-09-05,1738.35,1598.92,1745.47,1591.8,1249899567
2024-09-06,1598.92,1718.91,1729.83,1588.0,1284111897
2024-09-09,1718.91,1775.84,1786.17,1708.58,1285802460
2024-09-10,1775.84,1666.07,1786.74,1655.17,1304615284
2024-09-11,1666.07,1630.49,1673.95,1622.62,1213337003
2024-09-12,1630.49,1733.86,1743.91,1620.44,1222831172
2024-09-13,1733.86,1831.95,1841.29,1724.51,1251973911
2024-09-18,1831.95,1742.62,1842.32,1732.24,1198772930
2024-09-19,1742.62,1657.56,1760.12,1640.05,1545976429
2024-09-20,1657.56,1633.97,1665.85,1625.68,1413102201
2024-09-23,1633.97,1577.86,1642.9,1568.93,1274397702
2024-09-24,1577.86,1368.56,1601.6,1344.82,2334694616
2024-09-25,1368.56,1237.46,1380.46,1225.56,2788687658
2024-09-26,1237.46,1136.15,1260.14,1113.47,2796588549
2024-09-27,1136.15,1055.55,1155.69,1036.01,3129480348
2024-09-30,1055.55,981.78,1086.38,950.95,5440695968
2024-10-08,981.78,1111.66,1153.25,940.19,6440353355
2024-10-09,1111.66,2185.32,2249.56,1047.42,5286800186
2024-10-10,2185.32,1750.19,2223.36,1712.15,4206823991
2024-10-11,1750.19,2374.88,2415.47,1709.59,3118635102
2024-10-14,2374.88,1625.53,2400.25,1600.16,3230959095
2024-10-15,1625.53,1996.57,2023.26,1598.84,3031160622
2024-10-16,1996.57,1839.11,2014.62,1821.06,2667174688
2024-10-17,1839.11,1943.71,1963.09,1819.73,2763553923
2024-10-18,1943.71,1656.99,1995.65,1605.04,3713867206
2024-10-21,1656.99,1509.84,1676.65,1490.17,3646870851
2024-10-22,1509.84,1471.57,1521.27,1460.13,3220441453
2024-10-23,1471.57,1428.01,1484.23,1415.35,3365521023
2024-10-24,1428.01,1544.97,1553.58,1419.39,2632113208
2024-10-25,1544.97,1373.13,1558.61,1359.48,3051081223
2024-10-28,1373.13,1311.54,1381.43,1303.23,3310727897
2024-10-29,1311.54,1478.19,1491.89,1297.84,3521532896
2024-10-30,1478.19,1531.43,1543.55,1466.07,3220688993
2024-10-31,1531.43,1421.3,1544.45,1408.28,3894428017
2024-11-01,1421.3,1460.07,1473.52,1407.85,4195744686
2024-11-04,1460.07,1275.2,1469.71,1265.56,3090240633
2024-11-05,1275.2,1089.21,1291.67,1072.74,4035378528
2024-11-06,1089.21,1153.37,1165.41,1077.16,4462637915
2024-11-07,1153.37,1106.02,1172.74,1086.64,4560326689
2024-11-08,1106.02,1214.41,1228.8,1091.63,4587563114
2024-11-11,1214.41,1062.94,1225.59,1051.76,4009988487
2024-11-12,1062.94,1187.53,1202.29,1048.18,4041271350
2024-11-13,1187.53,1060.96,1195.98,1052.51,3256281290
2024-11-14,1060.96,1233.38,1246.21,1048.13,3034524151
2024-11-15,1233.38,1421.48,1436.98,1217.88,3099814604
2024-11-18,1421.48,1446.63,1463.87,1404.25,3475285072
2024-11-19,1446.63,1247.58,1460.39,1233.82,2923802486
2024-11-20,1247.58,1106.84,1255.08,1099.34,2794323970
2024-11-21,1106.84,1072.53,1112.33,1067.04,2687815306
2024-11-22,1072.53,1512.24,1534.75,1050.02,3122599872
2024-11-25,1512.24,1399.88,1524.99,1387.14,2624437217
2024-11-26,1399.88,1423.01,1431.66,1391.24,2297180944
2024-11-27,1423.01,1247.74,1438.82,1231.93,2591604470
2024-11-28,1247.74,1359.87,1367.76,1239.85,2604656733
2024-11-29,1359.87,1192.62,1374.46,1178.03,2937208984
2024-12-02,1192.62,1073.14,1200.15,1065.61,3173453634
2024-12-03,1073.14,1089.4,1095.66,1066.88,3061858882
2024-12-04,1089.4,1192.88,1200.4,1081.87,2961203183
2024-12-05,1192.88,1142.68,1197.71,1137.84,2625098897
2024-12-06,1142.68,1013.7,1151.95,1004.43,3299133622
2024-12-09,1013.7,1086.55,1093.36,1006.9,3094674022
2024-12-10,1086.55,1069.9,1099.82,1056.63,3867016212
2024-12-11,1069.9,1002.76,1074.68,997.98,3174112798
2024-12-12,1002.76,879.2,1008.29,873.66,3256445938
2024-12-13,879.2,1119.96,1127.78,871.38,3628900179
2024-12-16,1119.96,1145.84,1152.8,1113.0,2954924666
2024-12-17,1145.84,1140.49,1152.48,1133.85,2686742752
2024-12-18,1140.49,1002.82,1145.02,998.29,2428322017
2024-12-19,1002.82,959.81,1009.32,953.31,2460982337
2024-12-20,959.81,975.57,981.38,954.0,2392479093
2024-12-23,975.57,1036.7,1043.83,968.45,2658535952
2024-12-24,1036.7,896.58,1041.97,891.31,2247489237
2024-12-25,896.58,919.49,924.38,891.69,2249687543
2024-12-26,919.49,856.66,923.08,853.08,2021016648
2024-12-27,856.66,851.83,861.81,846.68,2367189073
2024-12-30,851.83,792.58,855.44,788.97,2150447252
2024-12-31,792.58,1086.41,1096.89,782.1,2371832201
2025-01-02,1086.41,1597.18,1621.12,1062.47,2582241417
2025-01-03,1597.18,1627.23,1642.59,1581.82,2406447630
2025-01-06,1627.23,1487.64,1637.05,1477.82,2040806037
2025-01-07,1487.64,1283.21,1496.87,1273.98,1988686350
2025-01-08,1283.21,1467.04,1482.99,1267.27,2293810930
2025-01-09,1467.04,1480.81,1488.03,1459.81,1906644725
2025-01-10,1480.81,1797.67,1812.58,1465.9,1972612145
2025-01-13,1797.67,1606.41,1808.29,1595.79,1768055567
2025-01-14,1606.41,1498.28,1626.46,1478.23,2347497501
2025-01-15,1498.28,1590.97,1598.02,1491.23,2032213913
2025-01-16,1590.97,1557.16,1605.26,1542.87,2155185949
2025-01-17,1557.16,1407.9,1567.2,1397.86,1870527176
2025-01-20,1407.9,1316.64,1414.32,1310.22,1972642145
2025-01-21,1316.64,1290.4,1323.45,1283.59,1954377870
2025-01-22,1290.4,1396.25,1402.69,1283.96,1823359349
2025-01-23,1396.25,1419.54,1431.73,1384.06,2320475347
2025-01-24,1419.54,1259.81,1427.6,1251.76,2041319297
2025-01-27,1259.81,1338.04,1346.25,1251.6,1919841765
2025-02-05,1338.04,1297.92,1345.83,1290.14,2102879732
2025-02-06,1297.92,1130.63,1308.23,1120.32,2434072638
2025-02-07,1130.63,1054.6,1141.7,1043.53,3118333680
2025-02-10,1054.6,970.31,1059.23,965.68,2819632143
2025-02-11,970.31,1094.94,1100.26,965.0,2623194711
2025-02-12,1094.94,966.51,1101.26,960.19,2598886365
2025-02-13,966.51,1062.51,1068.81,960.2,2867384417
2025-02-14,1062.51,941.09,1067.85,935.75,2749884530
2025-02-17,941.09,852.66,945.44,848.3,3104556183
2025-02-18,852.66,1066.54,1075.56,843.64,2956065311
2025-02-19,1066.54,891.04,1072.85,884.73,2660145527
2025-02-20,891.04,870.39,894.89,866.54,2669408380
2025-02-21,870.39,845.17,878.28,837.28,3260430629
2025-02-24,845.17,902.48,907.85,839.8,3149314921
2025-02-25,902.48,983.02,989.52,895.97,2786806288
2025-02-26,983.02,822.49,988.05,817.46,2901082264
2025-02-27,822.49,823.32,829.65,816.16,3036596197
2025-02-28,823.32,1168.88,1181.88,810.32,2893308234
2025-03-03,1168.88,1022.87,1177.5,1014.26,2568901597
2025-03-04,1022.87,913.5,1029.04,907.33,2218784617
2025-03-05,913.5,818.64,917.34,814.8,2336993322
2025-03-06,818.64,741.37,823.41,736.6,2886627879
2025-03-07,741.37,833.66,837.97,737.06,2739827087
2025-03-10,833.66,822.34,838.12,817.88,2365136764
2025-03-11,822.34,743.77,827.27,738.84,2307149540
2025-03-12,743.77,808.86,812.57,740.07,2555931102
2025-03-13,808.86,897.76,903.93,802.69,2520913537
2025-03-14,897.76,837.59,906.02,829.33,2878354021
2025-03-17,837.59,818.25,840.58,815.27,2471753817
2025-03-18,818.25,715.95,820.99,713.21,2267450146
2025-03-19,715.95,753.47,756.61,712.81,2215869308
2025-03-20,753.47,870.65,874.42,749.69,2203447565
2025-03-21,870.65,1165.35,1175.51,860.48,2527501944
2025-03-24,1165.35,958.22,1170.86,952.71,2459818900
2025-03-25,958.22,1000.56,1005.07,953.71,2115488774
2025-03-26,1000.56,1014.06,1017.75,996.87,1983373152
2025-03-27,1014.06,914.03,1020.63,907.46,1966046146
2025-03-28,914.03,1046.46,1051.26,909.23,1916429236
2025-03-31,1046.46,1208.62,1216.72,1038.36,2155190686
2025-04-01,1208.62,1068.44,1213.47,1063.6,1916565700
2025-04-02,1068.44,1035.46,1072.22,1031.68,1629407127
2025-04-03,1035.46,1157.07,1164.68,1027.85,1900049603
2025-04-07,1157.07,2374.72,2437.17,1094.62,3331683765
2025-04-08,2374.72,1610.0,2392.98,1591.74,3281467835
2025-04-09,1610.0,1480.46,1639.2,1451.25,3335326824
2025-04-10,1480.46,1275.29,1489.91,1265.83,2929009730
2025-04-11,1275.29,1218.95,1286.56,1207.68,2314362166
2025-04-14,1218.95,1151.83,1224.38,1146.4,2242206377
2025-04-15,1151.83,1213.82,1218.86,1146.79,1894885878
2025-04-16,1213.82,1211.46,1222.42,1202.86,2029259041
2025-04-17,1211.46,1185.89,1217.67,1179.68,1750401608
2025-04-18,1185.89,1210.29,1214.84,1181.33,1623309678
2025-04-21,1210.29,1099.66,1216.63,1093.32,1807644282
2025-04-22,1099.66,1107.64,1111.37,1095.94,1909192231
2025-04-23,1107.64,1069.24,1111.91,1064.97,2010964375
2025-04-24,1069.24,1112.17,1117.17,1064.24,1864017283
2025-04-25,1112.17,1056.36,1116.48,1052.05,1918515805
2025-04-28,1056.36,1128.02,1131.8,1052.58,1877696337
2025-04-29,1128.02,1107.22,1131.91,1103.33,1740465294
2025-04-30,1107.22,1031.07,1110.95,1027.34,1983040909
2025-05-06,1031.07,911.55,1034.98,907.63,2222923743
2025-05-07,911.55,836.83,917.34,831.04,2419870861
2025-05-08,836.83,790.15,840.81,786.17,2037682148
2025-05-09,790.15,879.21,882.5,786.86,1908031415
2025-05-12,879.21,773.45,882.56,770.1,2040233493
2025-05-13,773.45,762.25,776.44,759.26,2064347373
2025-05-14,762.25,773.18,778.98,756.46,2220180021
2025-05-15,773.18,873.56,877.38,769.36,1959354766
2025-05-16,873.56,888.18,891.29,870.45,1803012788
2025-05-19,888.18,868.64,891.18,865.64,1767191847
2025-05-20,868.64,734.48,871.49,731.64,1863072933
2025-05-21,734.48,684.06,736.69,681.85,1860649142
2025-05-22,684.06,763.57,766.14,681.49,1775296762
2025-05-23,763.57,926.86,932.38,758.06,1843480902
2025-05-26,926.86,904.79,930.46,901.19,1591939629
2025-05-27,904.79,985.76,989.27,901.27,1574591602
2025-05-28,985.76,1049.27,1052.05,982.97,1588837484
2025-05-29,1049.27,928.46,1054.3,923.42,1863598761
2025-05-30,928.46,1040.47,1044.14,924.8,1850675397
2025-06-03,1040.47,928.31,1044.74,924.04,1904513774
2025-06-04,928.31,812.06,930.95,809.42,1860237451
2025-06-05,812.06,773.4,815.47,769.99,1991580182
2025-06-06,773.4,837.49,839.72,771.18,1791219275
2025-06-09,837.49,764.58,840.68,761.39,2039174951
2025-06-10,764.58,981.43,987.86,758.14,2295133345
2025-06-11,981.43,856.91,985.44,852.91,2065501123
2025-06-12,856.91,839.66,860.14,836.43,2016423534
2025-06-13,839.66,1023.23,1028.4,834.49,2459139565
2025-06-16,1023.23,881.25,1026.42,878.05,1970741920
2025-06-17,881.25,909.27,912.53,877.99,1949822703
2025-06-18,909.27,839.69,912.45,836.51,1918107593
2025-06-19,839.69,1012.81,1018.45,834.05,2022094717
2025-06-20,1012.81,982.57,1016.36,979.03,1736954743
2025-06-23,982.57,896.82,987.46,891.93,1881623802
2025-06-24,896.82,847.37,902.06,842.13,2302288967
2025-06-25,847.37,828.66,853.21,822.82,2564938859
2025-06-26,828.66,938.67,942.34,824.99,2488218926
2025-06-27,938.67,982.78,987.94,933.51,2585755607
2025-06-30,982.78,850.16,986.19,846.76,2285993228
2025-07-01,850.16,790.39,852.73,787.82,2237846256
2025-07-02,790.39,815.32,818.34,787.37,2310127873
2025-07-03,815.32,714.95,817.77,712.51,2102361419
2025-07-04,714.95,746.59,751.0,710.54,2333007679
2025-07-07,746.59,791.98,794.31,744.26,1972789865
2025-07-08,791.98,701.36,795.45,697.89,2297959245
2025-07-09,701.36,754.07,757.31,698.12,2437213467
2025-07-10,754.07,656.56,756.86,653.77,2580415080
2025-07-11,656.56,763.01,768.36,651.21,3049680678
2025-07-14,763.01,697.35,764.98,695.38,2561901365
2025-07-15,697.35,708.92,712.77,693.5,2606500121
2025-07-16,708.92,678.43,711.75,675.6,2160112356
2025-07-17,678.43,590.13,681.02,587.53,2221269978
2025-07-18,590.13,520.58,592.07,518.63,2347422280
2025-07-21,520.58,481.37,522.21,479.74,2809326067
2025-07-22,481.37,485.29,488.0,478.67,3158087459
2025-07-23,485.29,546.42,549.19,482.53,3303486250
2025-07-24,546.42,583.48,586.81,543.09,3349439001
2025-07-25,583.48,608.15,611.11,580.51,3065884503
2025-07-28,608.15,534.51,610.34,532.32,2722535980
2025-07-29,534.51,490.08,537.36,487.23,2769953434
2025-07-30,490.08,633.36,637.66,485.77,2929506473
2025-07-31,633.36,977.16,985.23,625.29,3042598319
2025-08-01,977.16,922.1,982.6,916.66,2437090233
2025-08-04,922.1,708.76,925.5,705.36,2195442563
2025-08-05,708.76,589.53,710.79,587.5,2350099703
2025-08-06,589.53,525.64,591.37,523.8,2492136389
2025-08-07,525.64,536.59,539.19,523.04,2624637688
2025-08-08,536.59,631.54,633.63,534.5,2479649927
2025-08-11,631.54,553.82,634.29,551.07,2600298142
2025-08-12,553.82,501.93,556.52,499.23,2538439147
2025-08-13,501.93,500.23,504.85,497.32,2946379999
2025-08-14,500.23,666.31,671.03,495.52,3118687596
2025-08-15,666.31,665.96,671.78,660.5,3229188549
2025-08-18,665.96,656.4,671.17,651.19,3870877748
2025-08-19,656.4,755.13,759.74,651.78,3418963978
2025-08-20,755.13,711.68,761.7,705.11,3258474241
2025-08-21,711.68,680.03,715.77,675.94,3344077436
2025-08-22,680.03,720.59,728.34,672.29,3436076257
2025-08-25,720.59,697.43,727.06,690.96,4256786553
2025-08-26,697.43,777.47,781.92,692.99,3562116401
2025-08-27,777.47,1177.35,1191.64,763.17,4226427635
2025-08-28,1177.35,1048.46,1191.03,1034.77,3891749358
2025-08-29,1048.46,950.95,1055.86,943.55,3686453505
2025-09-01,950.95,844.2,956.63,838.53,3602084207
2025-09-02,844.2,1063.77,1075.18,832.79,3738475747
2025-09-03,1063.77,1127.88,1138.39,1053.26,3159288552
2025-09-04,1127.88,1698.17,1726.66,1099.4,3492284972
2025-09-05,1698.17,1271.21,1715.04,1254.35,3045335793
2025-09-08,1271.21,1104.45,1278.29,1097.37,3170522195
2025-09-09,1104.45,1166.57,1174.98,1096.04,2833048989
2025-09-10,1166.57,1059.03,1173.16,1052.43,2583662925
2025-09-11,1059.03,1015.36,1073.52,1000.87,3114591989
2025-09-12,1015.36,1023.59,1029.9,1009.06,3296706659
2025-09-15,1023.59,974.76,1028.6,969.75,2984095316
2025-09-16,974.76,929.03,980.74,923.06,3180993077
2025-09-17,929.03,852.53,934.71,846.85,3101714743
2025-09-18,852.53,1063.76,1078.15,838.15,4038067860
2025-09-19,1063.76,1049.73,1070.2,1043.29,3041990458
2025-09-22,1049.73,922.28,1056.08,915.93,2646266949
2025-09-23,922.28,1000.07,1010.91,911.45,3249333798
2025-09-24,1000.07,862.78,1008.67,854.18,2807388178
2025-09-25,862.78,813.28,867.47,808.59,2807099616
2025-09-26,813.28,927.93,933.72,807.49,2611173988
2025-09-29,927.93,838.86,936.61,830.17,2895661465
2025-09-30,838.86,754.33,842.44,750.75,2720585498
2025-10-09,754.33,710.17,760.33,704.17,3460942708
2025-10-10,710.17,923.89,932.75,701.3,3300286084
2025-10-13,923.89,1011.87,1023.93,911.82,3254361853
2025-10-14,1011.87,1362.39,1382.26,991.99,3610976645
2025-10-15,1362.39,1026.38,1371.15,1017.62,2877040764
2025-10-16,1026.38,980.36,1032.54,974.2,2647025568
2025-10-17,980.36,1399.85,1415.7,964.51,2760695128
2025-10-20,1399.85,1098.9,1406.93,1091.81,2389131360
2025-10-21,1098.9,967.02,1105.99,959.93,2568874793
2025-10-22,967.02,1040.13,1045.62,961.53,2321628261
2025-10-23,1040.13,958.98,1046.63,952.49,2436181328
2025-10-24,958.98,877.69,964.54,872.13,2547754633
2025-10-27,877.69,803.58,882.07,799.19,2949333721
2025-10-28,803.58,922.05,927.23,798.4,2649522355
2025-10-29,922.05,818.55,927.0,813.6,2859824146
2025-10-30,818.55,949.81,955.48,812.87,3112764197
2025-10-31,949.81,1013.04,1020.19,942.66,3087019988
2025-11-03,1013.04,911.79,1019.15,905.67,2864121442
2025-11-04,911.79,1068.19,1076.46,903.51,2707940001
2025-11-05,1068.19,964.65,1076.02,956.82,2636191655
2025-11-06,964.65,850.01,969.8,844.86,2731959716
2025-11-07,850.01,939.08,943.1,845.99,2652413418
2025-11-10,939.08,839.45,945.22,833.31,2838924848
2025-11-11,839.45,939.98,945.86,833.57,2603728340
2025-11-12,939.98,965.96,971.32,934.63,2680583907
2025-11-13,965.96,830.35,971.71,824.6,2758426168
2025-11-14,830.35,975.72,981.35,824.72,2733922939
2025-11-17,975.72,1001.51,1006.67,970.56,2664552031
2025-11-18,1001.51,1062.33,1068.67,995.16,2707454514
2025-11-19,1062.33,1005.39,1067.57,1000.15,2446638160
2025-11-20,1005.39,1180.55,1188.99,996.94,2459126435
2025-11-21,1180.55,1792.37,1808.14,1164.77,2956696394
2025-11-24,1792.37,1373.68,1801.14,1364.9,2455786597
2025-11-25,1373.68,1217.2,1380.31,1210.56,2389693037
2025-11-26,1217.2,1132.82,1224.27,1125.75,2266025772
2025-11-27,1132.82,1117.18,1139.74,1110.26,2132810782
2025-11-28,1117.18,1032.73,1122.33,1027.58,2081101632
2025-12-01,1032.73,963.69,1037.25,959.17,2525557807
2025-12-02,963.69,1095.35,1099.77,959.26,2131717540
2025-12-03,1095.35,1192.46,1198.85,1088.95,2300353210
2025-12-04,1192.46,1065.03,1198.27,1059.21,2086082772
2025-12-05,1065.03,983.49,1071.77,976.75,2382322044
2025-12-08,983.49,900.28,988.87,894.9,2589703341
2025-12-09,900.28,1008.37,1013.39,895.26,2407963452
2025-12-10,1008.37,967.81,1014.05,962.13,2292818665
2025-12-11,967.81,1091.69,1098.26,961.24,2413151205
2025-12-12,1091.69,1005.85,1098.13,999.41,2659358995
2025-12-15,1005.85,1043.35,1048.78,1000.41,2280728516
2025-12-16,1043.35,1224.57,1233.43,1034.49,2316517624
2025-12-17,1224.57,1066.74,1234.65,1056.67,2345538658
2025-12-18,1066.74,1064.28,1071.17,1059.85,2094722639
2025-12-19,1064.28,930.01,1068.9,925.39,2300109150
2025-12-22,930.01,852.12,933.34,848.79,2309035966
2025-12-23,852.12,810.18,855.53,806.76,2341609819
2025-12-24,810.18,757.29,813.6,753.87,2204583062
2025-12-25,757.29,703.8,760.27,700.82,2198620401
2025-12-26,703.8,679.86,706.94,676.72,2573846899
2025-12-29,679.86,766.19,769.73,676.33,2605402386
2025-12-30,766.19,675.54,769.54,672.19,2512718649
2025-12-31,675.54,740.95,744.37,672.12,2417346336
2026-01-05,740.95,769.89,775.75,735.09,3033262994
2026-01-06,769.89,714.45,775.24,709.1,3524851930
2026-01-07,714.45,712.49,718.04,708.9,3352066502
2026-01-08,712.49,768.12,772.44,708.17,3289787839
2026-01-09,768.12,673.08,772.61,668.58,3635202130
2026-01-12,673.08,663.33,677.84,658.56,4179864315
2026-01-13,663.33,931.36,939.86,654.83,4301546557
2026-01-14,931.36,995.68,1006.22,920.82,4822889769
2026-01-15,995.68,903.23,1001.24,897.67,3507570281
2026-01-16,903.23,953.01,959.7,896.54,3670854868
2026-01-19,953.01,857.99,957.2,853.8,3246834625
2026-01-20,857.99,969.64,977.35,850.28,3443492417
2026-01-21,969.64,868.69,975.85,862.48,3159932339
2026-01-22,868.69,808.09,873.18,803.6,3277463711
2026-01-23,808.09,782.54,812.19,778.44,3801681537
2026-01-26,782.54,868.62,875.56,775.6,4226187727
2026-01-27,868.62,860.52,876.22,852.92,3644139558
2026-01-28,860.52,783.39,865.31,778.6,3908713154
2026-01-29,783.39,805.53,813.65,775.27,4360161690
2026-01-30,805.53,965.28,976.1,794.71,3784781056
2026-02-02,965.28,1382.45,1399.32,948.41,3447258675
2026-02-03,1382.45,1036.93,1391.87,1027.51,3118368096
2026-02-04,1036.93,926.17,1043.4,919.7,3192771801
2026-02-05,926.17,1000.88,1006.86,920.19,2837775539
2026-02-06,1000.88,1080.55,1089.59,991.84,2688025427
2026-02-09,1080.55,922.63,1084.48,918.7,2721909494
2026-02-10,922.63,868.54,925.73,865.43,2600551064
2026-02-11,868.54,894.29,897.42,865.4,2459302755
2026-02-12,894.29,834.92,897.7,831.51,2595409514
2026-02-13,834.92,966.36,971.65,829.64,2450404829
2026-02-24,966.36,861.46,971.14,856.68,2712390344
2026-02-25,861.46,765.04,866.28,760.22,3291585538
2026-02-26,765.04,782.21,786.45,760.8,3050921301
2026-02-27,782.21,745.33,785.96,741.59,3129709201
2026-03-02,745.33,778.07,783.55,739.85,3959034778
2026-03-03,778.07,1275.43,1292.51,760.99,4203562908
2026-03-04,1275.43,1215.44,1284.77,1206.11,3368892670
2026-03-05,1215.44,1005.0,1221.33,999.11,3137474864
2026-03-06,1005.0,883.73,1011.32,877.42,2922623130
2026-03-09,883.73,1042.7,1052.09,874.34,3585367877
2026-03-10,1042.7,904.94,1046.15,901.49,3036835217
2026-03-11,904.94,853.6,908.99,849.56,3161981398
2026-03-12,853.6,940.29,946.48,847.41,3335078979
2026-03-13,940.29,1028.89,1035.0,934.18,3400246853
2026-03-16,1028.89,991.41,1035.99,984.31,3199674211
2026-03-17,991.41,1236.59,1247.42,980.58,3011832663
2026-03-18,1236.59,1042.15,1243.18,1035.57,2705419067
2026-03-19,1042.15,1239.56,1247.47,1034.24,2888558017
2026-03-20,1239.56,1315.94,1326.56,1228.94,2983362940
2026-03-23,1315.94,2121.97,2150.23,1287.68,3587898088
2026-03-24,2121.97,1503.21,2136.91,1488.26,2955598973
2026-03-25,1503.21,1278.94,1510.26,1271.89,2989823221
2026-03-26,1278.94,1445.61,1457.02,1267.52,2625864198
2026-03-27,1445.61,1299.34,1459.94,1285.01,2435074360
2026-03-30,1299.34,1261.13,1307.47,1253.01,2571671903
2026-03-31,1261.13,1451.36,1464.24,1248.26,2648845143
2026-04-01,1451.36,1218.2,1457.8,1211.77,2542499486
2026-04-02,1218.2,1338.77,1349.0,1207.98,2410597281
2026-04-03,1338.77,1418.45,1427.1,1330.12,2162969377
2026-04-07,1418.45,1276.16,1425.3,1269.31,2054291788
2026-04-08,1276.16,1095.74,1285.65,1086.25,2988347926
2026-04-09,1095.74,1188.87,1194.6,1090.01,2449143678
2026-04-10,1188.87,1042.68,1195.34,1036.21,2562495345
2026-04-13,1042.68,971.74,1047.75,966.66,2442125106
2026-04-14,971.74,876.66,976.28,872.12,2616518582
2026-04-15,876.66,943.04,949.27,870.44,2631364867
2026-04-16,943.04,835.97,947.76,831.24,2546498220
2026-04-17,835.97,869.69,873.33,832.32,2545678832
2026-04-20,869.69,798.97,873.16,795.5,2745906021
2026-04-21,798.97,796.54,803.17,792.34,2613626638
2026-04-22,796.54,729.63,801.02,725.14,2659225487
2026-04-23,729.63,892.29,899.51,722.41,3008169338
2026-04-24,892.29,876.19,898.27,870.21,2709677914
2026-04-27,876.19,802.84,880.27,798.76,2667612948
2026-04-28,802.84,837.87,842.75,797.95,2770459452
2026-04-29,837.87,831.0,845.0,823.87,2883930673
2026-04-30,831.0,779.12,835.75,774.37,3008274002
2026-05-06,779.12,802.66,809.12,772.66,3326026432
2026-05-07,802.66,730.85,806.72,726.79,3257343554
2026-05-08,730.85,814.12,817.82,727.15,3168533184
2026-05-11,814.12,794.2,820.52,787.79,3607686388
2026-05-12,794.2,831.64,837.0,788.84,3346033174
2026-05-13,831.64,813.36,839.21,805.79,3248606668
2026-05-14,813.36,1139.99,1152.95,800.41,3465142411
2026-05-15,1139.99,1322.96,1337.62,1125.32,3383567368
2026-05-18,1322.96,1189.76,1331.73,1180.99,2917002321
2026-05-19,1189.76,1067.24,1200.52,1056.48,2902278808
2026-05-20,1067.24,982.62,1073.72,976.13,2875057533
2026-05-21,982.62,1373.97,1396.18,960.4,3460967713
2026-05-22,1373.97,1115.96,1382.91,1107.03,2963881068
