日期,开盘,收盘,涨跌额,涨跌幅,最低,最高,成交量(手),成交金额(万),换手率
2006-08-14,1605.2,1570.74,-35.19,-2.19%,1566.72,1611.66,25655050,1378363.88,-
2006-08-15,1568.27,1595.66,24.92,1.59%,1564.4,1596.65,20259214,1094204.0,-
2006-08-16,1596.06,1616.41,20.75,1.30%,1591.86,1616.45,28563998,1531627.88,-
2006-08-17,1612.41,1603.33,-13.08,-0.81%,1592.85,1612.41,23391902,1216697.25,-
2006-08-18,1601.57,1598.02,-5.31,-0.33%,1596.56,1614.36,23974248,1172779.88,-
2006-08-21,1565.46,1601.15,3.13,0.20%,1558.1,1602.13,23374318,1199919.0,-
2006-08-22,1601.52,1613.35,12.2,0.76%,1598.78,1619.07,26701212,1516301.88,-
2006-08-23,1614.39,1612.4,-0.96,-0.06%,1608.74,1621.4,27212908,1545540.62,-
2006-08-24,1612.7,1623.02,10.62,0.66%,1601.89,1623.17,25061296,1359369.25,-
2006-08-25,1622.48,1623.03,0.02,0.00%,1619.73,1630.05,27821614,1529523.88,-
2006-08-28,1627.12,1650.44,27.4,1.69%,1624.28,1651.29,39341244,2163300.75,-
2006-08-29,1652.67,1651.02,0.59,0.04%,1649.59,1667.53,48050412,2706362.25,-
2006-08-30,1648.35,1655.19,4.17,0.25%,1640.28,1656.23,31442856,1723094.88,-
2006-08-31,1655.9,1658.64,3.44,0.21%,1650.0,1661.47,35135016,1908755.25,-
2006-09-01,1658.66,1636.69,-21.95,-1.32%,1634.03,1660.52,35954576,1972446.25,-
2006-09-04,1635.33,1657.52,20.83,1.27%,1635.12,1657.69,33093428,1762387.38,-
2006-09-05,1659.74,1664.08,6.56,0.40%,1657.05,1669.9,40533492,2194628.75,-
2006-09-06,1665.13,1672.12,8.04,0.48%,1656.86,1672.26,33579624,1825568.38,-
2006-09-07,1683.78,1661.19,-10.93,-0.65%,1655.41,1683.89,31522754,1752465.0,-
2006-09-08,1659.7,1667.98,6.79,0.41%,1658.67,1671.31,26552028,1410279.5,-
2006-09-11,1668.16,1674.97,6.98,0.42%,1653.01,1675.09,30590528,1679759.0,-
2006-09-12,1675.2,1695.86,20.9,1.25%,1673.44,1699.58,37390452,1983054.62,-
2006-09-13,1695.35,1689.39,-6.47,-0.38%,1687.05,1713.99,43045692,2271690.5,-
2006-09-14,1689.63,1689.69,0.3,0.02%,1672.88,1696.62,33888260,1857680.62,-
2006-09-15,1689.6,1721.05,31.35,1.86%,1689.51,1722.66,47032304,2411464.5,-
2006-09-18,1727.92,1732.99,11.94,0.69%,1719.16,1733.41,44840064,2370820.5,-
2006-09-19,1735.3,1735.24,2.25,0.13%,1728.29,1743.02,43455328,2321063.25,-
2006-09-20,1733.64,1732.45,-2.79,-0.16%,1720.83,1737.73,38836572,2082085.5,-
2006-09-21,1731.58,1740.9,8.45,0.49%,1731.22,1743.63,39533144,2148409.75,-
2006-09-22,1744.6,1725.36,-15.54,-0.89%,1724.1,1746.61,44777832,2550982.0,-
2006-09-25,1722.74,1722.37,-2.99,-0.17%,1709.77,1732.28,40168092,2296024.75,-
2006-09-26,1720.78,1712.64,-9.73,-0.56%,1704.77,1721.58,33134530,1851917.12,-
2006-09-27,1711.51,1725.04,12.4,0.72%,1709.77,1725.5,29247158,1639191.0,-
2006-09-28,1725.52,1736.96,11.92,0.69%,1722.22,1740.79,33979856,1991652.5,-
2006-09-29,1740.06,1752.42,15.46,0.89%,1740.06,1755.69,41236284,2346227.25,-
2006-10-09,1768.14,1785.39,32.96,1.88%,1763.11,1786.11,52935144,2908245.0,-
2006-10-10,1784.22,1784.86,-0.52,-0.03%,1771.86,1793.14,55136492,3145919.0,-
2006-10-11,1784.52,1790.1,5.24,0.29%,1771.02,1792.76,49283880,2631018.25,-
2006-10-12,1790.63,1778.18,-11.92,-0.67%,1774.14,1792.24,53169044,2813239.75,-
2006-10-13,1776.51,1784.66,6.47,0.36%,1773.23,1792.87,42539844,2339310.5,-
2006-10-16,1787.7,1771.3,-13.36,-0.75%,1766.31,1789.18,46766160,2477903.75,-
2006-10-17,1768.63,1763.9,-7.4,-0.42%,1758.31,1777.6,39262344,2175513.25,-
2006-10-18,1762.4,1787.19,23.28,1.32%,1760.88,1787.74,36810564,2040455.62,-
2006-10-19,1788.58,1792.25,5.07,0.28%,1784.34,1799.29,41490608,2272145.0,-
2006-10-20,1792.6,1790.36,-1.89,-0.11%,1786.34,1801.33,41461600,2354979.5,-
2006-10-23,1789.65,1759.39,-30.97,-1.73%,1753.49,1797.43,44441084,2457674.75,-
2006-10-24,1756.46,1805.18,45.79,2.60%,1756.46,1805.27,39911208,2251617.0,-
2006-10-25,1807.03,1806.65,1.47,0.08%,1789.91,1825.61,44512260,2591001.5,-
2006-10-26,1804.89,1810.65,4.0,0.22%,1791.95,1816.76,48737080,2553789.0,-
2006-10-27,1836.21,1807.18,-3.47,-0.19%,1803.21,1842.73,73748928,3448570.75,-
2006-10-30,1804.37,1809.66,2.48,0.14%,1788.29,1815.61,45335948,2315281.5,-
2006-10-31,1811.47,1837.99,28.34,1.57%,1811.47,1839.32,46557132,2477922.5,-
2006-11-01,1838.68,1855.71,17.72,0.96%,1833.2,1855.89,47783528,2707820.75,-
2006-11-02,1856.92,1851.31,-4.4,-0.24%,1834.84,1857.15,51741728,2828230.25,-
2006-11-03,1851.4,1866.36,15.05,0.81%,1850.15,1873.66,49860720,2678966.0,-
2006-11-06,1853.19,1886.31,19.94,1.07%,1846.01,1886.52,49544516,2761954.0,-
2006-11-07,1889.53,1889.53,3.22,0.17%,1862.93,1897.41,54849076,3176089.25,-
2006-11-08,1885.85,1866.82,-22.71,-1.20%,1865.22,1886.26,37770456,2209004.25,-
2006-11-09,1860.95,1896.48,29.67,1.59%,1858.59,1899.1,44096184,2565108.0,-
2006-11-10,1896.93,1883.35,-13.14,-0.69%,1870.96,1920.18,62809424,3471675.0,-
2006-11-13,1878.7,1863.77,-19.58,-1.04%,1852.1,1905.9,50016728,2775554.25,-
2006-11-14,1868.17,1888.24,24.47,1.31%,1841.82,1888.43,43188028,2369779.75,-
2006-11-15,1888.54,1922.94,34.7,1.84%,1878.69,1923.14,46682440,2678203.5,-
2006-11-16,1930.93,1941.55,18.61,0.97%,1926.72,1976.05,63983564,3494867.0,-
2006-11-17,1934.64,1971.79,30.25,1.56%,1925.15,1972.61,49418740,2753748.0,-
2006-11-20,1977.53,2017.28,45.49,2.31%,1977.53,2018.0,59146900,3336967.75,-
2006-11-21,2013.07,2037.55,20.27,1.00%,1988.93,2037.74,53894076,3264815.75,-
2006-11-22,2031.3,2041.35,3.8,0.19%,2010.79,2062.8,64881668,3906663.75,-
2006-11-23,2045.08,2062.36,21.01,1.03%,2042.15,2071.24,60721944,3477873.75,-
2006-11-24,2051.47,2050.81,-11.55,-0.56%,2022.62,2057.91,61232080,3622482.0,-
2006-11-27,2042.19,2047.28,-3.54,-0.17%,2022.38,2049.54,57840032,3558211.25,-
2006-11-28,2042.38,2038.72,-8.56,-0.42%,2016.47,2051.49,55070640,3357499.5,-
2006-11-29,2005.99,2054.09,15.37,0.75%,1992.54,2059.73,56002280,3434008.0,-
2006-11-30,2058.77,2099.29,45.2,2.20%,2058.77,2102.06,72779728,4408310.5,-
2006-12-01,2106.29,2102.05,2.76,0.13%,2087.6,2112.58,76178968,4869792.0,-
2006-12-04,2103.82,2161.65,59.6,2.84%,2100.56,2164.58,87232792,5327647.5,-
2006-12-05,2167.36,2173.28,11.64,0.54%,2159.32,2195.53,88157176,5512410.5,-
2006-12-06,2175.38,2156.6,-16.68,-0.77%,2097.42,2192.9,104347808,6268942.5,-
2006-12-07,2152.59,2156.75,0.15,0.01%,2145.79,2206.51,99278768,5931311.5,-
2006-12-08,2133.35,2093.64,-63.11,-2.93%,2090.4,2164.02,80889720,4720161.0,-
2006-12-11,2085.06,2180.5,86.86,4.15%,2084.27,2181.16,62676020,3702953.5,-
2006-12-12,2189.69,2218.95,38.46,1.76%,2180.37,2228.64,70191776,4233476.0,-
2006-12-13,2224.43,2223.46,4.5,0.20%,2195.64,2244.41,57492752,3631422.25,-
2006-12-14,2226.0,2249.11,25.66,1.15%,2212.91,2250.32,58439320,3721284.5,-
2006-12-15,2255.24,2273.91,24.8,1.10%,2241.2,2275.49,60611948,4041239.0,-
2006-12-18,2277.28,2332.43,58.53,2.57%,2277.28,2335.23,78252192,5238597.0,-
2006-12-19,2342.18,2364.18,31.74,1.36%,2315.99,2381.63,87054928,5627548.0,-
2006-12-20,2356.26,2373.21,9.03,0.38%,2332.93,2381.13,78298936,4959649.0,-
2006-12-21,2372.46,2342.94,-30.27,-1.28%,2339.91,2386.82,83182552,5301899.0,-
2006-12-22,2334.27,2343.67,0.73,0.03%,2321.92,2366.69,70484616,4607220.0,-
2006-12-25,2350.13,2435.76,92.09,3.93%,2350.13,2452.43,73939448,4781571.5,-
2006-12-26,2437.85,2479.73,43.97,1.81%,2424.94,2505.7,72261496,4481152.0,-
2006-12-27,2478.06,2536.39,56.65,2.28%,2461.07,2538.66,72118216,4514088.0,-
2006-12-28,2538.95,2567.59,31.21,1.23%,2530.33,2611.79,78718944,5051929.5,-
2006-12-29,2585.42,2675.47,107.88,4.20%,2585.42,2698.9,86769008,5909279.0,-
2007-01-04,2728.19,2715.72,40.24,1.50%,2684.82,2847.61,120156016,8394553.0,-
2007-01-05,2668.58,2641.33,-74.39,-2.74%,2617.02,2685.8,106155624,7012870.5,-
2007-01-08,2621.07,2707.2,65.86,2.49%,2620.62,2708.44,106813248,7216587.5,-
2007-01-09,2711.05,2807.8,100.61,3.72%,2691.36,2809.39,110751264,8622197.0,-
2007-01-10,2838.11,2825.58,17.77,0.63%,2770.99,2841.74,111769368,7905066.0,-
2007-01-11,2819.37,2770.11,-55.47,-1.96%,2763.89,2841.18,121598720,8398673.0,-
2007-01-12,2745.32,2668.11,-102.0,-3.68%,2652.58,2782.02,107303776,7343404.0,-
2007-01-15,2660.07,2794.7,126.59,4.74%,2658.88,2795.33,91761560,6693948.0,-
2007-01-16,2818.66,2821.02,26.32,0.94%,2757.21,2830.8,111178576,8332577.0,-
2007-01-17,2828.4,2778.9,-42.12,-1.49%,2742.59,2870.42,127377480,9677758.0,-
2007-01-18,2760.94,2756.98,-21.92,-0.79%,2679.71,2784.04,112313960,8413381.0,-
2007-01-19,2761.89,2832.21,75.22,2.73%,2761.89,2833.45,122061896,8964407.0,-
2007-01-22,2857.9,2933.19,100.98,3.57%,2857.9,2934.65,138576080,10303844.0,-
2007-01-23,2964.69,2949.14,15.95,0.54%,2851.92,2970.69,142791808,10902731.0,-
2007-01-24,2955.42,2975.13,25.99,0.88%,2927.72,2994.28,122056784,9751618.0,-
2007-01-25,2946.5,2857.36,-117.76,-3.96%,2853.82,2947.15,117197216,9296024.0,-
2007-01-26,2805.96,2882.56,25.19,0.88%,2720.83,2905.98,109599128,8462439.0,-
2007-01-29,2897.25,2945.26,62.71,2.18%,2885.86,2954.34,112067904,8918033.0,-
2007-01-30,2959.4,2930.56,-14.7,-0.50%,2901.76,2980.51,111931720,8766439.0,-
2007-01-31,2926.07,2786.33,-144.23,-4.92%,2766.75,2929.65,114265968,8613697.0,-
2007-02-01,2744.81,2785.43,-0.9,-0.03%,2706.29,2801.69,93443536,6967287.0,-
2007-02-02,2791.49,2673.21,-112.22,-4.03%,2666.86,2796.44,85446240,6509219.5,-
2007-02-05,2658.07,2612.54,-60.67,-2.27%,2610.33,2672.35,69224512,5454181.0,-
2007-02-06,2612.84,2675.7,63.16,2.42%,2541.52,2677.04,86629952,6876157.5,-
2007-02-07,2688.96,2716.18,40.48,1.51%,2681.33,2745.39,94883768,7731516.0,-
2007-02-08,2725.14,2737.73,21.56,0.79%,2691.27,2751.16,88434296,6959759.5,-
2007-02-09,2741.48,2730.39,-7.35,-0.27%,2704.36,2747.94,80874440,6297467.5,-
2007-02-12,2729.84,2807.17,76.79,2.81%,2728.78,2807.51,79009400,6345573.0,-
2007-02-13,2819.14,2831.87,24.7,0.88%,2801.31,2835.09,79001672,6220974.0,-
2007-02-14,2836.82,2905.09,73.22,2.59%,2823.38,2915.06,94044560,7432632.5,-
2007-02-15,2923.67,2993.01,87.92,3.03%,2923.67,2994.62,108831184,8691892.0,-
2007-02-16,3018.18,2998.47,5.47,0.18%,2975.83,3036.35,117921720,9406493.0,-
2007-02-26,2999.09,3040.6,42.12,1.40%,2960.75,3041.34,112056992,9105456.0,-
2007-02-27,3048.83,2771.79,-268.81,-8.84%,2763.4,3049.77,161375664,12921246.0,-
2007-02-28,2734.59,2881.07,109.28,3.94%,2732.88,2888.9,121479168,9542181.0,-
2007-03-01,2877.2,2797.19,-83.88,-2.91%,2760.91,2878.35,127364864,10661352.0,-
2007-03-02,2792.94,2831.53,34.34,1.23%,2777.8,2846.16,93943960,7493159.5,-
2007-03-05,2827.68,2785.31,-46.22,-1.63%,2723.06,2858.44,106910584,8496018.0,-
2007-03-06,2776.17,2840.18,54.87,1.97%,2756.96,2866.33,77040488,6399329.0,-
2007-03-07,2851.75,2896.59,56.42,1.99%,2849.65,2911.42,87913936,7384490.0,-
2007-03-08,2904.19,2928.01,31.42,1.08%,2871.46,2928.8,88955128,7378247.5,-
2007-03-09,2934.49,2937.91,9.9,0.34%,2891.81,2962.42,107139104,8972596.0,-
2007-03-12,2945.92,2954.91,17.0,0.58%,2904.74,2958.63,101542440,8549658.0,-
2007-03-13,2958.1,2964.79,9.88,0.33%,2932.23,2966.19,107189320,8865729.0,-
2007-03-14,2933.68,2906.33,-58.46,-1.97%,2868.81,2934.45,113730736,9382987.0,-
2007-03-15,2905.98,2951.7,45.36,1.56%,2905.98,2955.46,101745760,8664112.0,-
2007-03-16,2964.09,2930.48,-21.22,-0.72%,2899.03,2979.71,122681304,10461757.0,-
2007-03-19,2864.26,3014.44,83.96,2.87%,2852.86,3038.0,109971752,9481991.0,-
2007-03-20,3024.78,3032.2,17.75,0.59%,2998.8,3033.02,92761888,8162744.0,-
2007-03-21,3042.1,3057.38,25.18,0.83%,3020.95,3057.71,99190128,8930694.0,-
2007-03-22,3080.6,3071.23,13.85,0.45%,3059.38,3099.82,126065544,11264727.0,-
2007-03-23,3071.81,3074.29,3.06,0.10%,3008.15,3085.32,118686416,10460918.0,-
2007-03-26,3083.94,3122.81,48.53,1.58%,3069.47,3123.18,122660536,10982828.0,-
2007-03-27,3126.02,3138.83,16.01,0.51%,3103.78,3145.04,124578928,11405454.0,-
2007-03-28,3140.68,3173.02,34.19,1.09%,3052.08,3180.33,167267936,15111661.0,-
2007-03-29,3179.8,3197.54,24.52,0.77%,3176.53,3273.73,149539664,14036261.0,-
2007-03-30,3178.5,3183.98,-13.55,-0.42%,3157.03,3212.39,89424008,8299942.0,-
2007-04-02,3196.59,3252.59,68.61,2.15%,3196.59,3253.44,97350440,9329936.0,-
2007-04-03,3265.68,3291.3,38.7,1.19%,3251.52,3292.58,108601392,10713626.0,-
2007-04-04,3295.98,3291.54,0.24,0.01%,3266.56,3308.15,112616112,11325822.0,-
2007-04-05,3286.16,3319.14,27.6,0.84%,3259.63,3326.92,114528048,11449551.0,-
2007-04-06,3287.68,3323.58,4.45,0.13%,3273.85,3334.22,119644880,12198148.0,-
2007-04-09,3333.42,3398.95,75.36,2.27%,3333.26,3399.51,137314096,13993701.0,-
2007-04-10,3405.23,3444.29,45.34,1.33%,3351.1,3444.37,147807280,15294240.0,-
2007-04-11,3454.42,3495.22,50.93,1.48%,3428.78,3497.52,147572112,15620758.0,-
2007-04-12,3503.23,3531.03,35.81,1.02%,3488.08,3532.86,135389888,14836824.0,-
2007-04-13,3537.22,3518.27,-12.76,-0.36%,3504.16,3563.86,150695872,16648720.0,-
2007-04-16,3523.22,3596.44,78.17,2.22%,3523.22,3597.22,131039096,14553645.0,-
2007-04-17,3611.63,3611.87,15.43,0.43%,3510.5,3622.89,160660640,17611310.0,-
2007-04-18,3614.68,3612.4,0.53,0.01%,3564.23,3623.87,150485424,16741876.0,-
2007-04-19,3610.02,3449.02,-163.38,-4.52%,3358.93,3617.44,172725536,18775924.0,-
2007-04-20,3460.9,3584.2,135.19,3.92%,3460.9,3591.46,138889280,15613018.0,-
2007-04-23,3615.79,3710.89,126.68,3.53%,3615.79,3710.89,163498112,18316572.0,-
2007-04-24,3736.15,3720.53,9.65,0.26%,3689.13,3762.39,174389344,20391778.0,-
2007-04-25,3708.57,3743.96,23.43,0.63%,3653.99,3769.25,151763056,17545246.0,-
2007-04-26,3766.48,3783.06,39.1,1.04%,3732.6,3784.68,117256968,14216593.0,-
2007-04-27,3788.75,3759.87,-23.2,-0.61%,3720.6,3802.92,132175456,16282280.0,-
2007-04-30,3784.27,3841.27,81.4,2.17%,3759.48,3851.35,146525712,18596194.0,-
2007-05-08,3937.94,3950.01,108.74,2.83%,3901.33,3964.71,160568192,20519234.0,-
2007-05-09,3961.1,4013.08,63.07,1.60%,3875.38,4015.22,208397456,25532866.0,-
2007-05-10,4021.42,4049.7,36.62,0.91%,3991.48,4072.14,171113936,20774074.0,-
2007-05-11,4024.42,4021.68,-28.02,-0.69%,3949.37,4039.67,140638208,18325486.0,-
2007-05-14,3970.66,4046.39,24.71,0.61%,3940.36,4081.43,139326224,18507520.0,-
2007-05-15,4055.83,3899.18,-147.21,-3.64%,3891.36,4069.85,156677552,20549366.0,-
2007-05-16,3890.81,3986.04,86.86,2.23%,3845.23,3987.41,131719776,17240886.0,-
2007-05-17,4002.49,4048.29,62.25,1.56%,3983.0,4064.28,139277984,18779482.0,-
2007-05-18,4041.39,4030.26,-18.03,-0.45%,3999.17,4052.1,130756272,17363666.0,-
2007-05-21,3902.35,4072.23,41.97,1.04%,3892.98,4083.42,156171056,20960234.0,-
2007-05-22,4091.14,4110.38,38.15,0.94%,4086.82,4136.63,173562080,23309458.0,-
2007-05-23,4125.43,4173.71,63.33,1.54%,4093.92,4175.44,161399488,21930768.0,-
2007-05-24,4188.68,4151.13,-22.58,-0.54%,4089.39,4208.39,180984384,25163250.0,-
2007-05-25,4133.19,4179.78,28.64,0.69%,4111.26,4190.47,154192848,22099770.0,-
2007-05-28,4221.58,4272.11,92.33,2.21%,4215.24,4283.93,178615168,25810646.0,-
2007-05-29,4288.98,4334.92,62.81,1.47%,4262.02,4335.96,172097632,24863030.0,-
2007-05-30,4087.41,4053.09,-281.84,-6.50%,4015.51,4275.24,185596720,27129416.0,-
2007-05-31,4006.28,4109.65,56.57,1.40%,3858.04,4178.11,173115312,23952190.0,-
2007-06-01,4120.63,4000.74,-108.91,-2.65%,3966.98,4181.28,160934976,22834754.0,-
2007-06-04,3981.82,3670.4,-330.34,-8.26%,3659.09,3987.27,114859360,14597795.0,-
2007-06-05,3564.43,3767.1,96.7,2.63%,3404.15,3768.56,157137968,17921428.0,-
2007-06-06,3781.38,3776.32,9.22,0.24%,3682.79,3821.7,145873856,17520634.0,-
2007-06-07,3787.7,3890.8,114.49,3.03%,3779.5,3891.4,142366480,17777080.0,-
2007-06-08,3900.03,3913.14,22.33,0.57%,3852.04,3935.79,135877184,17939032.0,-
2007-06-11,3942.0,3995.68,82.54,2.11%,3930.74,4000.42,133842736,17922772.0,-
2007-06-12,4011.68,4072.14,76.46,1.91%,3910.0,4073.18,149472400,20500920.0,-
2007-06-13,4110.74,4176.48,104.34,2.56%,4102.04,4193.45,166948496,22047880.0,-
2007-06-14,4162.21,4115.21,-61.27,-1.47%,4085.78,4179.73,138385600,18590688.0,-
2007-06-15,4085.66,4132.87,17.66,0.43%,4067.36,4152.54,108665528,15199977.0,-
2007-06-18,4195.39,4253.35,120.48,2.92%,4193.31,4267.74,128977744,18222126.0,-
2007-06-19,4247.75,4269.52,16.18,0.38%,4209.58,4280.85,124581816,17930182.0,-
2007-06-20,4269.46,4181.32,-88.2,-2.07%,4164.27,4312.0,135212784,19191968.0,-
2007-06-21,4170.89,4230.82,49.5,1.18%,4147.05,4256.54,112919856,16178294.0,-
2007-06-22,4230.97,4091.45,-139.38,-3.29%,4024.49,4249.43,119692032,16751868.0,-
2007-06-25,4102.79,3941.08,-150.36,-3.68%,3912.42,4131.13,101606656,14059418.0,-
2007-06-26,3863.25,3973.37,32.29,0.82%,3818.85,3976.19,93817464,12245166.0,-
2007-06-27,3985.72,4078.6,105.23,2.65%,3948.29,4090.72,95113480,12642559.0,-
2007-06-28,4080.19,3914.2,-164.4,-4.03%,3912.81,4113.28,97831608,12737855.0,-
2007-06-29,3824.29,3820.7,-93.5,-2.39%,3779.81,3919.34,86099992,10476069.0,-
2007-07-02,3800.23,3836.29,15.59,0.41%,3724.19,3859.86,74254056,8958550.0,-
2007-07-03,3854.72,3899.72,63.43,1.65%,3821.46,3906.76,69749216,8550697.0,-
2007-07-04,3906.01,3816.17,-83.56,-2.14%,3800.27,3916.48,56474776,7226345.0,-
2007-07-05,3769.64,3615.87,-200.29,-5.25%,3614.53,3778.4,63405936,7375508.5,-
2007-07-06,3599.82,3781.35,165.48,4.58%,3563.54,3785.35,80737240,9230633.0,-
2007-07-09,3809.67,3883.22,101.87,2.69%,3782.73,3900.9,83480544,9941061.0,-
2007-07-10,3895.91,3853.02,-30.19,-0.78%,3841.8,3929.42,76563336,9373950.0,-
2007-07-11,3837.8,3865.72,12.7,0.33%,3812.14,3879.29,51353880,6229966.0,-
2007-07-12,3874.04,3915.99,50.27,1.30%,3861.04,3925.6,55158364,7028633.0,-
2007-07-13,3920.83,3914.4,-1.6,-0.04%,3878.18,3935.51,46024468,5637576.5,-
2007-07-16,3920.65,3821.92,-92.48,-2.36%,3820.57,3931.87,47615280,5888186.5,-
2007-07-17,3809.56,3896.19,74.28,1.94%,3767.22,3919.78,48712224,6052364.5,-
2007-07-18,3880.85,3930.06,33.87,0.87%,3861.91,3971.61,62871832,8002895.0,-
2007-07-19,3918.54,3912.94,-17.12,-0.44%,3887.59,3947.33,48737596,6296566.0,-
2007-07-20,3918.41,4058.85,145.91,3.73%,3918.41,4062.12,83110648,10471435.0,-
2007-07-23,4091.24,4213.36,154.51,3.81%,4091.24,4220.32,121668968,15433286.0,-
2007-07-24,4238.32,4210.33,-3.03,-0.07%,4192.72,4284.83,110989248,14161879.0,-
2007-07-25,4212.95,4323.97,113.64,2.70%,4212.23,4325.38,93950048,12568274.0,-
2007-07-26,4347.78,4346.46,22.49,0.52%,4304.19,4371.51,99210672,13278619.0,-
2007-07-27,4315.37,4345.36,-1.1,-0.03%,4268.79,4357.34,100245808,13755870.0,-
2007-07-30,4348.61,4440.77,95.41,2.20%,4345.79,4450.19,112589776,15351049.0,-
2007-07-31,4432.27,4471.03,30.26,0.68%,4379.2,4476.63,108561408,15041236.0,-
2007-08-01,4488.77,4300.56,-170.47,-3.81%,4284.87,4502.3,126292872,17106870.0,-
2007-08-02,4316.57,4407.73,107.17,2.49%,4290.81,4431.85,98278576,14092281.0,-
2007-08-03,4440.98,4560.77,153.04,3.47%,4438.96,4562.69,115116664,17367268.0,-
2007-08-06,4600.12,4628.11,67.33,1.48%,4564.31,4629.97,111707976,16769935.0,-
2007-08-07,4642.01,4651.23,23.12,0.50%,4581.29,4687.44,116181088,18014692.0,-
2007-08-08,4614.59,4663.16,11.94,0.26%,4568.69,4711.32,118909160,15891948.0,-
2007-08-09,4658.59,4754.1,90.93,1.95%,4658.59,4768.89,97660200,13809113.0,-
2007-08-10,4745.18,4749.37,-4.73,-0.10%,4640.77,4769.62,101867056,14722340.0,-
2007-08-13,4768.62,4820.06,70.69,1.49%,4728.89,4872.55,114184712,16169270.0,-
2007-08-14,4820.15,4872.79,52.72,1.09%,4789.9,4876.85,88568208,12806627.0,-
2007-08-15,4875.51,4869.88,-2.9,-0.06%,4762.72,4916.31,90509672,13131055.0,-
2007-08-16,4845.02,4765.45,-104.43,-2.14%,4710.31,4845.02,90538416,12830442.0,-
2007-08-17,4733.14,4656.57,-108.87,-2.28%,4646.43,4814.37,91159048,13377785.0,-
2007-08-20,4773.83,4904.85,248.28,5.33%,4758.4,4906.0,99152936,14531407.0,-
2007-08-21,4944.21,4955.21,50.35,1.03%,4917.82,4982.98,104204112,15584467.0,-
2007-08-22,4876.35,4980.08,24.87,0.50%,4861.27,4999.19,108110944,16219842.0,-
2007-08-23,5002.84,5032.49,52.42,1.05%,4968.33,5050.38,99309424,15336759.0,-
2007-08-24,5070.65,5107.67,75.17,1.49%,5052.24,5125.36,108995632,16533134.0,-
2007-08-27,5144.82,5150.12,42.45,0.83%,5092.08,5192.06,116154248,17617662.0,-
2007-08-28,5134.14,5194.69,44.57,0.87%,5058.45,5209.51,105436744,16694175.0,-
2007-08-29,5147.71,5109.43,-85.26,-1.64%,5063.41,5204.53,100824136,16187246.0,-
2007-08-30,5144.11,5167.88,58.46,1.14%,5109.66,5186.53,101210584,15504261.0,-
2007-08-31,5184.09,5218.83,50.94,0.99%,5158.37,5235.16,103556256,15677507.0,-
2007-09-03,5257.78,5321.06,102.23,1.96%,5257.78,5327.54,125779648,18886200.0,-
2007-09-04,5333.4,5294.04,-27.01,-0.51%,5265.0,5357.93,120426376,18642496.0,-
2007-09-05,5296.07,5310.72,16.67,0.31%,5223.67,5337.93,96240616,15081711.0,-
2007-09-06,5336.67,5393.66,82.94,1.56%,5314.34,5412.32,106987968,16520138.0,-
2007-09-07,5381.19,5277.18,-116.48,-2.16%,5269.25,5405.36,119841024,18664570.0,-
2007-09-10,5208.32,5355.29,78.11,1.48%,5169.9,5356.86,102368232,15300182.0,-
2007-09-11,5362.94,5113.97,-241.32,-4.51%,5093.92,5395.04,110055264,16997294.0,-
2007-09-12,5092.58,5172.63,58.66,1.15%,5025.34,5192.3,97058856,14924281.0,-
2007-09-13,5193.41,5273.59,100.96,1.95%,5178.87,5276.77,86550224,14065271.0,-
2007-09-14,5290.26,5312.18,38.59,0.73%,5201.85,5324.44,94673912,15213139.0,-
2007-09-17,5309.06,5421.39,109.21,2.06%,5307.77,5427.17,105638608,16712249.0,-
2007-09-18,5446.73,5425.21,3.82,0.07%,5339.92,5458.58,102690992,16784906.0,-
2007-09-19,5439.02,5395.27,-29.94,-0.55%,5336.07,5447.36,89725504,15024864.0,-
2007-09-20,5408.48,5470.06,74.8,1.39%,5396.11,5482.42,86547200,14318515.0,-
2007-09-21,5482.51,5454.67,-15.39,-0.28%,5363.35,5489.07,92838808,15068371.0,-
2007-09-24,5469.84,5485.01,30.34,0.56%,5404.42,5506.06,81798472,14184959.0,-
2007-09-25,5500.27,5425.88,-59.13,-1.08%,5396.48,5509.23,96509584,14170967.0,-
2007-09-26,5407.83,5338.52,-87.36,-1.61%,5320.02,5463.9,63608588,10552867.0,-
2007-09-27,5338.11,5409.4,70.88,1.33%,5306.82,5411.19,58884300,9615371.0,-
2007-09-28,5461.58,5552.3,142.9,2.64%,5461.58,5560.42,80631288,13881182.0,-
2007-10-08,5683.31,5692.75,140.45,2.53%,5620.0,5729.96,95983080,15588037.0,-
2007-10-09,5678.91,5715.89,23.14,0.41%,5628.35,5725.41,83289032,16249305.0,-
2007-10-10,5742.65,5771.46,55.57,0.97%,5727.24,5860.86,92445344,16545058.0,-
2007-10-11,5798.39,5913.23,141.77,2.46%,5755.99,5914.77,94709656,17798854.0,-
2007-10-12,5950.9,5903.26,-9.97,-0.17%,5658.81,5959.36,119148432,21929498.0,-
2007-10-15,5934.77,6030.09,126.82,2.15%,5866.13,6039.04,98707448,19346960.0,-
2007-10-16,6056.95,6092.06,61.97,1.03%,6040.71,6124.04,88152160,16354766.0,-
2007-10-17,6057.43,6036.28,-55.78,-0.92%,5982.2,6088.89,71312592,13370099.0,-
2007-10-18,6031.92,5825.28,-211.0,-3.50%,5804.97,6055.47,69805424,13034700.0,-
2007-10-19,5869.12,5818.05,-7.24,-0.12%,5766.86,5932.11,55224892,10327196.0,-
2007-10-22,5742.79,5667.33,-150.71,-2.59%,5654.91,5804.84,54433676,9556024.0,-
2007-10-23,5660.07,5773.39,106.06,1.87%,5574.84,5776.02,58453968,10120605.0,-
2007-10-24,5804.02,5843.11,69.72,1.21%,5793.56,5906.69,60292832,10865730.0,-
2007-10-25,5794.22,5562.39,-280.71,-4.80%,5546.04,5819.88,71714448,11975391.0,-
2007-10-26,5498.86,5589.63,27.24,0.49%,5462.01,5628.83,51519176,8740504.0,-
2007-10-29,5641.98,5748.0,158.37,2.83%,5617.98,5750.25,50164404,8210512.5,-
2007-10-30,5769.2,5897.19,149.2,2.60%,5701.34,5899.65,54278820,9065058.0,-
2007-10-31,5984.71,5954.77,57.57,0.98%,5871.48,6002.12,71029568,11945783.0,-
2007-11-01,5978.94,5914.29,-40.48,-0.68%,5912.5,6005.13,64885104,11076849.0,-
2007-11-02,5812.46,5777.81,-136.48,-2.31%,5740.4,5860.59,59541596,10602986.0,-
2007-11-05,5748.18,5634.45,-143.36,-2.48%,5603.47,5787.23,64132596,15490102.0,-
2007-11-06,5593.35,5536.57,-97.88,-1.74%,5510.16,5649.75,45068036,8358950.5,-
2007-11-07,5565.65,5601.78,65.21,1.18%,5469.76,5610.95,42730328,7630402.5,-
2007-11-08,5559.15,5330.02,-271.76,-4.85%,5328.2,5559.15,48924660,8376137.5,-
2007-11-09,5276.01,5315.54,-14.48,-0.27%,5217.63,5382.7,47341260,8076205.5,-
2007-11-12,5181.17,5187.73,-127.81,-2.40%,5032.58,5250.08,52582704,8743068.0,-
2007-11-13,5239.34,5158.12,-29.62,-0.57%,5085.44,5311.7,49237316,8304446.5,-
2007-11-14,5246.57,5412.69,254.58,4.94%,5165.06,5414.61,50992880,8806409.0,-
2007-11-15,5391.02,5365.27,-47.43,-0.88%,5338.9,5453.74,47819416,8095121.5,-
2007-11-16,5273.08,5316.27,-48.99,-0.91%,5224.31,5335.51,37387332,6163681.5,-
2007-11-19,5325.3,5269.82,-46.46,-0.87%,5240.42,5333.09,41097732,6315667.0,-
2007-11-20,5230.74,5293.7,23.89,0.45%,5158.54,5338.17,49057396,7932737.0,-
2007-11-21,5307.79,5214.23,-79.48,-1.50%,5206.57,5344.93,41231608,6596012.0,-
2007-11-22,5113.88,4984.16,-230.06,-4.41%,4969.89,5154.86,40370328,6473175.0,-
2007-11-23,4946.26,5032.13,47.97,0.96%,4896.99,5034.23,30872962,5020794.0,-
2007-11-26,5102.53,4958.85,-73.28,-1.46%,4952.43,5124.89,36755796,6005513.5,-
2007-11-27,4919.91,4861.11,-97.74,-1.97%,4857.04,4947.08,30833864,5276785.5,-
2007-11-28,4870.84,4803.39,-57.72,-1.19%,4778.73,4907.76,32756756,5325809.0,-
2007-11-29,4870.86,5003.33,199.94,4.16%,4814.78,5011.19,50071548,8119648.5,-
2007-11-30,4993.74,4871.78,-131.55,-2.63%,4861.86,4993.74,43314664,7050039.5,-
2007-12-03,4838.56,4868.61,-3.17,-0.07%,4798.01,4899.67,53750772,7003531.5,-
2007-12-04,4882.15,4915.89,47.28,0.97%,4882.15,4971.4,42835764,6077498.0,-
2007-12-05,4917.37,5042.65,126.76,2.58%,4893.32,5052.75,54299788,7974184.5,-
2007-12-06,5055.83,5035.07,-7.58,-0.15%,4995.47,5065.51,43159312,6446720.0,-
2007-12-07,5038.48,5091.76,56.68,1.13%,5021.37,5096.8,49961576,7166345.0,-
2007-12-10,5010.83,5161.92,70.16,1.38%,4990.72,5168.76,68817888,10748199.0,-
2007-12-11,5180.54,5175.08,13.16,0.25%,5103.75,5209.71,66848424,10643771.0,-
2007-12-12,5148.25,5095.54,-79.53,-1.54%,5054.56,5149.93,72156224,11295542.0,-
2007-12-13,5078.18,4958.04,-137.5,-2.70%,4954.36,5095.15,67283320,10508896.0,-
2007-12-14,4899.75,5007.91,49.87,1.01%,4860.16,5011.2,53052728,8162933.0,-
2007-12-17,5007.29,4876.76,-131.15,-2.62%,4874.62,5007.35,63546720,10152346.0,-
2007-12-18,4856.47,4836.17,-40.59,-0.83%,4812.16,4905.49,40558048,6485994.5,-
2007-12-19,4878.07,4941.78,105.61,2.18%,4868.35,4960.42,56275772,8640631.0,-
2007-12-20,4965.29,5043.54,101.75,2.06%,4923.29,5050.79,57742688,8784246.0,-
2007-12-21,5017.19,5101.78,58.24,1.15%,5013.76,5112.39,66142704,10347790.0,-
2007-12-24,5132.91,5234.26,132.48,2.60%,5104.65,5284.34,85080424,14018542.0,-
2007-12-25,5233.17,5201.18,-33.08,-0.63%,5178.8,5254.4,71023624,12507374.0,-
2007-12-26,5209.04,5233.35,32.17,0.62%,5158.76,5262.59,74458632,12285164.0,-
2007-12-27,5248.22,5308.89,75.54,1.44%,5203.5,5316.52,87324184,14703768.0,-
2007-12-28,5320.01,5261.56,-47.33,-0.89%,5248.69,5336.5,77187040,13368040.0,-
2008-01-02,5265.0,5272.81,11.25,0.21%,5201.89,5295.02,76566608,13302831.0,-
2008-01-03,5269.8,5319.86,47.05,0.89%,5211.05,5321.46,98510328,17042984.0,-
2008-01-04,5328.41,5361.57,41.71,0.78%,5318.46,5372.46,80875240,14554504.0,-
2008-01-07,5357.45,5393.34,31.77,0.59%,5332.6,5403.35,91933000,16222580.0,-
2008-01-08,5414.56,5386.53,-6.81,-0.13%,5344.65,5480.07,102477864,18460054.0,-
2008-01-09,5365.22,5435.81,49.28,0.91%,5346.85,5437.76,76805864,13944899.0,-
2008-01-10,5449.16,5456.54,20.73,0.38%,5407.31,5483.83,96553288,17413832.0,-
2008-01-11,5471.39,5484.68,28.14,0.52%,5423.81,5500.06,87724752,15587495.0,-
2008-01-14,5507.58,5497.9,13.22,0.24%,5456.93,5522.78,78714088,14225072.0,-
2008-01-15,5503.93,5443.79,-54.11,-0.98%,5405.6,5505.04,80719512,15153059.0,-
2008-01-16,5395.28,5290.61,-153.18,-2.81%,5288.77,5396.04,89278344,16195459.0,-
2008-01-17,5235.91,5151.63,-138.98,-2.63%,5039.79,5312.29,98941952,17474018.0,-
2008-01-18,5141.37,5180.51,28.89,0.56%,5093.13,5187.6,68635624,11836692.0,-
2008-01-21,5188.79,4914.44,-266.08,-5.14%,4891.29,5200.93,75643960,13034171.0,-
2008-01-22,4818.0,4559.75,-354.68,-7.22%,4511.95,4818.0,92491344,15483742.0,-
2008-01-23,4572.9,4703.05,143.3,3.14%,4510.5,4705.07,87963976,14034815.0,-
2008-01-24,4753.44,4717.73,14.69,0.31%,4625.46,4767.8,90038160,14923560.0,-
2008-01-25,4716.98,4761.69,43.95,0.93%,4657.71,4806.89,77928368,12942320.0,-
2008-01-28,4720.56,4419.29,-342.39,-7.19%,4409.08,4720.56,69350256,10880841.0,-
2008-01-29,4426.27,4457.94,38.65,0.87%,4389.52,4517.6,50356220,7956481.5,-
2008-01-30,4505.63,4417.85,-40.1,-0.90%,4330.7,4554.34,55080040,9256689.0,-
2008-01-31,4408.02,4383.39,-34.46,-0.78%,4368.3,4487.32,45141560,7618931.0,-
2008-02-01,4388.25,4320.77,-62.63,-1.43%,4195.75,4411.7,59307140,9645253.0,-
2008-02-04,4415.02,4672.17,351.4,8.13%,4415.02,4672.21,63374576,10915340.0,-
2008-02-05,4622.54,4599.7,-72.47,-1.55%,4550.43,4662.97,52619684,9341015.0,-
2008-02-13,4525.03,4490.72,-108.97,-2.37%,4454.64,4547.54,36914152,6154982.0,-
2008-02-14,4527.05,4552.32,61.6,1.37%,4507.94,4576.98,34913008,5751698.0,-
2008-02-15,4523.79,4497.13,-55.19,-1.21%,4431.46,4523.79,41386516,6698080.0,-
2008-02-18,4546.75,4568.15,71.02,1.58%,4517.6,4601.22,55824608,9253862.0,-
2008-02-19,4582.28,4664.29,96.14,2.10%,4544.94,4665.55,60663188,10335695.0,-
2008-02-20,4682.59,4567.03,-97.27,-2.09%,4556.81,4695.8,66474656,11478271.0,-
2008-02-21,4534.17,4527.18,-39.85,-0.87%,4452.67,4568.21,61309148,10029584.0,-
2008-02-22,4500.38,4370.29,-156.89,-3.47%,4333.03,4500.38,67601984,10982450.0,-
2008-02-25,4370.19,4192.53,-177.75,-4.07%,4182.77,4391.33,58811936,9304746.0,-
2008-02-26,4302.73,4238.18,45.65,1.09%,4123.31,4331.64,55686632,8987277.0,-
2008-02-27,4256.53,4334.05,95.87,2.26%,4222.46,4360.7,50524988,8296732.5,-
2008-02-28,4343.28,4299.51,-34.53,-0.80%,4265.5,4344.93,47922252,7552778.0,-
2008-02-29,4293.53,4348.54,49.03,1.14%,4275.9,4364.81,47835380,7551551.0,-
2008-03-03,4323.7,4438.27,89.72,2.06%,4279.35,4456.96,78513840,12532969.0,-
2008-03-04,4454.18,4335.45,-102.82,-2.32%,4321.27,4472.15,86956512,13591235.0,-
2008-03-05,4316.25,4292.65,-42.79,-0.99%,4210.96,4352.82,74109680,11354359.0,-
2008-03-06,4310.35,4360.99,68.33,1.59%,4260.79,4427.5,84932144,13318679.0,-
2008-03-07,4315.81,4300.52,-60.47,-1.39%,4265.83,4341.29,56747404,9220352.0,-
2008-03-10,4265.61,4146.3,-154.22,-3.59%,4120.53,4265.61,65682208,9735526.0,-
2008-03-11,4121.65,4165.88,19.58,0.47%,4063.47,4165.92,51333436,7962081.0,-
2008-03-12,4254.67,4070.12,-95.76,-2.30%,4068.78,4272.98,57224460,8866390.0,-
2008-03-13,4033.32,3971.26,-98.86,-2.43%,3902.25,4055.45,63653400,9634379.0,-
2008-03-14,3956.75,3962.67,-8.58,-0.22%,3891.7,4000.78,41407256,6428680.5,-
2008-03-17,3941.26,3820.05,-142.62,-3.60%,3813.0,3941.26,49100272,7361317.5,-
2008-03-18,3789.56,3668.9,-151.15,-3.96%,3607.25,3862.77,57861004,7953589.0,-
2008-03-19,3746.05,3761.6,92.71,2.53%,3677.82,3813.89,61586640,8827783.0,-
2008-03-20,3721.5,3804.05,42.45,1.13%,3516.33,3857.62,73262696,10624352.0,-
2008-03-21,3790.11,3796.58,-7.48,-0.20%,3746.4,3838.06,65093464,9640971.0,-
2008-03-24,3830.35,3626.19,-170.39,-4.49%,3624.94,3840.48,58959676,8853760.0,-
2008-03-25,3559.94,3629.62,3.43,0.09%,3521.53,3659.21,52765336,7782967.5,-
2008-03-26,3644.13,3606.86,-22.76,-0.63%,3591.11,3698.32,46251816,7050785.0,-
2008-03-27,3541.28,3411.49,-195.36,-5.42%,3407.9,3541.28,55069864,7693880.5,-
2008-03-28,3378.63,3580.15,168.65,4.94%,3357.23,3590.75,63291684,9029192.0,-
2008-03-31,3465.91,3472.71,-107.43,-3.00%,3445.56,3555.82,47113468,6682547.5,-
2008-04-01,3461.08,3329.16,-143.55,-4.13%,3308.9,3493.13,54831376,7309394.0,-
2008-04-02,3370.6,3347.88,18.72,0.56%,3283.64,3464.53,65487288,8643029.0,-
2008-04-03,3323.43,3446.24,98.36,2.94%,3271.29,3456.95,50889228,6641304.5,-
2008-04-07,3418.52,3599.62,153.37,4.45%,3386.51,3613.48,60994540,8458970.0,-
2008-04-08,3604.26,3612.54,12.92,0.36%,3563.85,3656.96,65484820,9271951.0,-
2008-04-09,3585.85,3413.91,-198.63,-5.50%,3413.07,3606.89,59852048,8120339.0,-
2008-04-10,3378.14,3471.74,57.84,1.69%,3344.87,3474.31,45455152,5969925.5,-
2008-04-11,3498.55,3492.89,21.15,0.61%,3462.14,3517.82,43284244,5898557.0,-
2008-04-14,3419.05,3296.67,-196.22,-5.62%,3285.3,3427.88,50311704,6695239.5,-
2008-04-15,3282.57,3348.35,51.68,1.57%,3212.15,3349.76,44668456,5903037.0,-
2008-04-16,3349.93,3291.6,-56.75,-1.69%,3283.08,3363.22,40091184,5320572.5,-
2008-04-17,3286.41,3222.74,-68.86,-2.09%,3180.2,3352.95,45843308,6250796.0,-
2008-04-18,3200.57,3094.67,-128.07,-3.97%,3078.17,3203.71,43665340,5458127.0,-
2008-04-21,3305.15,3116.98,22.31,0.72%,3073.56,3305.17,59955292,7957108.5,-
2008-04-22,3076.72,3147.79,30.82,0.99%,2990.79,3148.73,48787416,5879723.0,-
2008-04-23,3116.41,3278.33,130.54,4.15%,3089.89,3296.72,66235124,8611393.0,-
2008-04-24,3539.87,3583.03,304.7,9.29%,3461.64,3593.2,142066288,18959548.0,-
2008-04-25,3572.55,3557.75,-25.28,-0.71%,3527.84,3658.55,129621024,18472280.0,-
2008-04-28,3497.38,3474.72,-83.03,-2.33%,3460.25,3530.91,75744976,10916227.0,-
2008-04-29,3457.35,3523.41,48.68,1.40%,3453.28,3544.23,67175248,9957431.0,-
2008-04-30,3545.57,3693.11,169.7,4.82%,3543.02,3705.09,107617712,15631329.0,-
2008-05-05,3739.8,3761.01,67.9,1.84%,3696.7,3768.22,99696920,14756689.0,-
2008-05-06,3735.85,3733.5,-27.51,-0.73%,3680.99,3786.02,98932256,14830171.0,-
2008-05-07,3716.45,3579.15,-154.36,-4.13%,3577.99,3774.07,90497144,13354661.0,-
2008-05-08,3538.92,3656.84,77.69,2.17%,3523.02,3658.05,75173240,10881735.0,-
2008-05-09,3682.96,3613.49,-43.35,-1.19%,3552.47,3693.16,87898432,12893358.0,-
2008-05-12,3548.61,3626.98,13.49,0.37%,3521.88,3668.86,79891224,11669361.0,-
2008-05-13,3515.71,3560.24,-66.74,-1.84%,3508.32,3615.06,90747176,12265633.0,-
2008-05-14,3549.67,3657.43,97.19,2.73%,3549.67,3661.97,88592080,12231873.0,-
2008-05-15,3676.84,3637.32,-20.11,-0.55%,3636.22,3706.72,83955320,11257831.0,-
2008-05-16,3637.64,3624.23,-13.09,-0.36%,3582.5,3661.07,64812852,8954657.0,-
2008-05-19,3615.59,3604.76,-19.47,-0.54%,3563.61,3624.84,48450164,6759848.0,-
2008-05-20,3601.55,3443.16,-161.6,-4.48%,3432.38,3632.01,66377052,8893232.0,-
2008-05-21,3414.34,3544.19,101.02,2.93%,3355.08,3560.53,73641080,9656994.0,-
2008-05-22,3493.07,3485.63,-58.56,-1.65%,3469.79,3558.02,68504704,9389498.0,-
2008-05-23,3473.8,3473.09,-12.54,-0.36%,3435.84,3521.39,59950560,7618395.5,-
2008-05-26,3442.29,3364.54,-108.55,-3.13%,3361.99,3443.99,52776596,6722618.5,-
2008-05-27,3355.11,3375.41,10.86,0.32%,3333.95,3383.68,42499312,5521345.5,-
2008-05-28,3382.77,3459.03,83.62,2.48%,3354.25,3486.33,52476760,6871949.5,-
2008-05-29,3447.77,3401.44,-57.59,-1.66%,3400.77,3481.73,51439932,6730482.5,-
2008-05-30,3414.25,3433.35,31.92,0.94%,3390.88,3450.49,48495408,6490387.5,-
2008-06-02,3426.2,3459.04,25.69,0.75%,3400.72,3483.61,49186080,6195961.5,-
2008-06-03,3456.58,3436.4,-22.65,-0.65%,3409.23,3469.06,56642492,6939015.5,-
2008-06-04,3424.04,3369.91,-66.49,-1.93%,3341.74,3428.47,48038156,5917132.0,-
2008-06-05,3355.93,3351.65,-18.27,-0.54%,3326.54,3376.34,41834664,5334018.0,-
2008-06-06,3362.0,3329.67,-21.98,-0.66%,3312.72,3371.28,34763216,4276318.0,-
2008-06-10,3202.11,3072.33,-257.34,-7.73%,3045.06,3215.5,50909548,6072753.5,-
2008-06-11,3042.16,3024.24,-48.09,-1.57%,2992.35,3064.2,46939344,5418103.0,-
2008-06-12,3011.56,2957.53,-66.71,-2.21%,2900.12,3031.06,49535824,5683122.5,-
2008-06-13,2960.91,2868.8,-88.73,-3.00%,2865.5,2976.45,41069428,4518087.5,-
2008-06-16,2876.29,2874.1,5.3,0.18%,2811.72,2917.81,40385924,4322074.0,-
2008-06-17,2873.13,2794.75,-79.35,-2.76%,2769.12,2893.47,43298144,4384053.0,-
2008-06-18,2772.37,2941.11,146.36,5.24%,2729.71,2945.42,66349804,6902929.0,-
2008-06-19,2921.72,2748.87,-192.24,-6.54%,2742.15,2921.72,56795828,5962657.0,-
2008-06-20,2811.08,2831.74,82.86,3.01%,2695.63,2917.32,74156832,7921744.5,-
2008-06-23,2780.15,2760.42,-71.32,-2.52%,2741.19,2813.14,40670032,4190049.5,-
2008-06-24,2747.32,2803.02,42.6,1.54%,2728.83,2817.17,48387232,4994289.5,-
2008-06-25,2794.04,2905.01,102.0,3.64%,2784.42,2910.48,64819104,6751040.5,-
2008-06-26,2904.09,2901.85,-3.16,-0.11%,2851.12,2931.31,65519228,6918657.0,-
2008-06-27,2809.31,2748.43,-153.42,-5.29%,2723.16,2822.26,60529920,6171868.5,-
2008-06-30,2724.4,2736.1,-12.33,-0.45%,2693.4,2766.8,38518852,4055634.0,-
2008-07-01,2743.16,2651.6,-84.5,-3.09%,2644.78,2753.33,40681424,4299649.0,-
2008-07-02,2656.04,2651.73,0.12,0.00%,2627.9,2700.9,40181792,4356255.5,-
2008-07-03,2610.81,2703.53,51.8,1.95%,2566.53,2746.37,68146720,7407205.5,-
2008-07-04,2691.21,2669.89,-33.64,-1.24%,2645.83,2713.48,57291928,6200018.0,-
2008-07-07,2673.55,2792.4,122.5,4.59%,2673.55,2801.53,77405848,8203758.0,-
2008-07-08,2805.61,2814.95,22.55,0.81%,2754.62,2843.6,80204680,8747847.0,-
2008-07-09,2838.86,2920.55,105.6,3.75%,2838.86,2920.55,97026120,10583232.0,-
2008-07-10,2879.62,2875.45,-45.1,-1.54%,2862.06,2952.04,90904840,9950590.0,-
2008-07-11,2863.81,2856.63,-18.82,-0.65%,2821.31,2888.29,64820552,6978967.0,-
2008-07-14,2837.5,2878.26,21.62,0.76%,2828.24,2895.3,54465924,5945881.0,-
2008-07-15,2886.11,2779.45,-98.81,-3.43%,2769.91,2896.33,70915232,7518308.0,-
2008-07-16,2753.9,2705.87,-73.58,-2.65%,2656.61,2765.15,60043924,6036059.5,-
2008-07-17,2747.95,2684.78,-21.09,-0.78%,2676.15,2773.28,50842332,5145157.0,-
2008-07-18,2711.74,2778.37,93.59,3.49%,2665.91,2785.53,57873500,5910296.0,-
2008-07-21,2759.88,2861.42,83.05,2.99%,2745.64,2865.06,66487700,6966913.5,-
2008-07-22,2852.44,2846.12,-15.3,-0.53%,2830.76,2868.62,61519108,6513035.5,-
2008-07-23,2870.93,2837.85,-8.27,-0.29%,2831.11,2887.58,61497972,6422181.0,-
2008-07-24,2861.81,2910.29,72.44,2.55%,2849.1,2912.7,72505448,7797570.0,-
2008-07-25,2875.77,2865.1,-45.19,-1.55%,2851.93,2888.58,62531056,6386738.0,-
2008-07-28,2883.76,2903.01,37.91,1.32%,2883.76,2924.45,62318792,6449164.5,-
2008-07-29,2868.01,2850.31,-52.7,-1.82%,2827.7,2868.01,58632280,5926383.5,-
2008-07-30,2884.59,2836.67,-13.64,-0.48%,2822.19,2894.37,48946884,4891286.5,-
2008-07-31,2844.65,2775.72,-60.95,-2.15%,2774.1,2848.0,44530268,4357757.5,-
2008-08-01,2751.02,2801.82,26.1,0.94%,2721.95,2830.76,49215420,5074392.0,-
2008-08-04,2782.99,2741.74,-60.08,-2.14%,2738.85,2793.26,37170316,3756605.5,-
2008-08-05,2751.2,2690.75,-50.99,-1.86%,2684.73,2762.26,42378552,4251169.0,-
2008-08-06,2711.6,2719.37,28.62,1.06%,2678.86,2743.11,40605524,4113030.0,-
2008-08-07,2717.5,2727.58,8.21,0.30%,2691.35,2742.71,39492120,3872412.5,-
2008-08-08,2724.43,2605.72,-121.86,-4.47%,2595.92,2725.93,48507440,4630490.5,-
2008-08-11,2595.9,2470.07,-135.65,-5.21%,2453.71,2601.5,47161452,4151040.75,-
2008-08-12,2445.22,2457.2,-12.88,-0.52%,2430.85,2484.75,36632632,3105556.0,-
2008-08-13,2440.52,2446.3,-10.9,-0.44%,2370.74,2458.77,41005232,3532252.0,-
2008-08-14,2432.2,2437.08,-9.22,-0.38%,2409.01,2454.25,31305226,2773135.25,-
2008-08-15,2434.41,2450.61,13.53,0.56%,2414.57,2476.86,31296070,2720187.0,-
2008-08-18,2451.78,2319.87,-130.74,-5.34%,2318.93,2455.5,53656796,3586664.5,-
2008-08-19,2297.25,2344.47,24.6,1.06%,2284.58,2355.93,38593820,2769909.25,-
2008-08-20,2332.48,2523.28,178.81,7.63%,2306.66,2523.47,73736664,5903893.5,-
2008-08-21,2484.49,2431.72,-91.57,-3.63%,2431.05,2518.44,61331988,5191405.0,-
2008-08-22,2414.46,2405.23,-26.49,-1.09%,2362.09,2426.71,46284596,3634777.0,-
2008-08-25,2408.09,2413.37,8.15,0.34%,2382.29,2443.99,33757216,2684828.25,-
2008-08-26,2384.95,2350.08,-63.29,-2.62%,2327.22,2403.02,40979468,3132860.5,-
2008-08-27,2343.88,2342.15,-7.94,-0.34%,2310.46,2385.99,40952604,3256901.5,-
2008-08-28,2341.96,2350.14,8.0,0.34%,2333.03,2374.25,34752736,2860290.25,-
2008-08-29,2361.05,2397.37,47.23,2.01%,2352.1,2420.85,46405772,3731639.5,-
2008-09-01,2380.47,2325.14,-72.23,-3.01%,2311.73,2380.47,36265240,2867840.5,-
2008-09-02,2312.1,2304.89,-20.24,-0.87%,2284.92,2329.01,34190288,2595745.25,-
2008-09-03,2301.94,2276.67,-28.22,-1.22%,2248.07,2321.53,42250008,3246365.0,-
2008-09-04,2270.52,2277.41,0.74,0.03%,2249.12,2295.35,34163088,2583481.25,-
2008-09-05,2224.53,2202.45,-74.96,-3.29%,2199.36,2238.32,38608172,2797060.5,-
2008-09-08,2210.34,2143.42,-59.03,-2.68%,2135.38,2220.55,37669496,2766931.5,-
2008-09-09,2152.28,2145.78,2.36,0.11%,2114.5,2161.35,30722690,2176867.0,-
2008-09-10,2131.8,2150.76,4.98,0.23%,2102.91,2185.69,39012044,2850463.5,-
2008-09-11,2143.4,2078.98,-71.78,-3.34%,2070.43,2148.12,36441804,2723653.5,-
2008-09-12,2077.55,2079.67,0.69,0.03%,2064.29,2104.63,30312476,2271650.5,-
2008-09-16,2049.81,1986.64,-93.04,-4.47%,1974.39,2049.81,46223448,3382060.5,-
2008-09-17,1971.94,1929.05,-57.59,-2.90%,1922.68,1999.95,45853472,3200544.25,-
2008-09-18,1876.12,1895.84,-33.21,-1.72%,1802.33,1942.85,66333204,4343777.5,-
2008-09-19,2067.64,2075.09,179.25,9.46%,2043.32,2075.09,58433536,4155501.25,-
2008-09-22,2241.72,2236.41,161.32,7.77%,2164.8,2269.73,139930640,11369245.0,-
2008-09-23,2209.12,2201.51,-34.9,-1.56%,2181.96,2253.4,100165152,7760043.0,-
2008-09-24,2133.1,2216.81,15.3,0.70%,2116.96,2218.29,64547820,4902126.0,-
2008-09-25,2214.58,2297.5,80.69,3.64%,2211.45,2333.28,101230408,8351291.0,-
2008-09-26,2304.12,2293.78,-3.72,-0.16%,2246.28,2310.45,78259304,6663511.0,-
2008-10-06,2267.39,2173.74,-120.05,-5.23%,2172.57,2267.39,60938136,4734841.5,-
2008-10-07,2101.09,2157.84,-15.9,-0.73%,2072.9,2183.0,56902608,4716761.0,-
2008-10-08,2095.91,2092.22,-65.61,-3.04%,2059.09,2127.08,50759476,4076127.0,-
2008-10-09,2125.57,2074.58,-17.64,-0.84%,2063.41,2130.87,45071000,3587503.25,-
2008-10-10,1995.96,2000.57,-74.01,-3.57%,1963.18,2027.83,54077528,3845435.0,-
2008-10-13,1978.56,2073.57,73.0,3.65%,1931.47,2074.47,56633804,4194316.5,-
2008-10-14,2139.06,2017.32,-56.25,-2.71%,2016.18,2146.73,68042480,5335397.0,-
2008-10-15,1995.89,1994.67,-22.65,-1.12%,1963.1,2013.49,40817956,2960409.0,-
2008-10-16,1916.13,1909.94,-84.73,-4.25%,1901.5,1943.32,50672444,3514873.75,-
2008-10-17,1921.84,1930.65,20.71,1.08%,1902.6,1941.3,38647300,2615271.0,-
2008-10-20,1924.18,1974.01,43.35,2.25%,1890.92,1979.84,44569784,3211633.0,-
2008-10-21,1978.67,1958.53,-15.48,-0.78%,1956.11,1996.66,54096736,3869770.25,-
2008-10-22,1932.68,1895.82,-62.71,-3.20%,1894.31,1950.79,48310368,3235138.0,-
2008-10-23,1851.26,1875.56,-20.26,-1.07%,1828.31,1879.85,47830068,3297246.5,-
2008-10-24,1875.63,1839.62,-35.94,-1.92%,1825.53,1888.1,46244584,3170477.0,-
2008-10-27,1809.22,1723.35,-116.27,-6.32%,1721.6,1809.22,50534800,3220768.25,-
2008-10-28,1671.4,1771.82,48.47,2.81%,1664.93,1786.44,59847440,3975325.0,-
2008-10-29,1786.2,1719.81,-52.01,-2.94%,1719.33,1795.09,52188520,3542162.25,-
2008-10-30,1732.77,1763.61,43.8,2.55%,1710.73,1788.2,53560920,3540767.25,-
2008-10-31,1754.21,1728.79,-34.82,-1.97%,1721.59,1765.68,40219620,2515580.75,-
2008-11-03,1713.76,1719.77,-9.01,-0.52%,1702.98,1750.32,35858332,2313013.0,-
2008-11-04,1707.93,1706.7,-13.07,-0.76%,1678.96,1717.1,39253456,2380694.5,-
2008-11-05,1716.22,1760.61,53.91,3.16%,1716.22,1788.26,60317912,3757192.5,-
2008-11-06,1720.42,1717.72,-42.89,-2.44%,1703.1,1728.22,45680712,2707174.5,-
2008-11-07,1686.52,1747.71,29.99,1.75%,1680.6,1762.23,46807660,2864225.75,-
2008-11-10,1782.31,1874.8,127.09,7.27%,1782.31,1876.16,91273264,5686729.0,-
2008-11-11,1872.07,1843.61,-31.19,-1.66%,1840.92,1887.8,90879184,5673454.0,-
2008-11-12,1820.44,1859.11,15.5,0.84%,1815.08,1863.9,65873320,4099080.25,-
2008-11-13,1837.27,1927.61,68.5,3.68%,1825.88,1942.9,121067440,7817942.5,-
2008-11-14,1943.96,1986.44,58.82,3.05%,1921.84,1987.26,130439496,8784997.0,-
2008-11-17,1981.26,2030.48,44.05,2.22%,1963.85,2031.1,136840656,9021233.0,-
2008-11-18,2020.99,1902.43,-128.06,-6.31%,1889.86,2050.88,156698880,10145299.0,-
2008-11-19,1889.35,2017.47,115.04,6.05%,1883.83,2023.91,128809648,8420031.0,-
2008-11-20,1977.21,1983.76,-33.71,-1.67%,1956.73,2030.87,130840576,8604687.0,-
2008-11-21,1932.6,1969.39,-14.37,-0.72%,1893.15,2013.18,127123088,8378037.0,-
2008-11-24,1961.21,1897.06,-72.33,-3.67%,1893.34,1974.47,84519448,5480750.5,-
2008-11-25,1925.25,1888.71,-8.34,-0.44%,1858.17,1939.37,69541176,4575793.5,-
2008-11-26,1890.33,1897.88,9.17,0.49%,1873.18,1914.71,65140004,4223758.5,-
2008-11-27,2012.69,1917.86,19.98,1.05%,1916.47,2022.48,122337128,8396916.0,-
2008-11-28,1901.68,1871.16,-46.7,-2.44%,1856.29,1915.27,77722280,5050747.5,-
2008-12-01,1865.74,1894.61,23.46,1.25%,1838.1,1895.76,81890352,5223631.0,-
2008-12-02,1856.97,1889.64,-4.98,-0.26%,1846.53,1907.78,104288928,6756634.5,-
2008-12-03,1903.43,1965.41,75.78,4.01%,1902.94,1965.83,134916128,8900004.0,-
2008-12-04,1992.72,2001.5,36.09,1.84%,1985.2,2055.21,175952288,12282169.0,-
2008-12-05,1984.26,2018.66,17.15,0.86%,1975.71,2019.75,118490336,8099786.0,-
2008-12-08,2049.16,2090.77,72.12,3.57%,2038.19,2091.28,164973056,11650529.0,-
2008-12-09,2100.77,2037.74,-53.03,-2.54%,2036.89,2100.81,145334176,10402157.0,-
2008-12-10,2025.03,2079.12,41.38,2.03%,2005.56,2079.55,128251056,9307745.0,-
2008-12-11,2072.58,2031.68,-47.44,-2.28%,2028.73,2087.2,121696744,8777381.0,-
2008-12-12,2014.58,1954.21,-77.47,-3.81%,1932.27,2023.18,108147808,7337591.0,-
2008-12-15,1977.03,1964.37,10.16,0.52%,1936.56,1989.3,81536952,5521042.5,-
2008-12-16,1948.86,1975.01,10.63,0.54%,1907.83,1976.72,78328544,5283268.5,-
2008-12-17,1983.84,1976.82,1.81,0.09%,1971.82,2003.38,97247272,6839489.0,-
2008-12-18,1978.97,2015.69,38.88,1.97%,1958.97,2016.57,92160304,6493077.0,-
2008-12-19,2006.21,2018.46,2.77,0.14%,1997.12,2038.66,102183392,7295402.0,-
2008-12-22,2016.45,1987.76,-30.71,-1.52%,1965.35,2016.45,86820544,6043036.5,-
2008-12-23,1990.05,1897.22,-90.53,-4.55%,1895.18,1990.05,98985952,6698277.5,-
2008-12-24,1873.58,1863.8,-33.42,-1.76%,1850.85,1887.31,74495752,4833360.0,-
2008-12-25,1865.72,1852.42,-11.38,-0.61%,1832.35,1877.77,64566148,4216963.5,-
2008-12-26,1852.91,1851.52,-0.9,-0.05%,1840.19,1866.63,53256204,3486441.5,-
2008-12-29,1846.3,1850.48,-1.04,-0.06%,1815.41,1856.33,55021400,3709563.0,-
2008-12-30,1851.91,1832.91,-17.57,-0.95%,1826.98,1862.94,56466224,3785262.75,-
2008-12-31,1834.95,1820.81,-12.1,-0.66%,1814.75,1844.37,50396100,3352617.0,-
2009-01-05,1849.02,1880.72,59.91,3.29%,1844.09,1880.72,67136720,4610096.0,-
2009-01-06,1878.83,1937.15,56.43,3.00%,1871.97,1938.69,99066760,6901257.0,-
2009-01-07,1938.97,1924.01,-13.13,-0.68%,1920.52,1948.23,92360088,6393116.5,-
2009-01-08,1890.24,1878.18,-45.83,-2.38%,1862.26,1894.17,80374000,5507681.5,-
2009-01-09,1875.16,1904.86,26.68,1.42%,1875.16,1909.35,71224784,5013126.5,-
2009-01-12,1897.7,1900.35,-4.51,-0.24%,1886.83,1924.44,83645560,5950723.5,-
2009-01-13,1880.87,1863.37,-36.98,-1.95%,1861.81,1888.31,73836464,4926818.5,-
2009-01-14,1862.31,1928.87,65.5,3.52%,1862.31,1929.28,87918048,6418721.5,-
2009-01-15,1912.77,1920.21,-8.66,-0.45%,1902.54,1937.73,115984408,8322464.0,-
2009-01-16,1928.92,1954.44,34.23,1.78%,1928.92,1984.73,132972536,10003242.0,-
2009-01-19,1971.0,1986.67,32.23,1.65%,1966.19,2018.51,109401368,8112478.0,-
2009-01-20,1981.15,1994.11,7.44,0.37%,1956.1,1994.81,74565392,5555994.0,-
2009-01-21,1965.94,1985.02,-9.09,-0.46%,1960.53,2007.91,87289200,6807424.0,-
2009-01-22,1996.09,2004.95,19.94,1.00%,1980.44,2009.85,88284496,6650608.5,-
2009-01-23,2001.17,1990.66,-14.29,-0.71%,1986.35,2008.79,85967712,6293239.5,-
2009-02-02,2008.13,2011.68,21.03,1.06%,1987.13,2012.74,84766272,6181871.5,-
2009-02-03,2011.77,2060.81,49.12,2.44%,2005.02,2060.93,134407696,9671269.0,-
2009-02-04,2068.09,2107.75,46.94,2.28%,2067.79,2108.26,151785872,11069611.0,-
2009-02-05,2106.83,2098.02,-9.73,-0.46%,2082.6,2149.48,165352192,12450074.0,-
2009-02-06,2102.08,2181.24,83.22,3.97%,2102.08,2185.09,160860192,12066587.0,-
2009-02-09,2211.32,2224.71,43.48,1.99%,2196.71,2238.89,192312688,15046905.0,-
2009-02-10,2218.49,2265.16,40.45,1.82%,2197.01,2266.4,172587360,13568144.0,-
2009-02-11,2230.49,2260.82,-4.34,-0.19%,2218.3,2305.71,209328064,17232148.0,-
2009-02-12,2265.79,2248.09,-12.73,-0.56%,2191.89,2274.2,173976848,14210389.0,-
2009-02-13,2249.19,2320.79,72.7,3.23%,2236.18,2323.12,199715520,16449559.0,-
2009-02-16,2338.76,2389.39,68.6,2.96%,2328.18,2389.88,211427616,17794362.0,-
2009-02-17,2387.35,2319.44,-69.95,-2.93%,2316.93,2402.81,198117824,16920866.0,-
2009-02-18,2271.26,2209.86,-109.58,-4.72%,2206.06,2295.74,162461888,13527173.0,-
2009-02-19,2224.49,2227.12,17.26,0.78%,2190.47,2247.62,129844048,10833962.0,-
2009-02-20,2234.36,2261.48,34.35,1.54%,2206.21,2262.33,128938104,10916579.0,-
2009-02-23,2249.29,2305.78,44.3,1.96%,2219.71,2313.59,160289120,13863295.0,-
2009-02-24,2273.75,2200.65,-105.12,-4.56%,2193.27,2295.59,183853104,15838070.0,-
2009-02-25,2222.51,2206.57,5.92,0.27%,2142.6,2234.02,152376896,13171431.0,-
2009-02-26,2201.67,2121.25,-85.32,-3.87%,2102.35,2237.55,148638848,12740569.0,-
2009-02-27,2100.06,2082.85,-38.4,-1.81%,2064.92,2123.24,122905208,9810211.0,-
2009-03-02,2066.23,2093.45,10.6,0.51%,2052.99,2102.11,87462584,7221134.0,-
2009-03-03,2047.21,2071.43,-22.02,-1.05%,2037.02,2088.63,97781728,7999430.5,-
2009-03-04,2076.62,2198.11,126.68,6.12%,2076.62,2201.73,154811280,12789296.0,-
2009-03-05,2220.15,2221.08,22.97,1.04%,2173.49,2241.76,182441104,15444712.0,-
2009-03-06,2180.79,2193.01,-28.07,-1.26%,2171.67,2221.04,123863232,10545600.0,-
2009-03-09,2205.75,2118.75,-74.26,-3.39%,2116.45,2232.67,124300648,10378926.0,-
2009-03-10,2097.14,2158.57,39.82,1.88%,2088.16,2159.27,83940256,6921091.5,-
2009-03-11,2199.98,2139.02,-19.54,-0.91%,2133.14,2203.53,103723448,8814068.0,-
2009-03-12,2127.73,2133.88,-5.14,-0.24%,2086.02,2136.79,87213152,7084469.5,-
2009-03-13,2148.42,2128.85,-5.03,-0.24%,2124.98,2166.02,83504888,7108609.5,-
2009-03-16,2122.41,2153.29,24.44,1.15%,2108.61,2158.9,73382632,6135018.0,-
2009-03-17,2156.77,2218.33,65.04,3.02%,2151.78,2225.19,130805424,11223275.0,-
2009-03-18,2227.98,2223.73,5.4,0.24%,2221.59,2255.01,146994592,12586535.0,-
2009-03-19,2227.34,2265.76,42.03,1.89%,2220.16,2268.14,145822320,12777627.0,-
2009-03-20,2272.44,2281.09,15.33,0.68%,2250.41,2294.12,150523664,13368986.0,-
2009-03-23,2286.25,2325.48,44.39,1.95%,2276.81,2329.18,160060224,15048117.0,-
2009-03-24,2359.68,2338.42,12.94,0.56%,2327.43,2369.45,162727088,14965750.0,-
2009-03-25,2333.16,2291.55,-46.86,-2.00%,2291.36,2355.69,144842464,13214102.0,-
2009-03-26,2296.05,2361.7,70.15,3.06%,2274.9,2362.05,158556832,14211526.0,-
2009-03-27,2380.63,2374.44,12.73,0.54%,2361.09,2392.77,186528384,16237258.0,-
2009-03-30,2377.96,2358.04,-16.4,-0.69%,2348.53,2380.19,139880608,12696664.0,-
2009-03-31,2313.88,2373.21,15.17,0.64%,2299.16,2375.71,142695488,13521869.0,-
2009-04-01,2380.98,2408.02,34.8,1.47%,2380.98,2422.62,179857616,16654211.0,-
2009-04-02,2417.22,2425.29,17.27,0.72%,2417.11,2450.0,188385984,17252252.0,-
2009-04-03,2446.12,2419.78,-5.51,-0.23%,2406.5,2456.81,170251680,15721962.0,-
2009-04-07,2422.1,2439.18,19.4,0.80%,2407.51,2449.54,124209224,11678961.0,-
2009-04-08,2429.88,2347.39,-91.8,-3.76%,2346.54,2435.39,146809152,13564111.0,-
2009-04-09,2345.01,2379.88,32.49,1.38%,2331.88,2380.94,113234976,10661921.0,-
2009-04-10,2400.01,2444.23,64.35,2.70%,2392.8,2444.98,157491200,15551459.0,-
2009-04-13,2468.08,2513.7,69.48,2.84%,2464.06,2522.45,191344928,18771166.0,-
2009-04-14,2512.01,2527.18,13.48,0.54%,2495.34,2532.09,165180096,16198025.0,-
2009-04-15,2514.59,2536.06,8.88,0.35%,2485.93,2542.54,181085696,17432882.0,-
2009-04-16,2542.34,2534.13,-1.92,-0.08%,2497.12,2549.31,186163120,17538558.0,-
2009-04-17,2524.63,2503.94,-30.2,-1.19%,2481.9,2539.35,161593600,15762244.0,-
2009-04-20,2500.17,2557.46,53.52,2.14%,2497.32,2559.04,147904256,14051462.0,-
2009-04-21,2523.26,2535.83,-21.63,-0.85%,2499.6,2552.6,164621536,15498176.0,-
2009-04-22,2548.1,2461.35,-74.48,-2.94%,2449.9,2579.22,193984096,17768406.0,-
2009-04-23,2440.68,2463.95,2.61,0.11%,2422.79,2474.15,126119752,11328948.0,-
2009-04-24,2477.16,2448.59,-15.36,-0.62%,2445.66,2481.53,113796840,10870732.0,-
2009-04-27,2443.44,2405.35,-43.25,-1.77%,2393.16,2452.93,113008176,10312958.0,-
2009-04-28,2382.88,2401.44,-3.91,-0.16%,2372.34,2411.44,94815296,9083215.0,-
2009-04-29,2401.66,2468.19,66.75,2.78%,2395.48,2477.73,126530720,12116211.0,-
2009-04-30,2477.93,2477.57,9.38,0.38%,2461.36,2491.07,131154168,12841599.0,-
2009-05-04,2486.69,2559.91,82.34,3.32%,2486.23,2560.54,153369984,14655667.0,-
2009-05-05,2577.43,2567.34,7.43,0.29%,2552.39,2590.78,158422288,15148374.0,-
2009-05-06,2563.56,2592.52,25.18,0.98%,2552.63,2596.93,160708592,15473926.0,-
2009-05-07,2612.12,2597.45,4.93,0.19%,2566.12,2622.11,181811472,17495068.0,-
2009-05-08,2586.76,2625.65,28.2,1.09%,2574.57,2634.06,161920976,15621841.0,-
2009-05-11,2646.29,2579.75,-45.9,-1.75%,2579.75,2663.95,178248352,17232200.0,-
2009-05-12,2562.36,2618.17,38.42,1.49%,2558.96,2619.69,123005960,11353529.0,-
2009-05-13,2629.03,2663.77,45.59,1.74%,2608.32,2670.21,145836000,14485289.0,-
2009-05-14,2631.45,2639.89,-23.88,-0.90%,2610.22,2651.49,124762440,12145413.0,-
2009-05-15,2646.89,2645.26,5.38,0.20%,2623.36,2661.37,110890176,10660836.0,-
2009-05-18,2632.57,2652.78,7.52,0.28%,2589.61,2656.84,119048896,11775693.0,-
2009-05-19,2679.4,2676.68,23.9,0.90%,2660.56,2688.11,147466096,14827826.0,-
2009-05-20,2680.55,2651.41,-25.27,-0.94%,2651.01,2686.34,138245856,13772638.0,-
2009-05-21,2639.14,2610.62,-40.79,-1.54%,2598.87,2663.23,138926976,13883644.0,-
2009-05-22,2595.99,2597.6,-13.02,-0.50%,2578.59,2617.75,99147296,9911825.0,-
2009-05-25,2555.34,2610.01,12.41,0.48%,2538.62,2618.36,112000792,11278341.0,-
2009-05-26,2615.01,2588.57,-21.44,-0.82%,2585.91,2618.8,114514664,11813129.0,-
2009-05-27,2601.24,2632.93,44.36,1.71%,2592.79,2635.31,103167720,10327926.0,-
2009-06-01,2668.4,2721.28,88.35,3.36%,2668.4,2726.72,147959552,15658338.0,-
2009-06-02,2739.44,2724.3,3.02,0.11%,2713.47,2750.88,156356048,16153353.0,-
2009-06-03,2722.27,2778.59,54.29,1.99%,2717.86,2778.68,155681664,15993314.0,-
2009-06-04,2753.25,2767.24,-11.34,-0.41%,2728.2,2778.24,170878928,17953048.0,-
2009-06-05,2783.86,2753.89,-13.35,-0.48%,2750.38,2791.65,146648112,15400801.0,-
2009-06-08,2753.34,2768.34,14.44,0.52%,2729.03,2795.15,133231440,13905563.0,-
2009-06-09,2766.51,2787.89,19.55,0.71%,2721.85,2788.37,132601568,13336834.0,-
2009-06-10,2796.9,2816.25,28.36,1.02%,2790.0,2820.57,145267184,14416457.0,-
2009-06-11,2812.28,2797.32,-18.93,-0.67%,2787.45,2828.74,134114880,13267947.0,-
2009-06-12,2793.97,2743.76,-53.56,-1.91%,2722.22,2812.68,127694656,12385677.0,-
2009-06-15,2743.03,2789.55,45.79,1.67%,2727.74,2790.98,106225008,10861122.0,-
2009-06-16,2762.74,2776.02,-13.53,-0.48%,2753.69,2797.48,103383328,10827696.0,-
2009-06-17,2771.52,2810.12,34.1,1.23%,2744.22,2813.61,110783744,11797793.0,-
2009-06-18,2812.99,2853.9,43.78,1.56%,2810.85,2855.42,138842688,14726858.0,-
2009-06-19,2861.18,2880.49,26.59,0.93%,2847.36,2886.5,153023360,15132072.0,-
2009-06-22,2900.57,2896.3,15.81,0.55%,2884.13,2923.24,146972208,14801959.0,-
2009-06-23,2853.49,2892.7,-3.6,-0.12%,2841.9,2941.05,144465264,14452905.0,-
2009-06-24,2889.05,2922.3,29.6,1.02%,2880.28,2923.47,140574256,14658208.0,-
2009-06-25,2926.62,2925.05,2.75,0.09%,2909.09,2946.9,119613024,12931718.0,-
2009-06-26,2930.5,2928.21,3.16,0.11%,2910.34,2937.61,109560720,11528820.0,-
2009-06-29,2930.31,2975.31,47.1,1.61%,2918.39,2976.92,128543776,13689782.0,-
2009-06-30,2990.12,2959.36,-15.95,-0.54%,2953.36,2997.27,125813952,14370236.0,-
2009-07-01,2950.17,3008.15,48.79,1.65%,2947.69,3009.71,138250144,15378758.0,-
2009-07-02,3015.08,3060.25,52.1,1.73%,3015.08,3062.56,161960288,18110640.0,-
2009-07-03,3035.81,3088.37,28.11,0.92%,3029.55,3088.86,159467952,17743770.0,-
2009-07-06,3091.48,3124.67,36.3,1.18%,3090.1,3128.31,183237328,20390626.0,-
2009-07-07,3118.27,3089.45,-35.22,-1.13%,3077.48,3130.07,178775744,18805308.0,-
2009-07-08,3057.46,3080.77,-8.68,-0.28%,3011.21,3097.96,155489184,17073020.0,-
2009-07-09,3073.52,3123.03,42.26,1.37%,3064.21,3123.51,167287872,18434094.0,-
2009-07-10,3124.79,3113.93,-9.1,-0.29%,3099.99,3140.04,161162272,17815652.0,-
2009-07-13,3098.96,3080.56,-33.38,-1.07%,3076.3,3112.88,156610064,17277320.0,-
2009-07-14,3088.58,3145.16,64.6,2.10%,3088.58,3147.59,161688480,17831026.0,-
2009-07-15,3156.62,3188.55,43.39,1.38%,3156.62,3188.91,195911472,21764840.0,-
2009-07-16,3209.77,3183.74,-4.81,-0.15%,3175.96,3221.07,191230176,21840554.0,-
2009-07-17,3181.06,3189.74,6.0,0.19%,3158.57,3197.23,164690672,18662748.0,-
2009-07-20,3203.89,3266.92,77.18,2.42%,3192.9,3269.18,198870800,23413766.0,-
2009-07-21,3275.67,3213.21,-53.71,-1.64%,3207.5,3279.59,197565888,23228394.0,-
2009-07-22,3207.99,3296.61,83.41,2.60%,3207.26,3301.43,168213040,20590436.0,-
2009-07-23,3301.1,3328.49,31.88,0.97%,3289.22,3331.06,166397744,19539968.0,-
2009-07-24,3343.76,3372.6,44.11,1.33%,3306.91,3398.05,189738688,22358694.0,-
2009-07-27,3377.72,3435.21,62.61,1.86%,3376.29,3435.93,197623648,24059066.0,-
2009-07-28,3434.32,3438.37,3.16,0.09%,3392.43,3439.92,204245808,24363920.0,-
2009-07-29,3419.99,3266.43,-171.94,-5.00%,3174.21,3454.02,275801184,29692582.0,-
2009-07-30,3281.2,3321.56,55.13,1.69%,3215.75,3336.64,198010208,21980524.0,-
2009-07-31,3354.68,3412.06,90.5,2.72%,3333.72,3414.15,193714384,22391342.0,-
2009-08-03,3429.69,3462.59,50.53,1.48%,3398.45,3465.17,200813712,23632190.0,-
2009-08-04,3477.11,3471.44,8.85,0.26%,3404.82,3478.01,211490160,25112508.0,-
2009-08-05,3467.05,3428.5,-42.94,-1.24%,3385.42,3468.1,202502528,24094202.0,-
2009-08-06,3401.48,3356.33,-72.17,-2.11%,3309.61,3419.74,174827376,21697796.0,-
2009-08-07,3352.66,3260.69,-95.64,-2.85%,3244.1,3374.46,153160000,18496552.0,-
2009-08-10,3287.76,3249.76,-10.93,-0.34%,3201.06,3307.89,126683744,15309224.0,-
2009-08-11,3261.41,3264.73,14.97,0.46%,3222.71,3273.02,103752296,12259068.0,-
2009-08-12,3255.99,3112.72,-152.01,-4.66%,3104.56,3255.99,134447456,15750278.0,-
2009-08-13,3112.57,3140.56,27.84,0.89%,3060.12,3150.36,116934224,13862230.0,-
2009-08-14,3138.15,3046.97,-93.59,-2.98%,3039.3,3146.0,125815592,14631718.0,-
2009-08-17,2994.87,2870.63,-176.34,-5.79%,2867.39,3020.26,125058960,13750529.0,-
2009-08-18,2845.33,2910.88,40.25,1.40%,2827.11,2920.64,106251528,11788473.0,-
2009-08-19,2916.09,2785.58,-125.3,-4.30%,2761.4,2929.06,114469472,12226499.0,-
2009-08-20,2798.37,2911.58,126.0,4.52%,2798.37,2914.64,110039080,12209743.0,-
2009-08-21,2905.05,2960.77,49.19,1.69%,2883.27,2969.52,126790296,13791122.0,-
2009-08-24,2982.19,2993.43,32.66,1.10%,2944.92,3004.9,122875720,13883392.0,-
2009-08-25,2980.1,2915.8,-77.63,-2.59%,2823.64,2980.1,145236176,16095017.0,-
2009-08-26,2889.74,2967.59,51.79,1.78%,2872.26,2995.8,130425352,14373382.0,-
2009-08-27,2947.83,2946.4,-21.2,-0.71%,2909.89,2988.03,136745904,14524665.0,-
2009-08-28,2938.42,2860.69,-85.71,-2.91%,2843.11,2949.43,123048496,13375388.0,-
2009-08-31,2817.63,2667.75,-192.94,-6.74%,2663.0,2817.63,118246248,12463680.0,-
2009-09-01,2649.17,2683.72,15.98,0.60%,2639.76,2727.08,98042584,10172143.0,-
2009-09-02,2681.33,2714.97,31.25,1.16%,2669.22,2729.71,83934712,8818822.0,-
2009-09-03,2722.3,2845.02,130.05,4.79%,2715.62,2854.16,129890256,13887549.0,-
2009-09-04,2841.17,2861.61,16.58,0.58%,2827.58,2875.98,128889936,14223478.0,-
2009-09-07,2877.62,2881.12,19.51,0.68%,2860.0,2919.35,131182808,14673628.0,-
2009-09-08,2865.7,2930.48,49.36,1.71%,2831.85,2931.23,127929384,14862821.0,-
2009-09-09,2944.17,2946.26,15.78,0.54%,2900.11,2962.29,130754496,15330083.0,-
2009-09-10,2934.96,2924.88,-21.38,-0.73%,2911.21,2958.95,105894864,11695973.0,-
2009-09-11,2917.19,2989.79,64.91,2.22%,2915.9,2999.33,123246664,13796331.0,-
2009-09-14,2990.93,3026.74,36.95,1.24%,2984.83,3033.08,143711216,15710154.0,-
2009-09-15,3029.1,3033.73,6.99,0.23%,2999.43,3050.43,144467760,16003737.0,-
2009-09-16,3027.51,2999.71,-34.02,-1.12%,2960.59,3028.56,147415776,16833368.0,-
2009-09-17,3015.59,3060.26,60.55,2.02%,3015.59,3064.23,160740400,17815170.0,-
2009-09-18,3063.31,2962.67,-97.59,-3.19%,2940.83,3068.03,168076592,18145862.0,-
2009-09-21,2937.93,2967.01,4.34,0.15%,2871.65,2968.7,136231984,14576668.0,-
2009-09-22,2956.13,2897.55,-69.46,-2.34%,2896.94,2982.9,124074704,13783060.0,-
2009-09-23,2897.81,2842.72,-54.83,-1.89%,2825.86,2924.2,107626360,11678668.0,-
2009-09-24,2824.58,2853.55,10.83,0.38%,2783.11,2886.26,102541320,11094511.0,-
2009-09-25,2836.7,2838.84,-14.71,-0.52%,2812.92,2864.07,75167600,8107137.5,-
2009-09-28,2844.37,2763.52,-75.32,-2.65%,2752.77,2857.95,71874584,7548956.0,-
2009-09-29,2763.76,2754.54,-8.98,-0.33%,2712.3,2779.69,73565536,7430375.0,-
2009-09-30,2772.57,2779.43,24.89,0.90%,2763.71,2803.86,64833256,6813630.0,-
2009-10-09,2840.13,2911.72,132.29,4.76%,2834.62,2912.55,85546560,9316797.0,-
2009-10-12,2927.02,2894.48,-17.23,-0.59%,2893.57,2932.08,88186632,9995180.0,-
2009-10-13,2889.79,2936.19,41.71,1.44%,2886.96,2937.82,79997904,8854789.0,-
2009-10-14,2945.67,2970.53,34.34,1.17%,2943.74,3010.61,129630144,14156838.0,-
2009-10-15,2994.89,2979.79,9.26,0.31%,2967.11,3014.26,98617592,11045532.0,-
2009-10-16,2992.75,2976.63,-3.16,-0.11%,2931.92,3008.18,92222800,10475865.0,-
2009-10-19,2974.64,3038.27,61.64,2.07%,2962.31,3039.6,120615600,14059146.0,-
2009-10-20,3062.55,3084.45,46.18,1.52%,3053.64,3084.94,143651184,16716104.0,-
2009-10-21,3080.52,3070.59,-13.86,-0.45%,3062.56,3105.51,135482768,15515540.0,-
2009-10-22,3068.68,3051.41,-19.18,-0.62%,3045.03,3080.66,103031488,11956716.0,-
2009-10-23,3057.39,3107.85,56.44,1.85%,3057.39,3123.46,138600896,15726368.0,-
2009-10-26,3114.29,3109.57,1.72,0.06%,3083.18,3123.36,114826120,13136324.0,-
2009-10-27,3086.09,3021.46,-88.11,-2.83%,3020.49,3086.09,120886752,13981612.0,-
2009-10-28,3014.18,3031.33,9.87,0.33%,2974.26,3038.06,100973136,11419089.0,-
2009-10-29,2975.2,2960.47,-70.86,-2.34%,2952.01,2993.44,110282232,11730181.0,-
2009-10-30,3007.25,2995.85,35.38,1.20%,2983.93,3027.13,104792184,11740276.0,-
2009-11-02,2933.82,3076.65,80.8,2.70%,2923.52,3077.91,137286112,15485908.0,-
2009-11-03,3085.74,3114.23,37.58,1.22%,3078.94,3121.2,150552256,17032218.0,-
2009-11-04,3119.31,3128.54,14.31,0.46%,3096.35,3141.45,145370272,16392159.0,-
2009-11-05,3133.5,3155.05,26.52,0.85%,3122.52,3158.72,145465760,15533171.0,-
2009-11-06,3176.14,3164.04,8.98,0.28%,3156.99,3183.57,163490816,18095132.0,-
2009-11-09,3162.15,3175.58,11.55,0.36%,3141.77,3176.66,139189824,15876955.0,-
2009-11-10,3203.17,3178.61,3.02,0.10%,3176.25,3211.1,142448016,16298779.0,-
2009-11-11,3176.31,3175.19,-3.42,-0.11%,3149.07,3186.59,126821704,14448986.0,-
2009-11-12,3181.46,3172.95,-2.25,-0.07%,3163.08,3199.87,138033056,15257467.0,-
2009-11-13,3164.65,3187.65,14.7,0.46%,3127.5,3189.09,151147488,16554402.0,-
2009-11-16,3206.43,3275.05,87.4,2.74%,3206.43,3275.55,200378976,22823718.0,-
2009-11-17,3291.04,3282.89,7.84,0.24%,3275.3,3298.38,166037312,19475590.0,-
2009-11-18,3287.26,3303.23,20.34,0.62%,3274.21,3315.87,158663952,18154176.0,-
2009-11-19,3311.19,3320.61,17.38,0.53%,3285.8,3329.03,174619648,19472774.0,-
2009-11-20,3309.38,3308.35,-12.27,-0.37%,3280.18,3332.53,176074032,20056702.0,-
2009-11-23,3312.97,3338.66,30.32,0.92%,3305.5,3339.3,169531584,20366432.0,-
2009-11-24,3352.22,3223.53,-115.14,-3.45%,3214.03,3361.39,250211552,29077694.0,-
2009-11-25,3214.81,3290.17,66.64,2.07%,3188.02,3291.17,189026736,21800508.0,-
2009-11-26,3296.01,3170.98,-119.18,-3.62%,3160.35,3305.33,217978832,25447066.0,-
2009-11-27,3137.3,3096.26,-74.72,-2.36%,3080.89,3169.75,148802720,17202722.0,-
2009-11-30,3114.29,3195.3,99.04,3.20%,3114.29,3195.88,138860272,16025361.0,-
2009-12-01,3191.06,3235.36,40.06,1.25%,3173.42,3240.66,165279760,19122420.0,-
2009-12-02,3252.98,3269.75,34.39,1.06%,3245.96,3278.27,175051360,20388114.0,-
2009-12-03,3268.0,3264.63,-5.12,-0.16%,3227.77,3270.37,159219984,18914282.0,-
2009-12-04,3256.61,3317.04,52.42,1.61%,3214.84,3319.13,215945072,25742474.0,-
2009-12-07,3313.06,3331.9,14.85,0.45%,3302.13,3334.01,139876000,17177718.0,-
2009-12-08,3330.33,3296.66,-35.23,-1.06%,3260.67,3330.38,137065568,16270274.0,-
2009-12-09,3258.0,3239.57,-57.1,-1.73%,3228.2,3284.65,115095032,13633190.0,-
2009-12-10,3258.35,3254.26,14.7,0.45%,3225.56,3276.13,94306520,11262084.0,-
2009-12-11,3260.45,3247.32,-6.95,-0.21%,3242.37,3280.94,91542944,10760965.0,-
2009-12-14,3246.95,3302.9,55.59,1.71%,3178.23,3315.03,118243320,13933019.0,-
2009-12-15,3283.6,3274.46,-28.44,-0.86%,3267.94,3303.18,101484568,12606888.0,-
2009-12-16,3262.86,3255.21,-19.25,-0.59%,3246.61,3299.33,103873512,12316901.0,-
2009-12-17,3261.61,3179.08,-76.14,-2.34%,3176.63,3272.98,105646584,12380468.0,-
2009-12-18,3154.81,3113.89,-65.19,-2.05%,3108.03,3169.58,101866376,11651154.0,-
2009-12-21,3108.07,3122.97,9.09,0.29%,3088.0,3123.99,74568128,9022987.0,-
2009-12-22,3126.61,3050.52,-72.45,-2.32%,3039.86,3129.31,85080784,9947957.0,-
2009-12-23,3048.2,3073.78,23.26,0.76%,3041.35,3078.84,80058136,9089488.0,-
2009-12-24,3080.87,3153.41,79.63,2.59%,3075.11,3156.53,102406208,12331372.0,-
2009-12-25,3149.23,3141.35,-12.06,-0.38%,3128.15,3154.77,84545784,10148490.0,-
2009-12-28,3148.86,3188.78,47.43,1.51%,3148.86,3202.09,91211616,11061027.0,-
2009-12-29,3190.17,3211.76,22.98,0.72%,3166.76,3212.52,102612632,11706184.0,-
2009-12-30,3211.83,3262.6,50.84,1.58%,3206.22,3267.0,129456032,15775706.0,-
2009-12-31,3265.0,3277.14,14.54,0.45%,3250.03,3282.21,116520408,13897736.0,-
2010-01-04,3289.75,3243.76,-33.38,-1.02%,3243.32,3295.28,109447928,13377349.0,-
2010-01-05,3254.47,3282.18,38.42,1.18%,3221.46,3290.51,126115064,16185817.0,-
2010-01-06,3277.52,3254.22,-27.96,-0.85%,3253.04,3295.87,123651376,15804011.0,-
2010-01-07,3253.99,3192.78,-61.44,-1.89%,3176.71,3268.82,128652832,15722958.0,-
2010-01-08,3177.26,3196.0,3.22,0.10%,3149.02,3198.92,98377144,12173988.0,-
2010-01-11,3301.61,3212.75,16.75,0.52%,3197.33,3306.75,136327216,17755764.0,-
2010-01-12,3205.71,3273.97,61.22,1.91%,3180.08,3275.2,140655232,17394958.0,-
2010-01-13,3204.98,3172.66,-101.31,-3.09%,3165.49,3232.82,158344272,19732990.0,-
2010-01-14,3183.38,3215.55,42.89,1.35%,3165.6,3219.02,135954496,16800420.0,-
2010-01-15,3217.19,3224.15,8.6,0.27%,3197.22,3241.81,120541136,15144193.0,-
2010-01-18,3213.64,3237.1,12.95,0.40%,3202.21,3238.24,135067232,16976070.0,-
2010-01-19,3242.22,3246.87,9.78,0.30%,3236.84,3268.81,129943528,16267257.0,-
2010-01-20,3252.04,3151.85,-95.02,-2.93%,3148.33,3255.13,158243120,19266166.0,-
2010-01-21,3154.19,3158.86,7.01,0.22%,3126.9,3176.15,114337072,14210317.0,-
2010-01-22,3118.72,3128.59,-30.28,-0.96%,3062.63,3147.83,137758528,16357068.0,-
2010-01-25,3103.32,3094.41,-34.18,-1.09%,3092.93,3137.0,78361864,9514598.0,-
2010-01-26,3094.85,3019.39,-75.02,-2.42%,3001.96,3107.2,93507096,10925697.0,-
2010-01-27,3020.54,2986.61,-32.79,-1.09%,2972.63,3028.65,76552216,9032458.0,-
2010-01-28,2985.21,2994.14,7.54,0.25%,2963.89,3006.04,73365768,8565427.0,-
2010-01-29,2979.74,2989.29,-4.85,-0.16%,2968.45,3024.85,80475872,9565689.0,-
2010-02-01,2981.37,2941.36,-47.93,-1.60%,2912.89,2981.37,88147120,10376040.0,-
2010-02-02,2955.75,2934.71,-6.65,-0.23%,2930.56,2990.75,82485792,9768586.0,-
2010-02-03,2945.03,3003.83,69.12,2.36%,2890.02,3005.13,101022536,11904640.0,-
2010-02-04,2983.05,2995.31,-8.53,-0.28%,2968.68,3015.13,99918368,11460129.0,-
2010-02-05,2936.2,2939.4,-55.91,-1.87%,2918.91,2959.23,97274992,11088228.0,-
2010-02-08,2936.45,2935.17,-4.23,-0.14%,2922.19,2954.27,63299584,7315998.5,-
2010-02-09,2932.09,2948.84,13.67,0.47%,2929.21,2957.47,62282208,6811241.5,-
2010-02-10,2967.14,2982.5,33.66,1.14%,2958.22,2983.18,55588004,6701790.5,-
2010-02-11,2985.08,2985.5,3.0,0.10%,2976.08,3001.64,56646304,6489251.0,-
2010-02-12,2996.09,3018.13,32.63,1.09%,2993.44,3018.86,56092124,6693157.0,-
2010-02-22,3016.7,3003.4,-14.74,-0.49%,3002.81,3026.66,68505144,7874484.0,-
2010-02-23,2998.91,2982.57,-20.82,-0.69%,2938.75,2998.91,80392856,9822352.0,-
2010-02-24,2964.98,3022.18,39.6,1.33%,2955.07,3023.74,92918960,10556866.0,-
2010-02-25,3026.66,3060.62,38.44,1.27%,3022.37,3063.0,119670784,13896150.0,-
2010-02-26,3053.5,3051.94,-8.68,-0.28%,3041.69,3067.52,101296288,12146897.0,-
2010-03-01,3057.01,3087.84,35.9,1.18%,3054.55,3093.09,111038872,13130189.0,-
2010-03-02,3089.71,3073.11,-14.73,-0.48%,3060.96,3095.99,105327648,12455867.0,-
2010-03-03,3074.1,3097.0,23.9,0.78%,3061.47,3098.46,117156512,13652206.0,-
2010-03-04,3098.07,3023.37,-73.63,-2.38%,3016.22,3102.4,126383896,14493996.0,-
2010-03-05,3026.64,3031.06,7.69,0.25%,3011.09,3044.17,92259664,10576400.0,-
2010-03-08,3036.42,3053.23,22.17,0.73%,3030.91,3058.83,81011944,9275154.0,-
2010-03-09,3053.26,3069.14,15.91,0.52%,3028.69,3084.85,92381800,10748965.0,-
2010-03-10,3067.15,3048.93,-20.21,-0.66%,3034.74,3085.99,84612952,9873958.0,-
2010-03-11,3050.64,3051.28,2.36,0.08%,3025.31,3070.94,79872192,9618569.0,-
2010-03-12,3051.47,3013.41,-37.87,-1.24%,3011.97,3057.52,71418912,8435294.0,-
2010-03-15,3010.72,2976.94,-36.47,-1.21%,2963.49,3013.52,63749772,7477982.0,-
2010-03-16,2974.49,2992.84,15.9,0.53%,2963.44,2993.84,59627992,6993164.5,-
2010-03-17,2999.81,3050.48,57.64,1.93%,2994.89,3050.76,87085704,10501032.0,-
2010-03-18,3053.16,3046.09,-4.39,-0.14%,3035.02,3063.59,91379128,10854126.0,-
2010-03-19,3046.75,3067.75,21.66,0.71%,3031.02,3069.66,88481184,10321226.0,-
2010-03-22,3069.66,3074.58,6.83,0.22%,3061.76,3083.34,96499416,11343865.0,-
2010-03-23,3076.96,3053.12,-21.45,-0.70%,3051.21,3082.97,92867192,10871826.0,-
2010-03-24,3058.93,3056.81,3.68,0.12%,3052.21,3076.75,89266360,10352005.0,-
2010-03-25,3051.36,3019.18,-37.63,-1.23%,3012.31,3051.36,90190544,10528501.0,-
2010-03-26,3017.22,3059.72,40.54,1.34%,3009.91,3067.71,93077720,10895722.0,-
2010-03-29,3076.05,3123.8,64.08,2.09%,3071.69,3130.28,131895112,15518715.0,-
2010-03-30,3123.83,3128.47,4.67,0.15%,3113.77,3132.58,102431520,12518460.0,-
2010-03-31,3129.57,3109.1,-19.36,-0.62%,3101.76,3130.11,101143344,12280445.0,-
2010-04-01,3111.94,3147.42,38.31,1.23%,3111.94,3148.34,126779216,15401427.0,-
2010-04-02,3154.77,3157.96,10.54,0.33%,3141.87,3159.6,122789384,15005085.0,-
2010-04-06,3170.61,3158.68,0.72,0.02%,3141.93,3177.97,116814704,14408262.0,-
2010-04-07,3156.31,3148.22,-10.46,-0.33%,3132.24,3161.08,103521568,12677163.0,-
2010-04-08,3143.45,3118.71,-29.51,-0.94%,3110.26,3143.83,114643384,14217960.0,-
2010-04-09,3118.93,3145.35,26.64,0.85%,3114.79,3146.46,105425960,13409415.0,-
2010-04-12,3151.89,3129.26,-16.08,-0.51%,3111.9,3156.21,137962704,17500384.0,-
2010-04-13,3129.69,3161.25,31.99,1.02%,3101.48,3173.63,143982032,18468946.0,-
2010-04-14,3161.55,3166.18,4.93,0.16%,3145.55,3167.66,106435848,13791938.0,-
2010-04-15,3168.14,3164.97,-1.22,-0.04%,3135.99,3181.66,106263912,13681295.0,-
2010-04-16,3159.67,3130.3,-34.66,-1.10%,3121.37,3159.67,80934920,10290445.0,-
2010-04-19,3096.78,2980.3,-150.0,-4.79%,2977.77,3096.78,129360504,15639444.0,-
2010-04-20,2980.08,2979.53,-0.76,-0.03%,2941.35,2998.91,101732248,12478382.0,-
2010-04-21,2984.62,3033.28,53.74,1.80%,2972.1,3034.33,116308512,14602766.0,-
2010-04-22,3021.29,2999.48,-33.79,-1.11%,2978.46,3023.64,121726672,15333772.0,-
2010-04-23,2995.57,2983.54,-15.95,-0.53%,2966.78,3015.63,103518712,13588139.0,-
2010-04-26,2988.08,2969.5,-14.03,-0.47%,2965.83,2996.83,89146672,11625442.0,-
2010-04-27,2962.15,2907.93,-61.58,-2.07%,2866.34,2962.15,108271280,13115856.0,-
2010-04-28,2883.17,2900.33,-7.6,-0.26%,2865.47,2916.68,83749408,10485072.0,-
2010-04-29,2912.2,2868.43,-31.9,-1.10%,2867.94,2928.93,89344432,11220633.0,-
2010-04-30,2867.65,2870.61,2.18,0.08%,2820.95,2875.81,88734440,10598998.0,-
2010-05-04,2821.35,2835.28,-35.33,-1.23%,2809.13,2862.55,66079848,7876291.0,-
2010-05-05,2804.51,2857.15,21.87,0.77%,2770.33,2857.29,95340576,11415580.0,-
2010-05-06,2838.95,2739.7,-117.45,-4.11%,2735.0,2838.95,92649320,11319942.0,-
2010-05-07,2685.99,2688.38,-51.32,-1.87%,2665.81,2732.18,92026256,10850246.0,-
2010-05-10,2690.86,2698.76,10.37,0.39%,2646.59,2713.06,81854048,9543935.0,-
2010-05-11,2745.6,2647.57,-51.18,-1.90%,2638.53,2751.07,87897112,10098056.0,-
2010-05-12,2628.02,2655.71,8.14,0.31%,2604.2,2668.12,82544160,9058204.0,-
2010-05-13,2653.58,2710.51,54.79,2.06%,2646.9,2711.07,83077736,9073612.0,-
2010-05-14,2692.1,2696.63,-13.88,-0.51%,2677.19,2712.86,73368024,8257673.0,-
2010-05-17,2663.88,2559.93,-136.7,-5.07%,2557.24,2663.88,82648328,8820761.0,-
2010-05-18,2555.14,2594.78,34.85,1.36%,2529.62,2603.32,82792384,8465977.0,-
2010-05-19,2581.63,2587.81,-6.98,-0.27%,2554.98,2623.96,71372184,7663173.5,-
2010-05-20,2571.54,2555.94,-31.87,-1.23%,2551.45,2609.64,66390040,7196165.5,-
2010-05-21,2492.57,2583.52,27.58,1.08%,2481.97,2584.45,83856096,8699829.0,-
2010-05-24,2596.32,2673.42,89.9,3.48%,2596.32,2680.49,112497272,12177123.0,-
2010-05-25,2654.36,2622.63,-50.79,-1.90%,2609.09,2659.74,93269056,10169741.0,-
2010-05-26,2620.85,2625.79,3.16,0.12%,2610.51,2644.94,68710464,7519563.0,-
2010-05-27,2615.1,2655.92,30.12,1.15%,2583.55,2662.08,87883568,9651628.0,-
2010-05-28,2680.4,2655.77,-0.15,-0.01%,2641.41,2686.54,86947992,9864877.0,-
2010-05-31,2647.87,2592.15,-63.62,-2.40%,2591.53,2665.39,78743880,8720375.0,-
2010-06-01,2577.76,2568.28,-23.86,-0.92%,2534.27,2598.9,74666112,7981466.5,-
2010-06-02,2548.54,2571.42,3.14,0.12%,2521.06,2572.34,64866632,6969252.0,-
2010-06-03,2575.77,2552.66,-18.77,-0.73%,2551.53,2596.14,69502328,7446243.5,-
2010-06-04,2536.23,2553.59,0.94,0.04%,2527.87,2556.97,56518496,6064596.0,-
2010-06-07,2508.33,2511.73,-41.86,-1.64%,2491.66,2527.1,65697988,7015378.0,-
2010-06-08,2510.08,2513.95,2.22,0.09%,2491.65,2531.88,63032468,6934265.0,-
2010-06-09,2523.88,2583.87,69.92,2.78%,2501.12,2589.47,96030984,10266253.0,-
2010-06-10,2561.55,2562.58,-21.29,-0.82%,2554.79,2581.05,74583960,8056928.5,-
2010-06-11,2574.9,2569.94,7.36,0.29%,2566.62,2590.98,66519280,7392036.5,-
2010-06-17,2588.97,2560.25,-9.7,-0.38%,2559.72,2595.51,54957040,6165070.0,-
2010-06-18,2556.6,2513.22,-47.02,-1.84%,2505.33,2568.86,67218456,7284091.5,-
2010-06-21,2517.29,2586.21,72.99,2.90%,2504.31,2587.34,78554424,8169403.0,-
2010-06-22,2579.63,2588.7,2.49,0.10%,2572.96,2598.35,63681460,6589844.0,-
2010-06-23,2576.34,2569.87,-18.83,-0.73%,2546.52,2593.67,58776820,6189482.0,-
2010-06-24,2563.64,2566.75,-3.13,-0.12%,2554.34,2586.9,48856572,5102073.0,-
2010-06-25,2556.54,2552.82,-13.93,-0.54%,2534.27,2572.83,50078852,5168799.5,-
2010-06-28,2550.65,2535.28,-17.54,-0.69%,2528.39,2561.49,43203936,4525733.0,-
2010-06-29,2534.5,2427.05,-108.22,-4.27%,2425.93,2541.14,73744904,7136187.0,-
2010-06-30,2409.54,2398.37,-28.68,-1.18%,2382.36,2411.44,55210568,5115435.0,-
2010-07-01,2393.95,2373.79,-24.58,-1.02%,2371.78,2410.77,49967688,4641516.0,-
2010-07-02,2371.32,2382.9,9.11,0.38%,2319.74,2386.4,68329568,6154527.0,-
2010-07-05,2358.76,2363.95,-18.95,-0.80%,2335.57,2378.09,47996452,4299967.0,-
2010-07-06,2358.28,2409.42,45.48,1.92%,2356.55,2409.78,61364296,5561825.5,-
2010-07-07,2407.67,2421.12,11.69,0.49%,2392.57,2421.68,56110700,5249374.5,-
2010-07-08,2429.68,2415.15,-5.97,-0.25%,2402.0,2436.28,54485956,5044920.5,-
2010-07-09,2416.58,2470.92,55.77,2.31%,2398.68,2485.6,85890152,8183466.5,-
2010-07-12,2468.54,2490.72,19.8,0.80%,2455.81,2501.02,82922344,8158060.5,-
2010-07-13,2468.69,2450.29,-40.43,-1.62%,2439.24,2468.69,66327020,6339204.5,-
2010-07-14,2456.1,2470.44,20.15,0.82%,2456.1,2494.59,72946144,7022122.0,-
2010-07-15,2465.99,2424.3,-46.14,-1.87%,2423.65,2487.24,105539232,7218634.0,-
2010-07-16,2414.68,2424.27,-0.03,0.00%,2389.07,2428.46,70793304,5599224.0,-
2010-07-19,2399.58,2475.42,51.15,2.11%,2392.27,2484.19,88838960,7947529.5,-
2010-07-20,2477.75,2528.73,53.31,2.15%,2477.46,2530.33,118598368,11164175.0,-
2010-07-21,2529.62,2535.39,6.66,0.26%,2520.15,2553.45,114247832,10577252.0,-
2010-07-22,2525.98,2562.41,27.01,1.07%,2522.2,2563.24,105934216,9575490.0,-
2010-07-23,2566.85,2572.03,9.62,0.38%,2549.24,2579.52,114373152,10116859.0,-
2010-07-26,2576.37,2588.68,16.66,0.65%,2556.47,2589.48,93326488,8858877.0,-
2010-07-27,2581.59,2575.37,-13.32,-0.51%,2565.64,2588.0,86605240,8515695.0,-
2010-07-28,2574.32,2633.66,58.3,2.26%,2564.16,2636.0,128979536,12194719.0,-
2010-07-29,2635.05,2648.12,14.45,0.55%,2623.94,2656.41,139123616,13120031.0,-
2010-07-30,2642.85,2637.5,-10.61,-0.40%,2614.73,2643.03,94773792,9412094.0,-
2010-08-02,2635.81,2672.52,35.01,1.33%,2633.65,2675.76,112944632,11022861.0,-
2010-08-03,2678.79,2627.0,-45.51,-1.70%,2626.72,2681.79,127971096,13039750.0,-
2010-08-04,2620.5,2638.52,11.52,0.44%,2589.99,2638.9,112123744,11284573.0,-
2010-08-05,2636.24,2620.76,-17.76,-0.67%,2606.62,2640.59,113514384,11542638.0,-
2010-08-06,2618.71,2658.39,37.64,1.44%,2598.91,2659.41,120927280,12336453.0,-
2010-08-09,2656.36,2672.53,14.14,0.53%,2650.4,2676.09,119964752,12655718.0,-
2010-08-10,2672.79,2595.27,-77.26,-2.89%,2594.34,2675.31,127010016,12956770.0,-
2010-08-11,2587.61,2607.5,12.22,0.47%,2586.02,2618.45,86941464,8875183.0,-
2010-08-12,2584.92,2575.48,-32.02,-1.23%,2570.96,2608.76,92675208,9600586.0,-
2010-08-13,2576.69,2606.7,31.22,1.21%,2564.84,2607.03,88820448,9134250.0,-
2010-08-16,2603.79,2661.71,55.01,2.11%,2596.77,2665.31,125862816,13073685.0,-
2010-08-17,2663.18,2671.89,10.18,0.38%,2654.01,2677.57,122638296,12859772.0,-
2010-08-18,2674.5,2666.3,-5.59,-0.21%,2654.41,2687.76,136254352,12883105.0,-
2010-08-19,2669.43,2687.98,21.68,0.81%,2659.3,2701.93,128441608,13323366.0,-
2010-08-20,2677.02,2642.31,-45.67,-1.70%,2636.91,2683.29,116172184,11981734.0,-
2010-08-23,2637.82,2639.37,-2.94,-0.11%,2629.71,2656.12,88136544,9149288.0,-
2010-08-24,2636.53,2650.31,10.94,0.41%,2614.56,2667.17,107243640,10631834.0,-
2010-08-25,2634.95,2596.58,-53.73,-2.03%,2595.73,2645.5,109695824,10826574.0,-
2010-08-26,2604.88,2603.48,6.9,0.27%,2590.61,2616.96,80313856,8180545.0,-
2010-08-27,2602.5,2610.74,7.26,0.28%,2588.64,2613.49,70466096,7518346.5,-
2010-08-30,2622.27,2652.66,41.92,1.61%,2620.19,2656.35,110479520,12086240.0,-
2010-08-31,2644.79,2638.8,-13.87,-0.52%,2626.79,2647.25,110890240,12475374.0,-
2010-09-01,2641.05,2622.88,-15.92,-0.60%,2604.49,2662.88,127164936,13849397.0,-
2010-09-02,2646.89,2655.78,32.89,1.25%,2636.42,2659.98,124076240,14206583.0,-
2010-09-03,2658.13,2655.39,-0.38,-0.01%,2631.85,2660.54,129456528,14597523.0,-
2010-09-06,2667.2,2696.25,40.86,1.54%,2664.24,2698.6,144209072,16024381.0,-
2010-09-07,2698.22,2698.36,2.11,0.08%,2679.02,2704.93,112231536,12361981.0,-
2010-09-08,2687.71,2695.29,-3.07,-0.11%,2674.32,2695.84,113519408,13096146.0,-
2010-09-09,2698.64,2656.35,-38.94,-1.44%,2651.6,2698.64,132989432,15615884.0,-
2010-09-10,2657.24,2663.21,6.86,0.26%,2628.83,2667.84,113041152,13413026.0,-
2010-09-13,2665.66,2688.32,25.11,0.94%,2660.61,2696.67,117918912,14079635.0,-
2010-09-14,2694.07,2688.52,0.2,0.01%,2678.97,2703.78,120712408,14103336.0,-
2010-09-15,2688.39,2652.5,-36.02,-1.34%,2645.86,2688.49,122039816,13847478.0,-
2010-09-16,2646.92,2602.47,-50.04,-1.89%,2583.34,2653.27,118998200,12850305.0,-
2010-09-17,2607.55,2598.69,-3.78,-0.15%,2592.53,2615.08,83171360,9465542.0,-
2010-09-20,2601.48,2588.71,-9.98,-0.38%,2573.63,2607.35,79469520,8976876.0,-
2010-09-21,2593.76,2591.55,2.84,0.11%,2580.18,2601.1,58101408,6635272.0,-
2010-09-27,2600.54,2627.97,36.42,1.41%,2597.14,2629.04,76844656,9054041.0,-
2010-09-28,2625.33,2611.35,-16.61,-0.63%,2607.02,2625.33,93117432,11500909.0,-
2010-09-29,2608.92,2610.68,-0.68,-0.03%,2603.93,2634.12,88618656,10588385.0,-
2010-09-30,2599.72,2655.66,44.98,1.72%,2597.6,2656.0,89580360,10708152.0,-
2010-10-08,2681.25,2738.74,83.09,3.13%,2677.99,2747.8,135759552,16761433.0,-
2010-10-11,2755.03,2806.94,68.2,2.49%,2755.03,2823.6,207535264,25346982.0,-
2010-10-12,2795.76,2841.41,34.46,1.23%,2782.34,2843.43,167428336,21178746.0,-
2010-10-13,2842.14,2861.36,19.95,0.70%,2826.22,2862.03,185281680,22838540.0,-
2010-10-14,2881.55,2879.64,18.28,0.64%,2864.52,2919.41,229461712,26468246.0,-
2010-10-15,2863.74,2971.16,91.52,3.18%,2858.22,2971.16,236568560,27295078.0,-
2010-10-18,2985.46,2955.23,-15.93,-0.54%,2944.72,3026.1,263316928,30123108.0,-
2010-10-19,2949.63,3001.85,46.63,1.58%,2931.91,3002.37,170667824,19962828.0,-
2010-10-20,2947.51,3003.95,2.1,0.07%,2942.5,3041.15,207804416,26206486.0,-
2010-10-21,3009.23,2983.53,-20.42,-0.68%,2958.55,3018.24,161436144,20507304.0,-
2010-10-22,2976.75,2975.04,-8.49,-0.28%,2954.62,2997.62,147079888,19490156.0,-
2010-10-25,2979.71,3051.42,76.38,2.57%,2959.3,3051.54,192114240,25171140.0,-
2010-10-26,3065.84,3041.54,-9.88,-0.32%,3017.82,3073.38,198778896,26036192.0,-
2010-10-27,3031.65,2997.05,-44.5,-1.46%,2988.87,3056.4,176268288,23010530.0,-
2010-10-28,2989.29,2992.58,-4.47,-0.15%,2969.3,3007.01,143537936,18568118.0,-
2010-10-29,2993.3,2978.83,-13.74,-0.46%,2955.48,2996.77,147109760,19456040.0,-
2010-11-01,2986.89,3054.02,75.19,2.52%,2986.89,3054.05,186243168,25104718.0,-
2010-11-02,3061.63,3045.43,-8.59,-0.28%,3029.32,3089.57,224947280,30650948.0,-
2010-11-03,3044.02,3030.99,-14.45,-0.47%,3017.1,3069.07,189848016,24396788.0,-
2010-11-04,3035.37,3086.94,55.95,1.85%,3035.37,3087.42,176857088,22810308.0,-
2010-11-05,3129.87,3129.5,42.56,1.38%,3105.92,3142.59,211955792,27317840.0,-
2010-11-08,3140.4,3159.51,30.02,0.96%,3124.09,3160.7,205417968,25924202.0,-
2010-11-09,3159.02,3135.0,-24.51,-0.78%,3110.34,3159.02,192455744,24808938.0,-
2010-11-10,3120.44,3115.36,-19.64,-0.63%,3093.88,3124.26,185052432,24897432.0,-
2010-11-11,3108.51,3147.74,32.39,1.04%,3102.77,3186.72,210274736,28698444.0,-
2010-11-12,3121.92,2985.44,-162.31,-5.16%,2975.16,3150.15,233084944,29840592.0,-
2010-11-15,2984.87,3014.41,28.98,0.97%,2939.68,3016.13,153152448,19709410.0,-
2010-11-16,3007.64,2894.54,-119.88,-3.98%,2885.75,3007.64,171089376,22167420.0,-
2010-11-17,2852.48,2838.86,-55.68,-1.92%,2824.12,2891.05,123780256,15870199.0,-
2010-11-18,2855.6,2865.45,26.6,0.94%,2827.18,2873.7,102226184,12777055.0,-
2010-11-19,2879.66,2888.57,23.11,0.81%,2806.64,2888.75,123778456,15577507.0,-
2010-11-22,2861.61,2884.37,-4.2,-0.15%,2852.77,2904.97,127117712,16268549.0,-
2010-11-23,2872.17,2828.28,-56.09,-1.94%,2791.58,2872.17,116311952,14507950.0,-
2010-11-24,2794.86,2859.94,31.65,1.12%,2794.86,2861.49,116156240,14788164.0,-
2010-11-25,2875.86,2898.26,38.32,1.34%,2856.96,2901.68,131608456,16718548.0,-
2010-11-26,2890.29,2871.7,-26.56,-0.92%,2851.96,2894.42,110866184,14356393.0,-
2010-11-29,2861.15,2866.36,-5.34,-0.19%,2841.79,2878.83,102452544,13397091.0,-
2010-11-30,2863.41,2820.18,-46.18,-1.61%,2758.92,2881.16,139324864,17308502.0,-
2010-12-01,2810.54,2823.45,3.27,0.12%,2795.81,2834.2,81263296,10425789.0,-
2010-12-02,2860.46,2843.61,20.16,0.71%,2841.47,2870.81,104195760,13221637.0,-
2010-12-03,2846.73,2842.43,-1.18,-0.04%,2822.74,2853.4,83521008,10592690.0,-
2010-12-06,2850.38,2857.18,14.75,0.52%,2831.7,2871.41,89773056,11083235.0,-
2010-12-07,2843.77,2875.86,18.68,0.65%,2809.11,2884.53,86785496,11126670.0,-
2010-12-08,2868.73,2848.55,-27.32,-0.95%,2843.94,2880.56,86707376,11022718.0,-
2010-12-09,2837.61,2810.95,-37.6,-1.32%,2808.51,2854.7,94622560,10874783.0,-
2010-12-10,2798.74,2841.04,30.09,1.07%,2792.52,2850.42,80496104,9820307.0,-
2010-12-13,2850.32,2922.95,81.91,2.88%,2847.66,2923.77,128878472,15994959.0,-
2010-12-14,2928.3,2927.08,4.12,0.14%,2912.42,2933.41,120944936,15296733.0,-
2010-12-15,2927.26,2911.41,-15.66,-0.54%,2905.65,2939.05,109462488,14337019.0,-
2010-12-16,2908.86,2898.14,-13.28,-0.46%,2891.86,2921.27,87606312,10977006.0,-
2010-12-17,2896.77,2893.74,-4.4,-0.15%,2881.0,2898.81,73677136,9385709.0,-
2010-12-20,2901.47,2852.92,-40.82,-1.41%,2804.56,2911.56,113755496,14660541.0,-
2010-12-21,2857.59,2904.11,51.2,1.79%,2846.63,2908.17,106825624,13646537.0,-
2010-12-22,2910.73,2877.9,-26.22,-0.90%,2867.05,2917.2,98325552,12606740.0,-
2010-12-23,2874.2,2855.22,-22.68,-0.79%,2849.84,2893.71,89002488,10937294.0,-
2010-12-24,2841.35,2835.16,-20.06,-0.70%,2813.5,2853.49,81216848,9588675.0,-
2010-12-27,2842.81,2781.4,-53.76,-1.90%,2774.54,2876.81,97807280,12339015.0,-
2010-12-28,2768.03,2732.99,-48.41,-1.74%,2730.41,2775.15,84332632,9699063.0,-
2010-12-29,2735.48,2751.53,18.54,0.68%,2721.48,2753.02,63941280,7620288.5,-
2010-12-30,2751.97,2759.57,8.05,0.29%,2724.54,2768.13,73172048,8605671.0,-
2010-12-31,2759.16,2808.08,48.5,1.76%,2758.13,2808.93,83350216,10844175.0,-
2011-01-04,2825.33,2852.65,44.57,1.59%,2810.11,2855.4,110072792,14565982.0,-
2011-01-05,2833.12,2838.59,-14.06,-0.49%,2824.3,2850.49,104415280,13526480.0,-
2011-01-06,2838.44,2824.2,-14.4,-0.51%,2816.95,2853.88,84705616,11325159.0,-
2011-01-07,2820.67,2838.8,14.6,0.52%,2807.87,2868.0,113129568,13716350.0,-
2011-01-10,2832.62,2791.81,-46.99,-1.66%,2786.86,2847.36,90780880,11079678.0,-
2011-01-11,2783.48,2804.05,12.24,0.44%,2770.34,2810.76,80553776,9448483.0,-
2011-01-12,2811.78,2821.3,17.26,0.62%,2788.13,2828.47,79246112,8809303.0,-
2011-01-13,2830.53,2827.71,6.41,0.23%,2810.87,2837.53,74886264,8793091.0,-
2011-01-14,2817.05,2791.34,-36.37,-1.29%,2780.44,2817.05,76753880,9064471.0,-
2011-01-17,2772.45,2706.66,-84.68,-3.03%,2698.78,2780.94,92519120,10484917.0,-
2011-01-18,2696.15,2708.98,2.32,0.09%,2683.37,2715.41,60377276,6773847.0,-
2011-01-19,2707.82,2758.1,49.12,1.81%,2700.81,2759.6,78493168,8994362.0,-
2011-01-20,2752.8,2677.65,-80.44,-2.92%,2676.13,2752.8,86047192,9585032.0,-
2011-01-21,2668.68,2715.29,37.64,1.41%,2667.29,2746.18,95639040,10284343.0,-
2011-01-24,2716.52,2695.72,-19.57,-0.72%,2690.65,2736.11,87920800,9619110.0,-
2011-01-25,2691.69,2677.43,-18.29,-0.68%,2661.45,2701.04,69481408,7557824.5,-
2011-01-26,2677.17,2708.81,31.38,1.17%,2676.77,2710.74,60750900,6729541.5,-
2011-01-27,2690.82,2749.15,40.34,1.49%,2677.21,2753.0,105569168,11524705.0,-
2011-01-28,2741.31,2752.75,3.6,0.13%,2733.29,2759.44,85427992,9848028.0,-
2011-01-31,2751.53,2790.69,37.94,1.38%,2748.54,2790.92,91502816,10684149.0,-
2011-02-01,2795.07,2798.96,8.27,0.30%,2785.3,2805.05,73350096,9009397.0,-
2011-02-09,2778.7,2774.06,-24.9,-0.89%,2764.87,2804.21,87257784,10483925.0,-
2011-02-10,2769.65,2818.16,44.1,1.59%,2760.18,2819.06,97919768,11714864.0,-
2011-02-11,2815.12,2827.33,9.16,0.33%,2807.6,2835.41,107758176,12772454.0,-
2011-02-14,2828.57,2899.13,71.81,2.54%,2828.57,2906.26,154242976,17979762.0,-
2011-02-15,2900.43,2899.24,0.1,0.00%,2892.64,2934.47,152449888,18733386.0,-
2011-02-16,2893.68,2923.9,24.66,0.85%,2882.55,2924.19,127805696,16006765.0,-
2011-02-17,2929.25,2926.96,3.07,0.10%,2905.03,2939.28,130415496,16904762.0,-
2011-02-18,2924.23,2899.79,-27.17,-0.93%,2890.26,2924.23,113775464,14202677.0,-
2011-02-21,2886.54,2932.25,32.45,1.12%,2884.19,2932.82,118855888,14622307.0,-
2011-02-22,2941.32,2855.52,-76.73,-2.62%,2851.62,2944.41,153004624,19178156.0,-
2011-02-23,2844.99,2862.63,7.12,0.25%,2839.2,2868.48,111083056,13763122.0,-
2011-02-24,2861.39,2878.6,15.97,0.56%,2854.56,2881.54,109772584,13732171.0,-
2011-02-25,2876.78,2878.56,-0.04,0.00%,2848.65,2890.32,100094032,12424694.0,-
2011-02-28,2880.17,2905.05,26.49,0.92%,2861.82,2906.17,118705768,14833707.0,-
2011-03-01,2906.28,2918.92,13.72,0.47%,2901.55,2931.58,136555056,17222892.0,-
2011-03-02,2905.51,2913.81,-5.11,-0.18%,2883.57,2924.96,133442264,16543929.0,-
2011-03-03,2918.73,2902.98,-10.83,-0.37%,2900.76,2937.56,150488880,17769688.0,-
2011-03-04,2902.19,2942.31,39.33,1.35%,2898.08,2944.46,118277240,14449122.0,-
2011-03-07,2952.72,2996.21,53.9,1.83%,2952.72,3000.43,160105888,20791076.0,-
2011-03-08,2996.73,2999.94,3.73,0.12%,2976.6,3001.62,126681152,16865678.0,-
2011-03-09,3002.55,3002.15,2.21,0.07%,2989.34,3012.04,124790736,16531777.0,-
2011-03-10,2995.77,2957.14,-45.01,-1.50%,2954.37,2995.77,123799888,16646613.0,-
2011-03-11,2942.42,2933.8,-23.35,-0.79%,2927.68,2966.98,115994480,15265266.0,-
2011-03-14,2923.98,2937.63,3.83,0.13%,2914.46,2939.65,116910624,15252600.0,-
2011-03-15,2927.98,2896.26,-41.37,-1.41%,2850.95,2927.98,154951952,18764602.0,-
2011-03-16,2894.25,2930.8,34.55,1.19%,2894.25,2934.02,130777240,16581191.0,-
2011-03-17,2906.96,2897.3,-33.51,-1.14%,2885.65,2935.62,137797824,17058582.0,-
2011-03-18,2920.81,2906.89,9.59,0.33%,2900.87,2930.61,100637336,12748719.0,-
2011-03-21,2913.91,2909.14,2.25,0.08%,2895.15,2927.07,96760280,12240513.0,-
2011-03-22,2917.69,2919.14,10.0,0.34%,2884.75,2923.39,95117456,12019061.0,-
2011-03-23,2919.02,2948.48,29.34,1.00%,2911.63,2950.42,112603472,13831853.0,-
2011-03-24,2949.85,2946.71,-1.77,-0.06%,2942.13,2958.66,108955976,13726600.0,-
2011-03-25,2948.54,2977.81,31.11,1.06%,2946.7,2985.08,136396368,17113688.0,-
2011-03-28,2985.36,2984.0,6.19,0.21%,2979.2,3005.78,156016880,19633510.0,-
2011-03-29,2979.86,2958.08,-25.93,-0.87%,2953.54,2994.17,168543248,19960076.0,-
2011-03-30,2955.45,2955.77,-2.31,-0.08%,2935.75,2968.18,126493552,15254718.0,-
2011-03-31,2954.65,2928.11,-27.66,-0.94%,2914.38,2961.63,108935608,13440818.0,-
2011-04-01,2932.48,2967.41,39.3,1.34%,2924.39,2967.85,99844096,12571920.0,-
2011-04-06,2964.21,3001.36,33.95,1.14%,2963.9,3005.24,141650624,17648780.0,-
2011-04-07,3003.2,3007.91,6.55,0.22%,2990.31,3012.29,124734584,15294172.0,-
2011-04-08,3005.37,3030.02,22.11,0.74%,2998.34,3031.1,114337792,14712204.0,-
2011-04-11,3037.91,3022.75,-7.28,-0.24%,3019.89,3059.57,147189568,18275128.0,-
2011-04-12,3012.79,3021.37,-1.38,-0.05%,3003.45,3039.12,145990544,16560248.0,-
2011-04-13,3006.83,3050.4,29.03,0.96%,2994.47,3050.4,128202656,14737854.0,-
2011-04-14,3049.67,3042.64,-7.76,-0.25%,3036.73,3058.24,129487104,14864767.0,-
2011-04-15,3036.34,3050.53,7.89,0.26%,3020.16,3062.53,128530984,14868383.0,-
2011-04-18,3040.53,3057.33,6.8,0.22%,3037.19,3067.46,137488736,16081220.0,-
2011-04-19,3038.81,2999.04,-58.29,-1.91%,2996.22,3038.81,141896400,16612788.0,-
2011-04-20,3005.98,3007.04,8.0,0.27%,2992.67,3019.12,119741656,14379758.0,-
2011-04-21,3021.77,3026.67,19.63,0.65%,3012.54,3035.47,121510664,14738702.0,-
2011-04-22,3025.7,3010.52,-16.15,-0.53%,3004.47,3032.97,118525616,13740693.0,-
2011-04-25,3003.03,2964.95,-45.57,-1.51%,2964.64,3003.61,117316616,14050437.0,-
2011-04-26,2956.95,2938.98,-25.97,-0.88%,2931.5,2970.28,95154824,11245114.0,-
2011-04-27,2946.33,2925.41,-13.57,-0.46%,2907.66,2961.13,105492480,11484113.0,-
2011-04-28,2937.95,2887.04,-38.36,-1.31%,2884.84,2953.19,105230880,11579014.0,-
2011-04-29,2886.63,2911.51,24.47,0.85%,2871.01,2913.56,87534256,9322153.0,-
2011-05-03,2911.51,2932.19,20.68,0.71%,2890.23,2933.46,96402720,10270898.0,-
2011-05-04,2916.84,2866.02,-66.17,-2.26%,2860.07,2916.97,111481128,12535570.0,-
2011-05-05,2854.77,2872.4,6.39,0.22%,2849.91,2880.12,91084432,9881224.0,-
2011-05-06,2842.76,2863.89,-8.52,-0.30%,2834.46,2881.71,91063912,10518101.0,-
2011-05-09,2868.24,2872.46,8.57,0.30%,2861.42,2885.18,81576160,9400638.0,-
2011-05-10,2876.98,2890.63,18.17,0.63%,2865.1,2891.03,81297176,9605671.0,-
2011-05-11,2890.35,2883.42,-7.21,-0.25%,2868.35,2897.14,92477120,10710638.0,-
2011-05-12,2864.98,2844.08,-39.34,-1.36%,2843.1,2876.45,100240960,11420449.0,-
2011-05-13,2846.31,2871.03,26.95,0.95%,2832.25,2871.99,93238816,10390598.0,-
2011-05-16,2864.38,2849.07,-21.96,-0.77%,2846.31,2877.09,84648256,9578625.0,-
2011-05-17,2846.45,2852.77,3.71,0.13%,2821.2,2869.23,94819848,10979883.0,-
2011-05-18,2846.73,2872.77,20.0,0.70%,2843.68,2877.43,76826976,9032833.0,-
2011-05-19,2879.39,2859.57,-13.2,-0.46%,2856.83,2884.14,76994536,9120506.0,-
2011-05-20,2858.31,2858.46,-1.12,-0.04%,2850.45,2866.76,70743784,8400322.0,-
2011-05-23,2853.29,2774.57,-83.89,-2.93%,2771.12,2853.29,98622048,11143841.0,-
2011-05-24,2766.06,2767.06,-7.51,-0.27%,2744.78,2771.75,74852896,8884217.0,-
2011-05-25,2764.56,2741.74,-25.32,-0.91%,2737.33,2771.18,74406536,8623639.0,-
2011-05-26,2755.39,2736.53,-5.21,-0.19%,2734.54,2764.89,78741312,9259493.0,-
2011-05-27,2739.39,2709.95,-26.58,-0.97%,2708.55,2746.84,82521056,9190156.0,-
2011-05-30,2704.49,2706.36,-3.59,-0.13%,2689.21,2728.06,65174388,7111681.0,-
2011-05-31,2707.56,2743.47,37.11,1.37%,2702.09,2744.93,67900384,7779711.5,-
2011-06-01,2737.06,2743.57,0.1,0.00%,2726.5,2744.56,68555496,7762494.5,-
2011-06-02,2715.32,2705.18,-38.39,-1.40%,2676.54,2728.0,86021160,9427893.0,-
2011-06-03,2701.77,2728.02,22.84,0.84%,2701.25,2732.43,67983944,7827370.0,-
2011-06-07,2720.97,2744.3,16.28,0.60%,2717.31,2745.77,65021292,7914438.0,-
2011-06-08,2742.04,2750.29,5.99,0.22%,2715.25,2754.12,74294664,8750387.0,-
2011-06-09,2743.54,2703.34,-46.94,-1.71%,2702.7,2747.33,83469264,9512811.0,-
2011-06-10,2696.13,2705.14,1.8,0.07%,2672.32,2707.74,73400296,8317062.5,-
2011-06-13,2687.65,2700.38,-4.76,-0.18%,2669.4,2703.42,63069460,7316850.5,-
2011-06-14,2696.22,2730.04,29.66,1.10%,2691.67,2735.55,83097512,9520269.0,-
2011-06-15,2717.68,2705.43,-24.61,-0.90%,2705.07,2730.48,74856944,8543329.0,-
2011-06-16,2685.63,2664.28,-41.15,-1.52%,2663.12,2691.94,70927872,7658447.0,-
2011-06-17,2661.41,2642.82,-21.46,-0.81%,2641.39,2675.03,64442636,7438955.5,-
2011-06-20,2635.83,2621.25,-21.56,-0.82%,2610.99,2637.88,60059864,6521074.5,-
2011-06-21,2628.02,2646.48,25.23,0.96%,2618.81,2648.02,64821872,7328799.0,-
2011-06-22,2648.53,2649.32,2.84,0.11%,2633.47,2657.73,58313800,6461459.5,-
2011-06-23,2640.66,2688.25,38.93,1.47%,2630.34,2693.42,73772688,8245484.5,-
2011-06-24,2678.05,2746.21,57.96,2.16%,2674.3,2759.71,125773632,14264618.0,-
2011-06-27,2746.79,2758.23,12.02,0.44%,2743.5,2769.04,101601016,11616911.0,-
2011-06-28,2759.71,2759.2,0.97,0.04%,2736.4,2763.28,88277456,10404574.0,-
2011-06-29,2757.4,2728.48,-30.72,-1.11%,2727.25,2759.23,88224192,9900111.0,-
2011-06-30,2729.99,2762.08,33.59,1.23%,2729.99,2774.36,90967120,10303747.0,-
2011-07-01,2767.83,2759.36,-2.71,-0.10%,2752.97,2778.67,92072880,10545323.0,-
2011-07-04,2770.94,2812.82,53.46,1.94%,2770.94,2813.27,121962264,14381865.0,-
2011-07-05,2812.72,2816.35,3.54,0.13%,2799.11,2818.14,110124224,12865452.0,-
2011-07-06,2811.81,2810.48,-5.88,-0.21%,2780.73,2811.81,103104392,12208888.0,-
2011-07-07,2813.19,2794.27,-16.21,-0.58%,2793.89,2825.12,116512144,14006511.0,-
2011-07-08,2797.03,2797.77,3.51,0.13%,2784.13,2807.38,86211608,10276506.0,-
2011-07-11,2789.45,2802.69,4.92,0.18%,2780.67,2807.32,86063592,10144208.0,-
2011-07-12,2783.72,2754.58,-48.11,-1.72%,2752.19,2783.72,96674480,11153524.0,-
2011-07-13,2756.03,2795.48,40.89,1.48%,2756.03,2797.27,91929128,10769596.0,-
2011-07-14,2798.21,2810.44,14.97,0.54%,2788.98,2811.7,104502080,12564883.0,-
2011-07-15,2803.58,2820.17,9.72,0.35%,2794.16,2821.34,107470056,12772032.0,-
2011-07-18,2821.36,2816.69,-3.48,-0.12%,2807.11,2826.96,108108624,12958132.0,-
2011-07-19,2804.92,2796.98,-19.7,-0.70%,2790.69,2809.31,92740888,11012039.0,-
2011-07-20,2810.44,2794.21,-2.78,-0.10%,2779.38,2817.28,84030616,9967774.0,-
2011-07-21,2795.9,2765.89,-28.31,-1.01%,2763.42,2799.85,81760584,9576951.0,-
2011-07-22,2769.86,2770.79,4.9,0.18%,2763.8,2782.17,70211832,8249834.5,-
2011-07-25,2759.63,2688.75,-82.04,-2.96%,2680.75,2759.63,111242248,12085644.0,-
2011-07-26,2685.75,2703.03,14.28,0.53%,2677.12,2704.94,72881456,7948293.5,-
2011-07-27,2690.14,2723.49,20.47,0.76%,2680.43,2726.8,80407784,9208236.0,-
2011-07-28,2701.77,2708.78,-14.72,-0.54%,2684.66,2712.09,78474912,9045181.0,-
2011-07-29,2706.5,2701.73,-7.05,-0.26%,2681.27,2721.53,75471656,8378476.0,-
2011-08-01,2697.57,2703.78,2.05,0.08%,2688.53,2712.89,59000708,6607399.5,-
2011-08-02,2689.97,2679.26,-24.52,-0.91%,2651.28,2689.97,69993184,7799411.5,-
2011-08-03,2659.12,2678.49,-0.77,-0.03%,2654.36,2688.06,63981608,7338101.0,-
2011-08-04,2683.19,2684.04,5.55,0.21%,2675.53,2698.81,58872112,6933864.5,-
2011-08-05,2620.28,2626.42,-57.62,-2.15%,2605.14,2644.58,78571832,8777776.0,-
2011-08-08,2599.29,2526.82,-99.61,-3.79%,2497.92,2614.19,110302496,11755055.0,-
2011-08-09,2468.03,2526.07,-0.75,-0.03%,2437.68,2537.41,103723888,10774508.0,-
2011-08-10,2562.39,2549.18,23.11,0.91%,2544.95,2579.16,100369344,10403833.0,-
2011-08-11,2508.86,2581.51,32.33,1.27%,2505.01,2582.16,95597264,10008914.0,-
2011-08-12,2593.4,2593.17,11.66,0.45%,2585.85,2605.45,97171208,10003476.0,-
2011-08-15,2598.14,2626.77,33.6,1.30%,2584.41,2627.1,88676840,9099735.0,-
2011-08-16,2627.85,2608.17,-18.6,-0.71%,2601.5,2636.36,85226856,9024792.0,-
2011-08-17,2603.96,2601.26,-6.9,-0.26%,2596.04,2617.17,70109152,7220059.5,-
2011-08-18,2601.99,2559.47,-41.79,-1.61%,2556.86,2603.49,70989280,7608795.0,-
2011-08-19,2519.65,2534.36,-25.11,-0.98%,2513.75,2538.27,70606800,7377190.0,-
2011-08-22,2534.57,2515.86,-18.5,-0.73%,2507.78,2553.42,61214428,6552454.5,-
2011-08-23,2524.88,2554.02,38.16,1.52%,2514.95,2554.18,60944196,6321070.0,-
2011-08-24,2562.41,2541.09,-12.93,-0.51%,2536.26,2569.28,65462468,7069069.5,-
2011-08-25,2546.4,2615.26,74.17,2.92%,2545.05,2616.3,104537976,10457030.0,-
2011-08-26,2602.21,2612.19,-3.07,-0.12%,2593.24,2616.64,77850448,8150334.0,-
2011-08-29,2595.47,2576.41,-35.78,-1.37%,2570.84,2595.47,73696096,7840674.5,-
2011-08-30,2592.6,2566.59,-9.82,-0.38%,2563.69,2615.14,75910688,7954181.5,-
2011-08-31,2566.53,2567.34,0.74,0.03%,2545.1,2574.42,59169720,6223626.5,-
2011-09-01,2569.8,2556.04,-11.3,-0.44%,2547.85,2584.8,57290928,5988156.0,-
2011-09-02,2551.56,2528.28,-27.76,-1.09%,2517.62,2557.31,54436584,5596902.0,-
2011-09-05,2510.1,2478.74,-49.54,-1.96%,2478.2,2510.1,55031064,5640227.5,-
2011-09-06,2465.56,2470.52,-8.22,-0.33%,2459.54,2482.24,49223172,5014033.0,-
2011-09-07,2480.94,2516.09,45.57,1.84%,2475.22,2516.75,59665860,6195147.0,-
2011-09-08,2523.96,2498.94,-17.15,-0.68%,2498.11,2524.38,55271952,6004684.5,-
2011-09-09,2506.97,2497.75,-1.19,-0.05%,2487.15,2528.42,51253380,5353516.0,-
2011-09-13,2467.73,2471.3,-26.45,-1.06%,2453.8,2477.08,49930920,5185170.0,-
2011-09-14,2478.59,2484.83,13.52,0.55%,2439.37,2485.93,54065976,5476165.0,-
2011-09-15,2482.86,2479.05,-5.77,-0.23%,2477.65,2496.57,56003688,5586090.5,-
2011-09-16,2490.18,2482.34,3.29,0.13%,2475.76,2499.48,47986852,4958487.0,-
2011-09-19,2469.6,2437.79,-44.55,-1.79%,2437.17,2469.6,48746824,4859966.5,-
2011-09-20,2433.72,2447.75,9.96,0.41%,2426.7,2460.03,46265892,4795637.5,-
2011-09-21,2450.12,2512.96,65.21,2.66%,2438.85,2517.67,86689280,8818804.0,-
2011-09-22,2491.21,2443.06,-69.91,-2.78%,2442.46,2499.98,74695408,7489129.0,-
2011-09-23,2411.83,2433.16,-9.9,-0.41%,2400.14,2440.75,67302688,6794719.5,-
2011-09-26,2416.23,2393.18,-39.98,-1.64%,2384.64,2441.73,57425044,5891592.5,-
2011-09-27,2410.99,2415.05,21.87,0.91%,2395.16,2423.91,55231432,5531510.5,-
2011-09-28,2427.29,2392.06,-22.99,-0.95%,2383.4,2430.27,55758448,5572088.0,-
2011-09-29,2378.42,2365.34,-26.72,-1.12%,2358.57,2387.54,59191240,5702145.0,-
2011-09-30,2368.4,2359.22,-6.12,-0.26%,2348.22,2377.54,48818372,4610461.0,-
2011-10-10,2363.08,2344.79,-14.43,-0.61%,2338.69,2368.15,41745304,3992641.25,-
2011-10-11,2401.74,2348.52,3.73,0.16%,2323.41,2412.38,63975808,6277351.5,-
2011-10-12,2335.49,2420.0,71.48,3.04%,2318.63,2421.69,91508576,8443839.0,-
2011-10-13,2412.83,2438.79,18.79,0.78%,2406.28,2439.64,87860104,8219231.0,-
2011-10-14,2429.89,2431.38,-7.42,-0.30%,2409.29,2437.59,60673164,5827606.5,-
2011-10-17,2434.49,2440.4,9.03,0.37%,2424.73,2452.99,58267684,5770452.0,-
2011-10-18,2423.28,2383.49,-56.92,-2.33%,2378.67,2425.65,79525744,6933890.5,-
2011-10-19,2387.83,2377.51,-5.97,-0.25%,2374.42,2401.69,58534636,5317351.5,-
2011-10-20,2365.91,2331.37,-46.15,-1.94%,2315.9,2368.64,65425212,5786776.5,-
2011-10-21,2330.51,2317.27,-14.09,-0.60%,2313.78,2340.31,48436724,4372538.0,-
2011-10-24,2322.02,2370.33,53.06,2.29%,2307.15,2371.09,70874072,6297155.5,-
2011-10-25,2366.4,2409.67,39.34,1.66%,2357.39,2414.05,90888880,8363500.5,-
2011-10-26,2398.19,2427.48,17.81,0.74%,2394.73,2448.98,107447176,9857802.0,-
2011-10-27,2432.47,2435.61,8.13,0.34%,2426.31,2449.7,82408960,7509856.5,-
2011-10-28,2462.08,2473.41,37.8,1.55%,2456.18,2483.76,110032720,10418669.0,-
2011-10-31,2470.25,2468.25,-5.16,-0.21%,2455.21,2478.31,84172568,8178345.0,-
2011-11-01,2450.33,2470.02,1.77,0.07%,2445.53,2491.35,88892416,8505278.0,-
2011-11-02,2437.87,2504.11,34.09,1.38%,2433.72,2505.12,105468200,10208276.0,-
2011-11-03,2510.84,2508.09,3.98,0.16%,2507.3,2535.24,136576320,13630561.0,-
2011-11-04,2525.24,2528.29,20.2,0.81%,2512.9,2536.78,101873672,9998118.0,-
2011-11-07,2518.9,2509.8,-18.5,-0.73%,2507.61,2536.18,78867176,7889350.5,-
2011-11-08,2514.26,2503.84,-5.96,-0.24%,2500.02,2524.82,78672656,7691404.0,-
2011-11-09,2512.59,2524.92,21.08,0.84%,2489.02,2527.7,78208576,7814160.5,-
2011-11-10,2498.59,2479.54,-45.38,-1.80%,2478.14,2507.45,87111088,8546386.0,-
2011-11-11,2483.96,2481.08,1.55,0.06%,2472.76,2496.53,66137668,6500513.5,-
2011-11-14,2498.67,2528.71,47.63,1.92%,2496.33,2529.63,81229816,8252378.5,-
2011-11-15,2525.95,2529.76,1.05,0.04%,2518.7,2534.06,79227752,8049734.5,-
2011-11-16,2529.07,2466.96,-62.8,-2.48%,2456.86,2529.46,93382112,9239696.0,-
2011-11-17,2467.7,2463.05,-3.91,-0.16%,2459.17,2482.53,66414284,6590270.5,-
2011-11-18,2448.39,2416.56,-46.48,-1.89%,2411.04,2448.51,72180808,7056657.0,-
2011-11-21,2416.73,2415.13,-1.43,-0.06%,2396.09,2419.24,50170368,4951111.0,-
2011-11-22,2400.98,2412.62,-2.5,-0.10%,2387.83,2414.85,51443232,5068958.5,-
2011-11-23,2415.2,2395.06,-17.56,-0.73%,2390.65,2418.56,50547852,5004336.0,-
2011-11-24,2379.15,2397.55,2.49,0.10%,2370.7,2409.72,52154148,5141110.0,-
2011-11-25,2393.33,2380.22,-17.33,-0.72%,2372.62,2403.94,45362548,4624620.5,-
2011-11-28,2383.89,2383.03,2.81,0.12%,2372.16,2396.83,46064664,4641483.0,-
2011-11-29,2398.99,2412.39,29.36,1.23%,2388.2,2413.33,55123188,5706888.5,-
2011-11-30,2406.33,2333.41,-78.98,-3.27%,2319.44,2407.33,76611104,7221526.5,-
2011-12-01,2392.49,2386.86,53.45,2.29%,2376.92,2423.56,98650048,9520052.0,-
2011-12-02,2374.9,2360.66,-26.2,-1.10%,2344.85,2378.3,59868848,5732015.5,-
2011-12-05,2363.11,2333.23,-27.44,-1.16%,2327.61,2363.13,52214968,4864121.5,-
2011-12-06,2326.66,2325.91,-7.32,-0.31%,2310.16,2331.89,45917076,4262559.5,-
2011-12-07,2325.56,2332.73,6.82,0.29%,2317.81,2339.85,41570308,3976746.5,-
2011-12-08,2329.91,2329.82,-2.91,-0.12%,2302.64,2346.65,51473520,4921949.5,-
2011-12-09,2315.51,2315.27,-14.55,-0.62%,2309.46,2331.26,39988560,3888519.5,-
2011-12-12,2312.15,2291.54,-23.72,-1.02%,2290.26,2315.81,39632580,3651606.0,-
2011-12-13,2283.22,2248.59,-42.96,-1.87%,2245.87,2285.81,58627476,5159332.5,-
2011-12-14,2241.39,2228.52,-20.06,-0.89%,2224.73,2256.74,44079820,3862118.0,-
2011-12-15,2215.79,2180.9,-47.63,-2.14%,2179.47,2216.91,56712188,4730513.0,-
2011-12-16,2179.51,2224.84,43.94,2.01%,2170.75,2225.54,57265904,5056896.5,-
2011-12-19,2208.07,2218.24,-6.6,-0.30%,2164.89,2221.45,57818464,4971768.0,-
2011-12-20,2209.7,2215.93,-2.3,-0.10%,2206.52,2239.86,52761112,4656437.0,-
2011-12-21,2230.18,2191.15,-24.78,-1.12%,2188.71,2237.47,50877260,4612553.0,-
2011-12-22,2178.57,2186.3,-4.85,-0.22%,2149.42,2201.59,58986116,4802342.0,-
2011-12-23,2183.91,2204.78,18.49,0.85%,2178.14,2219.79,52421324,4347878.0,-
2011-12-26,2193.66,2190.11,-14.67,-0.67%,2186.07,2213.45,43613664,3640333.0,-
2011-12-27,2186.71,2166.21,-23.9,-1.09%,2162.72,2196.97,45712180,3740000.25,-
2011-12-28,2157.65,2170.01,3.81,0.18%,2134.02,2170.67,49633432,4000734.5,-
2011-12-29,2161.18,2173.56,3.55,0.16%,2157.11,2181.96,44749200,3598966.0,-
2011-12-30,2177.52,2199.42,25.86,1.19%,2177.52,2200.99,51943840,4269883.5,-
2012-01-04,2212.0,2169.39,-30.03,-1.37%,2168.64,2217.52,49245536,4063291.75,-
2012-01-05,2160.9,2148.45,-20.94,-0.97%,2145.56,2183.4,58743444,4660396.5,-
2012-01-06,2148.15,2163.4,14.94,0.70%,2132.63,2164.32,50583056,3946587.0,-
2012-01-09,2164.74,2225.89,62.5,2.89%,2148.45,2226.22,76759840,6213296.5,-
2012-01-10,2221.83,2285.74,59.85,2.69%,2218.27,2288.63,109585416,9104590.0,-
2012-01-11,2282.91,2276.05,-9.7,-0.42%,2265.19,2290.64,84441776,7426470.5,-
2012-01-12,2268.74,2275.01,-1.04,-0.05%,2265.26,2295.22,71569992,6394588.0,-
2012-01-13,2277.08,2244.58,-30.43,-1.34%,2225.74,2281.53,71474328,6403002.5,-
2012-01-16,2230.43,2206.19,-38.39,-1.71%,2206.04,2241.26,45859524,4288479.0,-
2012-01-17,2206.53,2298.38,92.18,4.18%,2196.12,2298.38,87803552,7740684.5,-
2012-01-18,2298.83,2266.38,-31.99,-1.39%,2257.9,2311.58,89940416,8065523.5,-
2012-01-19,2266.08,2296.07,29.69,1.31%,2259.34,2305.71,72498864,6388673.5,-
2012-01-20,2300.5,2319.12,23.04,1.00%,2293.89,2322.89,69922752,6290641.5,-
2012-01-30,2324.49,2285.04,-34.08,-1.47%,2284.29,2324.49,58413684,5186846.0,-
2012-01-31,2285.95,2292.61,7.57,0.33%,2277.06,2296.38,48738324,4377752.0,-
2012-02-01,2288.07,2268.08,-24.53,-1.07%,2263.34,2305.86,53553812,4855497.0,-
2012-02-02,2273.85,2312.56,44.48,1.96%,2268.69,2312.56,63471872,5768236.0,-
2012-02-03,2306.66,2330.41,17.85,0.77%,2300.98,2336.27,78943696,7024934.0,-
2012-02-06,2334.25,2331.14,0.73,0.03%,2317.42,2341.57,75734480,6730563.0,-
2012-02-07,2319.42,2291.9,-39.23,-1.68%,2278.82,2319.71,67326904,5809108.0,-
2012-02-08,2291.81,2347.53,55.63,2.43%,2286.82,2350.97,87114528,8088569.5,-
2012-02-09,2344.22,2349.59,2.06,0.09%,2333.94,2363.61,98032320,8965870.0,-
2012-02-10,2342.01,2351.98,2.39,0.10%,2339.89,2368.98,96501616,8222246.5,-
2012-02-13,2332.05,2351.85,-0.13,-0.01%,2325.03,2365.34,86263584,7771539.0,-
2012-02-14,2348.88,2344.77,-7.08,-0.30%,2332.25,2352.47,73130416,6629493.5,-
2012-02-15,2340.46,2366.7,21.93,0.94%,2335.1,2374.28,98861024,8763287.0,-
2012-02-16,2363.9,2356.86,-9.84,-0.42%,2342.07,2373.8,95051168,8375845.0,-
2012-02-17,2366.63,2357.18,0.32,0.01%,2344.76,2372.51,71924840,6512170.0,-
2012-02-20,2383.69,2363.6,6.42,0.27%,2362.01,2388.01,88911584,8230695.0,-
2012-02-21,2365.49,2381.43,17.83,0.75%,2345.05,2382.15,79348672,7453852.5,-
2012-02-22,2380.5,2403.59,22.16,0.93%,2374.03,2404.44,118684272,10909224.0,-
2012-02-23,2401.74,2409.55,5.97,0.25%,2396.71,2416.8,112553592,10546968.0,-
2012-02-24,2410.88,2439.63,30.07,1.25%,2405.27,2439.98,134903248,12155021.0,-
2012-02-27,2447.41,2447.06,7.43,0.30%,2444.63,2478.38,158073248,14468560.0,-
2012-02-28,2440.91,2451.86,4.8,0.20%,2431.83,2458.65,118361992,10700029.0,-
2012-02-29,2446.23,2428.49,-23.37,-0.95%,2426.33,2453.07,95536944,9190838.0,-
2012-03-01,2418.79,2426.11,-2.37,-0.10%,2418.33,2437.87,75083288,7106788.5,-
2012-03-02,2430.1,2460.69,34.58,1.43%,2430.1,2461.12,103228376,9645387.0,-
2012-03-05,2464.85,2445.0,-15.69,-0.64%,2442.11,2469.84,112693328,10760437.0,-
2012-03-06,2439.78,2410.45,-34.56,-1.41%,2406.06,2442.0,103709008,10067434.0,-
2012-03-07,2391.2,2394.79,-15.65,-0.65%,2388.52,2413.7,94790632,9173068.0,-
2012-03-08,2401.1,2420.28,25.48,1.06%,2401.1,2426.7,96782128,9341083.0,-
2012-03-09,2425.89,2439.46,19.19,0.79%,2414.97,2440.51,100624056,10041148.0,-
2012-03-12,2438.55,2434.86,-4.6,-0.19%,2420.84,2440.86,106223064,10815811.0,-
2012-03-13,2432.84,2455.79,20.94,0.86%,2428.61,2457.22,104649704,10257693.0,-
2012-03-14,2464.92,2391.23,-64.56,-2.63%,2382.84,2476.22,179786032,17073664.0,-
2012-03-15,2388.06,2373.77,-17.46,-0.73%,2366.02,2403.74,120025496,11226087.0,-
2012-03-16,2377.76,2404.74,30.96,1.30%,2368.31,2406.15,103675616,10240600.0,-
2012-03-19,2401.22,2410.18,5.45,0.23%,2383.67,2412.34,102153496,10298166.0,-
2012-03-20,2407.54,2376.84,-33.34,-1.38%,2376.03,2407.54,97903936,9462092.0,-
2012-03-21,2384.71,2378.2,1.36,0.06%,2361.22,2396.72,95686536,9494964.0,-
2012-03-22,2376.99,2375.77,-2.42,-0.10%,2364.13,2386.1,79348880,7690087.0,-
2012-03-23,2369.08,2349.54,-26.23,-1.10%,2342.12,2371.26,76862144,7413871.5,-
2012-03-26,2349.09,2350.6,1.06,0.05%,2339.14,2358.0,55427732,5405183.0,-
2012-03-27,2358.54,2347.18,-3.42,-0.15%,2344.3,2363.77,60881116,6515997.0,-
2012-03-28,2341.0,2284.88,-62.3,-2.65%,2281.43,2341.42,83645280,7823114.0,-
2012-03-29,2276.74,2252.16,-32.72,-1.43%,2242.34,2280.96,74248088,6801809.5,-
2012-03-30,2256.04,2262.79,10.63,0.47%,2246.25,2266.21,62024144,5596203.0,-
2012-04-05,2258.03,2302.24,39.45,1.74%,2251.39,2303.82,80101456,7460234.0,-
2012-04-06,2299.05,2306.55,4.31,0.19%,2291.56,2309.64,72136520,6886335.5,-
2012-04-09,2300.05,2285.78,-20.78,-0.90%,2284.44,2304.65,59760640,5512972.5,-
2012-04-10,2281.02,2305.86,20.09,0.88%,2258.85,2306.39,67345528,6313396.0,-
2012-04-11,2286.72,2308.93,3.06,0.13%,2280.03,2319.05,75130072,6751650.0,-
2012-04-12,2310.48,2350.86,41.94,1.82%,2307.84,2351.05,97687888,8731582.0,-
2012-04-13,2351.51,2359.16,8.3,0.35%,2346.94,2369.7,98774416,9232143.0,-
2012-04-16,2346.31,2357.03,-2.14,-0.09%,2342.2,2364.11,85322680,7375283.0,-
2012-04-17,2355.37,2334.99,-22.04,-0.94%,2333.34,2363.01,84688448,7247071.5,-
2012-04-18,2341.14,2380.85,45.86,1.96%,2337.86,2383.64,108612544,9312304.0,-
2012-04-19,2378.63,2378.63,-2.21,-0.09%,2369.46,2386.98,94272416,8996092.0,-
2012-04-20,2374.66,2406.86,28.23,1.19%,2372.13,2407.29,115522056,10177211.0,-
2012-04-23,2403.52,2388.59,-18.28,-0.76%,2383.07,2411.51,122907552,10941243.0,-
2012-04-24,2380.24,2388.83,0.25,0.01%,2350.4,2415.75,133722360,11749469.0,-
2012-04-25,2382.21,2406.81,17.98,0.75%,2376.63,2411.42,130972864,11307008.0,-
2012-04-26,2408.56,2404.7,-2.12,-0.09%,2393.26,2414.75,115529584,10482323.0,-
2012-04-27,2402.43,2396.32,-8.38,-0.35%,2393.87,2408.42,91228352,8401607.0,-
2012-05-02,2421.08,2438.44,42.12,1.76%,2407.79,2446.35,128006008,12397525.0,-
2012-05-03,2433.59,2440.08,1.64,0.07%,2427.73,2441.95,102248488,10218584.0,-
2012-05-04,2437.47,2452.01,11.93,0.49%,2427.97,2453.73,102204864,10237830.0,-
2012-05-07,2441.76,2451.95,-0.07,0.00%,2432.74,2451.95,108830104,11139500.0,-
2012-05-08,2451.57,2448.88,-3.06,-0.12%,2431.02,2451.6,104855544,10496966.0,-
2012-05-09,2432.47,2408.59,-40.3,-1.65%,2407.51,2432.47,97902216,9952122.0,-
2012-05-10,2409.95,2410.23,1.64,0.07%,2402.2,2419.12,81698472,8105486.0,-
2012-05-11,2406.07,2394.98,-15.25,-0.63%,2393.38,2415.98,74863992,7581575.5,-
2012-05-14,2408.26,2380.73,-14.26,-0.60%,2377.98,2411.27,90526344,8936434.0,-
2012-05-15,2367.08,2374.84,-5.88,-0.25%,2354.61,2376.59,77922920,7733473.5,-
2012-05-16,2369.29,2346.19,-28.65,-1.21%,2344.5,2372.03,76733832,7418172.0,-
2012-05-17,2347.18,2378.89,32.69,1.39%,2342.35,2383.31,86870024,8145844.0,-
2012-05-18,2364.9,2344.52,-34.37,-1.44%,2338.24,2369.6,89689416,7895644.5,-
2012-05-21,2343.58,2348.3,3.78,0.16%,2330.32,2360.39,74840344,7005296.0,-
2012-05-22,2355.73,2373.31,25.01,1.06%,2354.87,2374.06,76779784,7537452.5,-
2012-05-23,2369.26,2363.44,-9.87,-0.42%,2350.55,2378.08,84216584,8488666.0,-
2012-05-24,2359.68,2350.97,-12.46,-0.53%,2344.58,2373.06,79206808,7684060.0,-
2012-05-25,2350.54,2333.55,-17.42,-0.74%,2327.41,2355.81,74019248,6802455.0,-
2012-05-28,2325.32,2361.37,27.81,1.19%,2309.07,2361.74,94962104,8673589.0,-
2012-05-29,2361.0,2389.64,28.27,1.20%,2358.37,2393.28,117157728,11136365.0,-
2012-05-30,2385.39,2384.67,-4.97,-0.21%,2378.13,2391.69,89809800,8482840.0,-
2012-05-31,2370.01,2372.23,-12.43,-0.52%,2362.31,2382.99,77890224,7538346.5,-
2012-06-01,2373.22,2373.44,1.2,0.05%,2365.44,2388.09,77021920,7707814.5,-
2012-06-04,2346.98,2308.55,-64.89,-2.73%,2308.23,2348.2,90179352,8690330.0,-
2012-06-05,2313.74,2311.92,3.37,0.15%,2304.05,2323.3,66078524,6409974.0,-
2012-06-06,2315.56,2309.55,-2.36,-0.10%,2301.03,2323.11,58532028,5856208.0,-
2012-06-07,2324.67,2293.13,-16.42,-0.71%,2288.67,2328.67,60232048,5964640.0,-
2012-06-08,2306.22,2281.45,-11.68,-0.51%,2276.71,2306.88,67924640,6375591.0,-
2012-06-11,2282.89,2305.86,24.41,1.07%,2278.16,2311.77,64197964,6017722.0,-
2012-06-12,2295.07,2289.79,-16.06,-0.70%,2280.95,2298.95,59941980,5529859.0,-
2012-06-13,2289.71,2318.92,29.13,1.27%,2284.65,2319.71,78454352,7394558.0,-
2012-06-14,2306.78,2295.95,-22.98,-0.99%,2293.06,2314.58,71633720,6892875.0,-
2012-06-15,2299.78,2306.85,10.9,0.47%,2283.4,2314.24,68687584,6785591.5,-
2012-06-18,2313.53,2316.05,9.2,0.40%,2309.71,2325.05,60594620,6030940.0,-
2012-06-19,2313.46,2300.79,-15.26,-0.66%,2298.39,2313.46,60135904,5786960.5,-
2012-06-20,2300.41,2292.88,-7.92,-0.34%,2291.54,2304.46,54103956,5056812.0,-
2012-06-21,2288.45,2260.88,-32.0,-1.40%,2253.79,2288.45,58992012,5469686.0,-
2012-06-25,2253.51,2224.11,-36.76,-1.63%,2223.05,2253.51,59768948,5480934.0,-
2012-06-26,2214.65,2222.07,-2.05,-0.09%,2203.94,2229.24,52940800,4728140.0,-
2012-06-27,2219.94,2216.93,-5.13,-0.23%,2213.32,2233.54,51049128,4522031.5,-
2012-06-28,2220.24,2195.84,-21.09,-0.95%,2195.36,2224.16,54182184,5029974.5,-
2012-06-29,2190.58,2225.43,29.59,1.35%,2188.72,2226.49,61441884,5596466.0,-
2012-07-02,2234.32,2226.11,0.68,0.03%,2215.36,2234.87,62196208,6063896.0,-
2012-07-03,2225.57,2229.19,3.08,0.14%,2219.05,2244.83,62703024,6044103.5,-
2012-07-04,2233.33,2227.31,-1.88,-0.08%,2219.45,2239.27,55273656,5236738.0,-
2012-07-05,2218.22,2201.35,-25.96,-1.17%,2192.65,2218.22,57967932,5208815.0,-
2012-07-06,2203.73,2223.58,22.23,1.01%,2185.52,2227.47,76557920,7076641.0,-
2012-07-09,2210.71,2170.81,-52.76,-2.37%,2168.61,2216.7,75111472,6931322.5,-
2012-07-10,2166.95,2164.44,-6.38,-0.29%,2156.73,2178.2,58993972,5322556.0,-
2012-07-11,2160.02,2175.38,10.95,0.51%,2156.6,2176.49,58614472,5341303.0,-
2012-07-12,2172.06,2185.49,10.11,0.46%,2152.68,2197.04,82133760,7962736.0,-
2012-07-13,2180.17,2185.9,0.4,0.02%,2177.92,2198.66,57546840,5611476.5,-
2012-07-16,2187.89,2147.96,-37.94,-1.74%,2146.15,2188.06,67487680,6271472.0,-
2012-07-17,2142.43,2161.19,13.23,0.62%,2141.48,2165.33,55184408,5205062.5,-
2012-07-18,2159.86,2169.1,7.91,0.37%,2138.79,2170.3,66552656,5928211.5,-
2012-07-19,2164.27,2184.84,15.74,0.73%,2159.94,2197.79,79338048,6835074.5,-
2012-07-20,2180.01,2168.64,-16.2,-0.74%,2162.06,2185.73,64346672,5454996.5,-
2012-07-23,2154.17,2141.4,-27.24,-1.26%,2135.56,2154.17,55677080,4798449.5,-
2012-07-24,2132.32,2146.59,5.19,0.24%,2131.01,2158.95,54411284,4665046.5,-
2012-07-25,2141.04,2136.15,-10.44,-0.49%,2132.83,2151.45,48575892,4111239.5,-
2012-07-26,2134.99,2126.0,-10.15,-0.48%,2124.16,2147.66,52884076,4490616.5,-
2012-07-27,2132.01,2128.76,2.76,0.13%,2120.63,2139.15,52076916,4668022.5,-
2012-07-30,2128.16,2109.91,-18.85,-0.89%,2107.63,2137.74,51992380,4240610.5,-
2012-07-31,2109.32,2103.63,-6.28,-0.30%,2100.25,2116.9,53456096,4347081.5,-
2012-08-01,2101.72,2123.36,19.73,0.94%,2101.71,2130.71,53804600,4440756.5,-
2012-08-02,2120.15,2111.18,-12.18,-0.57%,2103.5,2126.46,53467540,4178130.0,-
2012-08-03,2113.96,2132.8,21.61,1.02%,2108.33,2133.27,53371332,4375534.0,-
2012-08-06,2129.15,2154.92,22.12,1.04%,2127.26,2158.68,71843208,6116242.0,-
2012-08-07,2153.09,2157.62,2.7,0.13%,2148.9,2159.68,75049800,6193917.0,-
2012-08-08,2158.98,2160.99,3.37,0.16%,2153.02,2168.73,72869536,6232484.5,-
2012-08-09,2159.43,2174.1,13.11,0.61%,2148.69,2175.54,72529248,6526964.5,-
2012-08-10,2172.96,2168.81,-5.29,-0.24%,2165.28,2176.79,68368560,6092904.0,-
2012-08-13,2164.04,2136.08,-32.74,-1.51%,2134.55,2164.04,71352320,6309789.0,-
2012-08-14,2137.05,2142.52,6.45,0.30%,2119.25,2144.01,67571592,5967695.5,-
2012-08-15,2138.28,2118.95,-23.58,-1.10%,2118.5,2139.14,54609392,4597455.5,-
2012-08-16,2116.08,2112.2,-6.75,-0.32%,2109.66,2122.68,45173008,3898389.25,-
2012-08-17,2111.65,2114.89,2.69,0.13%,2100.79,2120.71,44390636,3915748.25,-
2012-08-20,2102.23,2106.96,-7.93,-0.38%,2089.02,2110.78,46717500,3925812.5,-
2012-08-21,2106.38,2118.27,11.31,0.54%,2103.07,2124.2,60756504,5147698.5,-
2012-08-22,2118.88,2107.71,-10.56,-0.50%,2097.6,2121.15,58441412,4895123.0,-
2012-08-23,2106.96,2113.07,5.36,0.25%,2097.08,2118.74,58472300,5033240.0,-
2012-08-24,2108.36,2092.1,-20.97,-0.99%,2089.22,2109.82,60178948,4967367.5,-
2012-08-27,2085.37,2055.71,-36.4,-1.74%,2055.38,2085.37,60314832,4786325.0,-
2012-08-28,2054.97,2073.15,17.45,0.85%,2052.49,2083.96,54422104,4209786.5,-
2012-08-29,2066.82,2053.24,-19.92,-0.96%,2051.77,2073.95,52209808,4162214.0,-
2012-08-30,2044.03,2052.58,-0.65,-0.03%,2032.54,2060.19,61963792,5076422.0,-
2012-08-31,2046.29,2047.52,-5.06,-0.25%,2044.65,2059.3,46143904,3526978.75,-
2012-09-03,2044.82,2059.15,11.62,0.57%,2041.16,2066.78,60635500,4791147.5,-
2012-09-04,2060.61,2043.65,-15.5,-0.75%,2039.27,2063.82,57462184,4757448.5,-
2012-09-05,2038.87,2037.68,-5.97,-0.29%,2029.05,2048.32,57649804,4488646.5,-
2012-09-06,2040.67,2051.92,14.24,0.70%,2036.37,2052.95,56091816,4272854.0,-
2012-09-07,2062.99,2127.76,75.84,3.70%,2062.99,2145.0,139932624,11113669.0,-
2012-09-10,2128.06,2134.89,7.13,0.34%,2120.49,2140.17,103580024,8611074.0,-
2012-09-11,2127.52,2120.55,-14.34,-0.67%,2107.22,2127.52,80426640,6576286.5,-
2012-09-12,2129.69,2126.55,6.0,0.28%,2109.14,2137.89,84114744,6915740.5,-
2012-09-13,2123.84,2110.38,-16.18,-0.76%,2110.0,2130.08,79044968,6459083.0,-
2012-09-14,2127.39,2123.85,13.47,0.64%,2111.12,2136.23,91248272,7617940.5,-
2012-09-17,2120.62,2078.5,-45.35,-2.14%,2077.48,2121.58,76392232,6246113.5,-
2012-09-18,2069.34,2059.54,-18.96,-0.91%,2053.66,2074.76,53794852,4363238.0,-
2012-09-19,2061.06,2067.83,8.29,0.40%,2055.2,2069.95,52243632,4355087.5,-
2012-09-20,2060.31,2024.84,-42.99,-2.08%,2023.08,2060.31,67482656,5395907.0,-
2012-09-21,2020.55,2026.69,1.85,0.09%,2018.26,2041.95,60289456,4769512.0,-
2012-09-24,2015.77,2033.19,6.5,0.32%,2005.26,2040.85,57637780,4557560.0,-
2012-09-25,2028.63,2029.29,-3.9,-0.19%,2021.81,2039.1,48219408,3844516.25,-
2012-09-26,2027.85,2004.17,-25.12,-1.24%,1999.48,2033.04,50400828,3841506.5,-
2012-09-27,2003.1,2056.32,52.15,2.60%,2002.32,2068.07,76691456,6033894.0,-
2012-09-28,2042.89,2086.17,29.85,1.45%,2040.35,2089.63,79448952,6480232.5,-
2012-10-08,2084.85,2074.42,-11.75,-0.56%,2063.09,2096.26,55131612,4479373.5,-
2012-10-09,2081.59,2115.23,40.81,1.97%,2081.59,2119.34,84563792,6752037.5,-
2012-10-10,2111.59,2119.94,4.71,0.22%,2102.53,2121.99,78912032,6053157.5,-
2012-10-11,2114.23,2102.87,-17.07,-0.81%,2101.14,2117.84,74497032,5674443.5,-
2012-10-12,2109.07,2104.93,2.06,0.10%,2092.51,2127.31,68262976,5143404.5,-
2012-10-15,2105.02,2098.7,-6.23,-0.30%,2085.11,2107.2,53940752,4230863.5,-
2012-10-16,2097.05,2098.81,0.1,0.01%,2089.7,2111.78,57818440,4724220.0,-
2012-10-17,2104.28,2105.62,6.81,0.32%,2088.04,2113.16,59874064,4707059.5,-
2012-10-18,2108.5,2131.69,26.07,1.24%,2107.49,2137.69,87191088,6571176.0,-
2012-10-19,2129.82,2128.3,-3.39,-0.16%,2125.74,2136.87,67641280,5060560.0,-
2012-10-22,2118.52,2132.76,4.46,0.21%,2112.75,2138.03,60117224,4753443.5,-
2012-10-23,2132.11,2114.45,-18.31,-0.86%,2111.92,2136.22,72683808,5401309.0,-
2012-10-24,2106.83,2115.99,1.54,0.07%,2104.67,2124.0,72886624,4972809.0,-
2012-10-25,2114.76,2101.58,-14.41,-0.68%,2100.61,2128.74,85393112,5569021.5,-
2012-10-26,2100.1,2066.21,-35.37,-1.68%,2058.06,2102.16,78606432,5424887.5,-
2012-10-29,2061.85,2058.94,-7.27,-0.35%,2053.09,2068.24,53635012,3907811.0,-
2012-10-30,2059.2,2062.35,3.4,0.17%,2054.26,2075.91,60569092,4276733.5,-
2012-10-31,2061.12,2068.88,6.53,0.32%,2053.58,2070.48,59527236,4315909.0,-
2012-11-01,2070.02,2104.43,35.55,1.72%,2069.95,2109.5,82886672,6260664.5,-
2012-11-02,2105.45,2117.05,12.62,0.60%,2096.53,2119.22,76557216,5586988.5,-
2012-11-05,2113.33,2114.03,-3.02,-0.14%,2104.58,2123.33,71538760,5322213.5,-
2012-11-06,2113.66,2106.0,-8.03,-0.38%,2078.47,2114.79,71343848,5369800.0,-
2012-11-07,2102.42,2105.73,-0.27,-0.01%,2093.29,2112.63,59380128,4716378.0,-
2012-11-08,2091.25,2071.51,-34.22,-1.63%,2070.65,2092.56,66594560,4927610.0,-
2012-11-09,2066.5,2069.07,-2.44,-0.12%,2062.42,2077.23,54223464,3906535.5,-
2012-11-12,2069.21,2079.27,10.21,0.49%,2061.84,2079.57,56694856,4208375.5,-
2012-11-13,2078.13,2047.89,-31.38,-1.51%,2044.04,2078.13,61087292,4460515.5,-
2012-11-14,2047.26,2055.42,7.53,0.37%,2040.17,2056.49,48093000,3588369.25,-
2012-11-15,2045.46,2030.29,-25.13,-1.22%,2029.87,2053.56,50556856,3708279.5,-
2012-11-16,2026.56,2014.72,-15.56,-0.77%,2001.72,2028.69,49581680,3682129.0,-
2012-11-19,2013.25,2016.98,2.26,0.11%,1995.72,2018.38,45327016,3609072.0,-
2012-11-20,2020.43,2008.92,-8.06,-0.40%,2004.17,2023.61,42580636,3337296.25,-
2012-11-21,2008.21,2030.32,21.4,1.07%,1995.17,2031.15,53282024,3965862.25,-
2012-11-22,2021.21,2015.61,-14.71,-0.72%,2009.72,2023.08,45577844,3372741.5,-
2012-11-23,2020.02,2027.38,11.77,0.58%,2017.0,2034.88,51551468,3827837.75,-
2012-11-26,2023.34,2017.46,-9.92,-0.49%,2014.03,2027.27,44779552,3311072.25,-
2012-11-27,2012.07,1991.17,-26.3,-1.30%,1990.34,2014.21,56627420,3908918.0,-
2012-11-28,1984.48,1973.52,-17.64,-0.89%,1968.21,1984.86,50505584,3449257.25,-
2012-11-29,1972.93,1963.49,-10.04,-0.51%,1961.82,1980.56,49540084,3317965.75,-
2012-11-30,1961.81,1980.12,16.63,0.85%,1959.33,1983.42,56893416,3773910.75,-
2012-12-03,1977.25,1959.77,-20.35,-1.03%,1957.88,1988.19,61653376,4302755.5,-
2012-12-04,1956.62,1975.14,15.38,0.78%,1949.46,1980.12,62378124,4305454.5,-
2012-12-05,1973.11,2031.91,56.76,2.87%,1970.2,2040.6,119973040,8547597.0,-
2012-12-06,2029.56,2029.24,-2.67,-0.13%,2018.38,2036.61,81459224,5845252.5,-
2012-12-07,2028.77,2061.79,32.55,1.60%,2023.96,2065.75,115157288,8215897.5,-
2012-12-10,2067.32,2083.77,21.98,1.07%,2064.61,2087.01,115383224,8146944.0,-
2012-12-11,2077.56,2074.7,-9.07,-0.44%,2070.19,2088.64,93370832,6793037.0,-
2012-12-12,2073.27,2082.73,8.02,0.39%,2066.39,2085.93,78559136,5711514.0,-
2012-12-13,2077.42,2061.48,-21.25,-1.02%,2059.47,2081.36,72272320,5217964.0,-
2012-12-14,2062.69,2150.62,89.15,4.32%,2062.54,2152.5,160873808,11770710.0,-
2012-12-17,2152.1,2160.34,9.72,0.45%,2151.94,2169.57,144242224,11055670.0,-
2012-12-18,2155.86,2162.46,2.12,0.10%,2144.73,2183.71,126099464,9902889.0,-
2012-12-19,2158.67,2162.24,-0.22,-0.01%,2154.29,2175.4,94391520,7581318.5,-
2012-12-20,2156.19,2168.35,6.11,0.28%,2142.95,2174.82,99384184,8007349.0,-
2012-12-21,2169.57,2153.31,-15.04,-0.69%,2148.17,2190.4,103372872,8457436.0,-
2012-12-24,2150.65,2159.05,5.74,0.27%,2149.82,2170.39,78469664,6797065.0,-
2012-12-25,2154.32,2213.61,54.56,2.53%,2146.86,2220.26,143327696,11487396.0,-
2012-12-26,2211.59,2219.13,5.52,0.25%,2206.79,2220.48,121858632,9715377.0,-
2012-12-27,2223.66,2205.9,-13.24,-0.60%,2204.79,2234.72,129023496,10039398.0,-
2012-12-28,2207.91,2233.25,27.36,1.24%,2204.0,2234.87,115924928,9197015.0,-
2012-12-31,2236.46,2269.13,35.88,1.61%,2236.46,2269.51,128031408,10554183.0,-
2013-01-04,2289.51,2276.99,7.86,0.35%,2256.56,2296.11,139469920,11462776.0,-
2013-01-07,2271.66,2285.36,8.37,0.37%,2266.86,2293.32,118162808,9687287.0,-
2013-01-08,2284.65,2276.07,-9.29,-0.41%,2262.98,2289.14,122907872,10642876.0,-
2013-01-09,2271.3,2275.34,-0.73,-0.03%,2259.05,2283.9,122014928,10282310.0,-
2013-01-10,2274.38,2283.66,8.32,0.37%,2268.65,2295.48,120066672,9823640.0,-
2013-01-11,2285.19,2243.0,-40.66,-1.78%,2234.95,2290.21,125068280,10155095.0,-
2013-01-14,2236.29,2311.74,68.74,3.06%,2235.11,2317.62,144749888,12361493.0,-
2013-01-15,2312.47,2325.68,13.94,0.60%,2309.32,2332.78,165645984,14101396.0,-
2013-01-16,2322.16,2309.5,-16.18,-0.70%,2279.51,2326.76,153511168,13310770.0,-
2013-01-17,2305.14,2284.91,-24.59,-1.06%,2275.88,2305.6,119101840,10321406.0,-
2013-01-18,2295.81,2317.07,32.16,1.41%,2285.97,2324.51,125438024,10539153.0,-
2013-01-21,2321.49,2328.22,11.15,0.48%,2305.1,2329.58,134680448,11301606.0,-
2013-01-22,2326.49,2315.14,-13.08,-0.56%,2301.3,2335.81,149466576,12337005.0,-
2013-01-23,2308.52,2320.91,5.77,0.25%,2296.49,2325.12,118179720,9695622.0,-
2013-01-24,2320.26,2302.6,-18.31,-0.79%,2287.3,2362.94,161031664,13560434.0,-
2013-01-25,2300.0,2291.3,-11.29,-0.49%,2288.26,2308.38,92605736,8026738.5,-
2013-01-28,2295.35,2346.5,55.2,2.41%,2295.35,2346.92,128383768,11691637.0,-
2013-01-29,2347.22,2358.98,12.47,0.53%,2337.35,2363.8,141853936,12491697.0,-
2013-01-30,2360.75,2382.48,23.5,1.00%,2347.89,2383.76,149878912,12485603.0,-
2013-01-31,2383.43,2385.42,2.95,0.12%,2371.23,2391.82,139707888,11620504.0,-
2013-02-01,2377.41,2419.02,33.6,1.41%,2369.57,2421.15,140818176,12555496.0,-
2013-02-04,2425.92,2428.15,9.13,0.38%,2417.58,2440.38,167551408,15253370.0,-
2013-02-05,2411.0,2433.13,4.98,0.20%,2403.3,2437.42,150754512,12709611.0,-
2013-02-06,2432.68,2434.48,1.35,0.06%,2427.7,2441.73,116579960,10458354.0,-
2013-02-07,2430.69,2418.53,-15.95,-0.66%,2394.22,2433.89,120008632,10933507.0,-
2013-02-08,2416.62,2432.4,13.87,0.57%,2414.4,2443.03,109070384,9896523.0,-
2013-02-18,2441.91,2421.56,-10.84,-0.45%,2415.43,2444.8,116174992,10365702.0,-
2013-02-19,2420.26,2382.91,-38.64,-1.60%,2373.53,2427.07,123473336,10633095.0,-
2013-02-20,2383.49,2397.18,14.26,0.60%,2370.61,2397.94,110280584,9722230.0,-
2013-02-21,2378.82,2325.95,-71.23,-2.97%,2309.17,2378.82,144059472,12662783.0,-
2013-02-22,2322.94,2314.16,-11.79,-0.51%,2308.76,2330.88,96981832,8757982.0,-
2013-02-25,2320.62,2325.82,11.66,0.50%,2315.01,2338.78,88367368,7764234.0,-
2013-02-26,2313.74,2293.34,-32.48,-1.40%,2289.89,2340.71,117638664,10591719.0,-
2013-02-27,2297.77,2313.22,19.88,0.87%,2292.03,2324.63,97824888,8826293.0,-
2013-02-28,2322.32,2365.59,52.37,2.26%,2308.92,2366.16,126950496,11591827.0,-
2013-03-01,2364.54,2359.51,-6.09,-0.26%,2330.86,2369.65,120312752,11153111.0,-
2013-03-04,2332.08,2273.4,-86.1,-3.65%,2259.25,2333.54,161750032,14304651.0,-
2013-03-05,2274.81,2326.31,52.9,2.33%,2270.1,2328.14,131136592,11672120.0,-
2013-03-06,2333.61,2347.18,20.87,0.90%,2321.6,2351.44,141333696,12536480.0,-
2013-03-07,2340.44,2324.29,-22.89,-0.98%,2304.27,2352.02,139756352,12608589.0,-
2013-03-08,2326.42,2318.61,-5.68,-0.24%,2314.59,2333.67,98794144,8843860.0,-
2013-03-11,2314.68,2310.59,-8.02,-0.35%,2296.58,2320.96,84111904,7391994.5,-
2013-03-12,2309.16,2286.6,-23.99,-1.04%,2264.83,2333.29,117664464,10063709.0,-
2013-03-13,2282.17,2263.97,-22.64,-0.99%,2253.25,2286.33,90972784,7768895.5,-
2013-03-14,2255.77,2270.28,6.31,0.28%,2253.31,2276.22,80294088,6921859.0,-
2013-03-15,2269.31,2278.4,8.12,0.36%,2250.0,2312.08,116477808,10157810.0,-
2013-03-18,2267.29,2240.02,-38.38,-1.68%,2239.21,2276.05,93122776,8148617.5,-
2013-03-19,2244.26,2257.43,17.42,0.78%,2232.02,2261.31,87582104,7551207.0,-
2013-03-20,2257.74,2317.37,59.94,2.66%,2257.42,2317.86,131241288,11397426.0,-
2013-03-21,2318.21,2324.24,6.87,0.30%,2311.6,2330.81,119200912,10478607.0,-
2013-03-22,2321.4,2328.28,4.04,0.17%,2314.97,2332.0,101167296,8595132.0,-
2013-03-25,2334.74,2326.72,-1.56,-0.07%,2319.91,2344.89,97031528,8541862.0,-
2013-03-26,2318.58,2297.67,-29.05,-1.25%,2281.12,2319.99,104449016,9181132.0,-
2013-03-27,2299.38,2301.26,3.59,0.16%,2289.0,2323.48,96331192,8570842.0,-
2013-03-28,2273.55,2236.3,-64.96,-2.82%,2232.91,2273.55,127658704,10759351.0,-
2013-03-29,2238.49,2236.62,0.32,0.01%,2228.81,2246.87,85565472,7335819.0,-
2013-04-01,2229.46,2234.4,-2.23,-0.10%,2227.31,2243.95,77411776,6699753.5,-
2013-04-02,2234.9,2227.74,-6.66,-0.30%,2220.44,2253.42,89714320,7759666.5,-
2013-04-03,2232.69,2225.29,-2.44,-0.11%,2217.25,2241.34,81795264,6880135.5,-
2013-04-08,2196.24,2211.59,-13.7,-0.62%,2180.67,2212.59,86257472,7366616.5,-
2013-04-09,2215.47,2225.77,14.18,0.64%,2215.47,2234.73,82896544,7313504.0,-
2013-04-10,2224.93,2226.13,0.35,0.02%,2212.56,2233.04,80619624,7109021.5,-
2013-04-11,2236.98,2219.55,-6.57,-0.30%,2217.26,2242.48,73632704,6213270.0,-
2013-04-12,2218.09,2206.78,-12.77,-0.58%,2204.44,2226.26,66846340,5619688.0,-
2013-04-15,2199.91,2181.94,-24.84,-1.13%,2177.39,2204.99,71632320,5816217.5,-
2013-04-16,2169.63,2194.85,12.9,0.59%,2165.78,2196.43,79992176,6695584.5,-
2013-04-17,2195.03,2193.8,-1.05,-0.05%,2178.47,2197.51,68314176,5998655.5,-
2013-04-18,2181.82,2197.6,3.81,0.17%,2175.44,2206.03,71616928,6188812.5,-
2013-04-19,2201.12,2244.64,47.04,2.14%,2200.58,2250.11,109660560,9538301.0,-
2013-04-22,2236.4,2242.17,-2.47,-0.11%,2232.26,2245.12,95233728,8224500.0,-
2013-04-23,2242.62,2184.54,-57.63,-2.57%,2182.81,2242.62,96541320,8221751.5,-
2013-04-24,2187.35,2218.32,33.78,1.55%,2184.11,2226.12,91600264,7897721.0,-
2013-04-25,2213.19,2199.31,-19.01,-0.86%,2191.85,2224.63,96704184,8448324.0,-
2013-04-26,2203.89,2177.91,-21.4,-0.97%,2173.86,2210.58,76673968,6525151.0,-
2013-05-02,2170.78,2174.12,-3.79,-0.17%,2161.14,2179.65,68337936,5987761.0,-
2013-05-03,2179.05,2205.5,31.37,1.44%,2179.05,2222.81,88583464,7831570.0,-
2013-05-06,2212.5,2231.17,25.67,1.16%,2212.5,2236.07,92268144,8162560.5,-
2013-05-07,2227.86,2235.57,4.41,0.20%,2219.44,2240.26,86452360,7904092.0,-
2013-05-08,2242.39,2246.3,10.72,0.48%,2235.42,2255.21,90371936,8139084.5,-
2013-05-09,2246.96,2232.97,-13.33,-0.59%,2221.38,2247.86,98531632,9116529.0,-
2013-05-10,2228.82,2246.83,13.86,0.62%,2225.81,2247.67,90335480,8128014.0,-
2013-05-13,2247.68,2241.92,-4.91,-0.22%,2231.36,2250.85,86211224,7919148.0,-
2013-05-14,2238.9,2217.01,-24.91,-1.11%,2205.87,2239.93,83244976,7566047.0,-
2013-05-15,2217.09,2224.8,7.79,0.35%,2213.58,2225.19,71722896,6665826.5,-
2013-05-16,2221.34,2251.81,27.01,1.21%,2210.77,2252.87,110284384,10225527.0,-
2013-05-17,2249.81,2282.87,31.06,1.38%,2248.41,2288.09,126126008,11124881.0,-
2013-05-20,2286.33,2299.99,17.12,0.75%,2281.9,2309.39,139150512,12884353.0,-
2013-05-21,2297.11,2305.11,5.13,0.22%,2290.12,2305.3,124173176,11302521.0,-
2013-05-22,2303.75,2302.4,-2.71,-0.12%,2292.43,2314.18,128360032,11529046.0,-
2013-05-23,2293.81,2275.67,-26.74,-1.16%,2274.1,2304.95,124019848,11105205.0,-
2013-05-24,2281.45,2288.53,12.87,0.57%,2270.25,2292.59,101441208,9202153.0,-
2013-05-29,2323.54,2324.02,2.7,0.12%,2321.17,2334.33,125250736,11431155.0,-
2013-05-30,2316.25,2317.75,-6.27,-0.27%,2310.49,2325.72,111913032,10354677.0,-
2013-05-31,2320.74,2300.59,-17.15,-0.74%,2299.37,2325.53,108162552,10070399.0,-
2013-06-03,2300.21,2299.25,-1.34,-0.06%,2294.11,2313.43,96882808,9164861.0,-
2013-06-04,2297.1,2272.42,-26.84,-1.17%,2264.76,2297.1,101895816,9237718.0,-
2013-06-05,2270.71,2270.93,-1.48,-0.07%,2260.87,2276.86,76483304,7114268.0,-
2013-06-06,2264.43,2242.11,-28.82,-1.27%,2240.07,2266.69,81538696,7526158.5,-
2013-06-07,2242.26,2210.9,-31.21,-1.39%,2205.07,2250.63,89978080,8105835.0,-
2013-06-13,2190.1,2148.35,-62.54,-2.83%,2126.22,2190.1,94371096,7971452.5,-
2013-06-14,2150.06,2162.04,13.69,0.64%,2142.78,2163.85,77857472,6874776.5,-
2013-06-17,2165.99,2156.22,-5.83,-0.27%,2147.03,2169.36,75757792,6844014.5,-
2013-06-18,2158.55,2159.29,3.08,0.14%,2138.35,2161.68,69632272,6358268.0,-
2013-06-19,2150.82,2143.45,-15.84,-0.73%,2115.79,2150.82,75425016,6708057.0,-
2013-06-20,2132.81,2084.02,-59.43,-2.77%,2082.82,2132.81,77787928,6816454.0,-
2013-06-21,2058.98,2073.09,-10.93,-0.52%,2042.88,2085.86,79673224,6744006.5,-
2013-06-24,2068.86,1963.23,-109.86,-5.30%,1958.4,2068.86,109198216,8796984.0,-
2013-06-25,1948.31,1959.51,-3.73,-0.19%,1849.65,1963.57,138158528,10474363.0,-
2013-06-26,1954.47,1951.49,-8.01,-0.41%,1922.82,1959.16,101192528,8089269.0,-
2013-06-27,1955.13,1950.01,-1.48,-0.08%,1942.37,1980.54,105813320,8426041.0,-
2013-06-28,1935.52,1979.21,29.19,1.50%,1925.65,1987.98,100737968,7751387.5,-
2013-07-01,1965.99,1995.24,16.04,0.81%,1957.57,1995.92,78051392,6271181.0,-
2013-07-02,1992.89,2006.56,11.32,0.57%,1978.43,2007.62,86415424,7398084.5,-
2013-07-03,1996.51,1994.27,-12.29,-0.61%,1965.52,1996.54,93466472,7668243.5,-
2013-07-04,1982.87,2006.1,11.83,0.59%,1974.1,2022.14,100394176,8268549.5,-
2013-07-05,2006.19,2007.2,1.1,0.05%,2002.37,2021.54,91345224,7513750.5,-
2013-07-08,1983.21,1958.27,-48.93,-2.44%,1953.12,1983.21,84136488,6718783.5,-
2013-07-09,1953.6,1965.45,7.18,0.37%,1946.37,1969.15,64538732,5222318.5,-
2013-07-10,1962.84,2008.13,42.67,2.17%,1960.28,2009.36,89797984,7280781.0,-
2013-07-11,2011.02,2072.99,64.86,3.23%,2010.4,2092.87,159970768,13104907.0,-
2013-07-12,2068.04,2039.49,-33.5,-1.62%,2036.05,2074.86,121174176,10297265.0,-
2013-07-15,2046.12,2059.39,19.9,0.98%,2037.25,2076.67,101470360,8802334.0,-
2013-07-16,2054.6,2065.72,6.33,0.31%,2038.54,2066.36,96737400,8287090.5,-
2013-07-17,2061.19,2044.92,-20.8,-1.01%,2043.23,2075.81,103251320,8799397.0,-
2013-07-18,2038.4,2023.4,-21.53,-1.05%,2016.9,2043.37,92132048,7661853.0,-
2013-07-19,2025.32,1992.65,-30.75,-1.52%,1990.25,2035.22,104577568,8748152.0,-
2013-07-22,1977.73,2004.76,12.11,0.61%,1970.64,2005.47,82922192,6964950.5,-
2013-07-23,2008.95,2043.88,39.11,1.95%,2005.09,2051.53,109517360,9271126.0,-
2013-07-24,2035.69,2033.33,-10.55,-0.52%,2010.42,2042.77,106655776,9370058.0,-
2013-07-25,2037.34,2021.17,-12.16,-0.60%,2016.43,2045.36,98545368,8624951.0,-
2013-07-26,2013.19,2010.85,-10.32,-0.51%,2000.8,2021.57,73800424,6553862.0,-
2013-07-29,1997.84,1976.31,-34.54,-1.72%,1969.85,1997.84,78683272,6586698.0,-
2013-07-30,1981.45,1990.06,13.76,0.70%,1965.36,2006.23,77219784,6615786.5,-
2013-07-31,2000.79,1993.8,3.74,0.19%,1987.88,2015.47,70160608,5939433.5,-
2013-08-01,2000.82,2029.07,35.27,1.77%,1997.06,2029.93,91256688,7739528.0,-
2013-08-02,2039.51,2029.42,0.35,0.02%,2025.65,2047.08,93592768,7890625.5,-
2013-08-05,2031.72,2050.48,21.06,1.04%,2025.23,2050.91,85517968,7327709.5,-
2013-08-06,2043.65,2060.5,10.02,0.49%,2034.96,2066.74,105580976,8869056.0,-
2013-08-07,2056.37,2046.78,-13.72,-0.67%,2043.75,2069.56,107712592,9126031.0,-
2013-08-08,2044.44,2044.9,-1.88,-0.09%,2037.25,2058.56,84133288,7195492.5,-
2013-08-09,2052.24,2052.24,7.34,0.36%,2030.13,2061.71,95316416,8303602.0,-
2013-08-12,2058.42,2101.28,49.05,2.39%,2055.72,2102.35,135128976,11648971.0,-
2013-08-13,2101.32,2106.16,4.87,0.23%,2093.8,2106.4,117708872,9643037.0,-
2013-08-14,2109.23,2100.14,-6.02,-0.29%,2093.04,2122.97,114437808,9579117.0,-
2013-08-15,2099.28,2081.88,-18.26,-0.87%,2079.97,2108.41,99396656,8473566.0,-
2013-08-16,2075.98,2068.45,-13.43,-0.64%,2061.65,2198.85,153063328,12312513.0,-
2013-08-19,2055.13,2085.6,17.15,0.83%,2052.7,2091.13,97446776,8150139.0,-
2013-08-20,2081.97,2072.59,-13.01,-0.62%,2066.07,2098.98,107381768,8911793.0,-
2013-08-21,2076.27,2072.96,0.37,0.02%,2056.91,2076.32,87445992,7286072.0,-
2013-08-22,2069.31,2067.12,-5.84,-0.28%,2062.37,2083.33,90928304,7601837.5,-
2013-08-23,2075.93,2057.46,-9.67,-0.47%,2029.36,2079.85,112426352,9457163.0,-
2013-08-26,2061.42,2096.47,39.02,1.90%,2056.13,2097.34,119932648,9915790.0,-
2013-08-27,2095.44,2103.57,7.09,0.34%,2090.43,2105.38,126341968,10459162.0,-
2013-08-28,2092.31,2101.3,-2.27,-0.11%,2080.86,2113.82,161392032,13223910.0,-
2013-08-29,2108.44,2097.23,-4.07,-0.19%,2088.24,2110.89,133268224,10525933.0,-
2013-08-30,2097.22,2098.38,1.16,0.06%,2089.09,2114.39,170075648,13205568.0,-
2013-09-02,2104.09,2098.45,0.07,0.00%,2078.46,2108.68,149158528,12108466.0,-
2013-09-03,2100.45,2123.11,24.66,1.18%,2095.46,2123.85,138893184,11242123.0,-
2013-09-04,2121.68,2127.62,4.51,0.21%,2115.75,2133.0,142000384,11645742.0,-
2013-09-05,2125.25,2122.43,-5.19,-0.24%,2115.24,2127.85,126544104,10577650.0,-
2013-09-06,2119.33,2139.99,17.56,0.83%,2119.02,2143.24,143260656,11915234.0,-
2013-09-09,2151.35,2212.52,72.52,3.39%,2151.35,2218.53,219427088,17888174.0,-
2013-09-10,2214.81,2237.98,25.47,1.15%,2202.82,2238.55,237206656,19108388.0,-
2013-09-11,2244.96,2241.27,3.28,0.15%,2233.0,2258.07,244349456,19542764.0,-
2013-09-12,2236.17,2255.6,14.34,0.64%,2226.29,2270.27,209715120,16730058.0,-
2013-09-13,2251.46,2236.22,-19.39,-0.86%,2228.48,2259.42,171984224,14060013.0,-
2013-09-16,2244.46,2231.4,-4.82,-0.22%,2226.17,2248.47,154884032,13358064.0,-
2013-09-17,2230.39,2185.56,-45.84,-2.05%,2184.92,2230.93,154542544,13246043.0,-
2013-09-18,2185.94,2191.85,6.29,0.29%,2172.04,2195.9,115111888,10133309.0,-
2013-09-23,2199.36,2221.04,29.19,1.33%,2198.34,2223.07,133174856,12146826.0,-
2013-09-24,2219.47,2207.53,-13.51,-0.61%,2187.24,2219.54,160415056,14333095.0,-
2013-09-25,2206.23,2198.51,-9.02,-0.41%,2193.72,2217.97,160212768,14377999.0,-
2013-09-26,2192.23,2155.81,-42.71,-1.94%,2154.72,2192.23,140415344,12568036.0,-
2013-09-27,2150.96,2160.03,4.22,0.20%,2149.59,2165.78,105401784,9781168.0,-
2013-09-30,2167.73,2174.67,14.64,0.68%,2165.16,2176.3,92810080,8898276.0,-
2013-10-08,2171.9,2198.2,23.53,1.08%,2161.49,2200.02,126710200,11499202.0,-
2013-10-09,2191.39,2211.77,13.57,0.62%,2185.18,2212.35,130871736,11796614.0,-
2013-10-10,2214.41,2190.93,-20.84,-0.94%,2186.48,2214.59,149775888,13657515.0,-
2013-10-11,2201.41,2228.15,37.22,1.70%,2200.53,2228.87,156892176,14227194.0,-
2013-10-14,2232.22,2237.77,9.63,0.43%,2226.4,2242.98,165983392,15162694.0,-
2013-10-15,2237.93,2233.41,-4.36,-0.19%,2221.14,2240.25,153722832,13854163.0,-
2013-10-16,2228.11,2193.07,-40.34,-1.81%,2183.4,2228.11,154638640,13816550.0,-
2013-10-17,2201.71,2188.54,-4.53,-0.21%,2183.25,2211.03,126767944,11313885.0,-
2013-10-18,2188.71,2193.78,5.24,0.24%,2184.36,2203.29,103724624,9081418.0,-
2013-10-21,2198.11,2229.24,35.46,1.62%,2190.39,2230.28,136694400,12393634.0,-
2013-10-22,2227.34,2210.65,-18.58,-0.83%,2204.24,2227.34,149132832,13499487.0,-
2013-10-23,2213.27,2183.11,-27.54,-1.25%,2177.73,2226.85,146347088,12578986.0,-
2013-10-24,2178.82,2164.32,-18.78,-0.86%,2159.87,2183.41,103008952,9000187.0,-
2013-10-25,2163.69,2132.96,-31.37,-1.45%,2122.68,2170.61,113924512,9967170.0,-
2013-10-28,2135.88,2133.87,0.91,0.04%,2123.07,2140.96,88401328,7788933.0,-
2013-10-29,2135.23,2128.86,-5.0,-0.23%,2093.2,2163.66,143092800,11734775.0,-
2013-10-30,2126.69,2160.46,31.6,1.48%,2121.84,2161.94,119643360,9523375.0,-
2013-10-31,2155.51,2141.61,-18.85,-0.87%,2137.47,2155.51,108063016,8863883.0,-
2013-11-01,2139.88,2149.56,7.95,0.37%,2132.63,2157.31,89118472,7627186.0,-
2013-11-04,2156.09,2149.63,0.07,0.00%,2143.21,2160.58,76147944,6630600.0,-
2013-11-05,2139.84,2157.24,7.61,0.35%,2124.84,2158.15,91900024,7796332.0,-
2013-11-06,2149.39,2139.61,-17.63,-0.82%,2138.78,2166.17,100487344,8654713.0,-
2013-11-07,2136.63,2129.4,-10.21,-0.48%,2119.19,2141.6,81842608,7017747.5,-
2013-11-08,2120.92,2106.13,-23.27,-1.09%,2103.51,2128.58,83096856,7032521.5,-
2013-11-11,2103.3,2109.47,3.34,0.16%,2093.63,2117.28,69678304,5993406.0,-
2013-11-12,2110.72,2126.77,17.3,0.82%,2108.4,2127.94,79446736,6795127.0,-
2013-11-13,2117.89,2087.94,-38.83,-1.83%,2086.01,2117.91,88257096,7337606.5,-
2013-11-14,2087.12,2100.51,12.56,0.60%,2078.99,2102.38,83799376,7208988.5,-
2013-11-15,2100.9,2135.83,35.32,1.68%,2100.79,2153.21,125894520,11336446.0,-
2013-11-18,2147.37,2197.22,61.39,2.87%,2143.77,2198.32,157502704,14324623.0,-
2013-11-19,2198.32,2193.12,-4.09,-0.19%,2186.11,2203.3,125082304,11594188.0,-
2013-11-20,2201.47,2206.61,13.49,0.62%,2186.64,2207.1,118961856,10482042.0,-
2013-11-21,2197.01,2205.77,-0.85,-0.04%,2177.74,2206.53,137245504,12000500.0,-
2013-11-22,2206.47,2196.38,-9.39,-0.43%,2188.77,2211.07,113866456,10245020.0,-
2013-11-25,2186.06,2186.11,-10.26,-0.47%,2181.42,2209.15,108282656,9674732.0,-
2013-11-26,2184.33,2183.07,-3.04,-0.14%,2176.18,2192.58,100460832,8453664.0,-
2013-11-27,2181.73,2201.07,18.0,0.82%,2176.85,2207.62,115384416,10216349.0,-
2013-11-28,2204.38,2219.37,18.3,0.83%,2202.62,2234.39,134456784,11964544.0,-
2013-11-29,2221.62,2220.5,1.13,0.05%,2212.26,2224.94,106959056,9783402.0,-
2013-12-02,2203.12,2207.37,-13.13,-0.59%,2172.63,2231.92,174282000,15193616.0,-
2013-12-03,2196.82,2222.67,15.3,0.69%,2193.25,2227.93,113506408,10077666.0,-
2013-12-04,2219.97,2251.76,29.09,1.31%,2215.92,2260.87,157292944,13549794.0,-
2013-12-05,2252.72,2247.06,-4.7,-0.21%,2239.14,2255.26,122048408,10583731.0,-
2013-12-06,2242.56,2237.11,-9.96,-0.44%,2228.63,2248.15,103700928,9225476.0,-
2013-12-09,2241.79,2238.2,1.09,0.05%,2231.73,2249.17,93273640,8443248.0,-
2013-12-10,2239.86,2237.49,-0.71,-0.03%,2231.68,2250.5,109043128,9555630.0,-
2013-12-11,2228.63,2204.17,-33.33,-1.49%,2193.16,2228.63,109473144,9438930.0,-
2013-12-12,2199.32,2202.8,-1.37,-0.06%,2194.9,2214.55,86108672,7600333.0,-
2013-12-13,2188.26,2196.07,-6.72,-0.31%,2183.84,2204.64,85101008,7263750.5,-
2013-12-16,2197.23,2160.86,-35.21,-1.60%,2159.99,2201.7,101387592,8642295.0,-
2013-12-17,2161.54,2151.08,-9.78,-0.45%,2146.31,2165.54,78578936,6692160.0,-
2013-12-18,2150.41,2148.28,-2.79,-0.13%,2142.62,2156.59,64173584,5542059.5,-
2013-12-19,2153.67,2127.79,-20.49,-0.95%,2126.25,2159.14,73123480,6149694.5,-
2013-12-20,2128.37,2084.79,-43.0,-2.02%,2082.85,2131.74,86775216,7219820.0,-
2013-12-23,2089.54,2089.71,4.91,0.24%,2068.54,2099.52,68146640,5843562.5,-
2013-12-24,2094.07,2092.91,3.2,0.15%,2079.81,2111.8,70251472,6169707.0,-
2013-12-25,2095.02,2106.35,13.45,0.64%,2088.3,2107.23,65139096,5813684.5,-
2013-12-26,2102.66,2073.1,-33.26,-1.58%,2070.55,2102.66,78541408,6676712.0,-
2013-12-27,2074.59,2101.25,28.15,1.36%,2069.59,2110.36,76756832,6639444.5,-
2013-12-30,2108.88,2097.53,-3.72,-0.18%,2095.06,2112.01,74085056,6303894.5,-
2013-12-31,2090.68,2115.98,18.45,0.88%,2087.42,2120.27,80474376,7145628.5,-
2014-01-02,2112.13,2109.39,-6.59,-0.31%,2101.02,2113.11,68485480,6192135.5,-
2014-01-03,2101.54,2083.14,-26.25,-1.24%,2075.9,2102.17,84497240,7237223.0,-
2014-01-06,2078.68,2045.71,-37.43,-1.80%,2034.01,2078.68,89587608,7289540.0,-
2014-01-07,2034.22,2047.32,1.61,0.08%,2029.25,2052.28,63402936,5463864.0,-
2014-01-08,2047.26,2044.34,-2.98,-0.15%,2037.11,2062.95,71647368,6294143.0,-
2014-01-09,2041.77,2027.62,-16.72,-0.82%,2026.45,2057.2,75941880,6760566.5,-
2014-01-10,2023.54,2013.3,-14.32,-0.71%,2008.01,2029.3,75616120,6104455.0,-
2014-01-13,2014.98,2009.56,-3.73,-0.19%,2000.4,2027.18,66544780,5561675.0,-
2014-01-14,2007.16,2026.84,17.28,0.86%,2001.14,2027.43,70366616,5668762.5,-
2014-01-15,2024.23,2023.35,-3.49,-0.17%,2010.2,2027.41,67436224,5774036.0,-
2014-01-16,2022.54,2023.7,0.35,0.02%,2014.41,2034.71,72755720,6282976.0,-
2014-01-17,2017.52,2004.95,-18.75,-0.93%,2001.33,2017.87,67305720,5703956.5,-
2014-01-20,2001.89,1991.25,-13.7,-0.68%,1984.82,2005.94,56271248,4829878.5,-
2014-01-21,1992.02,2008.31,17.06,0.86%,1992.02,2014.15,59844912,5201792.0,-
2014-01-22,2009.97,2051.75,43.44,2.16%,2008.93,2052.34,98892848,8412666.0,-
2014-01-23,2048.33,2042.18,-9.57,-0.47%,2039.05,2052.53,84210584,7608332.5,-
2014-01-24,2037.67,2054.39,12.21,0.60%,2034.45,2060.99,92947920,8234618.0,-
2014-01-27,2044.27,2033.3,-21.09,-1.03%,2029.63,2044.85,88815424,8191421.5,-
2014-01-28,2036.4,2038.51,5.21,0.26%,2026.99,2047.13,72529048,6575160.5,-
2014-01-29,2042.18,2049.91,11.4,0.56%,2039.77,2051.58,73865464,6769412.5,-
2014-01-30,2045.93,2033.08,-16.83,-0.82%,2031.47,2045.93,62615184,5826450.0,-
2014-02-07,2022.32,2044.5,11.41,0.56%,2014.7,2044.73,73598752,6782992.5,-
2014-02-10,2049.98,2086.07,41.57,2.03%,2049.98,2087.98,124331840,11272292.0,-
2014-02-11,2086.18,2103.67,17.6,0.84%,2082.52,2111.06,142211328,12526677.0,-
2014-02-12,2103.83,2109.96,6.28,0.30%,2096.51,2110.9,126333184,11080407.0,-
2014-02-13,2106.93,2098.4,-11.55,-0.55%,2096.97,2122.83,146532640,12437706.0,-
2014-02-14,2097.32,2115.85,17.45,0.83%,2095.09,2116.19,111517952,9739967.0,-
2014-02-17,2124.88,2135.42,19.57,0.92%,2117.69,2136.45,140244432,12621375.0,-
2014-02-18,2134.14,2119.07,-16.35,-0.77%,2113.13,2134.14,142869312,12978697.0,-
2014-02-19,2116.92,2142.55,23.49,1.11%,2111.17,2152.96,151261248,12781845.0,-
2014-02-20,2152.89,2138.78,-3.77,-0.18%,2136.48,2177.98,157052272,13093844.0,-
2014-02-21,2131.59,2113.69,-25.09,-1.17%,2098.33,2132.7,117662648,9951429.0,-
2014-02-24,2099.72,2076.69,-37.01,-1.75%,2058.79,2099.72,123555304,10720245.0,-
2014-02-25,2077.28,2034.22,-42.47,-2.04%,2026.54,2087.62,140132976,12782383.0,-
2014-02-26,2026.61,2041.25,7.04,0.35%,2014.38,2041.63,110112688,9611771.0,-
2014-02-27,2045.1,2047.35,6.1,0.30%,2036.39,2068.31,132163848,11287575.0,-
2014-02-28,2040.62,2056.3,8.95,0.44%,2020.94,2058.49,111637904,9568408.0,-
2014-03-03,2052.07,2075.24,18.93,0.92%,2047.07,2078.33,127460896,10498060.0,-
2014-03-04,2068.11,2071.47,-3.76,-0.18%,2050.12,2074.02,115925792,10111631.0,-
2014-03-05,2073.29,2053.08,-18.39,-0.89%,2050.18,2074.81,107733088,9162333.0,-
2014-03-06,2050.03,2059.58,6.49,0.32%,2030.95,2065.79,109290136,9256145.0,-
2014-03-07,2058.38,2057.91,-1.67,-0.08%,2050.47,2079.49,103709544,8933214.0,-
2014-03-10,2042.35,1999.06,-58.84,-2.86%,1995.55,2042.63,115696672,9503299.0,-
2014-03-11,1994.42,2001.16,2.09,0.10%,1985.6,2008.07,92705272,7687033.0,-
2014-03-12,1996.24,1997.69,-3.46,-0.17%,1974.38,2011.06,101361712,7929307.0,-
2014-03-13,2000.69,2019.11,21.42,1.07%,1996.53,2029.12,100978112,7797906.0,-
2014-03-14,2008.82,2004.34,-14.77,-0.73%,1990.98,2017.91,87775112,6992589.0,-
2014-03-17,2009.88,2023.67,19.33,0.96%,1999.25,2024.37,86250376,7201778.0,-
2014-03-18,2026.22,2025.2,1.52,0.08%,2020.41,2034.92,96777192,8358045.5,-
2014-03-19,2019.98,2021.73,-3.46,-0.17%,2002.44,2022.18,95180800,7947324.0,-
2014-03-20,2017.22,1993.48,-28.26,-1.40%,1993.0,2030.85,110333048,8863098.0,-
2014-03-21,1987.68,2047.62,54.14,2.72%,1986.07,2052.47,144477648,10943807.0,-
2014-03-24,2050.83,2066.28,18.66,0.91%,2043.33,2074.06,147700080,11024450.0,-
2014-03-25,2063.32,2067.31,1.03,0.05%,2057.49,2079.55,131822232,10017366.0,-
2014-03-26,2070.57,2063.67,-3.64,-0.18%,2057.65,2074.57,102611120,8046344.5,-
2014-03-27,2060.81,2046.59,-17.08,-0.83%,2042.71,2073.98,119149376,9499646.0,-
2014-03-28,2046.85,2041.71,-4.88,-0.24%,2035.24,2060.13,121681960,9422196.0,-
2014-03-31,2043.05,2033.31,-8.41,-0.41%,2024.19,2048.13,94356528,7157369.0,-
2014-04-01,2031.01,2047.46,14.15,0.70%,2028.1,2050.68,83286576,6451264.0,-
2014-04-02,2049.42,2058.99,11.53,0.56%,2046.74,2060.78,102658528,7794064.0,-
2014-04-03,2063.5,2043.7,-15.29,-0.74%,2037.45,2066.01,108618424,7948090.0,-
2014-04-04,2037.55,2058.83,15.13,0.74%,2035.22,2060.1,83189056,6636864.5,-
2014-04-08,2054.53,2098.28,39.45,1.92%,2052.9,2102.45,133370984,10796636.0,-
2014-04-09,2100.65,2105.24,6.95,0.33%,2095.64,2108.75,105340464,8736678.0,-
2014-04-10,2105.88,2134.3,29.06,1.38%,2098.08,2146.67,156789600,12984235.0,-
2014-04-11,2130.37,2130.54,-3.76,-0.18%,2120.18,2138.65,131768360,11163681.0,-
2014-04-14,2127.41,2131.54,1.0,0.05%,2116.61,2134.43,102077848,8659172.0,-
2014-04-15,2125.9,2101.6,-29.94,-1.40%,2098.15,2125.9,107531152,9113536.0,-
2014-04-16,2097.21,2105.12,3.52,0.17%,2092.16,2112.05,89361656,7509948.0,-
2014-04-17,2108.95,2098.89,-6.24,-0.30%,2095.71,2110.72,89896328,7425703.0,-
2014-04-18,2091.48,2097.75,-1.14,-0.05%,2081.19,2099.64,88155696,7255598.0,-
2014-04-21,2085.98,2065.83,-31.92,-1.52%,2065.23,2103.08,96378368,8165455.5,-
2014-04-22,2062.79,2072.83,7.0,0.34%,2047.33,2073.66,98719880,8246810.0,-
2014-04-23,2068.08,2067.38,-5.45,-0.26%,2059.11,2076.35,78531520,6615617.0,-
2014-04-24,2064.16,2057.03,-10.35,-0.50%,2056.19,2075.76,78185952,6440753.0,-
2014-04-25,2060.54,2036.52,-20.51,-1.00%,2035.57,2065.64,93042328,7415587.5,-
2014-04-28,2033.34,2003.49,-33.03,-1.62%,2000.14,2035.99,89795264,6854149.5,-
2014-04-29,2001.9,2020.34,16.85,0.84%,1997.64,2021.68,76221280,5677648.5,-
2014-04-30,2020.44,2026.36,6.02,0.30%,2016.58,2029.54,74528576,5767735.5,-
2014-05-05,2022.18,2027.35,1.0,0.05%,2007.35,2028.96,79933392,6009349.0,-
2014-05-06,2024.26,2028.04,0.68,0.03%,2021.48,2038.7,74609416,5754811.0,-
2014-05-07,2023.15,2010.08,-17.96,-0.89%,2008.45,2024.63,74360192,5755805.5,-
2014-05-08,2006.85,2015.27,5.19,0.26%,2005.69,2036.94,77865392,5952937.0,-
2014-05-09,2016.5,2011.14,-4.14,-0.21%,2001.3,2020.45,76224248,5750538.0,-
2014-05-12,2022.93,2052.87,41.74,2.08%,2016.64,2055.51,115742072,8809701.0,-
2014-05-13,2055.08,2050.73,-2.14,-0.10%,2043.55,2061.06,97223384,7374172.0,-
2014-05-14,2049.27,2047.91,-2.82,-0.14%,2042.74,2056.57,72011128,5645529.0,-
2014-05-15,2044.38,2024.97,-22.94,-1.12%,2022.86,2047.32,75845152,5977344.5,-
2014-05-16,2023.6,2026.5,1.53,0.08%,2012.69,2027.76,66353660,5162588.5,-
2014-05-19,2023.01,2005.18,-21.32,-1.05%,1996.02,2023.27,65329440,5297524.5,-
2014-05-20,2011.85,2008.12,2.94,0.15%,2002.76,2018.16,61345384,4954901.5,-
2014-05-21,2001.31,2024.95,16.83,0.84%,1991.06,2025.19,61811548,4841509.5,-
2014-05-22,2023.15,2021.29,-3.67,-0.18%,2018.88,2041.96,74728472,5950166.0,-
2014-05-23,2020.11,2034.57,13.28,0.66%,2017.74,2034.57,63488068,5146494.0,-
2014-05-26,2042.03,2041.48,6.91,0.34%,2035.09,2045.38,70281224,5984043.5,-
2014-05-27,2039.79,2034.56,-6.91,-0.34%,2032.84,2044.15,67577888,5592051.5,-
2014-05-28,2034.56,2050.23,15.66,0.77%,2029.34,2052.66,81338648,6860222.5,-
2014-05-29,2051.84,2040.59,-9.63,-0.47%,2039.24,2057.08,81242920,6947251.0,-
2014-05-30,2040.39,2039.21,-1.38,-0.07%,2031.37,2046.96,75148896,6235364.0,-
2014-06-03,2039.2,2038.31,-0.91,-0.04%,2037.3,2049.58,71584120,5929643.5,-
2014-06-04,2037.99,2024.83,-13.47,-0.66%,2012.91,2038.48,72412768,5746755.0,-
2014-06-05,2019.44,2040.88,16.04,0.79%,2016.18,2041.7,67949536,5637614.5,-
2014-06-06,2040.86,2029.96,-10.92,-0.54%,2022.16,2041.57,66021744,5512424.0,-
2014-06-09,2024.94,2030.5,0.55,0.03%,2023.2,2045.26,64788316,5513984.5,-
2014-06-10,2033.21,2052.53,22.03,1.08%,2026.39,2052.76,79623712,6540610.5,-
2014-06-11,2049.13,2054.95,2.42,0.12%,2045.41,2056.63,74444352,6317739.0,-
2014-06-12,2051.58,2051.71,-3.24,-0.16%,2045.96,2057.1,81711184,6930642.5,-
2014-06-13,2049.21,2070.72,19.0,0.93%,2048.62,2073.6,97174808,8254697.5,-
2014-06-16,2070.7,2085.98,15.27,0.74%,2069.44,2087.32,95939768,7995307.5,-
2014-06-17,2080.48,2066.7,-19.28,-0.92%,2064.67,2080.48,87800480,7092326.5,-
2014-06-18,2064.38,2055.52,-11.18,-0.54%,2051.75,2066.91,87245352,7047293.5,-
2014-06-19,2054.62,2023.73,-31.78,-1.55%,2017.65,2059.25,92914280,7462895.0,-
2014-06-20,2013.41,2026.67,2.94,0.15%,2010.53,2027.15,67167248,5322427.0,-
2014-06-23,2026.23,2024.36,-2.31,-0.11%,2022.92,2033.32,70485160,5777273.0,-
2014-06-24,2023.7,2033.93,9.57,0.47%,2021.75,2034.71,71214632,6168491.0,-
2014-06-25,2030.43,2025.5,-8.43,-0.41%,2018.36,2030.62,67539608,5598913.5,-
2014-06-26,2025.66,2038.68,13.18,0.65%,2025.31,2040.75,80955776,6653427.5,-
2014-06-27,2031.91,2036.51,-2.17,-0.11%,2025.07,2043.98,97592016,7671058.5,-
2014-06-30,2038.61,2048.33,11.92,0.59%,2038.53,2052.34,96666592,8001116.5,-
2014-07-01,2051.23,2050.38,2.05,0.10%,2041.94,2052.64,98457408,8349976.0,-
2014-07-02,2049.49,2059.42,9.04,0.44%,2044.04,2060.59,109553912,8930498.0,-
2014-07-03,2051.63,2063.23,3.81,0.19%,2048.08,2066.64,122926584,9618247.0,-
2014-07-04,2062.36,2059.38,-3.85,-0.19%,2054.22,2065.08,105008792,8359643.5,-
2014-07-07,2058.13,2059.93,0.55,0.03%,2050.89,2064.04,97168752,8147131.5,-
2014-07-08,2058.13,2064.02,4.09,0.20%,2047.2,2064.43,95053392,8158444.5,-
2014-07-09,2061.64,2038.61,-25.41,-1.23%,2037.6,2062.47,113305848,9718349.0,-
2014-07-10,2036.54,2038.34,-0.27,-0.01%,2034.96,2045.53,97943816,8474863.0,-
2014-07-11,2033.87,2046.96,8.62,0.42%,2033.0,2051.74,105088080,8625372.0,-
2014-07-14,2047.74,2066.65,19.68,0.96%,2044.9,2067.34,115119736,9635702.0,-
2014-07-15,2065.9,2070.36,3.71,0.18%,2059.68,2070.36,124488768,10289391.0,-
2014-07-16,2068.34,2067.28,-3.08,-0.15%,2061.57,2075.49,137128016,10202980.0,-
2014-07-17,2062.89,2055.59,-11.68,-0.57%,2046.19,2062.89,104491816,7910627.5,-
2014-07-18,2047.5,2059.07,3.48,0.17%,2046.0,2067.23,106641088,8251026.5,-
2014-07-21,2057.77,2054.48,-4.59,-0.22%,2049.18,2061.82,93857872,7570618.0,-
2014-07-22,2050.5,2075.48,21.0,1.02%,2049.81,2078.08,123191872,9870243.0,-
2014-07-23,2074.2,2078.49,3.01,0.14%,2072.23,2088.19,137292208,10670213.0,-
2014-07-24,2079.63,2105.06,26.57,1.28%,2079.63,2107.95,165676992,12867799.0,-
2014-07-25,2108.71,2126.61,21.55,1.02%,2106.71,2127.22,142495824,11141158.0,-
2014-07-28,2135.25,2177.95,51.33,2.41%,2135.25,2181.5,236185744,18041444.0,-
2014-07-29,2179.83,2183.19,5.24,0.24%,2172.1,2193.52,200264256,15928250.0,-
2014-07-30,2178.18,2181.24,-1.95,-0.09%,2177.24,2194.57,184922192,14956655.0,-
2014-07-31,2179.54,2201.56,20.32,0.93%,2173.9,2202.13,164691648,13243845.0,-
2014-08-01,2194.17,2185.3,-16.26,-0.74%,2184.64,2218.79,191475040,15188402.0,-
2014-08-04,2190.04,2223.33,38.03,1.74%,2186.92,2224.07,174097408,14008882.0,-
2014-08-05,2224.63,2219.95,-3.39,-0.15%,2206.85,2226.84,175386992,14147453.0,-
2014-08-06,2212.0,2217.47,-2.48,-0.11%,2192.99,2223.89,177711696,14036286.0,-
2014-08-07,2216.66,2187.67,-29.8,-1.34%,2185.76,2220.57,175233264,13730647.0,-
2014-08-08,2188.71,2194.43,6.76,0.31%,2180.6,2199.58,135181440,10972899.0,-
2014-08-11,2199.43,2224.65,30.23,1.38%,2198.31,2225.96,150583424,12609684.0,-
2014-08-12,2222.7,2221.59,-3.06,-0.14%,2210.0,2222.98,154799040,13239398.0,-
2014-08-13,2223.05,2222.88,1.28,0.06%,2202.44,2230.99,178062800,14649079.0,-
2014-08-14,2221.54,2206.47,-16.41,-0.74%,2204.38,2230.89,170149120,14170666.0,-
2014-08-15,2207.23,2226.73,20.27,0.92%,2203.24,2230.87,149978688,12940691.0,-
2014-08-18,2229.8,2239.47,12.73,0.57%,2228.13,2242.03,163928624,14149285.0,-
2014-08-19,2242.34,2245.33,5.86,0.26%,2227.93,2246.02,177744592,15544548.0,-
2014-08-20,2241.66,2240.21,-5.12,-0.23%,2233.89,2248.94,167658384,13962805.0,-
2014-08-21,2239.57,2230.46,-9.75,-0.44%,2211.63,2240.08,165733504,14087963.0,-
2014-08-22,2228.97,2240.81,10.35,0.46%,2225.27,2243.3,160111664,14035303.0,-
2014-08-25,2241.1,2229.27,-11.54,-0.51%,2222.01,2241.55,162119584,13445023.0,-
2014-08-26,2225.29,2207.11,-22.17,-0.99%,2200.62,2232.78,163507424,13412307.0,-
2014-08-27,2207.03,2209.47,2.36,0.11%,2204.05,2216.67,120885880,10409041.0,-
2014-08-28,2210.48,2195.82,-13.65,-0.62%,2194.86,2219.47,124229016,10926662.0,-
2014-08-29,2198.95,2217.2,21.38,0.97%,2193.26,2218.7,105202496,9304388.0,-
2014-09-01,2220.13,2235.51,18.31,0.83%,2217.69,2236.29,129166584,11721590.0,-
2014-09-02,2239.68,2266.05,30.54,1.37%,2234.38,2267.51,192124864,17093178.0,-
2014-09-03,2268.4,2288.63,22.58,1.00%,2268.1,2290.55,212478992,18755838.0,-
2014-09-04,2290.03,2306.86,18.24,0.80%,2283.28,2307.7,199489984,17938590.0,-
2014-09-05,2311.3,2326.43,19.57,0.85%,2307.45,2327.56,213181904,18583982.0,-
2014-09-09,2328.43,2326.53,0.1,0.00%,2315.89,2331.92,196990320,17290850.0,-
2014-09-10,2318.5,2318.3,-8.22,-0.35%,2306.42,2321.91,189828992,16345452.0,-
2014-09-11,2315.73,2311.68,-6.63,-0.29%,2304.6,2343.59,222221808,19723266.0,-
2014-09-12,2308.35,2331.95,20.27,0.88%,2302.77,2331.95,193471552,16210290.0,-
2014-09-15,2330.19,2339.14,7.19,0.31%,2321.59,2340.45,215112416,18539362.0,-
2014-09-16,2341.03,2296.55,-42.58,-1.82%,2293.87,2347.94,302694112,23765924.0,-
2014-09-17,2298.98,2307.89,11.34,0.49%,2282.79,2309.05,210842464,15912178.0,-
2014-09-18,2303.85,2315.93,8.04,0.35%,2297.93,2319.88,189089056,14451853.0,-
2014-09-19,2312.98,2329.45,13.52,0.58%,2305.52,2331.56,174648480,14434545.0,-
2014-09-22,2323.55,2289.87,-39.58,-1.70%,2284.38,2323.55,175842352,14784174.0,-
2014-09-23,2289.09,2309.72,19.85,0.87%,2289.02,2311.52,156855168,13539686.0,-
2014-09-24,2302.23,2343.57,33.86,1.47%,2297.88,2345.75,222525728,18569066.0,-
2014-09-25,2352.86,2345.1,1.53,0.07%,2336.8,2365.15,225688336,18926038.0,-
2014-09-26,2339.29,2347.72,2.62,0.11%,2329.96,2350.11,174748288,14822081.0,-
2014-09-29,2353.71,2357.71,9.99,0.43%,2346.58,2363.06,200111024,17113088.0,-
2014-09-30,2361.32,2363.87,6.16,0.26%,2354.27,2365.49,193918688,16693343.0,-
2014-10-08,2368.58,2382.79,18.92,0.80%,2354.29,2382.79,204397328,18033758.0,-
2014-10-09,2383.86,2389.37,6.58,0.28%,2367.11,2391.35,235920016,20027176.0,-
2014-10-10,2380.75,2374.54,-14.83,-0.62%,2365.07,2386.28,224671136,19224824.0,-
2014-10-13,2366.43,2366.01,-8.53,-0.36%,2341.12,2366.86,200899312,17542508.0,-
2014-10-14,2362.8,2359.48,-6.53,-0.28%,2349.19,2380.51,196831424,17016008.0,-
2014-10-15,2358.23,2373.67,14.2,0.60%,2344.37,2374.81,202804928,17176674.0,-
2014-10-16,2361.13,2356.5,-17.17,-0.72%,2353.41,2389.68,248201168,20380588.0,-
2014-10-17,2352.78,2341.18,-15.32,-0.65%,2312.83,2360.6,212300960,17943316.0,-
2014-10-20,2346.05,2356.73,15.54,0.66%,2340.46,2357.51,160022304,14182026.0,-
2014-10-21,2355.03,2339.66,-17.07,-0.72%,2337.55,2361.65,168828288,14678632.0,-
2014-10-22,2339.22,2326.55,-13.1,-0.56%,2324.59,2352.12,152698432,13852454.0,-
2014-10-23,2322.32,2302.42,-24.14,-1.04%,2297.33,2329.93,162636304,14059651.0,-
2014-10-24,2303.08,2302.28,-0.14,-0.01%,2296.66,2314.88,132225280,11433070.0,-
2014-10-27,2293.57,2290.44,-11.84,-0.51%,2279.84,2293.64,130261568,11337998.0,-
2014-10-28,2294.01,2337.87,47.43,2.07%,2294.01,2338.28,178590352,15814795.0,-
2014-10-29,2343.72,2373.03,35.16,1.50%,2339.71,2381.64,265588688,22506708.0,-
2014-10-30,2371.89,2391.08,18.05,0.76%,2365.92,2397.26,294645952,22661118.0,-
2014-10-31,2393.18,2420.18,29.1,1.22%,2384.48,2423.6,325763520,24991544.0,-
2014-11-03,2425.23,2430.03,9.85,0.41%,2418.17,2436.78,298821248,22719658.0,-
2014-11-04,2428.27,2430.68,0.64,0.03%,2417.22,2435.22,309013024,22650388.0,-
2014-11-05,2432.17,2419.25,-11.42,-0.47%,2415.5,2434.36,263606656,20185942.0,-
2014-11-06,2419.62,2425.86,6.61,0.27%,2401.75,2426.89,222005088,17964436.0,-
2014-11-07,2427.9,2418.17,-7.69,-0.32%,2407.44,2454.42,291172256,24415756.0,-
2014-11-10,2436.63,2473.67,55.5,2.30%,2428.19,2474.16,300628192,24523368.0,-
2014-11-11,2483.65,2469.67,-4.0,-0.16%,2445.96,2508.62,411904096,33125738.0,-
2014-11-12,2454.6,2494.48,24.8,1.00%,2444.81,2494.92,252933856,21573862.0,-
2014-11-13,2495.0,2485.61,-8.87,-0.36%,2471.41,2507.74,295037056,25831192.0,-
2014-11-14,2477.97,2478.82,-6.78,-0.27%,2457.04,2481.02,220607616,19192500.0,-
2014-11-17,2506.86,2474.01,-4.82,-0.19%,2472.45,2508.77,215687808,19926492.0,-
2014-11-18,2474.18,2456.37,-17.64,-0.71%,2449.81,2477.05,201062560,17465948.0,-
2014-11-19,2452.15,2450.99,-5.38,-0.22%,2442.71,2461.49,186235776,16706937.0,-
2014-11-20,2443.28,2452.66,1.67,0.07%,2437.48,2458.32,165495216,15079991.0,-
2014-11-21,2452.64,2486.79,34.13,1.39%,2446.65,2488.2,212239776,19780980.0,-
2014-11-24,2505.53,2532.88,46.09,1.85%,2495.52,2546.75,363485824,33029142.0,-
2014-11-25,2532.0,2567.6,34.72,1.37%,2527.08,2568.38,314315584,28216878.0,-
2014-11-26,2572.65,2604.34,36.75,1.43%,2570.4,2605.07,337127232,31652126.0,-
2014-11-27,2615.37,2630.49,26.14,1.00%,2599.11,2631.4,364075712,33896084.0,-
2014-11-28,2629.63,2682.83,52.35,1.99%,2622.06,2683.18,465880032,40195116.0,-
2014-12-01,2691.73,2680.16,-2.68,-0.10%,2668.84,2720.74,446791712,40112020.0,-
2014-12-02,2667.82,2763.54,83.39,3.11%,2665.69,2777.37,437733376,39723892.0,-
2014-12-03,2768.68,2779.52,15.98,0.58%,2733.87,2824.18,562120320,52977744.0,-
2014-12-04,2783.47,2899.46,119.93,4.31%,2772.43,2900.51,532687712,50921860.0,-
2014-12-05,2926.57,2937.65,38.19,1.32%,2813.05,2978.03,640500288,63919104.0,-
2014-12-08,2907.81,3020.26,82.61,2.81%,2879.85,3041.66,587570880,59347804.0,-
2014-12-09,2992.49,2856.27,-163.99,-5.43%,2834.59,3091.32,771998336,79336128.0,-
2014-12-10,2855.94,2940.01,83.74,2.93%,2807.68,2946.71,512886912,53498996.0,-
2014-12-11,2912.35,2925.74,-14.26,-0.49%,2892.61,2965.68,482632736,47980144.0,-
2014-12-12,2929.36,2938.17,12.43,0.42%,2914.96,2962.51,409480800,42041028.0,-
2014-12-15,2921.45,2953.42,15.25,0.52%,2890.9,2960.23,400371712,41148716.0,-
2014-12-16,2953.81,3021.52,68.1,2.31%,2943.91,3021.9,453842752,49271620.0,-
2014-12-17,3031.95,3061.02,39.5,1.31%,2993.33,3076.6,542503168,58033860.0,-
2014-12-18,3062.8,3057.52,-3.5,-0.11%,3030.32,3089.79,435904960,46652452.0,-
2014-12-19,3053.07,3108.6,51.08,1.67%,3018.42,3117.53,521073504,51558028.0,-
2014-12-22,3129.27,3127.45,18.85,0.61%,3090.51,3189.87,679371904,62448148.0,-
2014-12-23,3085.08,3032.61,-94.83,-3.03%,3025.67,3136.84,437762432,41946768.0,-
2014-12-24,3039.21,2972.53,-60.08,-1.98%,2934.91,3050.51,376805248,37872676.0,-
2014-12-25,2992.46,3072.54,100.0,3.36%,2969.87,3073.34,376947808,37901768.0,-
2014-12-26,3078.0,3157.6,85.07,2.77%,3064.18,3164.16,460700928,48891512.0,-
2014-12-29,3212.56,3168.02,10.41,0.33%,3126.94,3223.86,510111456,55590432.0,-
2014-12-30,3160.8,3165.81,-2.2,-0.07%,3130.35,3190.3,397725312,43726328.0,-
2014-12-31,3172.6,3234.68,68.86,2.18%,3157.26,3239.36,405998496,43231984.0,-
2015-01-05,3258.63,3350.52,115.84,3.58%,3253.88,3369.28,531352384,54976008.0,-
2015-01-06,3330.8,3351.45,0.93,0.03%,3303.18,3394.22,501661696,53239848.0,-
2015-01-07,3326.65,3373.95,22.51,0.67%,3312.21,3374.9,391918880,43641672.0,-
2015-01-08,3371.96,3293.46,-80.5,-2.39%,3285.09,3381.57,371131200,39923032.0,-
2015-01-09,3276.97,3285.41,-8.04,-0.24%,3267.51,3404.83,410240864,45864804.0,-
2015-01-12,3258.21,3229.32,-56.1,-1.71%,3191.58,3275.19,322064672,36627308.0,-
2015-01-13,3223.54,3235.3,5.98,0.19%,3214.41,3259.39,230725760,27358878.0,-
2015-01-14,3242.34,3222.44,-12.86,-0.40%,3193.98,3268.48,240190752,26720452.0,-
2015-01-15,3224.07,3336.46,114.02,3.54%,3207.54,3337.08,282546240,33061054.0,-
2015-01-16,3343.6,3376.5,40.04,1.20%,3340.49,3400.32,339876768,39225388.0,-
2015-01-19,3189.73,3116.35,-260.14,-7.70%,3095.07,3262.21,401098784,40988600.0,-
2015-01-20,3114.56,3173.05,56.7,1.82%,3100.48,3190.25,357080800,41629524.0,-
2015-01-21,3189.08,3323.61,150.56,4.74%,3178.34,3337.0,410956032,47375868.0,-
2015-01-22,3327.32,3343.34,19.73,0.59%,3293.98,3352.38,353382976,40787408.0,-
2015-01-23,3357.1,3351.76,8.42,0.25%,3328.29,3406.79,366249248,42097952.0,-
2015-01-26,3347.26,3383.18,31.42,0.94%,3321.31,3384.8,317540992,35842744.0,-
2015-01-27,3389.85,3352.96,-30.22,-0.89%,3290.22,3390.22,374517568,41829884.0,-
2015-01-28,3325.72,3305.74,-47.22,-1.41%,3294.66,3354.8,301927104,34156428.0,-
2015-01-29,3259.0,3262.3,-43.43,-1.31%,3234.24,3286.79,274658624,29642450.0,-
2015-01-30,3273.75,3210.36,-51.94,-1.59%,3210.31,3288.5,258312544,28426564.0,-
2015-02-02,3148.14,3128.3,-82.06,-2.56%,3122.57,3175.13,250861632,26684996.0,-
2015-02-03,3156.09,3204.91,76.61,2.45%,3129.73,3207.94,248192160,28335594.0,-
2015-02-04,3212.82,3174.13,-30.78,-0.96%,3171.14,3238.98,249098080,29015516.0,-
2015-02-05,3251.21,3136.53,-37.6,-1.18%,3135.82,3251.21,306139296,34826696.0,-
2015-02-06,3120.09,3075.91,-60.62,-1.93%,3052.94,3129.54,246749680,26650278.0,-
2015-02-09,3063.51,3095.12,19.22,0.62%,3049.11,3119.03,206108384,24071968.0,-
2015-02-10,3090.49,3141.59,46.47,1.50%,3084.25,3142.1,193817136,22508492.0,-
2015-02-11,3145.76,3157.7,16.11,0.51%,3139.05,3166.42,172840096,21086256.0,-
2015-02-12,3157.96,3173.42,15.71,0.50%,3134.24,3181.77,194592320,22969158.0,-
2015-02-13,3186.81,3203.83,30.41,0.96%,3182.79,3237.16,261290432,29301768.0,-
2015-02-16,3206.14,3222.36,18.54,0.58%,3195.88,3228.85,223797440,26595070.0,-
2015-02-17,3230.88,3246.91,24.54,0.76%,3230.77,3255.73,228332624,26334004.0,-
2015-02-25,3256.48,3228.84,-18.06,-0.56%,3215.55,3257.22,233348096,26514336.0,-
2015-02-26,3222.15,3298.36,69.52,2.15%,3202.19,3300.62,301263872,33434746.0,-
2015-02-27,3296.83,3310.3,11.94,0.36%,3291.01,3324.55,299163712,33501958.0,-
2015-03-02,3332.72,3336.28,25.98,0.78%,3298.67,3336.76,346445664,41025956.0,-
2015-03-03,3317.7,3263.05,-73.23,-2.20%,3260.43,3317.7,382044608,44159348.0,-
2015-03-04,3264.18,3279.53,16.48,0.51%,3250.48,3286.59,293639520,34678976.0,-
2015-03-05,3264.08,3248.48,-31.06,-0.95%,3221.67,3266.64,320663584,37358000.0,-
2015-03-06,3248.04,3241.19,-7.29,-0.22%,3234.53,3266.93,282915808,32834414.0,-
2015-03-09,3224.31,3302.41,61.22,1.89%,3198.37,3307.7,321495456,35992752.0,-
2015-03-10,3289.08,3286.07,-16.34,-0.49%,3277.09,3309.92,285817568,32995596.0,-
2015-03-11,3289.59,3290.9,4.83,0.15%,3278.47,3325.05,282985536,32757308.0,-
2015-03-12,3314.81,3349.32,58.42,1.78%,3300.49,3360.05,357295104,40719240.0,-
2015-03-13,3359.49,3372.91,23.59,0.70%,3352.15,3391.25,328410144,37404140.0,-
2015-03-16,3391.16,3449.3,76.39,2.26%,3377.09,3449.3,399132416,47935532.0,-
2015-03-17,3469.6,3502.85,53.54,1.55%,3459.69,3504.12,520939520,60150068.0,-
2015-03-18,3510.5,3577.3,74.45,2.13%,3503.85,3577.66,545217152,61736700.0,-
2015-03-19,3576.02,3582.27,4.97,0.14%,3546.84,3600.68,537346624,61224968.0,-
2015-03-20,3587.08,3617.32,35.05,0.98%,3569.38,3632.34,516661664,65177196.0,-
2015-03-23,3640.1,3687.73,70.41,1.95%,3635.49,3688.25,536062816,66157464.0,-
2015-03-24,3692.57,3691.41,3.68,0.10%,3600.7,3715.87,639554688,75488472.0,-
2015-03-25,3680.95,3660.73,-30.68,-0.83%,3634.56,3693.15,521886336,64549892.0,-
2015-03-26,3641.94,3682.09,21.37,0.58%,3615.01,3707.32,488647200,61951560.0,-
2015-03-27,3686.13,3691.1,9.0,0.24%,3656.83,3710.48,408945184,50929848.0,-
2015-03-30,3710.61,3786.57,95.47,2.59%,3710.61,3795.94,564702400,69212536.0,-
2015-03-31,3822.99,3747.9,-38.67,-1.02%,3737.04,3835.57,561676032,72129488.0,-
2015-04-01,3748.34,3810.29,62.4,1.66%,3742.21,3817.08,447458304,59241832.0,-
2015-04-02,3827.69,3825.78,15.49,0.41%,3775.89,3835.45,479299680,63202892.0,-
2015-04-03,3803.38,3863.93,38.14,1.00%,3792.21,3864.41,473033312,63565136.0,-
2015-04-07,3899.42,3961.38,97.45,2.52%,3891.73,3961.67,570447552,74642400.0,-
2015-04-08,3976.53,3994.81,33.43,0.84%,3903.65,4000.22,618085440,83915928.0,-
2015-04-09,4006.13,3957.53,-37.28,-0.93%,3900.03,4016.4,585176832,81671088.0,-
2015-04-10,3947.49,4034.31,76.78,1.94%,3929.32,4040.35,484283648,66850416.0,-
2015-04-13,4072.72,4121.71,87.4,2.17%,4057.29,4128.07,589814208,78166736.0,-
2015-04-14,4125.78,4135.56,13.85,0.34%,4091.26,4168.35,610683520,81464520.0,-
2015-04-15,4135.65,4084.16,-51.4,-1.24%,4069.01,4175.49,613005824,77312592.0,-
2015-04-16,4055.92,4194.82,110.66,2.71%,4031.24,4195.31,551242944,71208248.0,-
2015-04-17,4254.72,4287.3,92.47,2.20%,4238.91,4317.22,701706240,91563304.0,-
2015-04-20,4301.35,4217.08,-70.22,-1.64%,4190.68,4356.0,857132800,100000000.0,-
2015-04-21,4212.19,4293.62,76.55,1.82%,4188.57,4294.38,634470656,86244776.0,-
2015-04-22,4304.6,4398.49,104.87,2.44%,4297.95,4400.19,680305088,97687696.0,-
2015-04-23,4414.48,4414.51,16.01,0.36%,4358.84,4444.41,667344640,96302488.0,-
2015-04-24,4355.95,4393.69,-20.82,-0.47%,4318.12,4416.38,628555008,91687296.0,-
2015-04-27,4441.93,4527.4,133.71,3.04%,4441.93,4529.73,671088512,97524208.0,-
2015-04-28,4527.63,4476.21,-51.18,-1.13%,4432.9,4572.39,767676416,106117216.0,-
2015-04-29,4446.12,4476.62,0.4,0.01%,4398.64,4499.94,519834208,75240176.0,-
2015-04-30,4483.01,4441.65,-34.96,-0.78%,4441.05,4507.34,526728000,77434920.0,-
2015-05-04,4441.34,4480.46,38.81,0.87%,4387.43,4487.57,494173376,71754080.0,-
2015-05-05,4479.85,4298.71,-181.76,-4.06%,4282.24,4488.87,572858624,80556608.0,-
2015-05-06,4311.64,4229.27,-69.44,-1.62%,4187.37,4376.35,481732992,71653624.0,-
2015-05-07,4197.9,4112.21,-117.05,-2.77%,4108.01,4213.76,394566656,54020632.0,-
2015-05-08,4152.98,4205.92,93.7,2.28%,4099.04,4206.86,397428096,55964868.0,-
2015-05-11,4231.27,4333.58,127.67,3.04%,4187.82,4334.88,488750528,71524664.0,-
2015-05-12,4342.37,4401.22,67.64,1.56%,4317.98,4402.31,521866400,79346376.0,-
2015-05-13,4402.38,4375.76,-25.46,-0.58%,4342.48,4415.63,510490464,78075496.0,-
2015-05-14,4372.82,4378.31,2.55,0.06%,4329.04,4397.75,449077952,66988224.0,-
2015-05-15,4366.82,4308.69,-69.62,-1.59%,4278.55,4366.82,439706208,66596564.0,-
2015-05-18,4277.9,4283.49,-25.2,-0.58%,4260.51,4324.83,380057440,59455952.0,-
2015-05-19,4285.78,4417.55,134.06,3.13%,4285.78,4418.4,436735232,69381256.0,-
2015-05-20,4434.98,4446.29,28.74,0.65%,4432.28,4520.54,514106208,80608056.0,-
2015-05-21,4456.44,4529.42,83.13,1.87%,4438.26,4530.48,464996512,72908056.0,-
2015-05-22,4584.98,4657.6,128.17,2.83%,4562.99,4658.27,655591296,100000000.0,-
2015-05-25,4660.08,4813.8,156.2,3.35%,4656.83,4814.67,682461376,107929560.0,-
2015-05-26,4854.85,4910.9,97.1,2.02%,4779.08,4911.69,704892864,113850936.0,-
2015-05-27,4932.85,4941.71,30.82,0.63%,4857.06,4958.16,681165376,111626184.0,-
2015-05-28,4943.74,4620.27,-321.45,-6.50%,4614.24,4986.5,782964544,100000000.0,-
2015-05-29,4603.46,4611.74,-8.52,-0.18%,4431.56,4698.19,611262400,95536560.0,-
2015-06-01,4633.1,4828.74,216.99,4.71%,4615.23,4829.5,593389056,93445544.0,-
2015-06-02,4844.7,4910.53,81.79,1.69%,4797.55,4911.57,623748096,99874576.0,-
2015-06-03,4924.38,4909.98,-0.55,-0.01%,4822.44,4942.06,611453824,101018000.0,-
2015-06-04,4912.94,4947.1,37.12,0.76%,4647.41,4947.96,674952384,105227024.0,-
2015-06-05,5016.09,5023.1,75.99,1.54%,4898.07,5051.63,772240832,123230064.0,-
2015-06-08,5045.69,5131.88,108.78,2.17%,4997.48,5146.95,855035072,130992456.0,-
2015-06-09,5145.98,5113.53,-18.35,-0.36%,5042.96,5147.45,729893824,115080864.0,-
2015-06-10,5049.2,5106.04,-7.5,-0.15%,5001.49,5164.16,596969024,100642824.0,-
2015-06-11,5101.44,5121.59,15.56,0.30%,5050.77,5122.46,563990528,97467056.0,-
2015-06-12,5143.34,5166.35,44.76,0.87%,5103.4,5178.19,625627904,106016744.0,-
2015-06-15,5174.42,5062.99,-103.36,-2.00%,5048.74,5176.79,637803968,106499200.0,-
2015-06-16,5004.41,4887.43,-175.56,-3.47%,4842.1,5029.68,550801408,89542056.0,-
2015-06-17,4890.55,4967.9,80.47,1.65%,4767.22,4983.66,537101120,83026672.0,-
2015-06-18,4942.52,4785.36,-182.54,-3.67%,4780.87,4966.77,507440896,78584504.0,-
2015-06-19,4689.93,4478.36,-306.99,-6.42%,4476.5,4744.08,452689632,68545816.0,-
2015-06-23,4471.61,4576.49,98.13,2.19%,4264.77,4577.94,473526112,69361720.0,-
2015-06-24,4604.58,4690.15,113.66,2.48%,4552.13,4691.77,543003712,81506272.0,-
2015-06-25,4711.76,4527.78,-162.37,-3.46%,4483.55,4720.7,572797568,86537976.0,-
2015-06-26,4399.93,4192.87,-334.91,-7.40%,4139.53,4456.9,565217920,78783568.0,-
2015-06-29,4289.77,4053.03,-139.84,-3.34%,3875.05,4297.48,673786368,90427136.0,-
2015-06-30,4006.75,4277.22,224.19,5.53%,3847.88,4279.97,709176576,94152464.0,-
2015-07-01,4214.15,4053.7,-223.52,-5.23%,4043.37,4317.05,598769408,83807088.0,-
2015-07-02,4058.62,3912.77,-140.93,-3.48%,3795.25,4080.39,586015616,73600680.0,-
2015-07-03,3793.71,3686.92,-225.85,-5.77%,3629.56,3927.13,548163072,64805412.0,-
2015-07-06,3975.21,3775.91,89.0,2.41%,3653.04,3975.21,831139264,94342040.0,-
2015-07-07,3654.78,3727.12,-48.79,-1.29%,3585.4,3750.57,698818752,77607256.0,-
2015-07-08,3467.4,3507.19,-219.93,-5.90%,3421.52,3599.25,680356928,70024832.0,-
2015-07-09,3432.45,3709.33,202.14,5.76%,3373.54,3748.48,656914624,67331096.0,-
2015-07-10,3707.46,3877.8,168.47,4.54%,3677.44,3959.22,586364288,68043416.0,-
2015-07-13,3918.99,3970.39,92.58,2.39%,3858.64,4030.2,643489024,78243056.0,-
2015-07-14,3958.37,3924.49,-45.9,-1.16%,3855.56,4035.44,670558784,83007464.0,-
2015-07-15,3874.97,3805.7,-118.78,-3.03%,3741.25,3914.27,601301312,70053656.0,-
2015-07-16,3758.5,3823.18,17.47,0.46%,3688.44,3877.51,492256224,56985892.0,-
2015-07-17,3831.42,3957.35,134.18,3.51%,3814.15,3994.48,481726272,59306700.0,-
2015-07-20,3948.42,3992.11,34.76,0.88%,3927.12,4021.33,539106688,68825560.0,-
2015-07-21,3939.9,4017.68,25.56,0.64%,3912.8,4041.82,504288000,64641684.0,-
2015-07-22,3996.43,4026.04,8.37,0.21%,3960.86,4042.34,520732224,67883192.0,-
2015-07-23,4022.27,4123.92,97.88,2.43%,4019.04,4132.61,563585984,74353184.0,-
2015-07-24,4124.75,4070.91,-53.02,-1.29%,4044.83,4184.45,627424896,84302208.0,-
2015-07-27,3985.57,3725.56,-345.35,-8.48%,3720.44,4051.16,556003264,72129808.0,-
2015-07-28,3573.14,3663.0,-62.56,-1.68%,3537.36,3762.53,563330048,68505752.0,-
2015-07-29,3689.82,3789.17,126.17,3.44%,3612.06,3792.07,434352096,55749196.0,-
2015-07-30,3773.79,3705.77,-83.4,-2.20%,3685.96,3844.37,457943232,61597792.0,-
2015-07-31,3655.67,3663.73,-42.04,-1.13%,3620.17,3729.51,350955712,46047224.0,-
2015-08-03,3614.99,3622.91,-40.82,-1.11%,3549.5,3648.94,363968704,44599160.0,-
2015-08-04,3621.85,3756.54,133.64,3.69%,3601.29,3757.03,362901664,46403624.0,-
2015-08-05,3745.65,3694.57,-61.97,-1.65%,3676.39,3782.35,366423008,48385028.0,-
2015-08-06,3625.5,3661.54,-33.03,-0.89%,3614.74,3710.57,274074656,35751512.0,-
2015-08-07,3692.61,3744.21,82.67,2.26%,3686.3,3756.74,340757184,44548504.0,-
2015-08-10,3786.03,3928.42,184.21,4.92%,3775.85,3943.62,497304320,65262204.0,-
2015-08-11,3928.81,3927.91,-0.51,-0.01%,3891.18,3970.34,538923456,71228992.0,-
2015-08-12,3881.23,3886.32,-41.59,-1.06%,3871.14,3937.77,442688256,59705028.0,-
2015-08-13,3869.91,3954.56,68.24,1.76%,3838.16,3955.79,430073280,57868552.0,-
2015-08-14,3976.41,3965.33,10.78,0.27%,3939.83,4000.68,467988224,64746644.0,-
2015-08-17,3947.84,3993.67,28.33,0.71%,3907.4,3994.54,460432064,62632768.0,-
2015-08-18,3999.13,3748.16,-245.5,-6.15%,3743.39,4006.34,543770816,72246720.0,-
2015-08-19,3646.8,3794.11,45.94,1.23%,3558.38,3811.43,475396224,59951332.0,-
2015-08-20,3754.57,3664.29,-129.82,-3.42%,3663.61,3788.0,390063072,50119500.0,-
2015-08-21,3609.96,3507.74,-156.55,-4.27%,3490.54,3652.84,369920480,45061648.0,-
2015-08-24,3373.48,3209.91,-297.84,-8.49%,3191.88,3388.36,334671776,35881888.0,-
2015-08-25,3004.13,2964.97,-244.94,-7.63%,2947.94,3123.03,352325088,35873576.0,-
2015-08-26,2980.79,2927.29,-37.68,-1.27%,2850.71,3092.04,466699680,46178896.0,-
2015-08-27,2978.03,3083.59,156.3,5.34%,2906.49,3085.42,400308384,40428928.0,-
2015-08-28,3125.26,3232.35,148.76,4.82%,3102.95,3235.84,443136928,47463100.0,-
2015-08-31,3203.56,3205.99,-26.36,-0.82%,3109.16,3207.86,397431392,43106860.0,-
2015-09-01,3157.83,3166.62,-39.36,-1.23%,3053.74,3180.33,432432448,42041164.0,-
2015-09-02,3027.68,3160.17,-6.46,-0.20%,3019.09,3194.49,438170176,42326236.0,-
2015-09-07,3149.38,3080.42,-79.75,-2.52%,3066.3,3217.58,296468096,30268972.0,-
2015-09-08,3054.44,3170.45,90.03,2.92%,3011.12,3174.71,255415456,26391038.0,-
2015-09-09,3182.55,3243.09,72.64,2.29%,3165.7,3256.74,375328000,41299144.0,-
2015-09-10,3190.55,3197.89,-45.2,-1.39%,3178.9,3243.28,273261760,29958108.0,-
2015-09-11,3189.48,3200.23,2.34,0.07%,3163.45,3223.76,224557808,25276946.0,-
2015-09-14,3221.17,3114.8,-85.44,-2.67%,3049.23,3229.48,346631168,37357680.0,-
2015-09-15,3043.8,3005.17,-109.63,-3.52%,2983.92,3081.7,249194448,24390460.0,-
2015-09-16,2998.04,3152.26,147.09,4.89%,2983.53,3182.93,277524512,28199226.0,-
2015-09-17,3131.98,3086.06,-66.2,-2.10%,3085.31,3204.7,317602912,33739328.0,-
2015-09-18,3100.28,3097.92,11.86,0.38%,3070.34,3122.05,209175392,21844244.0,-
2015-09-21,3072.09,3156.54,58.62,1.89%,3060.86,3159.88,239897360,25979668.0,-
2015-09-22,3161.32,3185.62,29.08,0.92%,3152.48,3213.48,274786176,30507132.0,-
2015-09-23,3137.72,3115.89,-69.73,-2.19%,3104.74,3164.04,236322672,25756004.0,-
2015-09-24,3126.49,3142.69,26.8,0.86%,3109.69,3151.17,212887712,23136904.0,-
2015-09-25,3130.85,3092.35,-50.34,-1.60%,3063.0,3149.95,236263872,24897112.0,-
2015-09-28,3085.57,3100.76,8.41,0.27%,3042.31,3103.07,156727536,16642240.0,-
2015-09-29,3055.22,3038.14,-62.62,-2.02%,3021.16,3068.3,163222672,16968660.0,-
2015-09-30,3052.84,3052.78,14.64,0.48%,3039.74,3073.3,146642448,15656919.0,-
2015-10-08,3156.07,3143.36,90.58,2.97%,3133.13,3172.28,234276048,25883034.0,-
2015-10-09,3146.64,3183.15,39.8,1.27%,3137.79,3192.72,234851456,25637910.0,-
2015-10-12,3193.54,3287.66,104.51,3.28%,3188.41,3318.71,386294688,43554100.0,-
2015-10-13,3262.16,3293.23,5.57,0.17%,3253.25,3298.63,297153120,33480608.0,-
2015-10-14,3280.02,3262.44,-30.79,-0.93%,3256.25,3307.31,295077760,33027752.0,-
2015-10-15,3255.03,3338.07,75.63,2.32%,3254.39,3338.3,316283840,36256556.0,-
2015-10-16,3358.3,3391.35,53.28,1.60%,3334.85,3393.02,395460576,45944784.0,-
2015-10-19,3401.63,3386.7,-4.65,-0.14%,3355.57,3423.4,378112160,45330364.0,-
2015-10-20,3377.55,3425.33,38.63,1.14%,3357.86,3425.52,318973760,38358252.0,-
2015-10-21,3428.56,3320.68,-104.65,-3.06%,3265.44,3447.26,458455424,51850924.0,-
2015-10-22,3292.29,3368.74,48.06,1.45%,3282.99,3373.78,323739328,37545200.0,-
2015-10-23,3377.55,3412.43,43.7,1.30%,3360.22,3422.02,347372864,42526308.0,-
2015-10-26,3448.65,3429.58,17.15,0.50%,3402.0,3457.52,365560864,45394252.0,-
2015-10-27,3409.14,3434.34,4.76,0.14%,3332.62,3441.56,328172768,40888724.0,-
2015-10-28,3417.01,3375.2,-59.14,-1.72%,3367.23,3439.76,293523296,36165620.0,-
2015-10-29,3387.77,3387.31,12.12,0.36%,3362.51,3411.71,235676016,29450842.0,-
2015-10-30,3380.28,3382.56,-4.75,-0.14%,3346.59,3417.2,243595120,30726678.0,-
2015-11-02,3337.58,3325.08,-57.48,-1.70%,3322.31,3391.06,230951136,28601932.0,-
2015-11-03,3330.32,3316.7,-8.39,-0.25%,3302.18,3346.27,192897440,24436056.0,-
2015-11-04,3325.62,3459.64,142.94,4.31%,3325.62,3459.65,339078752,42610440.0,-
2015-11-05,3459.22,3522.82,63.18,1.83%,3455.52,3585.66,553254976,67867464.0,-
2015-11-06,3514.44,3590.03,67.21,1.91%,3508.83,3596.38,429167040,54328220.0,-
2015-11-09,3588.5,3646.88,56.85,1.58%,3588.5,3673.76,503016704,63618404.0,-
2015-11-10,3617.4,3640.49,-6.4,-0.18%,3607.89,3669.53,429746592,56005512.0,-
2015-11-11,3635.0,3650.25,9.76,0.27%,3605.62,3654.88,360972672,46782220.0,-
2015-11-12,3656.82,3632.9,-17.35,-0.48%,3603.23,3659.31,361717600,48283260.0,-
2015-11-13,3600.76,3580.84,-52.06,-1.43%,3564.81,3632.56,345870944,46866864.0,-
2015-11-16,3522.46,3606.96,26.12,0.73%,3519.42,3607.61,276187040,36942184.0,-
2015-11-17,3629.98,3604.8,-2.16,-0.06%,3598.07,3678.27,383575456,52152036.0,-
2015-11-18,3605.06,3568.47,-36.33,-1.01%,3558.7,3617.07,297580736,39233876.0,-
2015-11-19,3573.78,3617.06,48.59,1.36%,3561.04,3618.21,247915584,32844260.0,-
2015-11-20,3620.79,3630.5,13.44,0.37%,3607.92,3640.53,310801984,41391088.0,-
2015-11-23,3630.87,3610.31,-20.18,-0.56%,3598.87,3654.75,315997472,41414824.0,-
2015-11-24,3602.89,3616.11,5.79,0.16%,3563.1,3616.48,248810512,32775852.0,-
2015-11-25,3614.07,3647.93,31.82,0.88%,3607.52,3648.37,273024864,38080292.0,-
2015-11-26,3659.57,3635.55,-12.38,-0.34%,3629.86,3668.38,306761600,42624744.0,-
2015-11-27,3616.54,3436.3,-199.25,-5.48%,3412.43,3621.9,354287520,46431124.0,-
2015-11-30,3433.85,3445.4,9.1,0.26%,3327.81,3470.37,304197888,38750364.0,-
2015-12-01,3442.44,3456.31,10.9,0.32%,3417.54,3483.41,252390752,33025674.0,-
2015-12-02,3450.28,3536.91,80.6,2.33%,3427.66,3538.85,301491488,36918304.0,-
2015-12-03,3525.73,3584.82,47.92,1.35%,3517.23,3591.73,281111232,33885908.0,-
2015-12-04,3558.15,3524.99,-59.83,-1.67%,3510.41,3568.97,251736416,31976682.0,-
2015-12-07,3529.81,3536.93,11.94,0.34%,3506.62,3543.95,208302576,28056158.0,-
2015-12-08,3518.65,3470.07,-66.86,-1.89%,3466.79,3518.65,224367312,29782174.0,-
2015-12-09,3462.58,3472.44,2.37,0.07%,3454.88,3495.7,195698848,26785488.0,-
2015-12-10,3469.81,3455.5,-16.94,-0.49%,3446.27,3503.65,200427520,27949970.0,-
2015-12-11,3441.6,3434.58,-20.91,-0.61%,3410.92,3455.55,182908880,24507642.0,-
2015-12-14,3403.51,3520.67,86.09,2.51%,3399.28,3521.78,215374624,27921354.0,-
2015-12-15,3518.13,3510.35,-10.31,-0.29%,3496.85,3529.96,200471344,27627494.0,-
2015-12-16,3522.09,3516.19,5.83,0.17%,3506.29,3538.69,193482304,26528864.0,-
2015-12-17,3533.63,3580.0,63.81,1.81%,3533.63,3583.41,283856480,38143960.0,-
2015-12-18,3574.94,3578.96,-1.03,-0.03%,3568.16,3614.7,273707904,36538580.0,-
2015-12-21,3568.58,3642.47,63.51,1.77%,3565.75,3651.06,299849280,39831696.0,-
2015-12-22,3645.99,3651.77,9.3,0.26%,3616.87,3652.63,261178752,36084604.0,-
2015-12-23,3653.28,3636.09,-15.68,-0.43%,3633.03,3684.57,298201792,41990292.0,-
2015-12-24,3631.31,3612.49,-23.6,-0.65%,3572.28,3640.22,227785216,31542126.0,-
2015-12-25,3614.05,3627.91,15.43,0.43%,3601.74,3635.26,198451120,27466004.0,-
2015-12-28,3635.77,3533.78,-94.13,-2.59%,3533.78,3641.59,269983264,36904280.0,-
2015-12-29,3528.4,3563.74,29.96,0.85%,3515.52,3564.17,182551920,25093890.0,-
2015-12-30,3566.73,3561.14,-2.6,-0.07%,3556.56,3573.68,96949056,13757869.0,-
2015-12-31,3570.47,3539.18,-33.69,-0.94%,3538.35,3580.6,176963664,25403106.0,-
2016-01-04,3536.59,3296.26,-242.92,-6.86%,3295.74,3538.69,184418432,24092916.0,-
2016-01-05,3196.65,3287.71,-8.55,-0.26%,3189.6,3328.14,266882096,32841722.0,-
2016-01-06,3291.19,3361.84,74.13,2.25%,3288.93,3362.97,238886672,28524322.0,-
2016-01-07,3309.66,3125.0,-236.84,-7.04%,3115.89,3309.66,70569120,7998198.5,-
2016-01-08,3194.63,3186.41,61.41,1.97%,3056.88,3235.45,286440832,32416714.0,-
2016-01-11,3131.85,3016.7,-169.71,-5.33%,3016.7,3166.22,271643680,28637964.0,-
2016-01-12,3026.16,3022.86,6.16,0.20%,2978.46,3047.66,207659616,22413544.0,-
2016-01-13,3041.11,2949.6,-73.26,-2.42%,2949.29,3059.01,194282112,20837604.0,-
2016-01-14,2874.05,3007.65,58.05,1.97%,2867.55,3012.29,212905632,21801366.0,-
2016-01-15,2988.05,2900.97,-106.68,-3.55%,2883.87,3001.71,198721696,20660398.0,-
2016-01-18,2847.54,2913.84,12.87,0.44%,2844.7,2945.45,164699696,17361998.0,-
2016-01-19,2914.41,3007.74,93.9,3.22%,2906.4,3012.07,205279696,22267480.0,-
2016-01-20,2993.01,2976.69,-31.05,-1.03%,2951.92,3016.28,216505472,23456292.0,-
2016-01-21,2934.39,2880.48,-96.21,-3.23%,2880.08,2998.79,191675664,20363458.0,-
2016-01-22,2911.11,2916.56,36.08,1.25%,2851.73,2931.36,159810736,17006224.0,-
2016-01-25,2934.08,2938.51,21.95,0.75%,2911.83,2955.78,153039056,16402340.0,-
2016-01-26,2907.72,2749.79,-188.73,-6.42%,2743.84,2911.99,210836048,21260816.0,-
2016-01-27,2756.08,2735.56,-14.23,-0.52%,2638.3,2768.77,215722048,20742668.0,-
2016-01-28,2711.16,2655.66,-79.9,-2.92%,2647.49,2740.54,171120288,16735742.0,-
2016-01-29,2652.85,2737.6,81.94,3.09%,2649.79,2755.37,186673104,18000682.0,-
2016-02-01,2730.98,2688.85,-48.75,-1.78%,2655.62,2735.26,156383744,15283074.0,-
2016-02-02,2687.98,2749.57,60.72,2.26%,2687.98,2755.16,158078208,15893681.0,-
2016-02-03,2719.57,2739.25,-10.32,-0.38%,2696.88,2746.07,148397216,14662712.0,-
2016-02-04,2751.43,2781.02,41.78,1.53%,2751.31,2793.3,170382016,17534738.0,-
2016-02-05,2783.08,2763.49,-17.53,-0.63%,2762.16,2790.06,141186288,14555364.0,-
2016-02-15,2684.96,2746.2,-17.3,-0.63%,2682.09,2760.36,129263936,12932106.0,-
2016-02-16,2758.58,2836.57,90.37,3.29%,2758.58,2840.62,195961616,19896914.0,-
2016-02-17,2829.76,2867.34,30.77,1.08%,2824.36,2868.7,216909920,22596424.0,-
2016-02-18,2881.78,2862.89,-4.45,-0.16%,2857.7,2893.21,219203872,23077504.0,-
2016-02-19,2854.9,2860.02,-2.87,-0.10%,2840.49,2872.72,163391424,17842484.0,-
2016-02-22,2888.6,2927.18,67.15,2.35%,2880.35,2933.96,232176048,23868282.0,-
2016-02-23,2925.71,2903.33,-23.84,-0.81%,2872.28,2928.05,199740656,21154894.0,-
2016-02-24,2889.88,2928.9,25.56,0.88%,2872.27,2929.87,213410384,22785164.0,-
2016-02-25,2922.24,2741.25,-187.65,-6.41%,2729.85,2922.24,270284416,27176714.0,-
2016-02-26,2760.06,2767.21,25.96,0.95%,2715.87,2784.75,191110464,19006898.0,-
2016-02-29,2754.81,2687.98,-79.23,-2.86%,2638.96,2755.89,207410704,19464020.0,-
2016-03-01,2688.38,2733.17,45.19,1.68%,2668.76,2747.56,187207440,18218554.0,-
2016-03-02,2733.77,2849.68,116.51,4.26%,2732.54,2852.7,270961792,25931876.0,-
2016-03-03,2847.33,2859.76,10.08,0.35%,2840.87,2878.45,287478208,27997192.0,-
2016-03-04,2848.54,2874.15,14.39,0.50%,2808.85,2880.37,312495168,29498212.0,-
2016-03-07,2886.64,2897.34,23.19,0.81%,2871.35,2911.84,217466832,20855932.0,-
2016-03-08,2895.67,2901.39,4.05,0.14%,2802.56,2902.62,233482672,22051396.0,-
2016-03-09,2839.41,2862.56,-38.83,-1.34%,2811.72,2863.01,183355392,17707256.0,-
2016-03-10,2847.57,2804.73,-57.83,-2.02%,2803.48,2863.18,138979456,14181242.0,-
2016-03-11,2781.6,2810.31,5.58,0.20%,2772.55,2815.61,127247552,12845031.0,-
2016-03-14,2830.08,2859.5,49.19,1.75%,2823.03,2889.82,194816016,20279314.0,-
2016-03-15,2853.98,2864.37,4.87,0.17%,2819.79,2865.79,163386672,17021952.0,-
2016-03-16,2858.71,2870.43,6.06,0.21%,2854.19,2881.53,186492544,19019386.0,-
2016-03-17,2875.41,2904.83,34.4,1.20%,2857.19,2921.0,200290224,21384364.0,-
2016-03-18,2915.52,2955.15,50.32,1.73%,2908.74,2971.55,313332736,32824116.0,-
2016-03-21,2978.46,3018.8,63.65,2.15%,2973.76,3028.32,352400416,38082308.0,-
2016-03-22,3001.63,2999.36,-19.44,-0.64%,2988.43,3019.1,270377344,31102530.0,-
2016-03-23,2991.17,3009.96,10.6,0.35%,2980.86,3012.56,216977472,25632816.0,-
2016-03-24,2986.8,2960.97,-48.99,-1.63%,2960.54,2998.15,237006400,27479512.0,-
2016-03-25,2956.2,2979.43,18.46,0.62%,2952.11,2981.41,175074352,20081844.0,-
2016-03-28,2988.01,2957.82,-21.61,-0.73%,2948.53,3008.17,202021232,23232372.0,-
2016-03-29,2956.71,2919.83,-37.99,-1.28%,2905.25,2962.2,182965344,20162582.0,-
2016-03-30,2941.22,3000.65,80.81,2.77%,2941.22,3001.11,210371456,23441062.0,-
2016-03-31,3009.37,3003.92,3.27,0.11%,2992.92,3023.41,220413440,25221976.0,-
2016-04-01,2997.09,3009.53,5.61,0.19%,2956.25,3009.67,206545856,21752054.0,-
2016-04-05,3000.94,3053.07,43.54,1.45%,2993.15,3057.33,256730336,27665468.0,-
2016-04-06,3039.74,3050.59,-2.47,-0.08%,3029.0,3059.79,232262048,25491456.0,-
2016-04-07,3058.34,3008.42,-42.17,-1.38%,3007.06,3062.36,220919504,24396180.0,-
2016-04-08,2988.2,2984.96,-23.46,-0.78%,2960.46,2996.17,187904640,20733710.0,-
2016-04-11,3006.91,3033.96,49.0,1.64%,3006.91,3048.98,220018320,25232840.0,-
2016-04-12,3031.3,3023.65,-10.31,-0.34%,3001.32,3036.82,182718672,20707980.0,-
2016-04-13,3041.36,3066.64,42.99,1.42%,3041.36,3097.16,310003232,33142070.0,-
2016-04-14,3080.09,3082.36,15.72,0.51%,3056.99,3086.7,208237840,23505606.0,-
2016-04-15,3085.03,3078.12,-4.24,-0.14%,3066.87,3089.95,189613056,22414132.0,-
2016-04-18,3058.46,3033.66,-44.46,-1.44%,3022.97,3058.46,183304512,20861308.0,-
2016-04-19,3047.13,3042.82,9.16,0.30%,3024.9,3054.5,156533200,18094800.0,-
2016-04-20,3050.38,2972.58,-70.24,-2.31%,2905.05,3055.69,283144224,31115486.0,-
2016-04-21,2954.37,2952.89,-19.69,-0.66%,2943.46,2990.67,189406848,20647714.0,-
2016-04-22,2933.03,2959.24,6.35,0.22%,2926.78,2960.21,137211664,14880044.0,-
2016-04-25,2949.97,2946.67,-12.57,-0.42%,2917.02,2954.09,125856248,14063875.0,-
2016-04-26,2944.72,2964.7,18.03,0.61%,2933.97,2965.43,117711608,13429246.0,-
2016-04-27,2967.19,2953.67,-11.03,-0.37%,2949.43,2976.02,130867640,15028630.0,-
2016-04-28,2955.74,2945.59,-8.08,-0.27%,2916.37,2959.51,138663264,15461469.0,-
2016-04-29,2935.38,2938.32,-7.27,-0.25%,2930.36,2950.58,109310624,12850273.0,-
2016-05-03,2940.39,2992.64,54.32,1.85%,2929.81,2993.53,168703648,19581660.0,-
2016-05-04,2983.03,2991.27,-1.37,-0.05%,2978.33,3004.42,165407104,18904638.0,-
2016-05-05,2987.02,2997.84,6.57,0.22%,2977.2,2999.12,144831392,16311378.0,-
2016-05-06,2998.4,2913.25,-84.59,-2.82%,2913.04,3003.59,206796496,23407744.0,-
2016-05-09,2896.16,2832.11,-81.14,-2.79%,2821.83,2896.16,180378336,18870568.0,-
2016-05-10,2822.33,2832.59,0.48,0.02%,2820.16,2845.24,120829304,12853527.0,-
2016-05-11,2843.54,2837.04,4.45,0.16%,2818.7,2857.25,135795472,14602251.0,-
2016-05-12,2812.11,2835.86,-1.18,-0.04%,2781.24,2839.28,136337648,14083863.0,-
2016-05-13,2828.46,2827.11,-8.75,-0.31%,2814.11,2850.09,114319712,12369265.0,-
2016-05-16,2816.78,2850.86,23.75,0.84%,2804.99,2851.23,114653592,12684430.0,-
2016-05-17,2850.93,2843.68,-7.18,-0.25%,2832.46,2860.32,123369064,14000100.0,-
2016-05-18,2828.18,2807.51,-36.17,-1.27%,2781.42,2828.26,140487824,14939682.0,-
2016-05-19,2802.31,2806.91,-0.61,-0.02%,2801.55,2829.4,111595072,12415105.0,-
2016-05-20,2792.89,2825.48,18.58,0.66%,2785.08,2825.95,108700896,12379460.0,-
2016-05-23,2826.31,2843.65,18.16,0.64%,2826.26,2848.07,120470456,13995036.0,-
2016-05-24,2839.68,2821.67,-21.98,-0.77%,2807.19,2839.7,111452448,12109606.0,-
2016-05-25,2835.03,2815.09,-6.58,-0.23%,2807.75,2843.17,103527264,11776763.0,-
2016-05-26,2813.54,2822.44,7.36,0.26%,2780.76,2827.09,114766800,12710518.0,-
2016-05-27,2817.97,2821.05,-1.4,-0.05%,2809.8,2832.8,109845824,12385886.0,-
2016-05-30,2814.65,2822.45,1.4,0.05%,2794.66,2830.97,106319584,11558748.0,-
2016-05-31,2822.59,2916.62,94.17,3.34%,2822.59,2917.14,215260352,23652850.0,-
2016-06-01,2917.15,2913.51,-3.11,-0.11%,2909.51,2929.08,188386432,21986806.0,-
2016-06-02,2911.22,2925.23,11.72,0.40%,2906.52,2925.67,159716912,18508490.0,-
2016-06-03,2929.79,2938.68,13.45,0.46%,2915.19,2945.52,172021024,21130248.0,-
2016-06-06,2940.99,2934.1,-4.58,-0.16%,2922.28,2945.94,141993744,17242678.0,-
2016-06-07,2936.28,2936.04,1.95,0.07%,2923.5,2938.44,132987864,16360561.0,-
2016-06-08,2932.38,2927.16,-8.89,-0.30%,2908.37,2937.99,143046080,17737732.0,-
2016-06-13,2897.27,2833.07,-94.09,-3.21%,2832.51,2911.16,169255440,19854776.0,-
2016-06-14,2824.23,2842.19,9.12,0.32%,2822.06,2843.46,119755272,13853175.0,-
2016-06-15,2814.69,2887.21,45.02,1.58%,2811.78,2894.26,166671072,19719934.0,-
2016-06-16,2878.4,2872.82,-14.39,-0.50%,2865.39,2887.74,173882752,20195716.0,-
2016-06-17,2873.01,2885.1,12.29,0.43%,2872.18,2900.3,171472512,19543250.0,-
2016-06-20,2887.64,2888.81,3.7,0.13%,2864.02,2891.66,136571056,16373444.0,-
2016-06-21,2898.38,2878.56,-10.25,-0.35%,2869.18,2919.3,164359088,19820192.0,-
2016-06-22,2872.73,2905.55,26.99,0.94%,2869.51,2905.98,130590424,15633939.0,-
2016-06-23,2902.4,2891.96,-13.59,-0.47%,2878.66,2904.11,136137376,16368027.0,-
2016-06-24,2883.76,2854.29,-37.67,-1.30%,2807.6,2899.57,190842608,21491344.0,-
2016-06-27,2840.56,2895.7,41.42,1.45%,2840.28,2895.73,156697472,18985472.0,-
2016-06-28,2885.01,2912.56,16.85,0.58%,2878.82,2913.58,173871040,21107930.0,-
2016-06-29,2918.53,2931.59,19.03,0.65%,2915.06,2934.0,193215584,22340636.0,-
2016-06-30,2931.48,2929.61,-1.99,-0.07%,2922.31,2938.14,154464928,18745980.0,-
2016-07-01,2931.8,2932.48,2.87,0.10%,2925.81,2944.99,141246224,17300620.0,-
2016-07-04,2924.29,2988.6,56.13,1.91%,2922.52,2992.5,222017120,25315036.0,-
2016-07-05,2991.75,3006.39,17.79,0.60%,2990.64,3010.27,235204448,27041802.0,-
2016-07-06,2998.52,3017.29,10.9,0.36%,2984.83,3017.65,212370928,24649784.0,-
2016-07-07,3009.35,3016.85,-0.45,-0.01%,2994.64,3024.11,222681664,27019712.0,-
2016-07-08,3000.33,2988.09,-28.75,-0.95%,2983.88,3001.55,168986864,20967266.0,-
2016-07-11,2993.75,2994.92,6.82,0.23%,2990.91,3022.94,224338224,27191650.0,-
2016-07-12,2992.52,3049.38,54.46,1.82%,2984.42,3049.68,259486288,28865676.0,-
2016-07-13,3049.51,3060.69,11.31,0.37%,3048.2,3069.05,253659376,27935088.0,-
2016-07-14,3054.97,3054.02,-6.67,-0.22%,3036.52,3057.05,180194800,20893902.0,-
2016-07-15,3056.68,3054.3,0.28,0.01%,3044.54,3062.68,172866400,20284056.0,-
2016-07-18,3047.64,3043.56,-10.73,-0.35%,3031.64,3058.32,177496560,20666772.0,-
2016-07-19,3040.23,3036.6,-6.97,-0.23%,3014.29,3043.6,155361472,18720672.0,-
2016-07-20,3034.71,3027.9,-8.7,-0.29%,3022.63,3043.0,138242816,17147292.0,-
2016-07-21,3027.6,3039.01,11.11,0.37%,3027.37,3053.33,163767360,20027846.0,-
2016-07-22,3038.12,3012.82,-26.19,-0.86%,3007.46,3039.27,162010176,19751734.0,-
2016-07-25,3008.09,3015.83,3.01,0.10%,3003.29,3027.12,144206576,17542200.0,-
2016-07-26,3014.04,3050.17,34.34,1.14%,3013.8,3050.61,156694512,18547446.0,-
2016-07-27,3050.37,2992.0,-58.17,-1.91%,2939.23,3057.42,280160896,31681138.0,-
2016-07-28,2980.5,2994.32,2.32,0.08%,2968.18,3003.36,190564944,21762700.0,-
2016-07-29,2992.54,2979.34,-14.98,-0.50%,2972.92,3000.05,150101536,17019856.0,-
2016-08-01,2971.95,2953.39,-25.95,-0.87%,2931.96,2972.88,147407760,16237268.0,-
2016-08-02,2950.08,2971.28,17.89,0.61%,2946.64,2971.28,115468904,12926688.0,-
2016-08-03,2963.21,2978.46,7.18,0.24%,2956.79,2981.16,141141328,15908826.0,-
2016-08-04,2976.41,2982.43,3.97,0.13%,2958.93,2982.86,133933304,15330797.0,-
2016-08-05,2978.78,2976.7,-5.73,-0.19%,2971.56,2991.68,141857104,16179598.0,-
2016-08-08,2972.62,3004.28,27.58,0.93%,2959.05,3004.72,155729840,17208966.0,-
2016-08-09,3001.31,3025.68,21.4,0.71%,2998.68,3025.91,169995456,18771686.0,-
2016-08-10,3023.47,3018.75,-6.93,-0.23%,3017.09,3033.2,164675168,18452518.0,-
2016-08-11,3013.68,3002.64,-16.11,-0.53%,3001.17,3038.05,161879488,17986152.0,-
2016-08-12,3000.27,3050.67,48.03,1.60%,2999.04,3051.05,168173664,17930490.0,-
2016-08-15,3056.48,3125.2,74.53,2.44%,3053.87,3137.48,297616512,32799114.0,-
2016-08-16,3130.53,3110.04,-15.16,-0.49%,3102.07,3140.44,278328928,30854486.0,-
2016-08-17,3106.99,3109.55,-0.48,-0.02%,3090.28,3114.25,213839648,24340526.0,-
2016-08-18,3107.75,3104.11,-5.44,-0.17%,3093.32,3125.58,229359088,25696968.0,-
2016-08-19,3100.39,3108.1,3.99,0.13%,3082.77,3113.34,194347456,21205096.0,-
2016-08-22,3107.38,3084.81,-23.3,-0.75%,3083.59,3112.74,185387936,20763888.0,-
2016-08-23,3081.57,3089.71,4.9,0.16%,3073.53,3101.11,161368960,17918348.0,-
2016-08-24,3092.02,3085.88,-3.83,-0.12%,3079.55,3097.15,145707440,16836252.0,-
2016-08-25,3073.44,3068.33,-17.55,-0.57%,3041.51,3073.44,174032976,20085974.0,-
2016-08-26,3069.85,3070.31,1.98,0.06%,3063.89,3087.65,149663904,17630950.0,-
2016-08-29,3068.46,3070.03,-0.28,-0.01%,3058.79,3074.94,144500016,16639735.0,-
2016-08-30,3071.44,3074.68,4.65,0.15%,3065.97,3082.99,140434816,16387883.0,-
2016-08-31,3072.92,3085.49,10.81,0.35%,3063.4,3087.7,141368608,16898612.0,-
2016-09-01,3083.96,3063.31,-22.19,-0.72%,3062.88,3088.7,155191088,17709330.0,-
2016-09-02,3057.49,3067.35,4.05,0.13%,3050.49,3072.53,150446912,17059214.0,-
2016-09-05,3070.71,3072.1,4.74,0.15%,3065.33,3085.49,144963312,16124368.0,-
2016-09-06,3071.06,3090.71,18.62,0.61%,3053.19,3095.51,172908528,19305774.0,-
2016-09-07,3091.33,3091.93,1.22,0.04%,3087.88,3105.68,186956752,20716212.0,-
2016-09-08,3089.95,3095.95,4.03,0.13%,3083.9,3096.78,145883776,16594448.0,-
2016-09-09,3095.43,3078.85,-17.1,-0.55%,3078.22,3101.79,160692928,18205624.0,-
2016-09-12,3037.51,3021.98,-56.88,-1.85%,2999.93,3040.95,206012096,22184656.0,-
2016-09-13,3025.03,3023.51,1.53,0.05%,3008.74,3029.72,135387584,15279130.0,-
2016-09-14,3008.9,3002.85,-20.66,-0.68%,2995.42,3017.94,133413400,14814898.0,-
2016-09-19,3005.32,3026.05,23.2,0.77%,3005.32,3026.65,119225024,13316882.0,-
2016-09-20,3027.17,3023.0,-3.05,-0.10%,3015.88,3027.82,118924112,13966230.0,-
2016-09-21,3021.58,3025.87,2.87,0.10%,3017.54,3032.45,115721216,13413373.0,-
2016-09-22,3038.42,3042.31,16.44,0.54%,3035.07,3054.44,139309552,15903107.0,-
2016-09-23,3044.79,3033.9,-8.42,-0.28%,3032.8,3046.8,125590976,14737773.0,-
2016-09-26,3028.24,2980.43,-53.47,-1.76%,2980.12,3028.24,144330288,16225724.0,-
2016-09-27,2974.59,2998.17,17.74,0.60%,2969.13,2998.23,121701448,13337271.0,-
2016-09-28,3000.7,2987.86,-10.31,-0.34%,2984.32,3000.7,104625696,11643738.0,-
2016-09-29,2992.17,2998.48,10.63,0.36%,2991.91,3009.2,113213920,12272857.0,-
2016-09-30,2994.25,3004.7,6.22,0.21%,2993.06,3009.2,101333568,11279454.0,-
2016-10-10,3020.46,3048.14,43.44,1.45%,3014.62,3048.24,160051104,17552180.0,-
2016-10-11,3051.62,3065.25,17.11,0.56%,3048.02,3066.1,167273488,18378766.0,-
2016-10-12,3057.32,3058.5,-6.75,-0.22%,3048.89,3060.51,142493568,15998296.0,-
2016-10-13,3057.97,3061.35,2.85,0.09%,3052.64,3065.0,154756720,16633587.0,-
2016-10-14,3056.99,3063.81,2.46,0.08%,3043.18,3064.79,155373696,16379299.0,-
2016-10-17,3064.69,3041.17,-22.64,-0.74%,3033.75,3068.81,163733264,18059408.0,-
2016-10-18,3037.4,3083.88,42.71,1.40%,3037.4,3084.19,182042464,19603614.0,-
2016-10-19,3085.75,3084.72,0.84,0.03%,3076.77,3096.22,182470144,19748114.0,-
2016-10-20,3084.91,3084.46,-0.26,-0.01%,3076.29,3089.68,160691360,17767454.0,-
2016-10-21,3081.39,3090.94,6.48,0.21%,3069.27,3101.85,187388064,20195366.0,-
2016-10-24,3092.05,3128.25,37.31,1.21%,3090.79,3137.03,240522336,25035440.0,-
2016-10-25,3127.97,3131.94,3.69,0.12%,3121.05,3132.5,203380896,22086146.0,-
2016-10-26,3129.84,3116.31,-15.63,-0.50%,3110.39,3129.84,191663264,21576772.0,-
2016-10-27,3112.6,3112.35,-3.96,-0.13%,3100.39,3114.76,158008784,18223712.0,-
2016-10-28,3111.7,3104.27,-8.08,-0.26%,3101.24,3128.64,181774128,21259302.0,-
2016-10-31,3097.19,3100.49,-3.78,-0.12%,3081.07,3102.3,151506752,17842774.0,-
2016-11-01,3101.66,3122.44,21.94,0.71%,3097.04,3122.61,160232032,19583160.0,-
2016-11-02,3115.73,3102.73,-19.7,-0.63%,3099.82,3118.98,182722064,22167654.0,-
2016-11-03,3096.76,3128.94,26.2,0.84%,3094.1,3140.93,222986256,26582036.0,-
2016-11-04,3126.35,3125.32,-3.62,-0.12%,3119.54,3141.33,197683200,23904326.0,-
2016-11-07,3124.89,3133.33,8.02,0.26%,3117.1,3139.2,179418480,21060232.0,-
2016-11-08,3140.94,3147.89,14.55,0.46%,3134.95,3156.88,190846976,22158512.0,-
2016-11-09,3146.08,3128.37,-19.52,-0.62%,3096.95,3146.95,241114944,27722940.0,-
2016-11-10,3148.54,3171.28,42.91,1.37%,3148.54,3172.31,244192608,28599282.0,-
2016-11-11,3169.4,3196.04,24.76,0.78%,3166.07,3202.74,310854560,34377392.0,-
2016-11-14,3187.71,3210.37,14.33,0.45%,3186.8,3221.46,329608320,34697460.0,-
2016-11-15,3209.95,3206.99,-3.39,-0.11%,3195.04,3214.29,240886352,26700388.0,-
2016-11-16,3208.5,3205.06,-1.93,-0.06%,3195.41,3210.89,221766976,24485450.0,-
2016-11-17,3198.5,3208.45,3.4,0.11%,3187.21,3211.05,214206240,22677586.0,-
2016-11-18,3207.19,3192.86,-15.6,-0.49%,3187.5,3212.39,209826624,23535206.0,-
2016-11-21,3188.5,3218.15,25.29,0.79%,3188.28,3229.76,230652848,26317782.0,-
2016-11-22,3220.98,3248.35,30.2,0.94%,3220.98,3249.68,261631552,29248484.0,-
2016-11-23,3247.94,3241.14,-7.22,-0.22%,3231.59,3262.88,249959584,27794246.0,-
2016-11-24,3237.43,3241.74,0.6,0.02%,3232.87,3257.86,232324528,26722472.0,-
2016-11-25,3241.24,3261.94,20.2,0.62%,3209.6,3262.44,233921600,25911704.0,-
2016-11-28,3270.05,3277.0,15.06,0.46%,3267.67,3288.34,281551264,30046014.0,-
2016-11-29,3269.23,3282.92,5.92,0.18%,3263.4,3301.21,320836288,34814936.0,-
2016-11-30,3272.14,3250.03,-32.89,-1.00%,3239.52,3277.27,243576048,26280874.0,-
2016-12-01,3257.03,3273.31,23.27,0.72%,3256.26,3279.67,237759856,26155394.0,-
2016-12-02,3270.12,3243.84,-29.47,-0.90%,3235.28,3279.71,259567200,28155910.0,-
2016-12-05,3203.78,3204.71,-39.13,-1.21%,3194.88,3219.52,223010384,23859802.0,-
2016-12-06,3202.03,3199.65,-5.06,-0.16%,3196.52,3215.31,157572688,17717016.0,-
2016-12-07,3198.47,3222.24,22.59,0.71%,3189.49,3222.43,169072848,18944386.0,-
2016-12-08,3225.55,3215.37,-6.88,-0.21%,3211.47,3228.12,170710176,19780206.0,-
2016-12-09,3209.34,3232.88,17.52,0.54%,3207.04,3244.8,204023952,22638714.0,-
2016-12-12,3233.67,3152.97,-79.91,-2.47%,3149.9,3245.09,274708448,29426014.0,-
2016-12-13,3138.99,3155.04,2.07,0.07%,3118.71,3162.5,185164496,20317546.0,-
2016-12-14,3149.38,3140.53,-14.51,-0.46%,3136.35,3170.02,201358896,21920616.0,-
2016-12-15,3125.76,3117.68,-22.85,-0.73%,3100.91,3138.78,189990624,21286324.0,-
2016-12-16,3111.51,3122.98,5.3,0.17%,3106.35,3128.87,164988704,18984476.0,-
2016-12-19,3120.7,3118.08,-4.9,-0.16%,3110.08,3125.28,154169712,17450024.0,-
2016-12-20,3115.9,3102.88,-15.21,-0.49%,3084.8,3117.01,157426752,17161188.0,-
2016-12-21,3107.24,3137.43,34.55,1.11%,3107.24,3140.25,186706624,20424782.0,-
2016-12-22,3132.16,3139.56,2.13,0.07%,3126.89,3143.17,167804992,18598156.0,-
2016-12-23,3134.93,3110.15,-29.4,-0.94%,3103.75,3138.4,166176768,18928118.0,-
2016-12-26,3095.58,3122.57,12.41,0.40%,3068.42,3122.88,152571888,17055560.0,-
2016-12-27,3117.39,3114.66,-7.9,-0.25%,3113.75,3127.88,141528928,16219392.0,-
2016-12-28,3113.77,3102.24,-12.43,-0.40%,3094.55,3118.78,135727088,15432965.0,-
2016-12-29,3095.84,3096.1,-6.14,-0.20%,3087.34,3111.8,132623288,14991919.0,-
2016-12-30,3097.35,3103.64,7.54,0.24%,3089.99,3108.84,133267128,15173278.0,-
2017-01-03,3105.31,3135.92,32.28,1.04%,3105.31,3136.46,141567184,15988715.0,-
2017-01-04,3133.79,3158.79,22.87,0.73%,3130.11,3160.1,167860848,19591428.0,-
2017-01-05,3157.91,3165.41,6.62,0.21%,3154.28,3168.5,174727632,19969202.0,-
2017-01-06,3163.78,3154.32,-11.09,-0.35%,3153.03,3172.03,183708960,20729604.0,-
2017-01-09,3148.53,3171.24,16.92,0.54%,3147.74,3173.14,171714080,19211058.0,-
2017-01-10,3167.57,3161.67,-9.56,-0.30%,3157.33,3174.58,179759200,19496322.0,-
2017-01-11,3156.69,3136.75,-24.92,-0.79%,3136.27,3167.03,178362224,18918646.0,-
2017-01-12,3133.6,3119.29,-17.46,-0.56%,3115.98,3144.97,148889248,16192230.0,-
2017-01-13,3116.08,3112.76,-6.52,-0.21%,3102.16,3130.51,156274224,17443854.0,-
2017-01-16,3104.49,3103.43,-9.34,-0.30%,3044.29,3105.14,257886000,26282604.0,-
2017-01-17,3087.03,3108.77,5.35,0.17%,3072.34,3108.91,136157856,15475756.0,-
2017-01-18,3104.77,3113.01,4.24,0.14%,3098.59,3123.72,131780128,14454673.0,-
2017-01-19,3104.97,3101.3,-11.71,-0.38%,3094.01,3115.78,123851416,13928047.0,-
2017-01-20,3095.82,3123.14,21.84,0.70%,3095.21,3125.66,122366784,14147181.0,-
2017-01-23,3125.42,3136.77,13.64,0.44%,3125.42,3145.84,132660384,14814573.0,-
2017-01-24,3134.59,3142.55,5.78,0.18%,3131.22,3149.53,125973880,13455385.0,-
2017-01-25,3137.65,3149.55,7.0,0.22%,3133.19,3151.47,112073832,12676583.0,-
2017-01-26,3149.22,3159.17,9.61,0.31%,3148.91,3163.1,113876776,12501320.0,-
2017-02-03,3160.08,3140.17,-19.0,-0.60%,3136.01,3162.68,92224736,10802366.0,-
2017-02-06,3143.09,3156.98,16.81,0.54%,3135.39,3158.84,127198280,15006769.0,-
2017-02-07,3154.4,3153.09,-3.9,-0.12%,3140.04,3159.54,128337440,15255909.0,-
2017-02-08,3148.09,3166.98,13.89,0.44%,3132.03,3167.45,144920192,17085412.0,-
2017-02-09,3164.69,3183.18,16.2,0.51%,3162.57,3186.84,191640336,20972316.0,-
2017-02-10,3183.01,3196.7,13.52,0.42%,3182.8,3205.05,239348928,24577216.0,-
2017-02-13,3198.99,3216.84,20.14,0.63%,3198.99,3219.41,220191504,23615876.0,-
2017-02-14,3216.14,3217.93,1.09,0.03%,3205.29,3219.4,188798096,20425382.0,-
2017-02-15,3215.46,3212.99,-4.94,-0.15%,3206.56,3236.0,241507696,25796524.0,-
2017-02-16,3210.36,3229.62,16.63,0.52%,3207.79,3230.28,216955952,22658760.0,-
2017-02-17,3227.71,3202.08,-27.54,-0.85%,3199.42,3238.4,226228176,24857276.0,-
2017-02-20,3198.96,3239.96,37.89,1.18%,3198.96,3241.46,232152112,25027614.0,-
2017-02-21,3242.22,3253.33,13.36,0.41%,3239.88,3254.34,211673072,23355118.0,-
2017-02-22,3252.69,3261.22,7.89,0.24%,3243.84,3261.38,207453776,23481532.0,-
2017-02-23,3258.83,3251.38,-9.84,-0.30%,3236.35,3264.08,209179792,23682258.0,-
2017-02-24,3246.86,3253.43,2.06,0.06%,3233.53,3253.96,186406352,21383904.0,-
2017-02-27,3249.19,3228.66,-24.77,-0.76%,3224.09,3251.65,182581056,21139572.0,-
2017-02-28,3225.97,3241.73,13.07,0.40%,3225.97,3242.68,151244320,18601928.0,-
2017-03-01,3240.07,3246.93,5.2,0.16%,3237.87,3259.98,190677552,22594096.0,-
2017-03-02,3250.52,3230.03,-16.91,-0.52%,3228.66,3256.81,181215072,22304396.0,-
2017-03-03,3219.2,3218.31,-11.72,-0.36%,3206.61,3221.16,157082368,19270792.0,-
2017-03-06,3217.33,3233.87,15.55,0.48%,3215.07,3234.66,156092160,19376918.0,-
2017-03-07,3233.09,3242.41,8.54,0.26%,3226.82,3242.66,164064240,20993120.0,-
2017-03-08,3240.53,3240.66,-1.74,-0.05%,3230.61,3245.3,160731392,19822578.0,-
2017-03-09,3233.7,3216.75,-23.92,-0.74%,3205.28,3233.88,167371104,19921764.0,-
2017-03-10,3213.73,3212.76,-3.99,-0.12%,3208.45,3222.32,136672752,17366318.0,-
2017-03-13,3209.45,3237.02,24.26,0.76%,3193.16,3237.12,163673760,20691974.0,-
2017-03-14,3235.25,3239.33,2.3,0.07%,3231.52,3246.33,146946016,19153512.0,-
2017-03-15,3235.4,3241.76,2.43,0.08%,3227.74,3243.71,144055680,18572726.0,-
2017-03-16,3247.16,3268.94,27.18,0.84%,3247.16,3269.77,189416000,24450834.0,-
2017-03-17,3271.87,3237.45,-31.49,-0.96%,3232.28,3274.19,200583232,26218404.0,-
2017-03-20,3241.11,3250.81,13.36,0.41%,3228.12,3251.13,170548432,21395176.0,-
2017-03-21,3250.25,3261.61,10.8,0.33%,3246.7,3262.22,162719296,21912128.0,-
2017-03-22,3246.22,3245.22,-16.39,-0.50%,3229.13,3255.78,189731648,24454546.0,-
2017-03-23,3245.81,3248.55,3.33,0.10%,3221.93,3262.09,193029136,25824668.0,-
2017-03-24,3247.35,3269.45,20.9,0.64%,3241.12,3275.21,219777904,26709416.0,-
2017-03-27,3268.92,3266.96,-2.49,-0.08%,3262.12,3283.24,201852688,24918554.0,-
2017-03-28,3265.63,3252.95,-14.01,-0.43%,3246.09,3265.63,161710016,20345248.0,-
2017-03-29,3252.87,3241.31,-11.63,-0.36%,3233.28,3262.1,216105568,24537184.0,-
2017-03-30,3235.14,3210.24,-31.08,-0.96%,3195.85,3240.02,247135472,26569488.0,-
2017-03-31,3206.25,3221.63,11.4,0.35%,3205.54,3226.25,194673744,21197930.0,-
2017-04-05,3235.66,3270.31,47.79,1.48%,3233.24,3270.65,248320208,27320116.0,-
2017-04-06,3272.19,3281.0,10.7,0.33%,3265.76,3286.67,245288000,26233560.0,-
2017-04-07,3280.62,3286.62,5.61,0.17%,3275.05,3295.19,236108944,26673832.0,-
2017-04-10,3285.46,3267.93,-18.68,-0.57%,3265.01,3285.46,226768288,27242154.0,-
2017-04-11,3266.22,3288.97,19.57,0.60%,3244.4,3290.39,281281248,32662242.0,-
2017-04-12,3283.84,3273.83,-15.14,-0.46%,3262.28,3284.93,269381792,31150552.0,-
2017-04-13,3265.22,3275.96,2.13,0.07%,3261.49,3281.14,207346880,22328722.0,-
2017-04-14,3276.14,3246.07,-29.89,-0.91%,3238.9,3276.71,214508560,22410668.0,-
2017-04-17,3229.95,3222.17,-23.9,-0.74%,3199.91,3229.95,212737184,22721468.0,-
2017-04-18,3215.4,3196.71,-25.45,-0.79%,3196.49,3225.05,188661344,21186676.0,-
2017-04-19,3184.67,3170.69,-26.03,-0.81%,3147.07,3189.44,213238064,22580606.0,-
2017-04-20,3165.67,3172.1,1.41,0.04%,3148.18,3178.18,190873984,22009824.0,-
2017-04-21,3170.29,3173.15,1.05,0.03%,3158.63,3180.79,164761744,18413144.0,-
2017-04-24,3164.25,3129.53,-43.62,-1.37%,3111.21,3164.25,186277440,19784526.0,-
2017-04-25,3123.89,3134.57,5.04,0.16%,3117.45,3145.27,153418304,17412926.0,-
2017-04-26,3132.92,3140.85,6.28,0.20%,3131.42,3152.95,169878112,19711288.0,-
2017-04-27,3131.35,3152.19,11.34,0.36%,3097.33,3155.0,211793088,23574832.0,-
2017-04-28,3144.02,3154.66,2.47,0.08%,3136.58,3154.73,162889904,18319576.0,-
2017-05-02,3147.23,3143.71,-10.95,-0.35%,3136.54,3154.78,154222960,17638992.0,-
2017-05-03,3138.31,3135.35,-8.37,-0.27%,3123.75,3148.29,163763920,19023660.0,-
2017-05-04,3127.11,3127.37,-7.98,-0.25%,3111.39,3143.82,177967488,20017084.0,-
2017-05-05,3114.77,3103.04,-24.33,-0.78%,3092.09,3117.61,176213648,20027390.0,-
2017-05-08,3090.07,3078.61,-24.42,-0.79%,3067.69,3093.45,180526896,19817168.0,-
2017-05-09,3064.85,3080.53,1.91,0.06%,3056.56,3084.21,135066672,15279591.0,-
2017-05-10,3078.17,3052.78,-27.74,-0.90%,3051.59,3090.82,160794448,18162414.0,-
2017-05-11,3036.79,3061.5,8.72,0.29%,3016.53,3063.56,191341888,19760406.0,-
2017-05-12,3054.11,3083.51,22.01,0.72%,3051.87,3090.49,159684096,17510724.0,-
2017-05-15,3085.93,3090.23,6.72,0.22%,3085.93,3098.91,135660736,15826960.0,-
2017-05-16,3082.87,3112.96,22.74,0.74%,3060.53,3113.51,173775568,19329210.0,-
2017-05-17,3107.8,3104.44,-8.52,-0.27%,3101.3,3119.58,168674160,19456058.0,-
2017-05-18,3082.33,3090.14,-14.3,-0.46%,3077.96,3103.44,148620032,16814952.0,-
2017-05-19,3086.71,3090.63,0.49,0.02%,3081.28,3095.48,129635224,15016423.0,-
2017-05-22,3087.17,3075.68,-14.96,-0.48%,3063.15,3103.94,153683728,17034098.0,-
2017-05-23,3069.39,3061.95,-13.73,-0.45%,3050.84,3084.24,178310592,19507366.0,-
2017-05-24,3047.57,3064.08,2.13,0.07%,3022.3,3064.81,139813360,15266921.0,-
2017-05-25,3055.34,3107.83,43.76,1.43%,3052.83,3114.66,191391840,20191012.0,-
2017-05-26,3101.29,3110.06,2.23,0.07%,3100.39,3120.66,155923488,17132738.0,-
2017-05-31,3125.33,3117.18,7.12,0.23%,3111.56,3143.28,152950432,17791332.0,-
2017-06-01,3108.42,3102.62,-14.55,-0.47%,3097.68,3113.52,163015728,18078262.0,-
2017-06-02,3094.23,3105.54,2.92,0.09%,3081.85,3110.39,142504928,15445434.0,-
2017-06-05,3102.11,3091.66,-13.88,-0.45%,3084.83,3105.51,132570296,14342980.0,-
2017-06-06,3084.54,3102.13,10.47,0.34%,3078.79,3102.86,113439960,12780462.0,-
2017-06-07,3101.76,3140.32,38.2,1.23%,3098.95,3140.77,173229008,19428794.0,-
2017-06-08,3136.47,3150.33,10.01,0.32%,3132.83,3153.26,152277664,17889430.0,-
2017-06-09,3147.45,3158.4,8.07,0.26%,3146.11,3165.92,160136336,18158488.0,-
2017-06-12,3149.53,3139.88,-18.52,-0.59%,3135.31,3164.95,146729424,17022328.0,-
2017-06-13,3134.01,3153.74,13.87,0.44%,3131.04,3155.99,128318280,14845787.0,-
2017-06-14,3146.75,3130.67,-23.07,-0.73%,3125.35,3149.17,138347040,16064124.0,-
2017-06-15,3125.59,3132.49,1.81,0.06%,3117.08,3137.59,146954240,17112452.0,-
2017-06-16,3126.37,3123.17,-9.32,-0.30%,3117.86,3134.25,129652760,14921548.0,-
2017-06-19,3122.16,3144.37,21.21,0.68%,3121.78,3146.77,134891760,15174179.0,-
2017-06-20,3148.02,3140.01,-4.36,-0.14%,3134.61,3150.46,141191808,16249802.0,-
2017-06-21,3148.99,3156.21,16.2,0.52%,3132.62,3157.03,136688272,16704822.0,-
2017-06-22,3152.24,3147.45,-8.76,-0.28%,3146.64,3186.98,191344000,22043844.0,-
2017-06-23,3138.44,3157.87,10.42,0.33%,3118.09,3158.05,154843648,17556852.0,-
2017-06-26,3157.0,3185.44,27.57,0.87%,3156.98,3187.89,173579200,20041930.0,-
2017-06-27,3183.42,3191.2,5.75,0.18%,3172.46,3193.46,148201200,16752379.0,-
2017-06-28,3183.63,3173.2,-18.0,-0.56%,3170.79,3193.44,146516720,16208110.0,-
2017-06-29,3174.98,3188.06,14.86,0.47%,3174.28,3188.77,128755464,14724979.0,-
2017-06-30,3176.95,3192.43,4.36,0.14%,3171.57,3193.24,121464544,14319560.0,-
2017-07-03,3192.0,3195.91,3.48,0.11%,3177.02,3196.29,140305712,15657578.0,-
2017-07-04,3192.89,3182.8,-13.11,-0.41%,3174.31,3193.06,141114960,16145456.0,-
2017-07-05,3179.22,3207.13,24.33,0.76%,3174.71,3207.31,148296480,17355400.0,-
2017-07-06,3203.86,3212.44,5.31,0.17%,3188.77,3215.95,175809296,20220962.0,-
2017-07-07,3203.82,3217.96,5.51,0.17%,3195.29,3219.52,176715408,20193832.0,-
2017-07-10,3208.46,3212.63,-5.32,-0.17%,3203.21,3223.34,198928016,22282832.0,-
2017-07-11,3201.52,3203.04,-9.59,-0.30%,3199.22,3226.91,187837248,20549338.0,-
2017-07-12,3201.93,3197.54,-5.49,-0.17%,3177.93,3215.2,186900896,20179962.0,-
2017-07-13,3192.36,3218.16,20.62,0.64%,3190.34,3219.27,195303616,21082090.0,-
2017-07-14,3212.03,3222.42,4.25,0.13%,3204.85,3222.98,160126768,17431214.0,-
2017-07-17,3219.79,3176.46,-45.95,-1.43%,3139.5,3230.35,266205264,27465324.0,-
2017-07-18,3159.73,3187.57,11.1,0.35%,3150.13,3187.67,190623072,19645236.0,-
2017-07-19,3181.4,3230.98,43.41,1.36%,3179.73,3232.94,272420736,26977102.0,-
2017-07-20,3227.51,3244.86,13.89,0.43%,3225.43,3246.24,232108400,24582542.0,-
2017-07-21,3236.59,3237.98,-6.88,-0.21%,3231.96,3247.71,206003248,22195692.0,-
2017-07-24,3230.9,3250.6,12.62,0.39%,3230.07,3261.1,233056400,25063120.0,-
2017-07-25,3249.14,3243.69,-6.91,-0.21%,3233.14,3261.65,205573872,21340550.0,-
2017-07-26,3244.46,3247.67,3.99,0.12%,3228.04,3264.85,213542016,22846052.0,-
2017-07-27,3243.76,3249.78,2.11,0.06%,3220.64,3251.93,228485936,24257208.0,-
2017-07-28,3240.17,3253.24,3.46,0.11%,3232.96,3256.37,182226880,19842860.0,-
2017-07-31,3252.75,3273.03,19.79,0.61%,3251.19,3276.95,246039456,25352592.0,-
2017-08-01,3274.37,3292.64,19.61,0.60%,3273.5,3292.64,237194592,25641994.0,-
2017-08-02,3288.52,3285.06,-7.58,-0.23%,3282.04,3305.43,266730624,27935234.0,-
2017-08-03,3279.99,3272.93,-12.13,-0.37%,3262.16,3293.37,233277008,24354954.0,-
2017-08-04,3269.32,3262.08,-10.85,-0.33%,3261.31,3287.19,275906336,28563476.0,-
2017-08-07,3257.67,3279.46,17.38,0.53%,3243.72,3280.1,231173392,23187438.0,-
2017-08-08,3277.19,3281.87,2.42,0.07%,3269.66,3285.48,252043536,25577018.0,-
2017-08-09,3277.81,3275.57,-6.3,-0.19%,3263.85,3277.94,235597904,23781512.0,-
2017-08-10,3269.73,3261.75,-13.82,-0.42%,3236.18,3282.52,240684624,25185404.0,-
2017-08-11,3237.92,3208.54,-53.21,-1.63%,3200.75,3245.12,262962992,26699826.0,-
2017-08-14,3206.04,3237.36,28.82,0.90%,3206.04,3240.05,190346800,20909608.0,-
2017-08-15,3235.23,3251.26,13.9,0.43%,3235.1,3263.59,182297984,20459586.0,-
2017-08-16,3247.85,3246.45,-4.81,-0.15%,3228.87,3248.78,176852048,20083254.0,-
2017-08-17,3253.85,3268.43,21.98,0.68%,3251.46,3269.14,203622544,22837694.0,-
2017-08-18,3253.24,3268.72,0.29,0.01%,3248.08,3275.08,191122480,21843774.0,-
2017-08-21,3274.58,3286.91,18.18,0.56%,3270.48,3287.52,186122480,20971860.0,-
2017-08-22,3287.61,3290.23,3.32,0.10%,3274.94,3293.48,186537984,22292748.0,-
2017-08-23,3283.8,3287.7,-2.52,-0.08%,3274.44,3299.46,179832224,20433042.0,-
2017-08-24,3287.96,3271.51,-16.19,-0.49%,3266.36,3297.99,163468928,18624506.0,-
2017-08-25,3271.46,3331.52,60.01,1.83%,3271.46,3331.91,205839488,22714102.0,-
2017-08-28,3336.13,3362.65,31.13,0.93%,3336.13,3375.03,257461440,30531988.0,-
2017-08-29,3362.06,3365.23,2.57,0.08%,3354.46,3374.59,219504544,26891610.0,-
2017-08-30,3361.82,3363.63,-1.6,-0.05%,3357.08,3376.65,246863312,27964080.0,-
2017-08-31,3361.46,3360.81,-2.82,-0.08%,3340.69,3367.36,234419776,26913310.0,-
2017-09-01,3365.99,3367.12,6.31,0.19%,3358.47,3381.93,282497568,31372208.0,-
2017-09-04,3369.72,3379.58,12.46,0.37%,3359.13,3381.4,267427840,29634842.0,-
2017-09-05,3377.2,3384.32,4.73,0.14%,3371.57,3390.82,216552944,24559660.0,-
2017-09-06,3372.43,3385.39,1.07,0.03%,3364.76,3391.01,229090768,26203466.0,-
2017-09-07,3383.63,3365.5,-19.89,-0.59%,3363.18,3387.8,221118688,26403702.0,-
2017-09-08,3364.43,3365.24,-0.25,-0.01%,3353.69,3380.89,198405184,23516022.0,-
2017-09-11,3365.35,3376.42,11.18,0.33%,3360.05,3384.81,219011008,25688882.0,-
2017-09-12,3381.49,3379.49,3.07,0.09%,3370.85,3391.07,272910304,32502494.0,-
2017-09-13,3374.72,3384.15,4.66,0.14%,3366.54,3387.14,194550720,23073342.0,-
2017-09-14,3383.47,3371.43,-12.72,-0.38%,3361.33,3391.64,221306496,25674442.0,-
2017-09-15,3365.15,3353.62,-17.81,-0.53%,3345.33,3365.53,219765824,25291068.0,-
2017-09-18,3352.51,3362.86,9.24,0.28%,3352.51,3371.75,190319680,22793864.0,-
2017-09-19,3365.53,3356.84,-6.01,-0.18%,3344.71,3370.4,191129680,22072874.0,-
2017-09-20,3352.18,3366.0,9.15,0.27%,3346.54,3370.1,192196672,22583908.0,-
2017-09-21,3364.7,3357.81,-8.18,-0.24%,3356.88,3377.88,197448704,23194612.0,-
2017-09-22,3347.16,3352.53,-5.28,-0.16%,3334.98,3356.45,179234000,20658346.0,-
2017-09-25,3344.59,3341.55,-10.98,-0.33%,3334.94,3350.96,169621296,20240170.0,-
2017-09-26,3336.35,3343.58,2.03,0.06%,3332.6,3347.16,132628592,15903964.0,-
2017-09-27,3340.82,3345.27,1.69,0.05%,3340.3,3349.69,143086944,16898134.0,-
2017-09-28,3343.84,3339.64,-5.63,-0.17%,3336.18,3344.6,149444304,18195562.0,-
2017-09-29,3340.31,3348.94,9.3,0.28%,3340.31,3357.02,144862448,17589282.0,-
2017-10-09,3403.25,3374.38,25.44,0.76%,3366.97,3410.17,191736048,22744060.0,-
2017-10-10,3373.34,3382.99,8.61,0.26%,3358.8,3384.03,179423840,23114862.0,-
2017-10-11,3381.49,3388.28,5.3,0.16%,3379.16,3395.78,181476704,23115450.0,-
2017-10-12,3385.53,3386.1,-2.18,-0.06%,3372.53,3390.2,161809376,20166788.0,-
2017-10-13,3384.49,3390.52,4.42,0.13%,3383.24,3395.75,139954752,18111846.0,-
2017-10-16,3393.21,3378.47,-12.05,-0.36%,3374.77,3400.51,174330608,22165068.0,-
2017-10-17,3373.23,3372.04,-6.43,-0.19%,3365.56,3382.41,125381728,16291083.0,-
2017-10-18,3373.53,3381.79,9.75,0.29%,3371.92,3383.23,157228784,19429878.0,-
2017-10-19,3374.64,3370.17,-11.62,-0.34%,3359.63,3378.74,158476496,18792128.0,-
2017-10-20,3363.51,3378.65,8.48,0.25%,3360.1,3379.77,127172856,15506509.0,-
2017-10-23,3382.28,3380.7,2.05,0.06%,3374.71,3385.29,130846288,16436945.0,-
2017-10-24,3376.6,3388.25,7.55,0.22%,3374.12,3388.69,139897504,17855288.0,-
2017-10-25,3384.86,3396.9,8.65,0.26%,3382.03,3398.3,123131216,16006070.0,-
2017-10-26,3397.52,3407.57,10.67,0.31%,3391.45,3414.24,183768624,23859612.0,-
2017-10-27,3404.5,3416.81,9.25,0.27%,3402.11,3421.1,170257168,21237720.0,-
2017-10-30,3413.87,3390.34,-26.48,-0.77%,3357.28,3419.73,208349280,25777664.0,-
2017-10-31,3381.0,3393.34,3.0,0.09%,3376.12,3397.1,153498208,19992958.0,-
2017-11-01,3393.97,3395.91,2.57,0.08%,3388.6,3410.35,180566112,23197838.0,-
2017-11-02,3391.65,3383.31,-12.6,-0.37%,3372.21,3391.65,166864272,21001498.0,-
2017-11-03,3377.74,3371.74,-11.57,-0.34%,3347.36,3380.57,172714784,20743794.0,-
2017-11-06,3369.69,3388.17,16.43,0.49%,3356.53,3389.38,154636480,20431124.0,-
2017-11-07,3389.47,3413.57,25.4,0.75%,3387.95,3415.15,190571744,24259596.0,-
2017-11-08,3409.15,3415.46,1.89,0.06%,3404.88,3434.49,185436464,24202560.0,-
2017-11-09,3410.67,3427.79,12.33,0.36%,3408.62,3428.77,158650432,20543366.0,-
2017-11-10,3423.18,3432.67,4.88,0.14%,3414.33,3438.79,189276512,25577212.0,-
2017-11-13,3435.18,3447.84,15.16,0.44%,3435.08,3449.16,205389040,26673812.0,-
2017-11-14,3446.55,3429.55,-18.29,-0.53%,3419.69,3450.49,196472672,26743542.0,-
2017-11-15,3416.21,3402.52,-27.02,-0.79%,3396.38,3423.75,168792080,23973420.0,-
2017-11-16,3393.19,3399.25,-3.27,-0.10%,3390.59,3409.65,156684336,22086246.0,-
2017-11-17,3392.68,3382.91,-16.34,-0.48%,3373.3,3403.29,249458160,31375036.0,-
2017-11-20,3361.36,3392.4,9.49,0.28%,3337.12,3393.11,176524672,22830814.0,-
2017-11-21,3382.36,3410.5,18.1,0.53%,3377.6,3419.8,196871808,26530386.0,-
2017-11-22,3417.33,3430.46,19.97,0.59%,3404.29,3442.18,213567104,27367474.0,-
2017-11-23,3425.01,3351.92,-78.55,-2.29%,3342.33,3429.42,215265408,27046902.0,-
2017-11-24,3340.38,3353.82,1.9,0.06%,3328.33,3360.75,159569664,20762388.0,-
2017-11-27,3346.66,3322.23,-31.59,-0.94%,3315.26,3347.05,166439168,20580340.0,-
2017-11-28,3311.23,3333.66,11.43,0.34%,3300.78,3333.8,138247808,16706293.0,-
2017-11-29,3335.57,3337.86,4.2,0.13%,3305.57,3343.06,183805936,21776944.0,-
2017-11-30,3328.64,3317.19,-20.67,-0.62%,3306.28,3340.92,156595856,19207680.0,-
2017-12-01,3315.1,3317.62,0.43,0.01%,3302.44,3324.52,139198304,17749026.0,-
2017-12-04,3310.38,3309.62,-8.0,-0.24%,3304.1,3324.0,148053296,18502536.0,-
2017-12-05,3301.69,3303.68,-5.94,-0.18%,3300.51,3315.74,208278848,24348960.0,-
2017-12-06,3291.31,3293.96,-9.71,-0.29%,3254.61,3296.2,151604448,17917438.0,-
2017-12-07,3283.28,3272.05,-21.91,-0.67%,3259.16,3291.28,132105904,16176459.0,-
2017-12-08,3264.48,3289.99,17.94,0.55%,3258.76,3297.13,133209312,16576165.0,-
2017-12-11,3290.49,3322.2,32.2,0.98%,3288.29,3322.67,131965984,17298644.0,-
2017-12-12,3320.31,3280.81,-41.38,-1.25%,3280.33,3320.31,124604824,16097862.0,-
2017-12-13,3278.4,3303.04,22.22,0.68%,3273.32,3304.01,111998648,14529531.0,-
2017-12-14,3302.93,3292.44,-10.6,-0.32%,3282.57,3309.53,120544232,15134609.0,-
2017-12-15,3287.53,3266.14,-26.3,-0.80%,3259.39,3287.53,130940624,16187792.0,-
2017-12-18,3268.03,3267.92,1.79,0.05%,3254.18,3280.54,120700384,14973823.0,-
2017-12-19,3266.02,3296.54,28.62,0.88%,3266.02,3296.94,115140136,15078659.0,-
2017-12-20,3296.74,3287.61,-8.93,-0.27%,3276.12,3300.21,137745120,16796186.0,-
2017-12-21,3281.12,3300.06,12.45,0.38%,3267.4,3309.22,142127920,17374010.0,-
2017-12-22,3297.69,3297.06,-3.0,-0.09%,3293.44,3307.33,124047328,15209944.0,-
2017-12-25,3296.21,3280.46,-16.6,-0.50%,3270.44,3312.3,146893632,17729360.0,-
2017-12-26,3277.84,3306.12,25.66,0.78%,3274.33,3307.3,142434496,17467926.0,-
2017-12-27,3302.46,3275.78,-30.34,-0.92%,3270.35,3307.08,162674896,19826466.0,-
2017-12-28,3272.29,3296.38,20.6,0.63%,3263.73,3304.1,175371680,20801986.0,-
2017-12-29,3295.25,3307.17,10.79,0.33%,3292.77,3308.22,141586832,17035676.0,-
2018-01-02,3314.03,3348.33,41.15,1.24%,3314.03,3349.05,202278848,22778846.0,-
2018-01-03,3347.74,3369.11,20.78,0.62%,3345.29,3379.92,213836144,25836652.0,-
2018-01-04,3371.0,3385.71,16.6,0.49%,3365.3,3392.83,206955296,24309076.0,-
2018-01-05,3386.46,3391.75,6.04,0.18%,3380.25,3402.07,213060688,24818784.0,-
2018-01-08,3391.55,3409.48,17.73,0.52%,3384.56,3412.73,236165104,28621322.0,-
2018-01-09,3406.11,3413.9,4.42,0.13%,3403.59,3417.23,191488560,23824996.0,-
2018-01-10,3414.11,3421.83,7.93,0.23%,3398.84,3430.21,209095008,25451544.0,-
2018-01-11,3415.58,3425.34,3.51,0.10%,3405.64,3426.48,173812144,21841414.0,-
2018-01-12,3423.88,3428.94,3.6,0.10%,3417.98,3435.42,174063408,21596146.0,-
2018-01-15,3428.95,3410.49,-18.45,-0.54%,3402.31,3442.5,232009280,28636274.0,-
2018-01-16,3403.47,3436.59,26.11,0.77%,3401.96,3437.58,211475472,26657882.0,-
2018-01-17,3438.58,3444.67,8.08,0.24%,3430.51,3465.2,261045024,31653268.0,-
2018-01-18,3449.88,3474.75,30.08,0.87%,3448.79,3476.55,220039552,26769264.0,-
2018-01-19,3481.62,3487.86,13.11,0.38%,3474.29,3498.43,247536736,29418908.0,-
2018-01-22,3476.99,3501.36,13.5,0.39%,3475.67,3503.39,217487520,26129572.0,-
2018-01-23,3504.34,3546.5,45.14,1.29%,3504.34,3547.22,238705904,28209188.0,-
2018-01-24,3553.48,3559.47,12.96,0.37%,3527.11,3569.49,252954496,30762922.0,-
2018-01-25,3555.17,3548.31,-11.16,-0.31%,3528.03,3571.48,243413424,28798954.0,-
2018-01-26,3535.49,3558.13,9.82,0.28%,3534.2,3574.9,222698288,25814952.0,-
2018-01-29,3563.64,3523.0,-35.13,-0.99%,3510.27,3587.03,236026960,28541702.0,-
2018-01-30,3511.5,3488.01,-34.99,-0.99%,3484.66,3523.05,186369968,22468168.0,-
2018-01-31,3470.51,3480.83,-7.18,-0.21%,3454.73,3495.45,207253408,24265796.0,-
2018-02-01,3478.67,3446.98,-33.85,-0.97%,3424.42,3495.09,260504704,29288226.0,-
2018-02-02,3419.22,3462.08,15.1,0.44%,3388.86,3463.16,208120544,23627876.0,-
2018-02-05,3411.67,3487.5,25.42,0.73%,3406.24,3487.72,217673744,25219876.0,-
2018-02-06,3418.01,3370.65,-116.84,-3.35%,3364.22,3440.12,280555488,31881854.0,-
2018-02-07,3412.74,3309.26,-61.39,-1.82%,3304.01,3425.54,260939712,29526442.0,-
2018-02-08,3281.05,3262.05,-47.21,-1.43%,3225.71,3307.16,201262496,22234868.0,-
2018-02-09,3172.85,3129.85,-132.2,-4.05%,3062.74,3180.11,256389184,27209508.0,-
2018-02-12,3128.37,3154.13,24.27,0.78%,3113.61,3168.13,153310832,17100318.0,-
2018-02-13,3176.11,3184.96,30.83,0.98%,3176.11,3219.22,151527600,17204520.0,-
2018-02-14,3188.25,3199.16,14.2,0.45%,3171.38,3203.5,100322824,11455220.0,-
2018-02-22,3237.57,3268.56,69.4,2.17%,3234.12,3269.92,138730448,15730388.0,-
2018-02-23,3275.43,3289.02,20.47,0.63%,3258.49,3294.13,145790368,15950252.0,-
2018-02-26,3307.29,3329.57,40.55,1.23%,3281.61,3335.99,188568592,21333304.0,-
2018-02-27,3328.67,3292.07,-37.51,-1.13%,3284.63,3328.67,174219360,20439438.0,-
2018-02-28,3264.06,3259.41,-32.66,-0.99%,3239.84,3277.83,151043536,18023382.0,-
2018-03-01,3235.09,3273.75,14.35,0.44%,3228.58,3280.15,159098320,18527778.0,-
2018-03-02,3248.45,3254.53,-19.23,-0.59%,3242.27,3269.94,150861072,17860300.0,-
2018-03-05,3255.87,3256.93,2.4,0.07%,3236.72,3269.4,144835984,17414864.0,-
2018-03-06,3266.49,3289.64,32.72,1.00%,3243.65,3290.25,195358048,22438180.0,-
2018-03-07,3288.86,3271.67,-17.97,-0.55%,3264.76,3308.41,168665024,19348934.0,-
2018-03-08,3268.35,3288.41,16.74,0.51%,3261.55,3289.5,149827520,17589540.0,-
2018-03-09,3291.43,3307.17,18.76,0.57%,3283.56,3309.72,168424512,20234918.0,-
2018-03-12,3319.21,3326.7,19.53,0.59%,3313.56,3333.56,206532448,24789418.0,-
2018-03-13,3324.12,3310.24,-16.46,-0.49%,3307.38,3333.88,177114352,20237512.0,-
2018-03-14,3298.67,3291.38,-18.86,-0.57%,3287.36,3304.98,157491088,18345762.0,-
2018-03-15,3277.51,3291.11,-0.27,-0.01%,3273.2,3297.1,148573600,17951662.0,-
2018-03-16,3290.21,3269.88,-21.23,-0.65%,3269.28,3300.57,141203648,16776153.0,-
2018-03-19,3264.93,3279.25,9.37,0.29%,3251.05,3280.57,137954976,16977220.0,-
2018-03-20,3257.22,3290.64,11.39,0.35%,3252.43,3292.57,139881088,16697988.0,-
2018-03-21,3299.73,3280.95,-9.69,-0.29%,3268.88,3314.21,168398272,20861768.0,-
2018-03-22,3281.26,3263.48,-17.47,-0.53%,3242.76,3288.8,150432976,18447174.0,-
2018-03-23,3172.77,3152.76,-110.72,-3.39%,3110.66,3188.24,275532032,29340506.0,-
2018-03-26,3117.32,3133.72,-19.04,-0.60%,3091.46,3134.28,186366336,21591026.0,-
2018-03-27,3164.8,3166.65,32.93,1.05%,3143.57,3172.78,189073392,22708510.0,-
2018-03-28,3130.57,3122.29,-44.36,-1.40%,3117.53,3165.21,163500496,20861784.0,-
2018-03-29,3127.26,3160.53,38.24,1.22%,3098.25,3174.51,170312384,21092022.0,-
2018-03-30,3161.79,3168.9,8.37,0.26%,3152.89,3177.72,154646592,19600670.0,-
2018-04-02,3169.78,3163.18,-5.72,-0.18%,3159.99,3192.34,177727776,22625358.0,-
2018-04-03,3130.01,3136.63,-26.55,-0.84%,3119.13,3144.33,152216672,18969272.0,-
2018-04-04,3147.05,3131.11,-5.52,-0.18%,3128.87,3163.34,146976688,19349282.0,-
2018-04-09,3125.44,3138.29,7.18,0.23%,3110.3,3146.09,139608624,17723692.0,-
2018-04-10,3144.26,3190.32,52.03,1.66%,3139.08,3190.65,168201360,20608740.0,-
2018-04-11,3197.37,3208.08,17.76,0.56%,3191.59,3220.85,175867184,21142044.0,-
2018-04-12,3203.28,3180.16,-27.92,-0.87%,3177.05,3205.25,148231312,18504006.0,-
2018-04-13,3192.04,3159.05,-21.11,-0.66%,3155.51,3197.9,127552304,16365175.0,-
2018-04-16,3152.89,3110.65,-48.4,-1.53%,3096.1,3153.11,154415696,19223336.0,-
2018-04-17,3112.97,3066.8,-43.85,-1.41%,3064.03,3118.76,147222848,18542804.0,-
2018-04-18,3091.91,3091.4,24.6,0.80%,3041.62,3096.89,159290496,20223896.0,-
2018-04-19,3094.27,3117.38,25.98,0.84%,3090.29,3127.44,160056800,19619898.0,-
2018-04-20,3105.46,3071.54,-45.83,-1.47%,3065.92,3111.17,155147088,18513906.0,-
2018-04-23,3063.44,3068.01,-3.53,-0.11%,3045.94,3085.06,131686336,15785479.0,-
2018-04-24,3069.75,3128.93,60.92,1.99%,3069.75,3136.04,162274800,19554500.0,-
2018-04-25,3112.4,3117.97,-10.95,-0.35%,3107.0,3122.91,127311056,16129814.0,-
2018-04-26,3119.5,3075.03,-42.94,-1.38%,3067.93,3121.93,133972736,16378377.0,-
2018-04-27,3082.41,3082.23,7.2,0.23%,3049.91,3088.03,131225640,17952026.0,-
2018-05-02,3087.41,3081.18,-1.05,-0.03%,3064.76,3097.6,134184568,16824614.0,-
2018-05-03,3074.52,3100.86,19.68,0.64%,3056.16,3105.66,139985616,17344496.0,-
2018-05-04,3093.12,3091.03,-9.83,-0.32%,3086.78,3104.09,118711264,14843637.0,-
2018-05-07,3094.9,3136.64,45.61,1.48%,3091.66,3136.84,138948192,17824386.0,-
2018-05-08,3135.3,3161.5,24.85,0.79%,3134.06,3169.7,146927056,18901164.0,-
2018-05-09,3160.14,3159.15,-2.35,-0.07%,3145.66,3165.37,122637272,15345643.0,-
2018-05-10,3169.05,3174.41,15.26,0.48%,3155.53,3176.14,133000752,16544036.0,-
2018-05-11,3179.8,3163.26,-11.15,-0.35%,3162.21,3180.76,130659744,16736430.0,-
2018-05-14,3167.04,3174.03,10.77,0.34%,3163.48,3183.82,129327352,17241068.0,-
2018-05-15,3180.42,3192.12,18.09,0.57%,3164.52,3192.81,124549048,16299078.0,-
2018-05-16,3180.23,3169.57,-22.55,-0.71%,3166.81,3191.95,130524968,17459098.0,-
2018-05-17,3170.01,3154.28,-15.28,-0.48%,3148.62,3172.77,113995568,15059884.0,-
2018-05-18,3151.08,3193.3,39.02,1.24%,3144.78,3193.45,136516912,16803806.0,-
2018-05-21,3206.18,3213.84,20.54,0.64%,3203.34,3219.74,164459424,20266346.0,-
2018-05-22,3211.25,3214.35,0.51,0.02%,3192.23,3214.59,144292672,18572166.0,-
2018-05-23,3205.44,3168.96,-45.39,-1.41%,3168.96,3205.44,157807648,19935810.0,-
2018-05-24,3167.94,3154.65,-14.31,-0.45%,3152.07,3173.53,124085800,16065818.0,-
2018-05-25,3148.41,3141.3,-13.35,-0.42%,3131.07,3156.73,128610848,16655404.0,-
2018-05-28,3136.81,3135.08,-6.22,-0.20%,3115.96,3149.66,128755920,16819126.0,-
2018-05-29,3129.62,3120.46,-14.62,-0.47%,3112.15,3143.21,135717792,17782610.0,-
2018-05-30,3081.14,3041.44,-79.02,-2.53%,3041.0,3085.4,155115136,19199520.0,-
2018-05-31,3061.83,3095.47,54.03,1.78%,3054.27,3098.08,140475536,18519904.0,-
2018-06-01,3084.75,3075.14,-20.34,-0.66%,3059.79,3102.09,129872200,16654888.0,-
2018-06-04,3083.43,3091.19,16.05,0.52%,3076.99,3098.4,114593904,15467161.0,-
2018-06-05,3088.01,3114.21,23.01,0.74%,3080.05,3114.77,118735592,16480631.0,-
2018-06-06,3109.17,3115.18,0.97,0.03%,3103.53,3117.53,120196136,16287996.0,-
2018-06-07,3121.18,3109.5,-5.68,-0.18%,3105.58,3128.72,127784968,16717431.0,-
2018-06-08,3100.6,3067.15,-42.35,-1.36%,3053.29,3100.68,134688208,16117878.0,-
2018-06-11,3057.34,3052.78,-14.36,-0.47%,3037.91,3063.61,108563784,14303732.0,-
2018-06-12,3053.03,3079.8,27.02,0.89%,3034.1,3081.45,113275096,15446909.0,-
2018-06-13,3071.46,3049.8,-30.01,-0.97%,3044.12,3071.46,119607888,15593526.0,-
2018-06-14,3038.07,3044.16,-5.64,-0.18%,3032.41,3066.05,115469488,14758883.0,-
2018-06-15,3037.45,3021.9,-22.26,-0.73%,3008.73,3048.8,144532576,16219601.0,-
2018-06-19,2982.65,2907.82,-114.08,-3.78%,2871.35,2984.97,230550064,24120364.0,-
2018-06-20,2889.98,2915.73,7.91,0.27%,2872.16,2925.56,144301424,15333428.0,-
2018-06-21,2912.0,2875.81,-39.92,-1.37%,2872.62,2940.59,154378336,15971317.0,-
2018-06-22,2855.58,2889.76,13.95,0.49%,2837.14,2891.97,126143128,12716148.0,-
2018-06-25,2903.45,2859.34,-30.42,-1.05%,2857.87,2908.62,121917688,13235047.0,-
2018-06-26,2829.99,2844.51,-14.83,-0.52%,2803.79,2850.24,125918464,13844724.0,-
2018-06-27,2842.4,2813.18,-31.33,-1.10%,2798.8,2854.26,129420832,14241350.0,-
2018-06-28,2799.9,2786.9,-26.28,-0.93%,2782.45,2825.99,118357904,12968743.0,-
2018-06-29,2789.81,2847.42,60.52,2.17%,2782.38,2848.37,125671680,13565238.0,-
2018-07-02,2841.58,2775.56,-71.86,-2.52%,2756.81,2845.68,137035040,14756276.0,-
2018-07-03,2774.57,2786.89,11.33,0.41%,2722.45,2786.89,142498464,16166802.0,-
2018-07-04,2776.63,2759.13,-27.76,-1.00%,2754.16,2793.18,123262176,13101616.0,-
2018-07-05,2755.34,2733.88,-25.24,-0.91%,2727.94,2777.52,129226120,13299367.0,-
2018-07-06,2731.35,2747.23,13.35,0.49%,2691.02,2768.87,136294384,14819303.0,-
2018-07-09,2752.45,2815.11,67.88,2.47%,2752.45,2815.79,121549312,13565452.0,-
2018-07-10,2819.71,2827.63,12.52,0.44%,2800.62,2828.49,117062752,13263312.0,-
2018-07-11,2780.7,2777.77,-49.85,-1.76%,2752.44,2794.36,126821152,13831817.0,-
2018-07-12,2771.04,2837.66,59.89,2.16%,2771.04,2844.19,146980192,17031908.0,-
2018-07-13,2831.43,2831.18,-6.47,-0.23%,2818.85,2835.46,117689344,14630088.0,-
2018-07-16,2827.08,2814.04,-17.14,-0.61%,2804.49,2837.51,107767152,12941119.0,-
2018-07-17,2806.89,2798.13,-15.92,-0.57%,2774.76,2806.92,105409216,12403519.0,-
2018-07-18,2801.78,2787.26,-10.87,-0.39%,2786.04,2818.4,120961168,13855715.0,-
2018-07-19,2791.02,2772.55,-14.71,-0.53%,2764.49,2805.01,114486496,12937457.0,-
2018-07-20,2769.75,2829.27,56.73,2.05%,2753.84,2837.86,145907696,15566112.0,-
2018-07-23,2815.2,2859.54,30.27,1.07%,2809.62,2863.57,173382800,18699686.0,-
2018-07-24,2862.27,2905.56,46.02,1.61%,2862.27,2911.46,229578304,22870188.0,-
2018-07-25,2911.45,2903.65,-1.92,-0.07%,2894.04,2912.31,167800208,16641208.0,-
2018-07-26,2905.79,2882.23,-21.42,-0.74%,2875.7,2915.3,168428208,15749669.0,-
2018-07-27,2879.69,2873.59,-8.63,-0.30%,2864.11,2889.69,146371616,13241937.0,-
2018-07-30,2871.94,2869.05,-4.54,-0.16%,2850.3,2896.01,151652256,14598858.0,-
2018-07-31,2866.9,2876.4,7.35,0.26%,2854.32,2884.68,118931120,11952877.0,-
2018-08-01,2882.51,2824.53,-51.87,-1.80%,2823.93,2897.4,149514352,15169287.0,-
2018-08-02,2815.34,2768.02,-56.51,-2.00%,2726.48,2815.34,174179008,16976932.0,-
2018-08-03,2763.4,2740.44,-27.58,-1.00%,2740.43,2777.66,127006360,12913469.0,-
2018-08-06,2736.53,2705.16,-35.29,-1.29%,2692.32,2760.47,129753056,13299380.0,-
2018-08-07,2711.74,2779.37,74.22,2.74%,2696.04,2779.37,149579744,14725949.0,-
2018-08-08,2771.13,2744.07,-35.3,-1.27%,2741.07,2779.91,147688720,13996976.0,-
2018-08-09,2729.58,2794.38,50.31,1.83%,2726.22,2801.66,151660336,15107988.0,-
2018-08-10,2791.4,2795.31,0.93,0.03%,2777.51,2806.11,121532232,12311260.0,-
2018-08-13,2769.02,2785.87,-9.44,-0.34%,2742.56,2789.8,127532240,12946054.0,-
2018-08-14,2780.74,2780.96,-4.91,-0.18%,2766.57,2789.44,109571072,11246540.0,-
2018-08-15,2777.25,2723.26,-57.71,-2.08%,2721.24,2777.7,116161792,11870768.0,-
2018-08-16,2691.43,2705.19,-18.07,-0.66%,2672.74,2732.95,120277880,11758100.0,-
2018-08-17,2723.89,2668.97,-36.23,-1.34%,2665.59,2730.33,112445296,11549939.0,-
2018-08-20,2673.07,2698.47,29.5,1.11%,2653.11,2698.47,110784160,11404761.0,-
2018-08-21,2700.34,2733.83,35.36,1.31%,2696.29,2739.17,113586840,12226022.0,-
2018-08-22,2731.96,2714.61,-19.22,-0.70%,2709.06,2731.96,93664648,9846397.0,-
2018-08-23,2714.87,2724.62,10.02,0.37%,2700.8,2736.01,98446472,10782602.0,-
2018-08-24,2717.08,2729.43,4.81,0.18%,2705.32,2748.82,100516272,10266580.0,-
2018-08-27,2736.32,2780.9,51.47,1.89%,2736.32,2780.9,132762584,14142969.0,-
2018-08-28,2782.29,2777.98,-2.92,-0.10%,2769.4,2791.39,118749368,12511858.0,-
2018-08-29,2774.86,2769.29,-8.69,-0.31%,2762.35,2778.54,100156928,10122066.0,-
2018-08-30,2769.33,2737.74,-31.56,-1.14%,2736.35,2780.53,106060944,10640040.0,-
2018-08-31,2730.11,2725.25,-12.49,-0.46%,2710.54,2744.63,109758744,11481335.0,-
2018-09-03,2716.4,2720.73,-4.52,-0.17%,2692.36,2722.85,102213008,10481769.0,-
2018-09-04,2720.65,2750.58,29.85,1.10%,2712.38,2756.61,109010312,11370888.0,-
2018-09-05,2741.38,2704.34,-46.24,-1.68%,2704.34,2745.47,105002272,10726945.0,-
2018-09-06,2697.58,2691.59,-12.74,-0.47%,2683.74,2719.41,99017832,10626608.0,-
2018-09-07,2696.68,2702.3,10.71,0.40%,2683.72,2728.55,107523296,11384007.0,-
2018-09-10,2698.01,2669.48,-32.82,-1.21%,2667.32,2703.43,103559168,10286072.0,-
2018-09-11,2668.49,2664.8,-4.68,-0.18%,2652.7,2680.57,99865952,9688458.0,-
2018-09-12,2659.74,2656.11,-8.69,-0.33%,2647.17,2672.07,90026760,9344821.0,-
2018-09-13,2679.21,2686.58,30.47,1.15%,2653.19,2689.06,107335016,11246414.0,-
2018-09-14,2688.78,2681.64,-4.94,-0.18%,2675.29,2694.92,100005008,10499236.0,-
2018-09-17,2671.29,2651.79,-29.85,-1.11%,2647.92,2671.29,88238888,8696260.0,-
2018-09-18,2644.3,2699.95,48.16,1.82%,2644.3,2700.19,115767992,11303189.0,-
2018-09-19,2694.8,2730.85,30.9,1.14%,2690.99,2746.08,141550320,14010701.0,-
2018-09-20,2732.17,2729.24,-1.61,-0.06%,2724.08,2743.96,111387464,10487587.0,-
2018-09-21,2733.87,2797.48,68.24,2.50%,2722.03,2797.49,158016640,14897635.0,-
2018-09-25,2775.07,2781.14,-16.35,-0.58%,2771.16,2790.03,111983176,10852805.0,-
2018-09-26,2785.32,2806.81,25.67,0.92%,2783.34,2827.34,139567712,14505878.0,-
2018-09-27,2805.79,2791.77,-15.04,-0.54%,2786.32,2810.51,123997696,12344771.0,-
2018-09-28,2794.26,2821.35,29.58,1.06%,2791.84,2821.76,134290448,12536999.0,-
2018-10-08,2768.21,2716.51,-104.84,-3.72%,2710.18,2771.94,149501392,14153155.0,-
2018-10-09,2713.73,2721.01,4.5,0.17%,2711.2,2734.31,116771904,11029246.0,-
2018-10-10,2723.72,2725.84,4.82,0.18%,2703.06,2743.55,113485728,11131245.0,-
2018-10-11,2643.07,2583.46,-142.38,-5.22%,2560.32,2661.29,197150704,17005776.0,-
2018-10-12,2574.04,2606.91,23.46,0.91%,2536.67,2615.92,170081632,14280321.0,-
2018-10-15,2605.91,2568.1,-38.81,-1.49%,2564.74,2611.97,118576200,10521474.0,-
2018-10-16,2567.76,2546.33,-21.77,-0.85%,2536.44,2597.72,119419144,10679225.0,-
2018-10-17,2574.31,2561.61,15.28,0.60%,2517.57,2582.55,129954000,11738835.0,-
2018-10-18,2544.91,2486.42,-75.2,-2.94%,2485.62,2544.91,125428512,10657676.0,-
2018-10-19,2460.08,2550.47,64.05,2.58%,2449.2,2553.39,147323552,13009592.0,-
2018-10-22,2565.64,2654.88,104.41,4.09%,2565.64,2675.41,211888448,19730980.0,-
2018-10-23,2652.65,2594.83,-60.05,-2.26%,2583.26,2659.81,178343552,16691941.0,-
2018-10-24,2579.97,2603.3,8.47,0.33%,2577.77,2640.4,160060400,14208216.0,-
2018-10-25,2540.93,2603.8,0.5,0.02%,2531.53,2606.1,162032976,13763019.0,-
2018-10-26,2610.9,2598.85,-4.95,-0.19%,2580.85,2626.12,158936112,13341549.0,-
2018-10-29,2593.59,2542.1,-56.74,-2.18%,2529.19,2595.54,134241920,12250004.0,-
2018-10-30,2538.57,2568.05,25.94,1.02%,2521.78,2586.92,166682304,15238593.0,-
2018-10-31,2573.01,2602.78,34.74,1.35%,2567.03,2612.92,180550352,15489473.0,-
2018-11-01,2617.03,2606.24,3.45,0.13%,2603.65,2636.8,200903920,18025380.0,-
2018-11-02,2649.25,2676.48,70.24,2.70%,2628.87,2676.48,225026928,20786156.0,-
2018-11-05,2665.43,2665.43,-11.05,-0.41%,2639.27,2673.19,193760096,16858892.0,-
2018-11-06,2660.72,2659.36,-6.07,-0.23%,2635.32,2660.86,163669488,13880094.0,-
2018-11-07,2659.84,2641.34,-18.01,-0.68%,2639.25,2675.68,173201984,14726182.0,-
2018-11-08,2660.09,2635.63,-5.71,-0.22%,2632.3,2662.37,159635488,12866882.0,-
2018-11-09,2621.24,2598.87,-36.76,-1.39%,2598.16,2621.24,152446304,12126049.0,-
2018-11-12,2593.2,2630.52,31.65,1.22%,2590.21,2631.17,175031312,14235143.0,-
2018-11-13,2600.5,2654.88,24.36,0.93%,2597.35,2666.49,249282432,18960724.0,-
2018-11-14,2648.31,2632.24,-22.64,-0.85%,2627.96,2658.31,238449360,17697044.0,-
2018-11-15,2632.14,2668.17,35.93,1.36%,2631.89,2668.17,207848720,17188250.0,-
2018-11-16,2669.78,2679.11,10.94,0.41%,2657.03,2695.57,242198848,20498360.0,-
2018-11-19,2681.9,2703.51,24.4,0.91%,2674.18,2703.51,231662816,19656272.0,-
2018-11-20,2684.29,2645.85,-57.66,-2.13%,2643.36,2690.83,215891312,18087042.0,-
2018-11-21,2619.82,2651.51,5.65,0.21%,2617.78,2653.8,182596448,14937578.0,-
2018-11-22,2655.9,2645.43,-6.07,-0.23%,2634.48,2658.0,149309056,12557017.0,-
2018-11-23,2640.67,2579.48,-65.95,-2.49%,2577.35,2642.04,191474544,14997565.0,-
2018-11-26,2580.84,2575.81,-3.67,-0.14%,2568.04,2595.0,134314544,10815809.0,-
2018-11-27,2585.83,2574.68,-1.13,-0.04%,2566.17,2592.54,123658432,10222656.0,-
2018-11-28,2575.45,2601.74,27.06,1.05%,2561.56,2601.96,145963472,11957849.0,-
2018-11-29,2613.78,2567.44,-34.29,-1.32%,2567.44,2617.55,157168736,12947245.0,-
2018-11-30,2564.56,2588.19,20.74,0.81%,2555.32,2590.21,139329024,11221982.0,-
2018-12-03,2647.13,2654.8,66.61,2.57%,2629.18,2665.3,207478944,18783180.0,-
2018-12-04,2651.56,2665.96,11.16,0.42%,2644.9,2666.08,167940560,14414340.0,-
2018-12-05,2629.83,2649.81,-16.15,-0.61%,2625.91,2660.39,154502048,13373021.0,-
2018-12-06,2629.82,2605.18,-44.62,-1.68%,2603.13,2633.68,141661648,12909298.0,-
2018-12-07,2609.34,2605.89,0.71,0.03%,2599.28,2614.58,109074992,9772766.0,-
2018-12-10,2589.19,2584.58,-21.31,-0.82%,2576.24,2599.76,113199664,9914814.0,-
2018-12-11,2587.01,2594.09,9.51,0.37%,2583.2,2596.15,101304360,8540412.0,-
2018-12-12,2608.11,2602.15,8.06,0.31%,2595.07,2610.01,103518304,8899820.0,-
2018-12-13,2607.14,2634.05,31.9,1.23%,2599.46,2645.84,150738112,13239611.0,-
2018-12-17,2587.26,2597.97,4.23,0.16%,2573.87,2598.97,117363248,10296085.0,-
2018-12-18,2583.63,2576.65,-21.32,-0.82%,2563.57,2599.15,117033368,9930654.0,-
2018-12-19,2578.68,2549.56,-27.09,-1.05%,2547.08,2579.87,107661792,9371318.0,-
2018-12-20,2544.51,2536.27,-13.3,-0.52%,2516.02,2554.86,120566496,10350499.0,-
2018-12-21,2526.55,2516.25,-20.02,-0.79%,2498.69,2527.42,115671200,10136062.0,-
2018-12-24,2506.74,2527.01,10.76,0.43%,2500.44,2529.44,97339856,8576093.0,-
2018-12-25,2503.95,2504.82,-22.19,-0.88%,2462.84,2513.96,140670560,11476601.0,-
2018-12-26,2501.12,2498.29,-6.53,-0.26%,2492.08,2513.83,108799632,9398954.0,-
2018-12-27,2527.72,2483.09,-15.21,-0.61%,2483.09,2532.0,135406848,11247976.0,-
2018-12-28,2483.62,2493.9,10.81,0.44%,2478.32,2505.11,119245248,10598085.0,-
2019-01-02,2497.88,2465.29,-28.61,-1.15%,2456.42,2500.28,109932008,9759257.0,-
2019-01-03,2461.78,2464.36,-0.93,-0.04%,2455.93,2488.48,124397496,10692279.0,-
2019-01-04,2446.02,2514.87,50.51,2.05%,2440.91,2515.32,168877664,13929867.0,-
2019-01-07,2528.7,2533.09,18.22,0.72%,2515.51,2536.98,177305008,14551323.0,-
2019-01-08,2530.3,2526.46,-6.63,-0.26%,2520.16,2531.34,158099184,12337904.0,-
2019-01-09,2536.42,2544.34,17.88,0.71%,2536.16,2574.41,191887936,16081253.0,-
2019-01-10,2543.85,2535.1,-9.25,-0.36%,2531.66,2551.83,159874320,13269233.0,-
2019-01-11,2539.55,2553.83,18.73,0.74%,2533.36,2554.79,149444096,12237566.0,-
2019-01-14,2553.33,2535.77,-18.07,-0.71%,2533.01,2556.29,144825472,11624342.0,-
2019-01-15,2537.37,2570.34,34.58,1.36%,2532.43,2571.5,160265536,13737498.0,-
2019-01-16,2569.07,2570.42,0.08,0.00%,2563.01,2574.24,149301536,12687631.0,-
2019-01-17,2573.58,2559.64,-10.79,-0.42%,2557.71,2582.56,162468144,12754613.0,-
2019-01-18,2567.74,2596.01,36.37,1.42%,2565.9,2598.88,190767232,15127042.0,-
2019-01-21,2599.06,2610.51,14.5,0.56%,2599.06,2618.98,163425120,13991549.0,-
2019-01-22,2609.64,2579.7,-30.81,-1.18%,2573.06,2609.64,152537776,12299543.0,-
2019-01-23,2575.26,2581.0,1.3,0.05%,2572.41,2589.51,131426792,10510132.0,-
2019-01-24,2584.65,2591.69,10.69,0.41%,2569.7,2597.29,154042048,13157504.0,-
2019-01-25,2596.26,2601.72,10.03,0.39%,2595.63,2617.0,159394032,13541517.0,-
2019-01-28,2615.71,2596.98,-4.75,-0.18%,2591.1,2630.32,146981760,12746564.0,-
2019-01-29,2592.35,2594.25,-2.72,-0.10%,2559.98,2601.74,155581120,12674905.0,-
2019-01-30,2584.75,2575.58,-18.68,-0.72%,2575.41,2598.81,120502568,10110393.0,-
2019-01-31,2581.33,2584.57,9.0,0.35%,2571.58,2606.63,154303872,12601324.0,-
2019-02-01,2597.78,2618.23,33.66,1.30%,2590.55,2618.48,131986848,11152263.0,-
2019-02-11,2613.17,2653.9,35.66,1.36%,2613.17,2654.1,154898864,13730719.0,-
2019-02-12,2654.03,2671.89,18.0,0.68%,2648.83,2674.48,184101168,15674153.0,-
2019-02-13,2674.52,2721.07,49.17,1.84%,2666.52,2727.07,243794000,20712532.0,-
2019-02-14,2715.54,2719.7,-1.37,-0.05%,2707.49,2729.46,197037344,17033084.0,-
2019-02-15,2712.79,2682.39,-37.31,-1.37%,2679.78,2715.63,196004272,16982326.0,-
2019-02-18,2699.82,2754.36,71.97,2.68%,2699.82,2754.36,260436016,22418408.0,-
2019-02-19,2759.5,2755.65,1.29,0.05%,2737.59,2780.78,288046272,24712106.0,-
2019-02-20,2761.06,2761.22,5.57,0.20%,2739.98,2767.41,245972528,20544692.0,-
2019-02-21,2759.94,2751.8,-9.42,-0.34%,2744.98,2794.01,298649984,25303338.0,-
2019-02-22,2749.46,2804.23,52.42,1.91%,2736.33,2804.23,301481408,26451888.0,-
2019-02-25,2838.39,2961.28,157.06,5.60%,2838.39,2961.8,528658592,46599144.0,-
2019-02-26,2969.1,2941.52,-19.77,-0.67%,2938.62,2995.68,565558016,49239656.0,-
2019-02-27,2939.93,2953.82,12.31,0.42%,2924.64,2997.49,474976448,41183764.0,-
2019-02-28,2950.05,2940.95,-12.87,-0.44%,2930.2,2965.3,350206592,29876394.0,-
2019-03-01,2954.4,2994.0,53.05,1.80%,2930.83,2994.0,345786208,30733766.0,-
2019-03-04,3015.94,3027.58,33.57,1.12%,3006.94,3090.8,525649440,48060368.0,-
2019-03-05,3019.88,3054.25,26.67,0.88%,3009.45,3054.96,424142528,38276856.0,-
2019-03-06,3060.43,3102.1,47.85,1.57%,3050.11,3103.83,555006336,48547832.0,-
2019-03-07,3103.67,3106.42,4.32,0.14%,3074.98,3129.94,583817024,52572524.0,-
2019-03-08,3038.34,2969.86,-136.56,-4.40%,2969.58,3075.05,577855488,52559828.0,-
2019-03-11,2969.08,3026.99,57.13,1.92%,2963.58,3028.25,426213056,40436844.0,-
2019-03-12,3049.08,3060.31,33.31,1.10%,3029.9,3093.39,511173152,48706664.0,-
2019-03-13,3062.33,3026.95,-33.36,-1.09%,3013.93,3065.29,453214624,45124732.0,-
2019-03-14,3013.6,2990.69,-36.27,-1.20%,2968.82,3041.16,373141792,35624036.0,-
2019-03-15,3000.88,3021.75,31.07,1.04%,2999.43,3048.12,341206144,34472148.0,-
2019-03-18,3027.8,3096.42,74.67,2.47%,3009.51,3096.42,397797184,39846960.0,-
2019-03-19,3099.9,3090.98,-5.44,-0.18%,3076.36,3113.43,350908864,35321680.0,-
2019-03-20,3084.17,3090.64,-0.33,-0.01%,3053.45,3102.52,358557504,34929540.0,-
2019-03-21,3094.12,3101.46,10.81,0.35%,3086.85,3125.02,414251168,40393980.0,-
2019-03-22,3100.73,3104.15,2.69,0.09%,3064.88,3107.28,364848320,35667832.0,-
2019-03-25,3058.8,3043.03,-61.12,-1.97%,3041.95,3087.0,380278752,37537564.0,-
2019-03-26,3057.56,2997.1,-45.94,-1.51%,2988.49,3062.69,353498016,34144484.0,-
2019-03-27,3012.26,3022.72,25.62,0.85%,2987.77,3022.76,291390368,29507598.0,-
2019-03-28,3009.8,2994.94,-27.78,-0.92%,2991.78,3025.78,288106432,28955456.0,-
2019-03-29,3000.68,3090.76,95.81,3.20%,2999.99,3093.03,375083008,38669964.0,-
2019-04-01,3111.66,3170.36,79.6,2.58%,3111.66,3176.62,466124672,48008592.0,-
2019-04-02,3183.27,3176.82,6.46,0.20%,3164.91,3193.27,447068992,46266208.0,-
2019-04-03,3159.15,3216.3,39.47,1.24%,3152.33,3219.26,430548608,44262204.0,-
2019-04-04,3233.69,3246.57,30.28,0.94%,3216.85,3254.14,469117664,47515640.0,-
2019-04-08,3271.27,3244.81,-1.76,-0.05%,3210.52,3288.45,504518400,50643124.0,-
2019-04-09,3240.39,3239.66,-5.15,-0.16%,3215.7,3251.65,364169984,38027296.0,-
2019-04-10,3224.65,3241.93,2.27,0.07%,3204.88,3264.78,380134400,39566996.0,-
2019-04-11,3241.55,3189.96,-51.97,-1.60%,3185.55,3254.13,353031872,36068456.0,-
2019-04-12,3184.86,3188.63,-1.34,-0.04%,3168.04,3199.28,289788992,28890896.0,-
2019-04-15,3233.46,3177.79,-10.84,-0.34%,3177.27,3253.98,348809792,35566612.0,-
2019-04-16,3164.4,3253.6,75.81,2.39%,3153.21,3253.6,357918752,36016664.0,-
2019-04-17,3250.15,3263.12,9.52,0.29%,3239.8,3275.33,357541792,35450988.0,-
2019-04-18,3261.07,3250.2,-12.92,-0.40%,3241.83,3271.39,325539936,32350818.0,-
2019-04-19,3250.15,3270.8,20.6,0.63%,3226.81,3274.33,315198016,31513192.0,-
2019-04-22,3278.49,3215.04,-55.75,-1.70%,3206.88,3279.49,353217376,35915428.0,-
2019-04-23,3211.87,3198.59,-16.45,-0.51%,3186.76,3231.58,328361216,32487018.0,-
2019-04-24,3203.56,3201.61,3.02,0.09%,3156.61,3210.65,274872160,27841086.0,-
2019-04-25,3190.59,3123.83,-77.79,-2.43%,3123.03,3193.75,325879136,30907610.0,-
2019-04-26,3108.16,3086.4,-37.43,-1.20%,3085.8,3129.21,280873856,27477640.0,-
2019-04-29,3090.63,3062.5,-23.9,-0.77%,3050.03,3107.76,292114880,28906328.0,-
2019-04-30,3052.62,3078.34,15.84,0.52%,3052.62,3088.41,222302512,22549814.0,-
2019-05-06,2984.73,2906.46,-171.87,-5.58%,2876.47,2986.54,326972288,31433650.0,-
2019-05-07,2914.29,2926.39,19.93,0.69%,2889.07,2937.28,253281776,24544422.0,-
2019-05-08,2873.14,2893.76,-32.63,-1.12%,2866.7,2929.43,231530512,21889262.0,-
2019-05-09,2871.2,2850.95,-42.8,-1.48%,2845.04,2888.86,200041120,19744688.0,-
2019-05-10,2878.23,2939.21,88.26,3.10%,2838.38,2941.45,282306816,27417626.0,-
2019-05-13,2905.07,2903.71,-35.5,-1.21%,2892.17,2921.41,212029888,20262412.0,-
2019-05-14,2872.83,2883.61,-20.1,-0.69%,2872.83,2909.2,208345360,20122330.0,-
2019-05-15,2902.64,2938.68,55.07,1.91%,2902.64,2945.39,230519712,22626278.0,-
2019-05-16,2933.5,2955.71,17.03,0.58%,2929.06,2956.17,248385696,22620308.0,-
2019-05-17,2955.77,2882.3,-73.41,-2.48%,2873.8,2956.78,266301648,24787518.0,-
2019-05-20,2874.8,2870.6,-11.69,-0.41%,2838.45,2882.63,209472448,19921078.0,-
2019-05-21,2867.71,2905.97,35.36,1.23%,2862.5,2919.24,211387024,20277778.0,-
2019-05-22,2905.52,2891.7,-14.26,-0.49%,2879.64,2912.4,200026912,19362938.0,-
2019-05-23,2880.84,2852.52,-39.19,-1.36%,2846.96,2885.14,197340304,19286948.0,-
2019-05-24,2847.84,2852.99,0.48,0.02%,2846.02,2871.86,167205488,16268932.0,-
2019-05-27,2851.28,2892.38,39.38,1.38%,2833.04,2898.13,196720912,19376872.0,-
2019-05-28,2890.27,2909.91,17.53,0.61%,2887.08,2924.04,223310560,22725382.0,-
2019-05-29,2894.83,2914.7,4.79,0.16%,2890.66,2934.98,198958816,20285504.0,-
2019-05-30,2903.42,2905.81,-8.89,-0.31%,2881.38,2907.85,205758784,19710554.0,-
2019-05-31,2904.5,2898.7,-7.11,-0.24%,2895.58,2922.91,195230576,19128040.0,-
2019-06-03,2901.74,2890.08,-8.62,-0.30%,2875.9,2920.83,215943552,20807332.0,-
2019-06-04,2887.64,2862.28,-27.8,-0.96%,2851.97,2888.39,188463536,18111892.0,-
2019-06-05,2882.94,2861.42,-0.86,-0.03%,2858.57,2888.77,181561040,17520084.0,-
2019-06-06,2862.33,2827.8,-33.62,-1.17%,2822.19,2862.33,177064400,16485055.0,-
2019-06-10,2833.01,2852.13,24.33,0.86%,2824.36,2861.13,166585920,16248983.0,-
2019-06-11,2854.07,2925.72,73.59,2.58%,2854.07,2927.43,260525792,25448000.0,-
2019-06-12,2917.22,2909.38,-16.34,-0.56%,2903.88,2924.7,240255776,22306394.0,-
2019-06-13,2905.29,2910.74,1.36,0.05%,2885.92,2918.42,212957792,19174822.0,-
2019-06-14,2913.0,2881.97,-28.77,-0.99%,2879.66,2924.32,215435792,19430312.0,-
2019-06-17,2880.42,2887.62,5.65,0.20%,2877.39,2902.48,153964960,14314163.0,-
2019-06-18,2891.09,2890.16,2.54,0.09%,2874.31,2898.33,147705328,13693524.0,-
2019-06-19,2944.12,2917.8,27.64,0.96%,2916.21,2953.34,230756960,22556726.0,-
2019-06-20,2917.33,2987.12,69.32,2.38%,2915.09,2997.39,291011552,28829654.0,-
2019-06-21,2990.37,3001.98,14.86,0.50%,2989.25,3010.35,286973824,27666246.0,-
2019-06-24,3004.29,3008.15,6.17,0.21%,2994.42,3012.83,210493888,21123718.0,-
2019-06-25,3004.91,2982.07,-26.07,-0.87%,2948.99,3004.91,243699248,24431508.0,-
2019-06-26,2964.62,2976.28,-5.79,-0.19%,2958.46,2986.91,174449536,17251604.0,-
2019-06-27,2982.61,2996.79,20.51,0.69%,2981.04,3011.54,195397056,20861866.0,-
2019-06-28,2992.24,2978.88,-17.91,-0.60%,2961.22,2992.24,181431520,18364176.0,-
2019-07-01,3024.62,3044.9,66.02,2.22%,3014.69,3045.37,250840432,26654106.0,-
2019-07-02,3042.58,3043.94,-0.96,-0.03%,3033.78,3048.48,214520624,22956662.0,-
2019-07-03,3031.83,3015.26,-28.68,-0.94%,3006.32,3031.83,212296176,21865800.0,-
2019-07-04,3015.68,3005.25,-10.01,-0.33%,2991.91,3024.5,194415120,20226640.0,-
2019-07-05,3004.74,3011.06,5.81,0.19%,2990.92,3014.85,156755424,16318084.0,-
2019-07-08,2997.81,2933.36,-77.7,-2.58%,2918.72,2997.81,211541264,20556882.0,-
2019-07-09,2928.82,2928.23,-5.13,-0.18%,2912.81,2937.76,145110592,15425143.0,-
2019-07-10,2935.19,2915.3,-12.93,-0.44%,2908.16,2936.75,135483536,14123626.0,-
2019-07-11,2928.06,2917.76,2.46,0.08%,2907.89,2945.8,143692528,15218141.0,-
2019-07-12,2915.34,2930.55,12.79,0.44%,2905.81,2938.53,137794752,14291888.0,-
2019-07-15,2921.55,2942.19,11.64,0.40%,2886.7,2955.0,167643392,17653320.0,-
2019-07-16,2938.64,2937.62,-4.57,-0.16%,2931.29,2944.82,131811744,14076640.0,-
2019-07-17,2933.02,2931.69,-5.92,-0.20%,2924.46,2942.07,149631616,15216296.0,-
2019-07-18,2921.74,2901.18,-30.52,-1.04%,2901.18,2921.74,149888832,14908885.0,-
2019-07-19,2909.68,2924.2,23.02,0.79%,2909.68,2939.6,149469552,14907122.0,-
2019-07-22,2925.79,2886.97,-37.23,-1.27%,2879.69,2927.16,180674976,20428944.0,-
2019-07-23,2886.9,2899.94,12.97,0.45%,2883.05,2901.36,129310504,14807735.0,-
2019-07-24,2907.93,2923.28,23.33,0.80%,2907.79,2936.45,155245760,17885810.0,-
2019-07-25,2923.19,2937.36,14.08,0.48%,2916.15,2937.36,145684384,17535638.0,-
2019-07-26,2928.06,2944.54,7.18,0.24%,2924.45,2948.33,139343392,15877467.0,-
2019-07-29,2943.92,2941.01,-3.53,-0.12%,2932.98,2948.47,127991848,14743914.0,-
2019-07-30,2946.26,2952.34,11.33,0.39%,2946.26,2965.63,148316464,17086634.0,-
2019-07-31,2944.4,2932.51,-19.83,-0.67%,2926.49,2944.4,141052352,16460787.0,-
2019-08-01,2920.85,2908.77,-23.74,-0.81%,2901.75,2927.34,142389808,17111564.0,-
2019-08-02,2861.33,2867.84,-40.93,-1.41%,2851.44,2872.47,184888448,21632740.0,-
2019-08-05,2854.58,2821.5,-46.34,-1.62%,2821.5,2863.69,167419424,19689148.0,-
2019-08-06,2776.99,2777.56,-43.94,-1.56%,2733.92,2787.42,231123728,25520922.0,-
2019-08-07,2789.02,2768.68,-8.88,-0.32%,2768.68,2792.69,157716752,17647574.0,-
2019-08-08,2784.18,2794.55,25.87,0.93%,2782.24,2799.69,149539568,17815614.0,-
2019-08-09,2805.59,2774.75,-19.8,-0.71%,2770.48,2808.33,148240288,17114034.0,-
2019-08-12,2781.98,2814.99,40.24,1.45%,2776.62,2814.99,131563440,16252327.0,-
2019-08-13,2798.05,2797.26,-17.73,-0.63%,2790.61,2802.04,130916504,15395752.0,-
2019-08-14,2824.49,2808.91,11.66,0.42%,2807.72,2829.89,144014640,17394488.0,-
2019-08-15,2762.34,2815.8,6.88,0.25%,2756.83,2815.9,152772144,17367054.0,-
2019-08-16,2817.57,2823.82,8.03,0.29%,2811.8,2840.32,148582352,18613938.0,-
2019-08-19,2835.52,2883.1,59.27,2.10%,2829.85,2883.1,214546672,24709222.0,-
2019-08-20,2879.08,2880.0,-3.09,-0.11%,2875.0,2892.08,189677200,20977434.0,-
2019-08-21,2875.47,2880.33,0.33,0.01%,2872.56,2885.59,159019664,18318728.0,-
2019-08-22,2887.66,2883.44,3.11,0.11%,2867.55,2888.5,149206208,16966216.0,-
2019-08-23,2885.15,2897.43,13.99,0.49%,2878.74,2902.46,159156832,19256714.0,-
2019-08-26,2851.02,2863.57,-33.86,-1.17%,2849.24,2870.49,169895360,19103666.0,-
2019-08-27,2879.52,2902.19,38.63,1.35%,2879.41,2919.64,208141808,23099968.0,-
2019-08-28,2901.63,2893.76,-8.44,-0.29%,2887.01,2905.44,183097904,20180506.0,-
2019-08-29,2896.0,2890.92,-2.84,-0.10%,2878.59,2898.6,178613088,19633276.0,-
2019-08-30,2907.38,2886.24,-4.68,-0.16%,2874.1,2914.58,193959952,22475118.0,-
2019-09-02,2886.94,2924.11,37.87,1.31%,2883.68,2928.48,202786816,22604370.0,-
2019-09-03,2925.94,2930.15,6.05,0.21%,2915.2,2930.15,189001216,22507016.0,-
2019-09-04,2927.75,2957.41,27.26,0.93%,2925.88,2957.41,225495904,25121270.0,-
2019-09-05,2972.66,2985.86,28.45,0.96%,2972.66,3015.84,305438688,34020064.0,-
2019-09-06,2996.62,2999.6,13.74,0.46%,2981.6,2999.94,216826048,25831874.0,-
2019-09-09,3023.78,3024.74,25.14,0.84%,3005.69,3026.24,243377744,28623654.0,-
2019-09-10,3027.41,3021.2,-3.54,-0.12%,3005.38,3027.41,240012944,27532174.0,-
2019-09-11,3029.93,3008.81,-12.39,-0.41%,3004.22,3030.56,229837360,26338956.0,-
2019-09-12,3016.63,3031.24,22.42,0.75%,3005.19,3033.47,196968688,22457602.0,-
2019-09-16,3041.92,3030.75,-0.48,-0.02%,3020.05,3042.93,221878976,23744226.0,-
2019-09-17,3023.71,2978.12,-52.64,-1.74%,2970.57,3023.71,223338064,23773894.0,-
2019-09-18,2984.08,2985.66,7.54,0.25%,2982.4,2996.4,168046688,19995362.0,-
2019-09-19,2992.92,2999.28,13.62,0.46%,2975.4,2999.28,162690608,19320656.0,-
2019-09-20,3004.81,3006.45,7.17,0.24%,2996.19,3011.34,182145312,21839060.0,-
2019-09-23,2998.4,2977.08,-29.37,-0.98%,2960.83,2998.4,168139456,19913054.0,-
2019-09-24,2979.48,2985.34,8.26,0.28%,2973.76,3002.9,163902768,20624580.0,-
2019-09-25,2977.67,2955.43,-29.91,-1.00%,2955.43,2977.67,168543136,20378276.0,-
2019-09-26,2964.48,2929.09,-26.34,-0.89%,2928.26,2970.04,188932544,21627756.0,-
2019-09-27,2929.49,2932.17,3.08,0.11%,2920.93,2939.08,132905776,15331100.0,-
2019-09-30,2927.92,2905.19,-26.98,-0.92%,2905.19,2936.48,116646808,14259171.0,-
2019-10-08,2905.76,2913.57,8.38,0.29%,2905.76,2933.02,125535816,15198079.0,-
2019-10-09,2902.08,2924.86,11.29,0.39%,2891.54,2924.86,130424144,15094024.0,-
2019-10-10,2923.71,2947.71,22.85,0.78%,2918.23,2949.24,134239760,15715998.0,-
2019-10-11,2954.82,2973.66,25.95,0.88%,2943.01,2980.79,161203744,18274740.0,-
2019-10-14,2993.96,3007.88,34.23,1.15%,2989.81,3026.38,208614816,22120176.0,-
2019-10-15,3005.66,2991.05,-16.84,-0.56%,2986.3,3005.66,155376912,16953194.0,-
2019-10-16,2992.61,2978.71,-12.33,-0.41%,2975.92,3010.42,149885488,16679154.0,-
2019-10-17,2979.99,2977.33,-1.38,-0.05%,2969.57,2986.72,122527608,13605125.0,-
2019-10-18,2982.34,2938.14,-39.19,-1.32%,2933.24,2987.2,149990672,16201828.0,-
2019-10-21,2933.9,2939.62,1.48,0.05%,2917.69,2940.32,132475104,14568589.0,-
2019-10-22,2945.6,2954.38,14.76,0.50%,2934.39,2954.64,117482048,13038174.0,-
2019-10-23,2952.97,2941.62,-12.76,-0.43%,2934.63,2957.3,123812888,13965364.0,-
2019-10-24,2944.01,2940.92,-0.7,-0.02%,2927.06,2953.04,126540288,14166724.0,-
2019-10-25,2940.47,2954.93,14.01,0.48%,2920.52,2958.24,136860704,16022408.0,-
2019-10-28,2958.69,2980.05,25.12,0.85%,2956.96,2980.13,173731472,19881700.0,-
2019-10-29,2979.04,2954.18,-25.87,-0.87%,2954.18,2979.04,166110048,19528808.0,-
2019-10-30,2949.46,2939.32,-14.86,-0.50%,2934.83,2953.3,158798112,18152950.0,-
2019-10-31,2944.84,2929.06,-10.26,-0.35%,2923.52,2946.75,161571488,18180194.0,-
2019-11-01,2924.34,2958.2,29.14,0.99%,2917.15,2959.83,159907376,17563084.0,-
2019-11-04,2964.58,2975.49,17.29,0.58%,2964.58,2983.06,167248368,18871010.0,-
2019-11-05,2977.7,2991.56,16.07,0.54%,2968.03,3008.31,179891584,20369162.0,-
2019-11-06,2992.04,2978.6,-12.97,-0.43%,2969.72,2995.56,165263552,18398524.0,-
2019-11-07,2978.15,2978.71,0.12,0.00%,2969.12,2988.96,136952672,15583488.0,-
2019-11-08,2993.98,2964.18,-14.53,-0.49%,2962.84,2998.76,149742112,17386722.0,-
2019-11-11,2949.96,2909.97,-54.21,-1.83%,2906.77,2949.96,157916112,16628515.0,-
2019-11-12,2913.0,2914.82,4.85,0.17%,2891.51,2918.3,129729160,13906072.0,-
2019-11-13,2913.02,2905.24,-9.58,-0.33%,2893.97,2913.86,129765840,14694364.0,-
2019-11-14,2907.74,2909.87,4.63,0.16%,2899.62,2917.37,129145448,15157618.0,-
2019-11-15,2911.35,2891.34,-18.53,-0.64%,2891.2,2917.83,135519472,15257639.0,-
2019-11-18,2889.55,2909.2,17.86,0.62%,2884.09,2911.38,124433176,14467742.0,-
2019-11-19,2904.28,2933.99,24.79,0.85%,2902.85,2933.99,135417600,15577075.0,-
2019-11-20,2928.11,2911.05,-22.94,-0.78%,2907.42,2930.49,137357520,15854320.0,-
2019-11-21,2902.55,2903.64,-7.42,-0.25%,2891.53,2910.36,123458608,13985120.0,-
2019-11-22,2906.24,2885.29,-18.35,-0.63%,2873.99,2925.02,158623360,18059384.0,-
2019-11-25,2885.61,2906.17,20.88,0.72%,2880.65,2906.61,178587424,17423458.0,-
2019-11-26,2912.52,2907.06,0.89,0.03%,2897.93,2915.04,170004672,16549677.0,-
2019-11-27,2905.4,2903.19,-3.87,-0.13%,2893.42,2914.49,133862208,13744970.0,-
2019-11-28,2902.36,2889.69,-13.5,-0.47%,2883.43,2909.84,119522464,12261655.0,-
2019-11-29,2885.97,2871.98,-17.71,-0.61%,2858.58,2892.39,122612968,14037131.0,-
2019-12-02,2874.45,2875.81,3.83,0.13%,2870.24,2888.89,128755808,13935177.0,-
2019-12-03,2869.88,2884.7,8.89,0.31%,2857.32,2884.86,123778744,13527861.0,-
2019-12-04,2876.91,2878.12,-6.58,-0.23%,2869.42,2882.5,125543648,13587922.0,-
2019-12-05,2886.52,2899.47,21.35,0.74%,2885.08,2902.0,143163088,15973659.0,-
2019-12-06,2902.28,2912.01,12.55,0.43%,2894.75,2912.01,134128872,14950733.0,-
2019-12-09,2914.46,2914.48,2.46,0.08%,2905.25,2919.59,160796528,17454648.0,-
2019-12-10,2908.94,2917.32,2.84,0.10%,2902.79,2919.2,170124000,18061730.0,-
2019-12-11,2922.6,2924.42,7.1,0.24%,2915.0,2928.26,165541088,17571608.0,-
2019-12-12,2926.34,2915.7,-8.72,-0.30%,2913.48,2926.34,151760800,16604416.0,-
2019-12-13,2937.78,2967.68,51.98,1.78%,2935.85,2969.98,211978592,23403654.0,-
2019-12-16,2970.97,2984.39,16.72,0.56%,2958.71,2984.64,211862112,23766676.0,-
2019-12-17,2985.26,3022.42,38.03,1.27%,2982.5,3039.38,293032256,30209092.0,-
2019-12-18,3021.47,3017.04,-5.38,-0.18%,3011.72,3033.23,244089696,25917362.0,-
2019-12-19,3017.15,3017.07,0.02,0.00%,3007.99,3021.42,208624272,22068828.0,-
2019-12-20,3019.64,3004.94,-12.13,-0.40%,3002.26,3027.48,215075760,22330504.0,-
2019-12-23,2999.04,2962.75,-42.19,-1.40%,2960.44,3009.34,205716624,21848428.0,-
2019-12-24,2965.83,2982.68,19.93,0.67%,2960.68,2983.82,163030256,16736667.0,-
2019-12-25,2980.43,2981.88,-0.8,-0.03%,2970.66,2988.29,175654032,18960856.0,-
2019-12-26,2981.25,3007.35,25.47,0.85%,2980.4,3007.35,182440432,19558608.0,-
2019-12-27,3006.85,3005.04,-2.32,-0.08%,3003.63,3036.11,247102768,25811874.0,-
2019-12-30,2998.17,3040.02,34.99,1.16%,2983.34,3041.4,248066544,26738300.0,-
2019-12-31,3036.39,3050.12,10.1,0.33%,3030.51,3051.68,217429008,22676400.0,-
2020-01-02,3066.34,3085.2,35.07,1.15%,3066.34,3098.1,292470208,32719714.0,-
2020-01-03,3089.02,3083.79,-1.41,-0.05%,3074.52,3093.82,261496672,28999172.0,-
2020-01-06,3070.91,3083.41,-0.38,-0.01%,3065.31,3107.2,312575840,33118254.0,-
2020-01-07,3085.49,3104.8,21.39,0.69%,3084.33,3105.45,276583104,28815924.0,-
2020-01-08,3094.24,3066.89,-37.91,-1.22%,3059.13,3094.24,297872544,30651740.0,-
2020-01-09,3082.64,3094.88,27.99,0.91%,3080.13,3097.33,243435648,27171602.0,-
2020-01-10,3102.29,3092.29,-2.59,-0.08%,3081.4,3105.22,210442464,24155566.0,-
2020-01-13,3091.49,3115.57,23.28,0.75%,3075.38,3115.57,210621008,25852406.0,-
2020-01-14,3120.67,3106.82,-8.75,-0.28%,3105.6,3127.17,229973776,27154244.0,-
2020-01-15,3103.17,3090.04,-16.78,-0.54%,3082.04,3107.94,202313024,23291346.0,-
2020-01-16,3095.73,3074.08,-15.96,-0.52%,3070.88,3096.37,203375472,23684336.0,-
2020-01-17,3081.46,3075.5,1.41,0.05%,3067.25,3091.95,190304304,24227304.0,-
2020-01-20,3082.11,3095.79,20.29,0.66%,3070.48,3096.31,210493344,27112244.0,-
2020-01-21,3085.79,3052.14,-43.65,-1.41%,3051.23,3085.79,234830752,28626810.0,-
2020-01-22,3038.49,3060.75,8.61,0.28%,3006.27,3069.25,223852864,27845692.0,-
2020-01-23,3037.95,2976.53,-84.23,-2.75%,2955.35,3045.04,272763232,32749038.0,-
2020-02-03,2716.7,2746.61,-229.92,-7.72%,2716.7,2766.58,215912096,25701960.0,-
2020-02-04,2685.27,2783.29,36.68,1.34%,2685.27,2786.16,364046208,37406848.0,-
2020-02-05,2792.37,2818.09,34.8,1.25%,2778.86,2842.74,309761824,34918412.0,-
2020-02-06,2826.89,2866.51,48.42,1.72%,2807.61,2876.59,316392128,35858260.0,-
2020-02-07,2858.93,2875.96,9.45,0.33%,2838.77,2875.96,309479648,36238416.0,-
2020-02-10,2860.5,2890.49,14.52,0.51%,2851.05,2891.85,294929792,34152040.0,-
2020-02-11,2894.54,2901.67,11.19,0.39%,2882.24,2913.82,269168320,30295684.0,-
2020-02-12,2895.56,2926.9,25.22,0.87%,2892.42,2926.9,248733424,29753442.0,-
2020-02-13,2927.14,2906.07,-20.83,-0.71%,2901.24,2935.41,274804832,33452632.0,-
2020-02-14,2899.87,2917.01,10.93,0.38%,2899.57,2926.94,250650624,30808038.0,-
2020-02-17,2924.99,2983.62,66.61,2.28%,2924.99,2983.64,313197984,36701436.0,-
2020-02-18,2981.41,2984.97,1.35,0.05%,2960.78,2990.6,311665920,37499856.0,-
2020-02-19,2979.52,2975.4,-9.57,-0.32%,2971.82,2998.27,315141152,38133116.0,-
2020-02-20,2981.88,3030.15,54.75,1.84%,2968.45,3031.37,345732864,41376136.0,-
2020-02-21,3022.25,3039.67,9.52,0.31%,3020.14,3058.9,364557280,44506208.0,-
2020-02-24,3027.89,3031.23,-8.44,-0.28%,3007.36,3042.18,370430048,45160136.0,-
2020-02-25,2982.07,3013.05,-18.18,-0.60%,2943.72,3016.95,441622784,51312864.0,-
2020-02-26,2978.42,2987.93,-25.12,-0.83%,2974.94,3028.78,469049536,49534144.0,-
2020-02-27,2992.49,2991.33,3.4,0.11%,2980.48,3009.46,350523648,39595564.0,-
2020-02-28,2924.64,2880.3,-111.02,-3.71%,2878.54,2948.13,401216928,43265776.0,-
2020-03-02,2899.31,2970.93,90.63,3.15%,2899.31,2982.51,367333376,39724420.0,-
2020-03-03,3006.89,2992.9,21.97,0.74%,2976.62,3026.84,410108032,44705368.0,-
2020-03-04,2981.81,3011.67,18.77,0.63%,2974.36,3012.0,353338272,38989392.0,-
2020-03-05,3036.15,3071.68,60.01,1.99%,3022.93,3074.26,445425792,48277048.0,-
2020-03-06,3039.94,3034.51,-37.17,-1.21%,3029.46,3052.44,362061536,37738852.0,-
2020-03-09,2987.18,2943.29,-91.22,-3.01%,2940.71,2989.21,414560736,43814384.0,-
2020-03-10,2918.93,2996.76,53.47,1.82%,2904.8,3000.3,393296640,42501720.0,-
2020-03-11,3001.76,2968.52,-28.24,-0.94%,2968.52,3010.03,352470944,37876664.0,-
2020-03-12,2936.02,2923.49,-45.03,-1.52%,2906.28,2944.47,307778464,32820920.0,-
2020-03-13,2804.23,2887.43,-36.06,-1.23%,2799.98,2910.88,366450432,39301964.0,-
2020-03-16,2897.3,2789.25,-98.17,-3.40%,2784.66,2898.03,351878688,37562700.0,-
2020-03-17,2796.28,2779.64,-9.61,-0.34%,2715.22,2826.91,306149696,32301282.0,-
2020-03-18,2792.32,2728.76,-50.88,-1.83%,2728.76,2815.87,291159872,31861140.0,-
2020-03-19,2719.41,2702.13,-26.63,-0.98%,2646.8,2736.82,302302752,33051800.0,-
2020-03-20,2727.02,2745.62,43.49,1.61%,2702.49,2751.9,252019504,28158336.0,-
2020-03-23,2677.59,2660.17,-85.45,-3.11%,2656.5,2703.33,249820240,26842324.0,-
2020-03-24,2703.02,2722.44,62.27,2.34%,2667.13,2723.41,257021936,27899930.0,-
2020-03-25,2775.3,2781.59,59.15,2.17%,2757.8,2788.64,273144448,29319118.0,-
2020-03-26,2761.9,2764.91,-16.68,-0.60%,2753.43,2788.5,234084032,24827978.0,-
2020-03-27,2792.98,2772.2,7.29,0.26%,2771.76,2805.55,240764064,25363072.0,-
2020-03-30,2739.72,2747.21,-24.99,-0.90%,2723.05,2759.1,239706608,25068714.0,-
2020-03-31,2767.31,2750.3,3.08,0.11%,2743.12,2771.17,218598672,22427106.0,-
2020-04-01,2743.54,2734.52,-15.77,-0.57%,2731.08,2773.36,217253424,22562466.0,-
2020-04-02,2720.23,2780.64,46.12,1.69%,2719.9,2780.64,217864608,23311156.0,-
2020-04-03,2773.58,2763.99,-16.65,-0.60%,2754.07,2780.59,200837408,21406222.0,-
2020-04-07,2806.97,2820.76,56.78,2.05%,2801.84,2823.28,270198176,28662780.0,-
2020-04-08,2805.92,2815.37,-5.39,-0.19%,2800.3,2823.21,243515312,25315966.0,-
2020-04-09,2825.84,2825.9,10.54,0.37%,2820.43,2832.4,238184832,24739300.0,-
2020-04-10,2827.19,2796.63,-29.27,-1.04%,2789.98,2833.01,233454784,24637630.0,-
2020-04-13,2784.6,2783.05,-13.58,-0.49%,2774.08,2792.89,177124560,18412028.0,-
2020-04-14,2794.8,2827.28,44.24,1.59%,2789.43,2827.3,202696560,22360570.0,-
2020-04-15,2826.66,2811.17,-16.11,-0.57%,2808.7,2829.75,205621152,23163164.0,-
2020-04-16,2798.43,2819.94,8.76,0.31%,2796.84,2823.34,203003776,22243260.0,-
2020-04-17,2835.56,2838.49,18.56,0.66%,2830.02,2854.96,245736752,28002524.0,-
2020-04-20,2840.41,2852.55,14.06,0.50%,2833.26,2852.99,211847088,23375930.0,-
2020-04-21,2842.24,2827.01,-25.54,-0.90%,2808.02,2842.24,233235872,24868860.0,-
2020-04-22,2814.07,2843.98,16.97,0.60%,2808.48,2843.98,217320000,23279678.0,-
2020-04-23,2850.51,2838.5,-5.48,-0.19%,2835.9,2853.64,248779040,26266204.0,-
2020-04-24,2834.94,2808.53,-29.97,-1.06%,2802.5,2834.94,235185072,24412228.0,-
2020-04-27,2812.24,2815.49,6.97,0.25%,2802.96,2832.67,210130992,22529372.0,-
2020-04-28,2819.99,2810.02,-5.47,-0.19%,2758.25,2821.75,253872736,27053476.0,-
2020-04-29,2801.38,2822.44,12.42,0.44%,2800.74,2831.76,202061808,22272022.0,-
2020-04-30,2832.38,2860.08,37.64,1.33%,2832.38,2865.59,242455280,27744092.0,-
2020-05-06,2831.63,2878.14,18.06,0.63%,2830.65,2879.26,249826608,30389004.0,-
2020-05-07,2876.47,2871.52,-6.62,-0.23%,2864.58,2882.02,226736944,26860748.0,-
2020-05-08,2882.71,2895.34,23.82,0.83%,2879.2,2903.8,226822080,27656270.0,-
2020-05-11,2901.57,2894.8,-0.54,-0.02%,2884.38,2914.28,225120416,27193064.0,-
2020-05-12,2894.62,2891.56,-3.25,-0.11%,2871.23,2897.9,197082992,23847622.0,-
2020-05-13,2882.96,2898.05,6.49,0.22%,2875.54,2900.26,185061312,22386692.0,-
2020-05-14,2887.06,2870.34,-27.71,-0.96%,2869.18,2887.06,197776192,23733696.0,-
2020-05-15,2880.71,2868.46,-1.88,-0.07%,2863.37,2884.22,188983584,24687820.0,-
2020-05-18,2872.52,2875.42,6.96,0.24%,2862.27,2889.98,226022896,28908958.0,-
2020-05-19,2897.69,2898.58,23.16,0.81%,2887.58,2900.22,197222400,25627780.0,-
2020-05-20,2896.47,2883.74,-14.84,-0.51%,2876.18,2896.47,210519984,26917656.0,-
2020-05-21,2890.72,2867.92,-15.81,-0.55%,2864.21,2891.52,203532048,25056994.0,-
2020-05-22,2863.05,2813.77,-54.16,-1.89%,2808.02,2863.05,209063712,24522960.0,-
2020-05-25,2816.24,2817.97,4.2,0.15%,2802.47,2821.5,172885568,20211536.0,-
2020-05-26,2827.9,2846.55,28.58,1.01%,2825.9,2848.34,174562368,20742782.0,-
2020-05-27,2847.32,2836.8,-9.74,-0.34%,2831.93,2849.0,198149344,22793438.0,-
2020-05-28,2838.21,2846.22,9.42,0.33%,2820.15,2861.92,207546016,23923426.0,-
2020-05-29,2835.58,2852.35,6.13,0.22%,2829.63,2855.38,206792800,23379900.0,-
2020-06-01,2871.96,2915.43,63.08,2.21%,2871.96,2917.15,260196048,30741620.0,-
2020-06-02,2916.32,2921.4,5.97,0.20%,2909.13,2926.36,256108048,29440276.0,-
2020-06-03,2930.39,2923.37,1.97,0.07%,2922.66,2942.76,255663984,30044782.0,-
2020-06-04,2931.84,2919.25,-4.12,-0.14%,2910.75,2932.97,226605872,25434598.0,-
2020-06-05,2923.19,2930.8,11.55,0.40%,2909.12,2930.8,217360672,25314114.0,-
2020-06-08,2941.98,2937.77,6.97,0.24%,2934.21,2950.07,231124352,27461182.0,-
2020-06-09,2939.54,2956.11,18.34,0.62%,2932.94,2957.12,209048576,25141470.0,-
2020-06-10,2951.28,2943.75,-12.36,-0.42%,2934.84,2951.33,207925968,24396850.0,-
2020-06-11,2939.79,2920.9,-22.86,-0.78%,2912.19,2952.65,233722944,28902326.0,-
2020-06-12,2876.8,2919.74,-1.16,-0.04%,2872.62,2930.25,236008640,27432172.0,-
2020-06-15,2908.28,2890.03,-29.71,-1.02%,2890.03,2922.54,243205040,29336154.0,-
2020-06-16,2912.83,2931.75,41.72,1.44%,2909.13,2931.78,223313056,27094856.0,-
2020-06-17,2932.67,2935.87,4.12,0.14%,2919.04,2936.62,234654400,27800712.0,-
2020-06-18,2929.88,2939.32,3.44,0.12%,2920.11,2942.9,258691376,28936772.0,-
2020-06-19,2938.79,2967.63,28.32,0.96%,2935.82,2973.32,264313952,31908912.0,-
2020-06-22,2966.9,2965.27,-2.36,-0.08%,2959.03,2983.44,267883824,34602872.0,-
2020-06-23,2960.89,2970.62,5.35,0.18%,2949.85,2972.4,225212208,30537876.0,-
2020-06-24,2972.98,2979.55,8.93,0.30%,2971.22,2982.94,213200736,29700880.0,-
2020-06-29,2973.08,2961.52,-18.03,-0.61%,2951.77,2977.91,220622720,29388600.0,-
2020-06-30,2965.11,2984.67,23.16,0.78%,2965.11,2990.83,214957216,29731232.0,-
2020-07-01,2991.18,3025.98,41.31,1.38%,2984.98,3026.19,273313152,36988380.0,-
2020-07-02,3023.72,3090.57,64.59,2.13%,3021.67,3092.44,391127968,47821648.0,-
2020-07-03,3104.0,3152.81,62.24,2.01%,3104.0,3152.81,458793856,53548936.0,-
2020-07-06,3187.84,3332.88,180.07,5.71%,3187.84,3337.27,643878912,72415368.0,-
2020-07-07,3380.95,3345.34,12.46,0.37%,3336.24,3407.08,657840192,79363840.0,-
2020-07-08,3337.55,3403.44,58.1,1.74%,3327.71,3421.53,587081664,69680768.0,-
2020-07-09,3403.48,3450.59,47.15,1.39%,3393.64,3456.97,620001792,75140680.0,-
2020-07-10,3418.93,3383.32,-67.27,-1.95%,3372.51,3433.11,556120000,70319752.0,-
2020-07-13,3379.39,3443.29,59.96,1.77%,3369.04,3458.79,558006912,71739704.0,-
2020-07-14,3435.02,3414.62,-28.67,-0.83%,3366.08,3451.22,543211456,70732704.0,-
2020-07-15,3422.08,3361.3,-53.31,-1.56%,3345.75,3432.45,492030528,67472736.0,-
2020-07-16,3356.36,3210.1,-151.21,-4.50%,3209.73,3373.53,490613120,67946832.0,-
2020-07-17,3214.4,3214.13,4.03,0.13%,3181.27,3252.78,359652384,48653612.0,-
2020-07-20,3243.91,3314.15,100.02,3.11%,3220.68,3314.15,418555296,54404568.0,-
2020-07-21,3330.55,3320.89,6.75,0.20%,3300.57,3336.68,359252000,48886220.0,-
2020-07-22,3315.18,3333.16,12.27,0.37%,3311.79,3381.98,393335328,54057704.0,-
2020-07-23,3306.15,3325.11,-8.05,-0.24%,3257.83,3336.3,407042496,54688708.0,-
2020-07-24,3310.65,3196.77,-128.34,-3.86%,3184.96,3319.13,427054048,58431184.0,-
2020-07-27,3210.39,3205.23,8.46,0.26%,3174.66,3221.98,299319040,40223192.0,-
2020-07-28,3226.13,3227.96,22.73,0.71%,3208.49,3245.3,289377856,38987368.0,-
2020-07-29,3221.99,3294.55,66.59,2.06%,3209.99,3294.55,324924064,45309440.0,-
2020-07-30,3299.57,3286.82,-7.73,-0.23%,3282.16,3312.45,340704128,47697400.0,-
2020-07-31,3280.8,3310.01,23.18,0.71%,3261.61,3333.79,353758976,49577804.0,-
2020-08-03,3332.18,3367.97,57.96,1.75%,3327.68,3368.1,407460864,57243076.0,-
2020-08-04,3376.44,3371.69,3.72,0.11%,3352.5,3391.07,442328544,60494216.0,-
2020-08-05,3363.33,3377.56,5.88,0.17%,3333.88,3383.64,385823008,52651504.0,-
2020-08-06,3380.76,3386.46,8.9,0.26%,3334.33,3392.7,415302496,57048824.0,-
2020-08-07,3370.59,3354.04,-32.43,-0.96%,3307.71,3374.13,403929632,56143564.0,-
2020-08-10,3341.53,3379.25,25.22,0.75%,3335.04,3399.93,381379616,52708392.0,-
2020-08-11,3379.49,3340.29,-38.96,-1.15%,3336.09,3409.06,400452704,51402076.0,-
2020-08-12,3327.49,3319.27,-21.02,-0.63%,3263.27,3335.73,378328960,48073124.0,-
2020-08-13,3328.18,3320.73,1.46,0.04%,3309.46,3338.15,324291264,38716228.0,-
2020-08-14,3315.67,3360.1,39.37,1.19%,3302.74,3362.03,305998368,36746744.0,-
2020-08-17,3373.9,3438.8,78.7,2.34%,3369.37,3450.9,434598272,53742508.0,-
2020-08-18,3441.93,3451.09,12.29,0.36%,3432.64,3456.72,380729248,49305216.0,-
2020-08-19,3444.56,3408.13,-42.96,-1.24%,3406.16,3454.46,405722208,49826216.0,-
2020-08-20,3385.96,3363.9,-44.23,-1.30%,3352.78,3394.56,335600992,40181552.0,-
2020-08-21,3380.23,3380.68,16.78,0.50%,3358.0,3393.92,287488352,36128176.0,-
2020-08-24,3391.11,3385.64,4.96,0.15%,3368.03,3396.57,266227840,34568340.0,-
2020-08-25,3392.88,3373.58,-12.06,-0.36%,3364.16,3408.87,277113440,35599776.0,-
2020-08-26,3371.81,3329.74,-43.84,-1.30%,3320.14,3382.6,294451040,38192888.0,-
2020-08-27,3333.49,3350.11,20.37,0.61%,3312.99,3351.83,237099360,31715338.0,-
2020-08-28,3346.29,3403.81,53.69,1.60%,3339.65,3405.88,271325568,37936704.0,-
2020-08-31,3416.55,3395.68,-8.13,-0.24%,3395.47,3442.74,323473888,43693012.0,-
2020-09-01,3389.74,3410.61,14.93,0.44%,3381.71,3410.61,246999248,32685096.0,-
2020-09-02,3420.47,3404.8,-5.81,-0.17%,3377.21,3421.4,261546304,34563900.0,-
2020-09-03,3404.03,3384.98,-19.82,-0.58%,3374.26,3425.63,255346272,35070656.0,-
2020-09-04,3336.41,3355.37,-29.61,-0.87%,3328.55,3360.11,221636544,30817966.0,-
2020-09-07,3349.92,3292.59,-62.78,-1.87%,3285.63,3368.24,260616560,35772644.0,-
2020-09-08,3301.22,3316.42,23.83,0.72%,3276.44,3324.39,271066272,32022990.0,-
2020-09-09,3281.0,3254.63,-61.79,-1.86%,3238.56,3289.61,351509760,34105452.0,-
2020-09-10,3282.23,3234.82,-19.8,-0.61%,3227.64,3285.47,312472800,30967674.0,-
2020-09-11,3225.78,3260.35,25.52,0.79%,3220.54,3262.5,221698832,25484500.0,-
2020-09-14,3275.92,3278.81,18.47,0.57%,3261.15,3283.53,213924144,26921992.0,-
2020-09-15,3277.13,3295.68,16.87,0.51%,3263.75,3297.69,197684416,25176386.0,-
2020-09-16,3293.17,3283.92,-11.76,-0.36%,3271.07,3302.46,200443376,24227090.0,-
2020-09-17,3277.32,3270.44,-13.49,-0.41%,3248.5,3290.41,202931984,27931106.0,-
2020-09-18,3270.91,3338.09,67.65,2.07%,3268.53,3338.32,256260800,33702588.0,-
2020-09-21,3348.9,3316.94,-21.15,-0.63%,3313.07,3350.59,216503088,28769130.0,-
2020-09-22,3290.67,3274.3,-42.63,-1.29%,3265.7,3320.23,214015056,26911330.0,-
2020-09-23,3278.84,3279.71,5.41,0.17%,3264.89,3289.76,169178064,24074244.0,-
2020-09-24,3262.88,3223.18,-56.53,-1.72%,3221.24,3265.35,206736016,25825992.0,-
2020-09-25,3234.37,3219.42,-3.76,-0.12%,3208.03,3239.47,164822416,22067448.0,-
2020-09-28,3224.98,3217.53,-1.88,-0.06%,3210.89,3238.18,155982784,20967238.0,-
2020-09-29,3231.85,3224.36,6.82,0.21%,3219.79,3242.79,151349872,20730782.0,-
2020-09-30,3232.71,3218.05,-6.31,-0.20%,3202.34,3244.91,153504464,20576286.0,-
2020-10-09,3262.61,3272.08,54.02,1.68%,3260.19,3280.51,188325648,26417104.0,-
2020-10-12,3287.33,3358.47,86.39,2.64%,3286.11,3359.15,259622400,35570012.0,-
2020-10-13,3353.12,3359.75,1.28,0.04%,3334.5,3361.83,204926096,28850582.0,-
2020-10-14,3353.62,3340.78,-18.97,-0.56%,3332.96,3353.62,198659376,28116000.0,-
2020-10-15,3342.92,3332.18,-8.6,-0.26%,3330.0,3354.58,191031280,26384868.0,-
2020-10-16,3334.46,3336.36,4.18,0.13%,3319.11,3348.95,194295424,25344802.0,-
2020-10-19,3351.1,3312.67,-23.69,-0.71%,3307.84,3371.09,212303552,28388278.0,-
2020-10-20,3307.15,3328.1,15.44,0.47%,3293.77,3328.1,165084768,22782338.0,-
2020-10-21,3332.15,3325.02,-3.08,-0.09%,3304.17,3332.15,177632112,24684814.0,-
2020-10-22,3315.82,3312.5,-12.52,-0.38%,3281.37,3320.88,165949984,23642824.0,-
2020-10-23,3308.16,3278.0,-34.5,-1.04%,3276.62,3326.05,174208976,24991288.0,-
2020-10-26,3258.7,3251.12,-26.88,-0.82%,3226.6,3264.45,167731792,23546248.0,-
2020-10-27,3240.74,3254.32,3.2,0.10%,3235.54,3258.34,149115568,21748742.0,-
2020-10-28,3256.22,3269.24,14.92,0.46%,3238.38,3275.87,173181968,25621346.0,-
2020-10-29,3235.76,3272.73,3.49,0.11%,3231.12,3289.77,184703584,27860566.0,-
2020-10-30,3278.63,3224.53,-48.19,-1.47%,3219.42,3279.86,230188816,32891726.0,-
2020-11-02,3228.72,3225.12,0.59,0.02%,3209.91,3242.8,226779136,32532188.0,-
2020-11-03,3239.81,3271.07,45.95,1.42%,3237.85,3278.38,215297856,30373016.0,-
2020-11-04,3273.43,3277.44,6.37,0.19%,3254.11,3286.62,188514112,27072384.0,-
2020-11-05,3305.58,3320.13,42.69,1.30%,3291.6,3320.41,226801456,31629270.0,-
2020-11-06,3326.46,3312.16,-7.97,-0.24%,3292.15,3326.46,234864128,32548506.0,-
2020-11-09,3329.43,3373.73,61.57,1.86%,3329.43,3380.82,310219776,42994892.0,-
2020-11-10,3387.62,3360.15,-13.59,-0.40%,3346.17,3387.62,278701120,39000840.0,-
2020-11-11,3354.02,3342.2,-17.95,-0.53%,3339.04,3365.84,271204672,35580204.0,-
2020-11-12,3344.46,3338.68,-3.52,-0.11%,3329.49,3350.28,216501312,28692742.0,-
2020-11-13,3327.23,3310.1,-28.57,-0.86%,3291.64,3327.23,227898368,30152796.0,-
2020-11-16,3325.62,3346.97,36.86,1.11%,3313.65,3346.97,279593760,33375060.0,-
2020-11-17,3347.15,3339.9,-7.07,-0.21%,3323.95,3347.7,283632480,35362336.0,-
2020-11-18,3337.33,3347.3,7.41,0.22%,3333.99,3358.89,287531264,35874536.0,-
2020-11-19,3339.09,3363.09,15.78,0.47%,3330.45,3367.33,253262992,31952018.0,-
2020-11-20,3359.6,3377.73,14.64,0.44%,3356.31,3380.15,261271232,31265980.0,-
2020-11-23,3384.1,3414.49,36.76,1.09%,3377.99,3431.65,373872064,43150436.0,-
2020-11-24,3407.41,3402.82,-11.67,-0.34%,3396.24,3413.93,300994144,35950580.0,-
2020-11-25,3417.51,3362.33,-40.5,-1.19%,3362.33,3423.49,322110208,38347776.0,-
2020-11-26,3360.06,3369.73,7.41,0.22%,3344.28,3371.45,255886832,31730864.0,-
2020-11-27,3373.84,3408.31,38.57,1.14%,3364.49,3408.31,280649888,32606956.0,-
2020-11-30,3418.16,3391.76,-16.55,-0.49%,3391.76,3456.74,384989952,45450060.0,-
2020-12-01,3388.99,3451.94,60.18,1.77%,3386.91,3457.64,316188992,38525076.0,-
2020-12-02,3453.52,3449.38,-2.56,-0.07%,3435.87,3465.73,312811104,38334084.0,-
2020-12-03,3448.54,3442.14,-7.24,-0.21%,3428.8,3452.16,298459936,35242228.0,-
2020-12-04,3436.73,3444.58,2.45,0.07%,3417.05,3448.4,256276704,32939320.0,-
2020-12-07,3446.65,3416.6,-27.98,-0.81%,3414.31,3449.58,254522512,33683680.0,-
2020-12-08,3417.69,3410.18,-6.43,-0.19%,3403.03,3428.66,226907328,30463502.0,-
2020-12-09,3416.08,3371.96,-38.21,-1.12%,3371.92,3422.54,260747424,33931780.0,-
2020-12-10,3365.73,3373.28,1.31,0.04%,3357.75,3384.89,247308304,32161634.0,-
2020-12-11,3381.01,3347.19,-26.08,-0.77%,3325.17,3383.18,298617152,37984880.0,-
2020-12-14,3349.53,3369.12,21.93,0.66%,3338.63,3371.13,239807920,31622912.0,-
2020-12-15,3366.58,3367.23,-1.89,-0.06%,3348.42,3373.56,225667392,31528974.0,-
2020-12-16,3371.26,3366.98,-0.25,-0.01%,3359.17,3378.66,220813968,30882340.0,-
2020-12-17,3367.28,3404.87,37.89,1.13%,3354.01,3406.15,275463648,36474048.0,-
2020-12-18,3400.49,3394.9,-9.98,-0.29%,3382.75,3413.81,280992640,35402736.0,-
2020-12-21,3394.39,3420.57,25.67,0.76%,3381.12,3423.61,283759808,38389896.0,-
2020-12-22,3410.97,3356.78,-63.79,-1.86%,3353.86,3415.75,323037664,43219956.0,-
2020-12-23,3362.47,3382.32,25.54,0.76%,3360.2,3394.21,299523520,41325476.0,-
2020-12-24,3382.19,3363.11,-19.21,-0.57%,3354.02,3394.07,275044448,36332112.0,-
2020-12-25,3351.79,3396.56,33.45,0.99%,3348.35,3397.01,294546912,35909444.0,-
2020-12-28,3396.36,3397.29,0.72,0.02%,3383.65,3412.52,316181536,39815996.0,-
2020-12-29,3399.29,3379.04,-18.25,-0.54%,3376.09,3407.09,311769184,38210256.0,-
2020-12-30,3375.01,3414.45,35.42,1.05%,3374.42,3414.45,291023552,37754236.0,-
2020-12-31,3419.73,3473.07,58.62,1.72%,3419.73,3474.92,335673920,45048232.0,-
2021-01-04,3474.68,3502.96,29.89,0.86%,3457.21,3511.66,380790784,52336772.0,-
2021-01-05,3492.19,3528.68,25.72,0.73%,3484.72,3528.68,407995936,56801944.0,-
2021-01-06,3530.91,3550.88,22.2,0.63%,3513.13,3556.8,370230912,52179952.0,-
2021-01-07,3552.91,3576.2,25.33,0.71%,3526.62,3576.2,405348224,54570964.0,-
2021-01-08,3577.69,3570.11,-6.1,-0.17%,3544.89,3588.06,345557888,50217080.0,-
2021-01-11,3571.32,3531.5,-38.61,-1.08%,3516.99,3597.7,362479168,52689592.0,-
2021-01-12,3518.01,3608.34,76.84,2.18%,3517.47,3608.34,323406144,48577120.0,-
2021-01-13,3613.28,3598.65,-9.69,-0.27%,3575.59,3622.35,388127776,55485348.0,-
2021-01-14,3584.93,3565.9,-32.75,-0.91%,3559.6,3599.06,347666816,51132512.0,-
2021-01-15,3566.28,3566.38,0.47,0.01%,3533.79,3589.27,324612736,48034380.0,-
2021-01-18,3554.8,3596.22,29.85,0.84%,3544.26,3608.77,301652576,45174068.0,-
2021-01-19,3596.36,3566.38,-29.84,-0.83%,3553.02,3603.15,323439520,46740260.0,-
2021-01-20,3564.12,3583.09,16.71,0.47%,3556.44,3589.96,272271680,39714476.0,-
2021-01-21,3590.92,3621.26,38.17,1.07%,3585.8,3636.24,327466976,46985524.0,-
2021-01-22,3616.54,3606.75,-14.51,-0.40%,3585.03,3616.54,324463072,48545220.0,-
2021-01-25,3605.36,3624.24,17.49,0.48%,3591.02,3637.1,327341088,52725732.0,-
2021-01-26,3610.97,3569.43,-54.81,-1.51%,3564.74,3610.97,278139872,43632668.0,-
2021-01-27,3567.55,3573.34,3.91,0.11%,3546.49,3578.8,264107152,39627040.0,-
2021-01-28,3534.67,3505.18,-68.17,-1.91%,3496.88,3549.54,270862464,39157440.0,-
2021-01-29,3521.72,3483.07,-22.11,-0.63%,3446.55,3531.6,293662656,41652864.0,-
2021-02-01,3477.17,3505.28,22.21,0.64%,3469.88,3506.39,277567904,37147304.0,-
2021-02-02,3510.81,3533.68,28.4,0.81%,3495.57,3535.5,264540624,38412788.0,-
2021-02-03,3531.15,3517.31,-16.38,-0.46%,3508.51,3544.01,297351712,41373148.0,-
2021-02-04,3503.78,3501.86,-15.45,-0.44%,3465.77,3524.72,298834848,41874256.0,-
2021-02-05,3509.49,3496.33,-5.53,-0.16%,3492.96,3536.54,290146176,39739192.0,-
2021-02-08,3504.56,3532.45,36.11,1.03%,3492.13,3542.21,249799616,35918732.0,-
2021-02-09,3539.77,3603.49,71.04,2.01%,3528.68,3604.01,253821760,37156800.0,-
2021-02-10,3612.61,3655.09,51.6,1.43%,3612.5,3662.77,257940832,39264336.0,-
2021-02-18,3721.09,3675.36,20.27,0.55%,3663.66,3731.69,340309088,48354656.0,-
2021-02-19,3661.78,3696.17,20.81,0.57%,3634.01,3699.65,361059808,48499020.0,-
2021-02-22,3707.19,3642.44,-53.72,-1.45%,3642.44,3717.27,488821472,59932312.0,-
2021-02-23,3617.7,3636.36,-6.09,-0.17%,3617.7,3672.15,398873184,47963180.0,-
2021-02-24,3638.94,3564.08,-72.28,-1.99%,3531.59,3645.65,362158944,48443040.0,-
2021-02-25,3595.54,3585.05,20.97,0.59%,3568.47,3608.56,366232288,44473504.0,-
2021-02-26,3514.56,3509.08,-75.97,-2.12%,3500.7,3550.41,333280064,42448592.0,-
2021-03-01,3531.48,3551.4,42.32,1.21%,3511.99,3552.57,315487520,40247704.0,-
2021-03-02,3566.85,3508.59,-42.81,-1.21%,3485.36,3566.85,339830464,42768048.0,-
2021-03-03,3500.16,3576.9,68.31,1.95%,3498.72,3577.62,347656832,41549036.0,-
2021-03-04,3546.64,3503.49,-73.41,-2.05%,3487.38,3552.2,393616128,46223372.0,-
2021-03-05,3463.31,3501.99,-1.5,-0.04%,3456.67,3523.57,356409216,40884992.0,-
2021-03-08,3524.98,3421.41,-80.57,-2.30%,3421.22,3542.3,387047968,45385920.0,-
2021-03-09,3415.34,3359.29,-62.12,-1.82%,3328.31,3429.15,407652544,45619620.0,-
2021-03-10,3389.84,3357.74,-1.55,-0.05%,3354.82,3397.03,299749184,33957172.0,-
2021-03-11,3369.9,3436.83,79.09,2.36%,3369.9,3436.83,322112032,36980536.0,-
2021-03-12,3447.2,3453.08,16.25,0.47%,3417.24,3454.51,358027008,38196428.0,-
2021-03-15,3441.88,3419.95,-33.13,-0.96%,3392.51,3457.49,367813312,38164652.0,-
2021-03-16,3424.65,3446.73,26.79,0.78%,3406.17,3448.88,316668736,33238850.0,-
2021-03-17,3435.73,3445.55,-1.18,-0.03%,3410.28,3454.06,280059808,30663046.0,-
2021-03-18,3449.64,3463.07,17.52,0.51%,3449.38,3478.14,284403904,31652918.0,-
2021-03-19,3423.87,3404.66,-58.4,-1.69%,3389.29,3439.52,309161728,33999228.0,-
2021-03-22,3406.12,3443.44,38.78,1.14%,3404.23,3443.66,312559072,33253504.0,-
2021-03-23,3445.34,3411.51,-31.93,-0.93%,3390.05,3445.42,326389408,34347716.0,-
2021-03-24,3394.13,3367.06,-44.45,-1.30%,3362.18,3415.29,317398688,34480004.0,-
2021-03-25,3355.07,3363.59,-3.47,-0.10%,3344.97,3382.23,270676096,29022346.0,-
2021-03-26,3373.32,3418.33,54.74,1.63%,3373.32,3423.22,274614976,32240862.0,-
2021-03-29,3429.63,3435.3,16.97,0.50%,3409.89,3449.83,284824256,32794412.0,-
2021-03-30,3432.53,3456.68,21.38,0.62%,3423.32,3457.63,285423072,33162566.0,-
2021-03-31,3452.21,3441.91,-14.77,-0.43%,3420.83,3452.21,283049280,31417412.0,-
2021-04-01,3444.81,3466.33,24.42,0.71%,3438.83,3470.03,275244288,29265192.0,-
2021-04-02,3472.63,3484.39,18.06,0.52%,3462.83,3487.59,262654880,31795322.0,-
2021-04-06,3491.63,3482.97,-1.42,-0.04%,3471.76,3493.28,234746672,28632966.0,-
2021-04-07,3483.42,3479.63,-3.34,-0.10%,3453.19,3483.42,295786976,32365098.0,-
2021-04-08,3467.49,3482.55,2.93,0.08%,3459.32,3495.91,331755328,34801132.0,-
2021-04-09,3475.44,3450.68,-31.88,-0.92%,3442.14,3475.45,280085184,30642222.0,-
2021-04-12,3445.97,3412.95,-37.73,-1.09%,3403.9,3456.16,309577248,33889032.0,-
2021-04-13,3411.29,3396.47,-16.48,-0.48%,3387.9,3425.39,270626048,29053986.0,-
2021-04-14,3397.02,3416.72,20.25,0.60%,3392.98,3420.03,233242320,26901008.0,-
2021-04-15,3409.61,3398.99,-17.73,-0.52%,3373.09,3409.61,234005056,27256920.0,-
2021-04-16,3407.19,3426.62,27.63,0.81%,3394.13,3432.63,258579680,29595110.0,-
2021-04-19,3427.55,3477.55,50.93,1.49%,3414.36,3479.01,302735808,36847244.0,-
2021-04-20,3467.15,3472.94,-4.61,-0.13%,3463.46,3494.3,285300096,35898276.0,-
2021-04-21,3456.3,3472.93,-0.01,0.00%,3450.11,3481.25,253777856,32391414.0,-
2021-04-22,3482.83,3465.11,-7.82,-0.23%,3456.32,3485.36,251114512,31708102.0,-
2021-04-23,3462.09,3474.17,9.05,0.26%,3456.33,3482.36,249360432,32301594.0,-
2021-04-26,3484.11,3441.17,-33.0,-0.95%,3438.57,3497.12,276970752,38816168.0,-
2021-04-27,3440.09,3442.61,1.45,0.04%,3417.26,3443.85,253032384,32704600.0,-
2021-04-28,3432.16,3457.07,14.46,0.42%,3423.32,3457.07,247381120,34966920.0,-
2021-04-29,3458.08,3474.9,17.83,0.52%,3447.59,3478.23,276631392,37161160.0,-
2021-04-30,3468.3,3446.86,-28.04,-0.81%,3426.9,3469.09,312660352,40144236.0,-
2021-05-06,3446.07,3441.28,-5.57,-0.16%,3426.85,3471.24,310424192,40052516.0,-
2021-05-07,3446.41,3418.87,-22.41,-0.65%,3416.78,3457.89,353785408,41107884.0,-
2021-05-10,3423.59,3427.99,9.12,0.27%,3401.93,3429.74,374170880,39971756.0,-
2021-05-11,3406.6,3441.85,13.85,0.40%,3384.7,3448.1,350934112,39032628.0,-
2021-05-12,3429.75,3462.75,20.91,0.61%,3428.39,3466.37,311444544,34386040.0,-
2021-05-13,3432.14,3429.54,-33.22,-0.96%,3418.38,3448.02,319325312,35637692.0,-
2021-05-14,3436.09,3490.38,60.84,1.77%,3422.56,3490.64,336982304,41111692.0,-
2021-05-17,3490.41,3517.62,27.24,0.78%,3490.14,3530.51,322135968,42447676.0,-
2021-05-18,3520.65,3529.01,11.4,0.32%,3510.86,3529.01,271308544,33602876.0,-
2021-05-19,3521.11,3510.96,-18.05,-0.51%,3503.82,3521.11,278321120,34997316.0,-
2021-05-20,3500.88,3506.94,-4.02,-0.11%,3486.07,3517.74,326009312,39035532.0,-
2021-05-21,3510.84,3486.56,-20.39,-0.58%,3479.67,3518.38,283826272,35602592.0,-
2021-05-24,3486.27,3497.28,10.73,0.31%,3469.87,3498.3,289509248,36718164.0,-
2021-05-25,3502.54,3581.34,84.06,2.40%,3502.44,3584.58,341241120,47221352.0,-
2021-05-26,3586.84,3593.36,12.02,0.34%,3585.37,3603.49,341980288,45583124.0,-
2021-05-27,3585.73,3608.85,15.49,0.43%,3579.26,3626.36,309551488,42900424.0,-
2021-05-28,3610.77,3600.78,-8.07,-0.22%,3582.36,3622.18,349208832,45244504.0,-
2021-05-31,3600.07,3615.48,14.69,0.41%,3580.65,3615.66,331523776,44969436.0,-
2021-06-01,3608.6,3624.71,9.24,0.26%,3581.91,3626.07,352811424,47166312.0,-
2021-06-02,3626.33,3597.14,-27.58,-0.76%,3584.6,3629.29,348558432,45467804.0,-
2021-06-03,3595.42,3584.21,-12.93,-0.36%,3584.21,3618.51,354233024,44350652.0,-
2021-06-04,3565.47,3591.84,7.63,0.21%,3561.89,3618.8,330893056,43528052.0,-
2021-06-07,3597.14,3599.54,7.7,0.21%,3581.9,3600.38,303718688,43221996.0,-
2021-06-08,3598.75,3580.11,-19.43,-0.54%,3563.25,3621.52,304491488,44316180.0,-
2021-06-09,3576.8,3591.4,11.29,0.32%,3572.64,3598.71,298323296,40323632.0,-
2021-06-10,3587.53,3610.86,19.46,0.54%,3584.13,3624.34,318174816,44211728.0,-
2021-06-11,3614.11,3589.75,-21.11,-0.58%,3587.15,3614.4,360554976,49537268.0,-
2021-06-15,3587.47,3556.56,-33.19,-0.92%,3547.19,3592.95,349168544,44471920.0,-
2021-06-16,3556.71,3518.33,-38.23,-1.07%,3513.56,3561.09,312597312,41060932.0,-
2021-06-17,3508.32,3525.6,7.28,0.21%,3507.35,3534.2,277229920,38876104.0,-
2021-06-18,3520.5,3525.1,-0.51,-0.01%,3503.18,3535.62,296708576,44629740.0,-
2021-06-21,3515.5,3529.18,4.09,0.12%,3504.01,3540.3,280898272,42656280.0,-
2021-06-22,3539.79,3557.41,28.23,0.80%,3536.81,3560.19,307536416,43709224.0,-
2021-06-23,3559.4,3566.22,8.81,0.25%,3549.85,3577.47,310709504,47034764.0,-
2021-06-24,3568.58,3566.65,0.43,0.01%,3548.82,3570.49,335440768,46127360.0,-
2021-06-25,3567.38,3607.56,40.91,1.15%,3564.52,3614.3,346087840,48389900.0,-
2021-06-28,3612.25,3606.37,-1.19,-0.03%,3594.22,3614.36,321274976,45602960.0,-
2021-06-29,3601.68,3573.18,-33.19,-0.92%,3570.53,3601.83,306071168,44089872.0,-
2021-06-30,3572.62,3591.2,18.02,0.50%,3569.5,3594.12,268162832,41469836.0,-
2021-07-01,3600.55,3588.78,-2.42,-0.07%,3573.94,3607.7,291883200,45063904.0,-
2021-07-02,3569.89,3518.76,-70.02,-1.95%,3514.34,3569.89,291945568,45226320.0,-
2021-07-05,3516.92,3534.32,15.56,0.44%,3510.58,3534.32,288094848,44543192.0,-
2021-07-06,3533.13,3530.26,-4.06,-0.11%,3496.93,3538.35,314070208,49288692.0,-
2021-07-07,3508.59,3553.72,23.46,0.66%,3504.47,3557.88,318839200,45760764.0,-
2021-07-08,3557.22,3525.5,-28.21,-0.79%,3521.06,3558.68,350877856,52685868.0,-
2021-07-09,3512.23,3524.09,-1.42,-0.04%,3485.05,3529.31,349884320,49302084.0,-
2021-07-12,3545.2,3547.84,23.75,0.67%,3527.39,3565.03,403639552,56475928.0,-
2021-07-13,3547.59,3566.52,18.69,0.53%,3542.82,3567.48,362416704,51191724.0,-
2021-07-14,3560.83,3528.5,-38.02,-1.07%,3525.49,3560.83,372221696,50771640.0,-
2021-07-15,3519.06,3564.59,36.09,1.02%,3514.26,3565.93,363259168,50748184.0,-
2021-07-16,3559.53,3539.3,-25.29,-0.71%,3537.73,3566.0,366014784,51864064.0,-
2021-07-19,3530.49,3539.12,-0.18,-0.01%,3506.34,3544.88,336760960,48695248.0,-
2021-07-20,3515.07,3536.79,-2.33,-0.07%,3509.19,3538.64,293780608,42264988.0,-
2021-07-21,3543.05,3562.66,25.87,0.73%,3543.05,3569.09,338978752,51724000.0,-
2021-07-22,3563.66,3574.73,12.07,0.34%,3558.29,3576.47,381067072,56676948.0,-
2021-07-23,3571.72,3550.4,-24.34,-0.68%,3541.51,3571.85,446421248,60419512.0,-
2021-07-26,3538.01,3467.44,-82.96,-2.34%,3424.74,3538.01,442882208,63906120.0,-
2021-07-27,3467.45,3381.18,-86.26,-2.49%,3380.28,3483.87,469075424,70274112.0,-
2021-07-28,3355.82,3361.59,-19.59,-0.58%,3312.72,3385.54,395825440,56469768.0,-
2021-07-29,3403.84,3411.72,50.13,1.49%,3382.57,3416.61,344569440,53974884.0,-
2021-07-30,3398.2,3397.36,-14.37,-0.42%,3370.45,3404.88,381440928,56882096.0,-
2021-08-02,3385.69,3464.29,66.93,1.97%,3367.64,3464.29,432927872,65788576.0,-
2021-08-03,3446.78,3447.99,-16.29,-0.47%,3435.46,3470.66,400698080,60341920.0,-
2021-08-04,3442.94,3477.22,29.23,0.85%,3440.78,3477.6,348744224,54682076.0,-
2021-08-05,3461.72,3466.55,-10.67,-0.31%,3449.39,3486.16,348436928,54040112.0,-
2021-08-06,3465.48,3458.23,-8.32,-0.24%,3436.93,3466.39,336824416,51640664.0,-
2021-08-09,3441.75,3494.63,36.41,1.05%,3438.7,3502.84,349910112,53949892.0,-
2021-08-10,3488.66,3529.93,35.3,1.01%,3477.06,3529.93,345112992,55344032.0,-
2021-08-11,3527.11,3532.62,2.69,0.08%,3524.04,3544.09,383783552,54194276.0,-
2021-08-12,3522.72,3524.74,-7.88,-0.22%,3513.45,3538.4,381074592,53816344.0,-
2021-08-13,3514.47,3516.3,-8.44,-0.24%,3500.8,3540.08,378187296,53290784.0,-
2021-08-16,3514.34,3517.34,1.05,0.03%,3510.9,3537.85,391099712,53545892.0,-
2021-08-17,3512.11,3446.98,-70.37,-2.00%,3438.12,3531.72,422885792,57043064.0,-
2021-08-18,3442.35,3485.29,38.31,1.11%,3437.69,3487.44,389203776,53546308.0,-
2021-08-19,3475.3,3465.55,-19.73,-0.57%,3446.01,3480.46,382383008,53792652.0,-
2021-08-20,3442.51,3427.33,-38.22,-1.10%,3394.97,3453.15,391136896,55266756.0,-
2021-08-23,3436.8,3477.13,49.8,1.45%,3436.67,3481.25,384727456,56430816.0,-
2021-08-24,3482.27,3514.47,37.34,1.07%,3481.14,3522.7,430236480,61608416.0,-
2021-08-25,3517.92,3540.38,25.91,0.74%,3510.07,3540.39,450047008,59861184.0,-
2021-08-26,3537.31,3501.66,-38.72,-1.09%,3499.45,3537.32,502903168,62239348.0,-
2021-08-27,3494.42,3522.16,20.49,0.59%,3493.38,3530.19,455345888,59551868.0,-
2021-08-30,3535.07,3528.15,5.99,0.17%,3512.99,3539.49,512785728,69911624.0,-
2021-08-31,3519.02,3543.94,15.79,0.45%,3496.39,3543.94,524205056,70350488.0,-
2021-09-01,3543.87,3567.1,23.16,0.65%,3514.67,3582.32,667276288,84252896.0,-
2021-09-02,3559.9,3597.04,29.94,0.84%,3557.68,3597.37,572684032,69111328.0,-
2021-09-03,3602.74,3581.73,-15.31,-0.43%,3569.4,3613.95,614532352,74384080.0,-
2021-09-06,3580.14,3621.86,40.12,1.12%,3580.14,3626.29,521713280,65408572.0,-
2021-09-07,3621.71,3676.59,54.73,1.51%,3615.14,3681.93,547721856,65886796.0,-
2021-09-08,3673.4,3675.19,-1.4,-0.04%,3661.0,3695.32,586436224,67434848.0,-
2021-09-09,3666.82,3693.13,17.94,0.49%,3662.16,3693.45,604810304,67946544.0,-
2021-09-10,3691.19,3703.11,9.98,0.27%,3681.64,3722.87,635200448,75908464.0,-
2021-09-13,3699.25,3715.37,12.26,0.33%,3692.82,3716.83,557484032,69619232.0,-
2021-09-14,3709.63,3662.6,-52.77,-1.42%,3655.63,3723.85,564952384,69377816.0,-
2021-09-15,3651.16,3656.22,-6.38,-0.17%,3638.32,3677.53,474969984,60423156.0,-
2021-09-16,3664.84,3607.09,-49.13,-1.34%,3606.73,3677.92,546741504,67395528.0,-
2021-09-17,3595.27,3613.97,6.87,0.19%,3569.27,3620.96,516850208,62883436.0,-
2021-09-22,3563.21,3628.49,14.52,0.40%,3560.5,3629.45,472296032,55987472.0,-
2021-09-23,3651.27,3642.22,13.73,0.38%,3632.28,3670.95,534995488,63321892.0,-
2021-09-24,3637.87,3613.07,-29.15,-0.80%,3607.79,3651.43,507304768,60678860.0,-
2021-09-27,3625.96,3582.83,-30.24,-0.84%,3559.92,3640.81,510802784,64067364.0,-
2021-09-28,3577.89,3602.22,19.39,0.54%,3568.82,3610.92,444168800,50008200.0,-
2021-09-29,3573.52,3536.29,-65.92,-1.83%,3518.05,3573.52,452511168,51110696.0,-
2021-09-30,3541.93,3568.17,31.87,0.90%,3541.93,3572.43,395629600,44573472.0,-
2021-10-08,3609.09,3592.17,24.0,0.67%,3571.73,3612.55,407161152,49296484.0,-
2021-10-11,3600.36,3591.71,-0.46,-0.01%,3586.75,3614.7,394361152,46867384.0,-
2021-10-12,3581.3,3546.94,-44.77,-1.25%,3515.14,3583.64,405393728,46198348.0,-
2021-10-13,3543.49,3561.76,14.83,0.42%,3515.65,3569.13,325050688,40502000.0,-
2021-10-14,3555.11,3558.28,-3.48,-0.10%,3547.18,3569.69,294969216,37751928.0,-
2021-10-15,3551.99,3572.37,14.09,0.40%,3542.69,3578.77,320292992,42592472.0,-
2021-10-18,3571.05,3568.14,-4.23,-0.12%,3539.48,3571.05,340950624,45578792.0,-
2021-10-19,3562.3,3593.15,25.02,0.70%,3560.62,3596.79,334197664,44018152.0,-
2021-10-20,3583.24,3587.0,-6.15,-0.17%,3574.3,3596.05,344244992,45048296.0,-
2021-10-21,3590.05,3594.78,7.78,0.22%,3576.35,3610.96,352310880,45357168.0,-
2021-10-22,3594.75,3582.6,-12.18,-0.34%,3578.76,3607.58,353157216,45544124.0,-
2021-10-25,3574.26,3609.86,27.26,0.76%,3564.21,3611.09,321196800,44396164.0,-
2021-10-26,3612.83,3597.64,-12.22,-0.34%,3589.71,3625.02,337278304,46517960.0,-
2021-10-27,3589.86,3562.31,-35.33,-0.98%,3553.13,3589.86,350620960,47077780.0,-
2021-10-28,3548.7,3518.42,-43.89,-1.23%,3509.49,3552.04,378171680,50298276.0,-
2021-10-29,3519.33,3547.34,28.92,0.82%,3502.8,3547.34,358809408,52723184.0,-
2021-11-01,3530.4,3544.48,-2.86,-0.08%,3519.29,3556.59,382251328,56410028.0,-
2021-11-02,3543.38,3505.63,-38.85,-1.10%,3477.66,3559.05,417563168,58551948.0,-
2021-11-03,3501.1,3498.54,-7.09,-0.20%,3480.49,3512.61,306607680,44911512.0,-
2021-11-04,3505.89,3526.87,28.33,0.81%,3503.01,3527.95,319440832,46882916.0,-
2021-11-05,3520.21,3491.57,-35.3,-1.00%,3491.46,3525.87,354533568,48582320.0,-
2021-11-08,3491.97,3498.63,7.06,0.20%,3484.24,3507.27,298183712,42196808.0,-
2021-11-09,3507.11,3507.0,8.37,0.24%,3489.04,3514.95,287316000,42120068.0,-
2021-11-10,3498.94,3492.46,-14.54,-0.41%,3448.44,3498.94,307030720,44311276.0,-
2021-11-11,3486.45,3532.79,40.32,1.15%,3482.83,3534.2,322087968,46480384.0,-
2021-11-12,3534.15,3539.1,6.31,0.18%,3527.39,3543.65,308683360,44339836.0,-
2021-11-15,3542.9,3533.3,-5.8,-0.16%,3521.29,3550.44,313017600,46406540.0,-
2021-11-16,3530.46,3521.79,-11.52,-0.33%,3517.81,3549.77,310399904,44470080.0,-
2021-11-17,3518.56,3537.37,15.58,0.44%,3513.52,3537.51,276735680,40155232.0,-
2021-11-18,3531.49,3520.71,-16.66,-0.47%,3513.11,3537.98,312426912,43289832.0,-
2021-11-19,3519.28,3560.37,39.66,1.13%,3517.65,3561.91,317989984,44059360.0,-
2021-11-22,3562.76,3582.08,21.71,0.61%,3562.75,3585.19,330009408,50912340.0,-
2021-11-23,3580.51,3589.09,7.01,0.20%,3577.36,3598.38,360011616,50808388.0,-
2021-11-24,3590.02,3592.7,3.61,0.10%,3575.29,3602.74,336775264,48102040.0,-
2021-11-25,3593.39,3584.18,-8.52,-0.24%,3579.53,3597.15,306451520,45055884.0,-
2021-11-26,3576.11,3564.09,-20.09,-0.56%,3554.88,3576.11,301000064,43462524.0,-
2021-11-29,3528.67,3562.7,-1.39,-0.04%,3526.35,3563.68,333618336,49003816.0,-
2021-11-30,3570.75,3563.89,1.19,0.03%,3546.36,3582.11,349187936,49360552.0,-
2021-12-01,3561.89,3576.89,13.0,0.36%,3558.69,3576.89,329873504,46752280.0,-
2021-12-02,3573.25,3573.84,-3.05,-0.09%,3567.14,3586.87,354041536,46842480.0,-
2021-12-03,3576.45,3607.43,33.6,0.94%,3573.21,3608.47,377551040,49356556.0,-
2021-12-06,3615.24,3589.31,-18.13,-0.50%,3586.81,3626.13,418676736,52822968.0,-
2021-12-07,3611.22,3595.09,5.78,0.16%,3572.57,3614.22,403842592,52411948.0,-
2021-12-08,3602.82,3637.57,42.48,1.18%,3591.99,3637.72,361036672,48603436.0,-
2021-12-09,3641.16,3673.04,35.47,0.98%,3638.7,3688.4,431918176,56852940.0,-
2021-12-10,3654.37,3666.35,-6.69,-0.18%,3651.35,3667.85,419988800,55632424.0,-
2021-12-13,3686.94,3681.08,14.73,0.40%,3678.06,3708.94,424092032,57418796.0,-
2021-12-14,3669.81,3661.53,-19.56,-0.53%,3654.66,3671.68,362171936,48746852.0,-
2021-12-15,3655.05,3647.63,-13.9,-0.38%,3645.24,3668.4,377477664,48113436.0,-
2021-12-16,3648.93,3675.02,27.39,0.75%,3644.66,3675.02,381329504,46591136.0,-
2021-12-17,3670.26,3632.36,-42.65,-1.16%,3631.66,3673.65,408487840,49195292.0,-
2021-12-20,3620.04,3593.6,-38.76,-1.07%,3589.36,3643.95,423851424,49182900.0,-
2021-12-21,3591.45,3625.12,31.52,0.88%,3591.45,3627.09,408184352,42837940.0,-
2021-12-22,3632.68,3622.62,-2.51,-0.07%,3616.55,3635.9,394825184,43245132.0,-
2021-12-23,3625.47,3643.34,20.72,0.57%,3618.05,3643.55,382925728,44998816.0,-
2021-12-24,3645.39,3618.05,-25.29,-0.69%,3612.07,3648.96,390347616,47626116.0,-
2021-12-27,3613.05,3615.97,-2.08,-0.06%,3601.94,3632.19,329235296,40748268.0,-
2021-12-28,3619.64,3630.11,14.14,0.39%,3607.36,3631.08,316202240,40876136.0,-
2021-12-29,3630.92,3597.0,-33.11,-0.91%,3596.32,3630.92,305131776,41042532.0,-
2021-12-30,3596.49,3619.19,22.19,0.62%,3595.5,3628.92,307839296,41394768.0,-
2021-12-31,3626.24,3639.78,20.59,0.57%,3624.94,3642.84,329681952,43348980.0,-
2022-01-04,3649.15,3632.33,-7.45,-0.20%,3610.09,3651.89,405027744,51025108.0,-
2022-01-05,3628.26,3595.18,-37.15,-1.02%,3583.47,3628.26,423902048,53896364.0,-
2022-01-06,3581.22,3586.08,-9.1,-0.25%,3559.88,3594.49,371540544,47428428.0,-
2022-01-07,3588.99,3579.54,-6.54,-0.18%,3577.1,3607.23,436306944,50289144.0,-
2022-01-10,3572.74,3593.52,13.98,0.39%,3555.13,3593.52,356222592,44340084.0,-
2022-01-11,3589.9,3567.44,-26.08,-0.73%,3562.75,3602.15,359761888,44130060.0,-
2022-01-12,3578.16,3597.43,29.99,0.84%,3572.1,3599.5,343132960,43581792.0,-
2022-01-13,3601.03,3555.26,-42.17,-1.17%,3555.16,3601.07,369368352,45700544.0,-
2022-01-14,3544.07,3521.26,-34.0,-0.96%,3519.32,3548.42,376937024,46319764.0,-
2022-01-17,3522.09,3541.67,20.41,0.58%,3519.43,3546.09,312886752,43827300.0,-
2022-01-18,3541.89,3569.91,28.25,0.80%,3531.33,3579.31,377146464,47083204.0,-
2022-01-19,3567.63,3558.18,-11.73,-0.33%,3541.66,3578.73,333235264,42076336.0,-
2022-01-20,3556.23,3555.06,-3.12,-0.09%,3540.55,3576.26,379509856,45970184.0,-
2022-01-21,3546.75,3522.57,-32.5,-0.91%,3514.89,3547.0,326534880,41776892.0,-
2022-01-24,3508.24,3524.1,1.54,0.04%,3500.14,3531.61,280268352,35800972.0,-
2022-01-25,3509.28,3433.06,-91.04,-2.58%,3433.06,3519.83,327353824,38372772.0,-
2022-01-26,3442.69,3455.67,22.61,0.66%,3417.76,3462.12,275122816,33831236.0,-
2022-01-27,3456.1,3394.25,-61.42,-1.78%,3392.02,3456.36,280606528,34653396.0,-
2022-01-28,3407.59,3361.44,-32.81,-0.97%,3356.56,3417.05,290855264,35377460.0,-
2022-02-07,3407.76,3429.58,68.14,2.03%,3407.76,3434.03,320485216,35714044.0,-
2022-02-08,3428.54,3452.63,23.05,0.67%,3390.46,3453.19,366093888,38796988.0,-
2022-02-09,3450.82,3479.95,27.32,0.79%,3444.08,3484.74,350249952,39372000.0,-
2022-02-10,3481.91,3485.91,5.96,0.17%,3464.22,3488.86,355666240,40496944.0,-
2022-02-11,3472.28,3462.95,-22.96,-0.66%,3459.33,3500.15,361356096,42629792.0,-
2022-02-14,3451.85,3428.88,-34.07,-0.98%,3415.45,3457.26,315274432,36167784.0,-
2022-02-15,3428.04,3446.09,17.21,0.50%,3421.64,3447.49,275559328,34163888.0,-
2022-02-16,3457.07,3465.83,19.74,0.57%,3453.8,3475.06,274993920,32556342.0,-
2022-02-17,3464.21,3468.04,2.2,0.06%,3454.28,3480.97,297262688,35578312.0,-
2022-02-18,3451.63,3490.76,22.72,0.66%,3447.03,3490.76,295149952,32722040.0,-
2022-02-21,3488.41,3490.61,-0.14,0.00%,3471.69,3492.2,301541760,34539856.0,-
2022-02-22,3473.29,3457.15,-33.47,-0.96%,3437.67,3473.39,326279488,38767892.0,-
2022-02-23,3458.51,3489.15,32.0,0.93%,3458.18,3490.76,325604896,41563032.0,-
2022-02-24,3474.37,3429.96,-59.19,-1.70%,3400.21,3486.98,488354912,56979404.0,-
2022-02-25,3445.34,3451.41,21.45,0.63%,3440.93,3480.18,377542560,44165948.0,-
2022-02-28,3450.32,3462.31,10.9,0.32%,3425.52,3462.31,345838400,41380452.0,-
2022-03-01,3471.36,3488.83,26.53,0.77%,3465.72,3491.13,326001664,41256244.0,-
2022-03-02,3478.29,3484.19,-4.64,-0.13%,3467.0,3486.62,329367680,38014384.0,-
2022-03-03,3495.93,3481.11,-3.08,-0.09%,3473.34,3500.29,412594304,44362176.0,-
2022-03-04,3459.98,3447.65,-33.46,-0.96%,3437.7,3474.88,393526592,43066908.0,-
2022-03-07,3438.56,3372.86,-74.79,-2.17%,3360.74,3438.56,393588992,45815692.0,-
2022-03-08,3372.55,3293.53,-79.33,-2.35%,3287.34,3383.63,415926752,48562360.0,-
2022-03-09,3303.71,3256.39,-37.14,-1.13%,3147.68,3321.48,466285568,51983328.0,-
2022-03-10,3312.18,3296.09,39.7,1.22%,3291.24,3326.58,378336384,46608400.0,-
2022-03-11,3259.32,3309.75,13.65,0.41%,3217.42,3315.66,384067136,45868704.0,-
2022-03-14,3271.89,3223.53,-86.21,-2.60%,3223.53,3297.8,337968672,41805560.0,-
2022-03-15,3192.36,3063.97,-159.57,-4.95%,3063.97,3196.92,465037152,50815840.0,-
2022-03-16,3107.67,3170.71,106.75,3.48%,3023.3,3177.79,444667200,52230532.0,-
2022-03-17,3215.01,3215.04,44.33,1.40%,3202.93,3260.17,420813440,53254948.0,-
2022-03-18,3207.15,3251.07,36.03,1.12%,3197.36,3260.78,373035616,42841508.0,-
2022-03-21,3255.62,3253.69,2.61,0.08%,3223.39,3267.5,354228480,42107632.0,-
2022-03-22,3249.54,3259.86,6.18,0.19%,3239.53,3279.11,361196160,40279896.0,-
2022-03-23,3264.79,3271.03,11.17,0.34%,3251.98,3279.89,349875360,40542204.0,-
2022-03-24,3256.06,3250.26,-20.77,-0.63%,3236.66,3266.89,329006656,39072752.0,-
2022-03-25,3247.16,3212.24,-38.02,-1.17%,3211.64,3257.11,340020000,38977040.0,-
2022-03-28,3185.17,3214.5,2.26,0.07%,3159.83,3230.22,344994848,37447228.0,-
2022-03-29,3216.01,3203.94,-10.56,-0.33%,3196.46,3229.18,316273632,36396448.0,-
2022-03-30,3217.59,3266.6,62.66,1.96%,3216.3,3266.6,366753664,41300896.0,-
2022-03-31,3256.14,3252.2,-14.39,-0.44%,3246.06,3272.04,398439904,42808904.0,-
2022-04-01,3234.67,3282.72,30.51,0.94%,3226.3,3287.23,378210464,40567572.0,-
2022-04-06,3269.43,3283.43,0.71,0.02%,3255.69,3288.11,429642784,43355640.0,-
2022-04-07,3267.81,3236.7,-46.73,-1.42%,3236.48,3290.26,402626656,39808184.0,-
2022-04-08,3239.88,3251.85,15.16,0.47%,3208.35,3257.09,413826784,41403724.0,-
2022-04-11,3239.85,3167.13,-84.72,-2.61%,3156.51,3239.85,424160160,43512952.0,-
2022-04-12,3165.12,3213.33,46.2,1.46%,3140.9,3214.54,418321952,42245584.0,-
2022-04-13,3199.8,3186.82,-26.51,-0.82%,3183.53,3225.47,391156928,39821688.0,-
2022-04-14,3203.63,3225.64,38.82,1.22%,3200.23,3240.0,371242368,40119164.0,-
2022-04-15,3210.7,3211.24,-14.4,-0.45%,3200.13,3229.87,407842080,41349884.0,-
2022-04-18,3185.94,3195.52,-15.72,-0.49%,3166.98,3204.03,347365120,36638080.0,-
2022-04-19,3192.09,3194.03,-1.5,-0.05%,3174.71,3207.83,339944096,36276988.0,-
2022-04-20,3189.89,3151.05,-42.98,-1.35%,3142.05,3191.83,362047040,37357268.0,-
2022-04-21,3138.43,3079.81,-71.24,-2.26%,3069.68,3160.9,391934688,39654204.0,-
2022-04-22,3058.4,3086.92,7.11,0.23%,3049.36,3105.66,342000544,34879364.0,-
2022-04-25,3034.27,2928.51,-158.41,-5.13%,2928.51,3043.82,433606112,42707720.0,-
2022-04-26,2930.45,2886.43,-42.09,-1.44%,2878.26,2957.68,401615136,39598596.0,-
2022-04-27,2866.82,2958.28,71.86,2.49%,2863.65,2959.18,423060192,42292836.0,-
2022-04-28,2945.81,2975.48,17.2,0.58%,2936.79,2991.51,375371776,38874304.0,-
2022-04-29,2986.06,3047.06,71.58,2.41%,2968.33,3048.49,423932800,44042272.0,-
2022-05-05,3044.85,3067.76,20.7,0.68%,3042.12,3082.23,383072864,40935200.0,-
2022-05-06,3011.32,3001.56,-66.2,-2.16%,2992.72,3030.69,343264224,34621440.0,-
2022-05-09,2990.2,3004.14,2.58,0.09%,2983.61,3015.94,292061568,29998328.0,-
2022-05-10,2965.78,3035.84,31.7,1.06%,2957.4,3043.78,370660960,38401260.0,-
2022-05-11,3035.39,3058.7,22.86,0.75%,3034.67,3100.9,423991904,47296340.0,-
2022-05-12,3044.8,3054.99,-3.71,-0.12%,3032.95,3072.16,344440448,36887968.0,-
2022-05-13,3068.03,3084.28,29.29,0.96%,3059.25,3086.1,331737856,34094220.0,-
2022-05-16,3100.55,3073.75,-10.54,-0.34%,3063.4,3102.58,338108512,34895772.0,-
2022-05-17,3076.5,3093.7,19.95,0.65%,3057.64,3093.7,330356544,35167128.0,-
2022-05-18,3095.89,3085.98,-7.72,-0.25%,3071.3,3105.84,315037920,33884916.0,-
2022-05-19,3046.71,3096.96,10.99,0.36%,3042.67,3096.96,336600736,36001820.0,-
2022-05-20,3107.09,3146.57,49.6,1.60%,3107.09,3146.57,372336640,41530620.0,-
2022-05-23,3150.49,3146.86,0.29,0.01%,3127.9,3150.51,353376352,38117856.0,-
2022-05-24,3149.06,3070.93,-75.93,-2.41%,3070.93,3153.13,416312160,43860540.0,-
2022-05-25,3070.17,3107.46,36.54,1.19%,3069.95,3107.63,342259232,34232216.0,-
2022-05-26,3111.48,3123.11,15.64,0.50%,3079.48,3133.28,370305504,37736464.0,-
2022-05-27,3135.03,3130.24,7.13,0.23%,3112.54,3151.05,359463840,37263160.0,-
2022-05-30,3141.96,3149.06,18.82,0.60%,3123.15,3150.89,349362304,37666772.0,-
2022-05-31,3149.94,3186.43,37.37,1.19%,3142.0,3188.6,374523264,43252804.0,-
2022-06-01,3179.69,3182.16,-4.27,-0.13%,3160.04,3190.61,365664416,40241996.0,-
2022-06-02,3170.31,3195.46,13.3,0.42%,3163.76,3197.28,361770624,41372924.0,-
2022-06-06,3196.96,3236.37,40.91,1.28%,3181.65,3237.07,422027840,51731436.0,-
2022-06-07,3235.42,3241.76,5.39,0.17%,3222.64,3253.09,402203232,48220320.0,-
2022-06-08,3245.02,3263.79,22.03,0.68%,3216.01,3266.63,434183264,50840852.0,-
2022-06-09,3259.49,3238.95,-24.84,-0.76%,3223.48,3270.56,422728384,46845820.0,-
2022-06-10,3214.18,3284.83,45.88,1.42%,3210.81,3286.62,439865728,50415368.0,-
2022-06-13,3256.27,3255.55,-29.28,-0.89%,3229.31,3272.99,438578304,51196620.0,-
2022-06-14,3224.21,3288.91,33.36,1.02%,3195.82,3289.13,450388160,51384500.0,-
2022-06-15,3289.1,3305.41,16.5,0.50%,3288.85,3358.55,550584128,62197256.0,-
2022-06-16,3306.84,3285.38,-20.02,-0.61%,3277.53,3319.69,433220864,50605400.0,-
2022-06-17,3265.51,3316.79,31.4,0.96%,3262.89,3323.28,395300704,49725216.0,-
2022-06-20,3315.78,3315.43,-1.36,-0.04%,3292.93,3333.9,413460384,52775176.0,-
2022-06-21,3313.79,3306.72,-8.71,-0.26%,3279.83,3329.39,394456896,47179364.0,-
2022-06-22,3309.12,3267.2,-39.52,-1.20%,3266.54,3311.02,375529792,44085100.0,-
2022-06-23,3269.05,3320.15,52.95,1.62%,3262.29,3320.15,400614208,47420012.0,-
2022-06-24,3324.74,3349.75,29.6,0.89%,3322.95,3356.71,390819712,50961600.0,-
2022-06-27,3364.0,3379.19,29.44,0.88%,3364.0,3393.31,414117728,54157384.0,-
2022-06-28,3377.68,3409.21,30.03,0.89%,3358.87,3412.1,412056544,52551252.0,-
2022-06-29,3399.68,3361.52,-47.69,-1.40%,3358.47,3414.65,440573536,56130700.0,-
2022-06-30,3358.93,3398.62,37.1,1.10%,3358.93,3417.01,381243200,51030720.0,-
2022-07-01,3400.26,3387.64,-10.98,-0.32%,3378.36,3404.05,350489312,45843528.0,-
2022-07-04,3381.82,3405.43,17.79,0.53%,3364.09,3405.62,357737920,48934796.0,-
2022-07-05,3411.13,3404.03,-1.4,-0.04%,3372.06,3424.84,411699680,51660572.0,-
2022-07-06,3391.03,3355.35,-48.68,-1.43%,3333.1,3391.03,384630048,48747464.0,-
2022-07-07,3353.13,3364.4,9.05,0.27%,3332.31,3375.86,334400192,43820312.0,-
2022-07-08,3380.37,3356.08,-8.32,-0.25%,3354.12,3386.31,322921056,42188392.0,-
2022-07-11,3341.1,3313.58,-42.49,-1.27%,3297.0,3341.1,342669184,42494228.0,-
2022-07-12,3307.22,3281.47,-32.12,-0.97%,3277.08,3319.25,334600544,41095056.0,-
2022-07-13,3279.6,3284.29,2.83,0.09%,3266.48,3297.02,331845664,39413460.0,-
2022-07-14,3277.45,3281.74,-2.55,-0.08%,3261.49,3299.25,355926432,43196932.0,-
2022-07-15,3261.38,3228.06,-53.68,-1.64%,3228.06,3288.92,380156352,46087700.0,-
2022-07-18,3235.09,3278.1,50.04,1.55%,3226.23,3278.47,348346048,42335728.0,-
2022-07-19,3278.72,3279.43,1.33,0.04%,3256.02,3283.93,315651904,39604236.0,-
2022-07-20,3291.55,3304.72,25.29,0.77%,3287.74,3308.35,301515136,38342276.0,-
2022-07-21,3297.66,3272.0,-32.72,-0.99%,3272.0,3300.53,332358688,42069660.0,-
2022-07-22,3276.2,3269.97,-2.03,-0.06%,3246.73,3293.64,300690048,38357600.0,-
2022-07-25,3269.71,3250.39,-19.59,-0.60%,3243.03,3273.18,271245728,34828188.0,-
2022-07-26,3254.19,3277.44,27.05,0.83%,3246.04,3282.41,259468672,33442160.0,-
2022-07-27,3271.78,3275.76,-1.68,-0.05%,3265.73,3282.57,249131472,33976824.0,-
2022-07-28,3287.5,3282.58,6.82,0.21%,3277.11,3305.71,288055040,39592556.0,-
2022-07-29,3282.81,3253.24,-29.34,-0.89%,3246.37,3294.8,307331040,41055308.0,-
2022-08-01,3246.62,3259.96,6.72,0.21%,3225.55,3264.3,292204800,39900024.0,-
2022-08-02,3231.26,3186.27,-73.69,-2.26%,3155.19,3231.26,394176192,47596272.0,-
2022-08-03,3188.89,3163.67,-22.59,-0.71%,3159.46,3217.55,324885664,45540976.0,-
2022-08-04,3179.43,3189.04,25.36,0.80%,3155.7,3191.0,260898944,37114692.0,-
2022-08-05,3195.23,3227.03,37.99,1.19%,3184.45,3228.89,274683712,41405564.0,-
2022-08-08,3218.85,3236.93,9.91,0.31%,3214.08,3237.97,254268048,39227716.0,-
2022-08-09,3235.74,3247.43,10.5,0.32%,3227.54,3248.77,259605456,39141556.0,-
2022-08-10,3242.36,3230.02,-17.41,-0.54%,3217.81,3253.17,257583600,39006612.0,-
2022-08-11,3243.47,3281.67,51.65,1.60%,3237.9,3281.67,300605376,42739916.0,-
2022-08-12,3275.77,3276.89,-4.78,-0.15%,3272.84,3288.22,299932928,40390616.0,-
2022-08-15,3268.37,3276.09,-0.8,-0.02%,3261.82,3286.89,287106752,38725772.0,-
2022-08-16,3278.68,3277.88,1.8,0.05%,3271.57,3295.02,303592288,40921008.0,-
2022-08-17,3282.1,3292.53,14.64,0.45%,3263.35,3296.0,326124736,42385900.0,-
2022-08-18,3286.37,3277.54,-14.98,-0.46%,3270.56,3289.14,301694784,41807520.0,-
2022-08-19,3275.62,3258.08,-19.47,-0.59%,3258.06,3286.49,333535488,45786336.0,-
2022-08-22,3249.7,3277.79,19.72,0.61%,3247.19,3278.17,314537856,42765332.0,-
2022-08-23,3274.43,3276.22,-1.57,-0.05%,3262.63,3284.6,316566368,41831172.0,-
2022-08-24,3279.17,3215.2,-61.02,-1.86%,3212.39,3281.88,366140576,45836028.0,-
2022-08-25,3223.46,3246.25,31.04,0.97%,3199.12,3248.35,336196160,41946428.0,-
2022-08-26,3250.63,3236.22,-10.03,-0.31%,3232.28,3266.27,309927552,39755624.0,-
2022-08-29,3203.1,3240.73,4.5,0.14%,3199.0,3240.73,297015104,36372996.0,-
2022-08-30,3240.18,3227.22,-13.51,-0.42%,3212.63,3243.75,294318912,35377568.0,-
2022-08-31,3216.53,3202.14,-25.08,-0.78%,3184.39,3232.02,344408832,43175800.0,-
2022-09-01,3196.54,3184.98,-17.16,-0.54%,3181.63,3214.56,274660544,33697864.0,-
2022-09-02,3189.64,3186.48,1.5,0.05%,3173.79,3198.28,250456896,31333762.0,-
2022-09-05,3183.95,3199.91,13.43,0.42%,3172.04,3199.91,280675648,33959152.0,-
2022-09-06,3207.93,3243.45,43.53,1.36%,3203.82,3244.64,318869696,37863608.0,-
2022-09-07,3232.14,3246.29,2.85,0.09%,3227.82,3253.77,301014464,36860872.0,-
2022-09-08,3245.56,3235.59,-10.71,-0.33%,3233.8,3253.7,281680352,32865708.0,-
2022-09-09,3241.18,3262.05,26.47,0.82%,3236.51,3266.2,283827680,33856672.0,-
2022-09-13,3272.05,3263.8,1.74,0.05%,3259.66,3278.17,276189824,33902188.0,-
2022-09-14,3224.68,3237.54,-26.26,-0.80%,3221.96,3250.8,255193376,30645282.0,-
2022-09-15,3248.97,3199.92,-37.62,-1.16%,3174.39,3254.18,325206112,39249060.0,-
2022-09-16,3189.83,3126.4,-73.52,-2.30%,3126.4,3191.83,316475872,35508536.0,-
2022-09-19,3122.75,3115.6,-10.8,-0.35%,3101.22,3135.56,249113664,28991882.0,-
2022-09-20,3127.84,3122.41,6.8,0.22%,3114.04,3140.03,219942544,26860030.0,-
2022-09-21,3116.01,3117.18,-5.23,-0.17%,3091.3,3129.82,232972496,26951376.0,-
2022-09-22,3098.77,3108.91,-8.27,-0.27%,3092.82,3125.68,221140688,26997860.0,-
2022-09-23,3106.81,3088.37,-20.54,-0.66%,3072.24,3124.66,243057728,28555290.0,-
2022-09-26,3067.57,3051.23,-37.14,-1.20%,3048.51,3102.65,262698624,29353644.0,-
2022-09-27,3056.39,3093.86,42.64,1.40%,3048.36,3094.04,232735296,29006572.0,-
2022-09-28,3089.1,3045.07,-48.8,-1.58%,3044.86,3089.1,230098656,27603972.0,-
2022-09-29,3067.47,3041.2,-3.86,-0.13%,3026.08,3076.76,230030416,27644108.0,-
2022-09-30,3042.17,3024.39,-16.81,-0.55%,3021.93,3054.61,204115328,24026278.0,-
2022-10-10,3026.94,2974.15,-50.25,-1.66%,2968.28,3029.45,243404816,29012004.0,-
2022-10-11,2978.06,2979.79,5.65,0.19%,2953.5,2986.91,208635952,24671562.0,-
2022-10-12,2976.72,3025.51,45.71,1.53%,2934.09,3025.51,248013552,30687134.0,-
2022-10-13,3008.3,3016.36,-9.15,-0.30%,3004.5,3036.25,249683264,31776480.0,-
2022-10-14,3035.03,3071.99,55.63,1.84%,3035.03,3084.27,277304064,37205068.0,-
2022-10-17,3060.52,3084.94,12.96,0.42%,3052.71,3087.19,262608608,34921448.0,-
2022-10-18,3094.93,3080.96,-3.98,-0.13%,3074.22,3099.92,245634768,32600290.0,-
2022-10-19,3073.26,3044.38,-36.58,-1.19%,3044.38,3081.39,230895312,31310834.0,-
2022-10-20,3029.3,3035.05,-9.33,-0.31%,3013.69,3070.26,244736144,34009132.0,-
2022-10-21,3038.04,3038.93,3.88,0.13%,3026.96,3055.42,245254128,31511098.0,-
2022-10-24,3034.75,2977.56,-61.37,-2.02%,2965.17,3064.42,298085344,39472596.0,-
2022-10-25,2969.16,2976.28,-1.27,-0.04%,2944.26,3001.72,255554144,33751928.0,-
2022-10-26,2977.56,2999.5,23.22,0.78%,2977.56,3028.35,268689504,37284528.0,-
2022-10-27,3005.04,2982.9,-16.6,-0.55%,2981.69,3017.26,265608256,38133036.0,-
2022-10-28,2967.02,2915.93,-66.98,-2.25%,2908.98,2974.24,292531296,38526136.0,-
2022-10-31,2893.2,2893.48,-22.44,-0.77%,2885.09,2926.01,301994208,39665416.0,-
2022-11-01,2899.5,2969.2,75.72,2.62%,2896.76,2969.2,319809568,43101588.0,-
2022-11-02,2960.65,3003.37,34.17,1.15%,2954.95,3019.05,325078240,45758152.0,-
2022-11-03,2981.2,2997.81,-5.56,-0.19%,2977.72,3003.72,259348560,37065328.0,-
2022-11-04,2997.0,3070.8,72.99,2.43%,2997.0,3081.59,329806752,45877008.0,-
2022-11-07,3062.86,3077.82,7.02,0.23%,3054.46,3088.19,320567104,42442912.0,-
2022-11-08,3077.31,3064.49,-13.32,-0.43%,3047.46,3078.28,256522016,33896692.0,-
2022-11-09,3064.46,3048.17,-16.33,-0.53%,3046.19,3073.92,235637328,30686088.0,-
2022-11-10,3031.69,3036.13,-12.04,-0.39%,3022.85,3047.98,270371808,33592592.0,-
2022-11-11,3099.65,3087.29,51.16,1.69%,3070.3,3117.74,409604544,51378460.0,-
2022-11-14,3100.87,3083.4,-3.89,-0.13%,3075.22,3121.41,361788224,45454672.0,-
2022-11-15,3081.14,3134.08,50.68,1.64%,3074.5,3135.59,331470592,44646000.0,-
2022-11-16,3133.65,3119.98,-14.1,-0.45%,3115.35,3145.75,303429824,38699288.0,-
2022-11-17,3110.96,3115.43,-4.55,-0.15%,3087.17,3115.44,287028416,37790012.0,-
2022-11-18,3116.73,3097.24,-18.19,-0.58%,3096.89,3126.71,299954272,38920740.0,-
2022-11-21,3078.06,3085.04,-12.2,-0.39%,3056.17,3085.24,256045552,34502552.0,-
2022-11-22,3084.23,3088.94,3.9,0.13%,3076.32,3118.12,327565920,37414284.0,-
2022-11-23,3084.74,3096.91,7.96,0.26%,3075.32,3108.24,326155456,35640084.0,-
2022-11-24,3104.1,3089.31,-7.6,-0.25%,3084.86,3113.24,267482928,30819018.0,-
2022-11-25,3085.46,3101.69,12.38,0.40%,3077.97,3111.42,311432000,32542634.0,-
2022-11-28,3055.29,3078.55,-23.14,-0.75%,3034.7,3080.18,305811296,33854936.0,-
2022-11-29,3096.11,3149.75,71.2,2.31%,3096.11,3152.0,391449760,43910260.0,-
2022-11-30,3141.4,3151.34,1.59,0.05%,3137.37,3158.57,372718304,40450436.0,-
2022-12-01,3187.99,3165.47,14.14,0.45%,3164.53,3198.41,387013056,46218496.0,-
2022-12-02,3160.58,3156.14,-9.33,-0.29%,3149.84,3170.9,307812480,36631868.0,-
2022-12-05,3181.92,3211.81,55.67,1.76%,3177.06,3213.44,447398432,47920364.0,-
2022-12-06,3200.27,3212.53,0.72,0.02%,3195.08,3224.82,373590304,43524868.0,-
2022-12-07,3204.94,3199.62,-12.91,-0.40%,3188.67,3226.08,354113088,40214612.0,-
2022-12-08,3196.02,3197.35,-2.27,-0.07%,3187.26,3206.72,320969312,36493560.0,-
2022-12-09,3197.12,3206.95,9.6,0.30%,3182.91,3212.11,373343200,44775020.0,-
2022-12-12,3195.87,3179.04,-27.91,-0.87%,3176.58,3196.72,333381792,39491960.0,-
2022-12-13,3179.44,3176.33,-2.72,-0.09%,3171.48,3187.2,285821184,33353978.0,-
2022-12-14,3178.55,3176.53,0.2,0.01%,3168.59,3189.83,265623568,33395068.0,-
2022-12-15,3177.2,3168.65,-7.88,-0.25%,3158.45,3179.1,243023344,30520498.0,-
2022-12-16,3156.14,3167.86,-0.79,-0.02%,3151.61,3175.35,259771808,30722776.0,-
2022-12-19,3165.31,3107.11,-60.74,-1.92%,3096.1,3170.26,278513536,30793462.0,-
2022-12-20,3098.95,3073.77,-33.35,-1.07%,3061.51,3100.75,218836768,26171606.0,-
2022-12-21,3078.33,3068.41,-5.36,-0.17%,3060.55,3085.8,189067920,22685280.0,-
2022-12-22,3085.8,3054.43,-13.98,-0.46%,3044.6,3096.24,223639536,26631548.0,-
2022-12-23,3038.84,3045.87,-8.56,-0.28%,3031.54,3061.87,192020288,23333524.0,-
2022-12-26,3048.2,3065.56,19.7,0.65%,3047.35,3071.84,206503888,25547028.0,-
2022-12-27,3077.75,3095.57,30.01,0.98%,3074.31,3098.08,222218320,26794678.0,-
2022-12-28,3088.62,3087.4,-8.17,-0.26%,3079.43,3098.65,224554144,26050854.0,-
2022-12-29,3076.73,3073.7,-13.7,-0.44%,3064.46,3086.0,215570672,25391698.0,-
2022-12-30,3084.52,3089.26,15.56,0.51%,3082.2,3096.31,217545344,25035596.0,-
2023-01-03,3087.51,3116.51,27.25,0.88%,3073.05,3119.86,281370368,33139212.0,-
2023-01-04,3117.57,3123.52,7.0,0.22%,3109.45,3129.09,273313632,31639122.0,-
2023-01-05,3132.76,3155.22,31.7,1.01%,3130.23,3159.43,257003008,33563592.0,-
2023-01-06,3155.07,3157.64,2.42,0.08%,3151.84,3170.74,257380256,33853984.0,-
2023-01-09,3169.37,3176.08,18.45,0.58%,3165.43,3183.58,258115216,34269376.0,-
2023-01-10,3178.02,3169.51,-6.58,-0.21%,3165.14,3178.16,232984160,31035768.0,-
2023-01-11,3172.38,3161.84,-7.67,-0.24%,3160.89,3184.76,237742880,30924888.0,-
2023-01-12,3167.27,3163.45,1.61,0.05%,3153.4,3171.59,216671312,27537186.0,-
2023-01-13,3170.35,3195.31,31.86,1.01%,3167.51,3195.31,220226880,28806250.0,-
2023-01-16,3198.52,3227.59,32.29,1.01%,3197.32,3251.37,306749536,41321964.0,-
2023-01-17,3229.44,3224.24,-3.35,-0.10%,3211.76,3231.26,226592240,30261180.0,-
2023-01-18,3227.59,3224.41,0.16,0.00%,3220.37,3234.82,212109728,26606818.0,-
2023-01-19,3221.52,3240.28,15.87,0.49%,3210.38,3240.28,226465040,29681556.0,-
2023-01-20,3247.2,3264.81,24.53,0.76%,3247.2,3267.06,273219168,32902818.0,-
2023-01-30,3308.87,3269.32,4.5,0.14%,3266.76,3310.49,353325824,45317700.0,-
2023-01-31,3266.14,3255.67,-13.65,-0.42%,3252.01,3277.25,300162944,37526076.0,-
2023-02-01,3262.2,3284.92,29.25,0.90%,3245.41,3284.92,339509408,41339520.0,-
2023-02-02,3291.78,3285.67,0.75,0.02%,3272.41,3295.76,333413120,42866280.0,-
2023-02-03,3275.66,3263.41,-22.26,-0.68%,3235.35,3275.66,293342816,37864852.0,-
2023-02-06,3244.7,3238.7,-24.71,-0.76%,3226.21,3250.35,267053104,34912728.0,-
2023-02-07,3245.23,3248.09,9.4,0.29%,3233.83,3250.03,250946464,32125764.0,-
2023-02-08,3251.5,3232.11,-15.99,-0.49%,3230.44,3257.11,234530496,29333274.0,-
2023-02-09,3227.73,3270.38,38.28,1.18%,3225.77,3270.38,254754528,35176084.0,-
2023-02-10,3266.44,3260.67,-9.71,-0.30%,3247.23,3269.99,260626928,34174984.0,-
2023-02-13,3256.99,3284.16,23.49,0.72%,3252.63,3285.09,297213184,39701140.0,-
2023-02-14,3288.97,3293.28,9.12,0.28%,3279.19,3293.73,270974176,35555808.0,-
2023-02-15,3294.01,3280.49,-12.79,-0.39%,3274.55,3296.2,269939104,35762184.0,-
2023-02-16,3281.74,3249.03,-31.46,-0.96%,3231.34,3308.83,380863520,46838252.0,-
2023-02-17,3244.73,3224.02,-25.01,-0.77%,3223.26,3262.47,278451232,35562584.0,-
2023-02-20,3230.47,3290.34,66.31,2.06%,3225.84,3291.04,325007744,39772032.0,-
2023-02-21,3291.63,3306.52,16.19,0.49%,3282.44,3308.79,324409440,39069124.0,-
2023-02-22,3292.05,3291.15,-15.38,-0.47%,3286.72,3307.03,255403984,32051560.0,-
2023-02-23,3293.52,3287.48,-3.67,-0.11%,3275.36,3307.44,262324304,33436454.0,-
2023-02-24,3287.26,3267.16,-20.32,-0.62%,3253.97,3288.39,234206304,30800436.0,-
2023-02-27,3257.0,3258.03,-9.13,-0.28%,3251.72,3276.58,242855344,32460508.0,-
2023-02-28,3265.74,3279.61,21.57,0.66%,3246.14,3280.42,251625040,31803016.0,-
2023-03-01,3279.14,3312.35,32.74,1.00%,3272.04,3315.16,318398720,38438740.0,-
2023-03-02,3308.01,3310.65,-1.69,-0.05%,3306.46,3320.74,328520000,38939064.0,-
2023-03-03,3314.77,3328.39,17.74,0.54%,3302.62,3330.6,343996896,38886000.0,-
2023-03-06,3332.02,3322.03,-6.37,-0.19%,3308.73,3333.06,340530432,43161680.0,-
2023-03-07,3320.21,3285.1,-36.93,-1.11%,3284.41,3342.86,389957952,43008116.0,-
2023-03-08,3271.88,3283.25,-1.85,-0.06%,3263.69,3283.25,260443552,31282216.0,-
2023-03-09,3285.94,3276.09,-7.15,-0.22%,3260.0,3289.06,264021856,32882570.0,-
2023-03-10,3255.51,3230.08,-46.02,-1.40%,3229.5,3262.15,281135424,34219860.0,-
2023-03-13,3228.12,3268.7,38.62,1.20%,3228.12,3268.7,294928064,36441420.0,-
2023-03-14,3261.92,3245.31,-23.38,-0.72%,3216.99,3262.0,319906048,40997628.0,-
2023-03-15,3261.03,3263.31,18.0,0.55%,3256.86,3273.12,305168800,37327636.0,-
2023-03-16,3244.47,3226.89,-36.42,-1.12%,3224.72,3257.43,327389632,39291020.0,-
2023-03-17,3245.26,3250.55,23.65,0.73%,3240.16,3279.92,343001024,43198308.0,-
2023-03-20,3253.93,3234.91,-15.64,-0.48%,3231.65,3267.99,392517376,48029240.0,-
2023-03-21,3240.84,3255.65,20.74,0.64%,3237.89,3256.0,301810784,38804704.0,-
2023-03-22,3263.41,3265.75,10.1,0.31%,3255.74,3279.39,290840448,38250908.0,-
2023-03-23,3258.78,3286.65,20.9,0.64%,3252.99,3286.65,306118400,42656480.0,-
2023-03-24,3282.74,3265.65,-21.0,-0.64%,3260.84,3282.74,324513344,43076160.0,-
2023-03-27,3261.82,3251.4,-14.26,-0.44%,3229.7,3261.82,337861216,45358576.0,-
2023-03-28,3256.6,3245.38,-6.02,-0.19%,3241.74,3264.1,295682656,39688292.0,-
2023-03-29,3253.62,3240.06,-5.32,-0.16%,3229.58,3254.56,296900512,40554276.0,-
2023-03-30,3243.07,3261.25,21.19,0.65%,3220.98,3263.74,299898272,40163428.0,-
2023-03-31,3263.41,3272.86,11.61,0.36%,3260.04,3278.42,283613728,39668928.0,-
2023-04-03,3277.34,3296.4,23.54,0.72%,3276.42,3299.73,357676768,51339056.0,-
2023-04-04,3297.18,3312.56,16.16,0.49%,3290.99,3312.56,385871616,55581108.0,-
2023-04-06,3302.75,3312.63,0.07,0.00%,3296.05,3314.53,327155424,50650016.0,-
2023-04-07,3312.48,3327.65,15.02,0.45%,3308.06,3328.85,283032256,43637280.0,-
2023-04-10,3331.51,3315.36,-12.29,-0.37%,3309.92,3332.72,340819840,51643432.0,-
2023-04-11,3317.08,3313.57,-1.79,-0.05%,3298.25,3317.45,320566048,46689588.0,-
2023-04-12,3316.86,3327.18,13.61,0.41%,3315.4,3330.71,343025312,48206616.0,-
2023-04-13,3321.27,3318.36,-8.82,-0.27%,3309.25,3334.47,347862112,47758792.0,-
2023-04-14,3326.37,3338.15,19.79,0.60%,3316.81,3340.08,338299264,47834544.0,-
2023-04-17,3337.06,3385.61,47.46,1.42%,3336.39,3385.61,402809952,52379028.0,-
2023-04-18,3379.23,3393.33,7.72,0.23%,3375.78,3396.17,348399488,47428736.0,-
2023-04-19,3391.35,3370.13,-23.2,-0.68%,3364.64,3394.96,346123424,47649696.0,-
2023-04-20,3367.05,3367.03,-3.1,-0.09%,3344.02,3371.37,350354976,49967240.0,-
2023-04-21,3364.0,3301.26,-65.77,-1.95%,3301.26,3367.61,387395104,53051784.0,-
2023-04-24,3300.81,3275.41,-25.84,-0.78%,3264.93,3303.09,354255616,47326600.0,-
2023-04-25,3276.4,3264.87,-10.54,-0.32%,3229.45,3288.57,380895712,49424012.0,-
2023-04-26,3255.22,3264.1,-0.77,-0.02%,3239.99,3277.98,357917856,48041812.0,-
2023-04-27,3256.23,3285.88,21.78,0.67%,3253.11,3299.3,341590528,46617536.0,-
2023-04-28,3283.12,3323.27,37.39,1.14%,3283.12,3324.88,401554816,51490464.0,-
2023-05-04,3306.48,3350.46,27.18,0.82%,3302.03,3352.75,483364896,55049488.0,-
2023-05-05,3350.65,3334.5,-15.96,-0.48%,3321.19,3364.14,436504480,49929444.0,-
2023-05-08,3340.99,3395.0,60.5,1.81%,3340.99,3400.18,534103648,56466196.0,-
2023-05-09,3402.39,3357.67,-37.33,-1.10%,3356.12,3418.95,573013312,61910848.0,-
2023-05-10,3347.7,3319.15,-38.52,-1.15%,3305.25,3349.72,451739744,48955364.0,-
2023-05-11,3323.66,3309.55,-9.6,-0.29%,3307.29,3333.25,354258304,40131396.0,-
2023-05-12,3304.46,3272.36,-37.19,-1.12%,3271.43,3319.13,347315008,38708120.0,-
2023-05-15,3269.88,3310.74,38.37,1.17%,3235.87,3310.74,388045920,43170688.0,-
2023-05-16,3310.16,3290.99,-19.75,-0.60%,3282.49,3317.9,322479424,38538604.0,-
2023-05-17,3281.97,3284.23,-6.76,-0.21%,3269.89,3298.52,285744032,34048264.0,-
2023-05-18,3288.41,3297.32,13.09,0.40%,3284.17,3313.86,309967456,36843508.0,-
2023-05-19,3288.89,3283.54,-13.78,-0.42%,3268.22,3302.34,285404064,35950796.0,-
2023-05-22,3278.6,3296.47,12.93,0.39%,3276.54,3308.53,273889984,34244840.0,-
2023-05-23,3294.79,3246.24,-50.23,-1.52%,3246.24,3298.23,275279072,32466794.0,-
2023-05-24,3237.7,3204.75,-41.49,-1.28%,3204.38,3237.7,288720256,34267732.0,-
2023-05-25,3197.36,3201.26,-3.49,-0.11%,3168.57,3207.02,283588928,34770924.0,-
2023-05-26,3198.88,3212.5,11.24,0.35%,3179.82,3220.77,261700480,33331928.0,-
2023-05-29,3219.76,3221.45,8.94,0.28%,3208.96,3230.97,297389472,37787600.0,-
2023-05-30,3214.67,3224.21,2.76,0.09%,3186.63,3230.63,303532448,37662256.0,-
2023-05-31,3214.66,3204.56,-19.65,-0.61%,3190.27,3216.36,294573344,38499920.0,-
2023-06-01,3196.15,3204.63,0.07,0.00%,3189.52,3225.09,312330752,40098148.0,-
2023-06-02,3212.45,3230.07,25.43,0.79%,3211.74,3233.99,294667104,37750792.0,-
2023-06-05,3231.81,3232.44,2.37,0.07%,3221.63,3244.18,278060192,35781008.0,-
2023-06-06,3228.41,3195.34,-37.1,-1.15%,3189.27,3247.35,308285856,38749220.0,-
2023-06-07,3197.47,3197.76,2.42,0.08%,3188.01,3210.33,258063408,33108388.0,-
2023-06-08,3194.83,3213.59,15.83,0.49%,3180.54,3225.53,293530752,35355164.0,-
2023-06-09,3213.03,3231.41,17.82,0.55%,3206.1,3231.41,314155488,41334176.0,-
2023-06-12,3225.3,3228.83,-2.57,-0.08%,3210.71,3239.44,313784448,40324164.0,-
2023-06-13,3223.9,3233.67,4.84,0.15%,3215.5,3235.09,280628448,37719348.0,-
2023-06-14,3238.12,3228.99,-4.68,-0.14%,3226.77,3248.46,303537248,40400952.0,-
2023-06-15,3230.45,3252.98,23.99,0.74%,3229.15,3252.98,313255744,43752300.0,-
2023-06-16,3256.3,3273.33,20.36,0.63%,3255.5,3276.55,326281856,44437564.0,-
2023-06-19,3271.16,3255.81,-17.53,-0.54%,3251.78,3271.16,327753056,45522616.0,-
2023-06-20,3252.54,3240.36,-15.44,-0.47%,3237.79,3252.84,298260608,43324396.0,-
2023-06-21,3230.11,3197.9,-42.46,-1.31%,3197.9,3236.36,294377376,40623456.0,-
2023-06-26,3177.23,3150.62,-47.28,-1.48%,3144.25,3181.08,308129824,39885968.0,-
2023-06-27,3153.31,3189.44,38.82,1.23%,3148.27,3194.41,287604320,35448780.0,-
2023-06-28,3183.49,3189.38,-0.07,0.00%,3157.12,3192.66,276231936,36011820.0,-
2023-06-29,3185.42,3182.38,-6.99,-0.22%,3179.53,3196.5,250340064,34063668.0,-
2023-06-30,3178.92,3202.06,19.68,0.62%,3177.99,3212.99,265379888,35973956.0,-
2023-07-03,3209.16,3243.98,41.91,1.31%,3209.16,3246.86,312371392,42135348.0,-
2023-07-04,3241.23,3245.35,1.37,0.04%,3233.99,3246.96,279248704,38711596.0,-
2023-07-05,3240.05,3222.95,-22.4,-0.69%,3218.6,3241.84,264016432,35123500.0,-
2023-07-06,3215.86,3205.57,-17.37,-0.54%,3199.72,3229.48,246119040,32080832.0,-
2023-07-07,3197.47,3196.61,-8.97,-0.28%,3189.21,3212.05,255688480,31360746.0,-
2023-07-10,3208.73,3203.7,7.09,0.22%,3192.66,3216.53,236560368,31146250.0,-
2023-07-11,3211.12,3221.37,17.67,0.55%,3200.38,3221.68,227600464,30995026.0,-
2023-07-12,3220.38,3196.13,-25.23,-0.78%,3193.44,3224.33,271423392,36543320.0,-
2023-07-13,3202.7,3236.48,40.35,1.26%,3202.7,3238.47,276620512,37324252.0,-
2023-07-14,3240.97,3237.7,1.22,0.04%,3234.0,3248.39,273327488,36833780.0,-
2023-07-17,3219.02,3209.63,-28.07,-0.87%,3195.89,3219.02,250208384,32207450.0,-
2023-07-18,3206.79,3197.82,-11.81,-0.37%,3190.0,3210.25,235030256,30733166.0,-
2023-07-19,3195.01,3198.84,1.02,0.03%,3181.56,3204.36,217355856,28120610.0,-
2023-07-20,3201.91,3169.52,-29.31,-0.92%,3165.67,3209.06,238932896,30237602.0,-
2023-07-21,3163.42,3167.75,-1.78,-0.06%,3157.33,3185.64,225331360,28067318.0,-
2023-07-24,3157.47,3164.16,-3.58,-0.11%,3151.13,3178.73,216595216,26011908.0,-
2023-07-25,3201.46,3231.52,67.36,2.13%,3201.46,3231.75,348617728,41084660.0,-
2023-07-26,3228.09,3223.03,-8.49,-0.26%,3212.88,3229.89,317206048,32830692.0,-
2023-07-27,3225.48,3216.67,-6.36,-0.20%,3210.47,3245.6,327118880,33214506.0,-
2023-07-28,3206.74,3275.93,59.25,1.84%,3200.99,3280.28,411068416,43692364.0,-
2023-07-31,3287.21,3291.04,15.11,0.46%,3281.01,3322.13,459030976,51150532.0,-
2023-08-01,3288.76,3290.95,-0.09,0.00%,3279.57,3305.34,459890848,44102332.0,-
2023-08-02,3281.86,3261.69,-29.26,-0.89%,3252.3,3290.82,405341504,38895272.0,-
2023-08-03,3254.57,3280.46,18.77,0.58%,3247.27,3280.86,384691328,38953068.0,-
2023-08-04,3296.09,3288.08,7.62,0.23%,3281.73,3315.05,470927680,49718808.0,-
2023-08-07,3276.78,3268.83,-19.25,-0.59%,3258.54,3276.78,360341504,39305696.0,-
2023-08-08,3260.72,3260.62,-8.21,-0.25%,3246.67,3274.52,316520736,35575032.0,-
2023-08-09,3251.15,3244.49,-16.13,-0.49%,3240.29,3257.08,271218560,30977828.0,-
2023-08-10,3242.21,3254.56,10.07,0.31%,3234.12,3257.03,287412128,30726330.0,-
2023-08-11,3254.48,3189.25,-65.31,-2.01%,3189.25,3254.48,330137728,33918712.0,-
2023-08-14,3159.71,3178.43,-10.82,-0.34%,3141.66,3180.51,299840320,32263206.0,-
2023-08-15,3180.56,3176.18,-2.25,-0.07%,3147.35,3186.23,273251936,30082800.0,-
2023-08-16,3164.7,3150.13,-26.05,-0.82%,3149.72,3176.63,281728288,30361134.0,-
2023-08-17,3137.35,3163.74,13.61,0.43%,3123.25,3167.45,294692576,32078548.0,-
2023-08-18,3165.1,3131.95,-31.79,-1.00%,3131.95,3179.12,294390368,32044902.0,-
2023-08-21,3125.99,3092.98,-38.98,-1.24%,3092.98,3134.96,265753408,29372104.0,-
2023-08-22,3103.78,3120.33,27.36,0.88%,3074.53,3126.78,309316352,34863768.0,-
2023-08-23,3116.27,3078.4,-41.93,-1.34%,3077.61,3116.38,272244128,29798636.0,-
2023-08-24,3085.91,3082.24,3.84,0.12%,3072.95,3106.18,300024640,33244784.0,-
2023-08-25,3068.61,3064.07,-18.17,-0.59%,3053.04,3085.05,293347680,31775716.0,-
2023-08-28,3219.04,3098.64,34.56,1.13%,3089.12,3219.04,485607744,51723412.0,-
2023-08-29,3091.94,3135.89,37.25,1.20%,3090.44,3145.76,398875776,44397944.0,-
2023-08-30,3144.41,3137.14,1.25,0.04%,3126.9,3153.69,347511840,41472948.0,-
2023-08-31,3134.55,3119.88,-17.26,-0.55%,3113.95,3139.98,313448256,36250716.0,-
2023-09-01,3126.02,3133.25,13.37,0.43%,3123.19,3143.85,292311008,33473964.0,-
2023-09-04,3145.94,3177.06,43.81,1.40%,3143.38,3177.06,366391136,40450028.0,-
2023-09-05,3169.74,3154.37,-22.69,-0.71%,3150.08,3169.74,294061856,34276064.0,-
2023-09-06,3147.14,3158.08,3.71,0.12%,3136.9,3162.15,267002224,32400114.0,-
2023-09-07,3152.2,3122.35,-35.72,-1.13%,3120.82,3152.27,269264736,31718696.0,-
2023-09-08,3114.23,3116.72,-5.63,-0.18%,3104.67,3126.04,228125056,27000672.0,-
2023-09-11,3119.61,3142.78,26.06,0.84%,3113.82,3155.1,290442912,35188372.0,-
2023-09-12,3140.34,3137.06,-5.72,-0.18%,3134.32,3147.51,234672048,28189750.0,-
2023-09-13,3137.77,3123.07,-13.99,-0.45%,3106.97,3143.76,249701024,28201556.0,-
2023-09-14,3124.85,3126.55,3.48,0.11%,3111.86,3135.02,263990128,28164184.0,-
2023-09-15,3133.59,3117.74,-8.81,-0.28%,3107.45,3141.96,292026368,32609144.0,-
2023-09-18,3110.44,3125.93,8.19,0.26%,3098.5,3128.7,259444272,29964472.0,-
2023-09-19,3123.99,3124.96,-0.98,-0.03%,3113.53,3131.13,253652768,27406268.0,-
2023-09-20,3118.67,3108.57,-16.39,-0.52%,3108.16,3122.13,228124464,24302000.0,-
2023-09-21,3103.18,3084.7,-23.87,-0.77%,3084.7,3113.49,228659104,24353628.0,-
2023-09-22,3084.76,3132.43,47.73,1.55%,3078.8,3132.56,285978368,32144380.0,-
2023-09-25,3131.21,3115.61,-16.82,-0.54%,3112.15,3131.21,258071872,29463584.0,-
2023-09-26,3114.02,3102.27,-13.33,-0.43%,3102.27,3120.29,222644304,27000612.0,-
2023-09-27,3104.04,3107.32,5.04,0.16%,3103.84,3125.45,240495824,29342102.0,-
2023-09-28,3117.75,3110.48,3.16,0.10%,3105.94,3121.84,236329984,28839622.0,-
2023-10-09,3100.0,3096.92,-13.55,-0.44%,3072.64,3103.36,264422192,30266216.0,-
2023-10-10,3104.36,3075.24,-21.69,-0.70%,3073.19,3109.98,255327376,29365328.0,-
2023-10-11,3085.7,3078.96,3.72,0.12%,3071.94,3095.66,259918688,32656238.0,-
2023-10-12,3101.71,3107.9,28.95,0.94%,3092.18,3109.99,274828000,32586590.0,-
2023-10-13,3092.0,3088.1,-19.8,-0.64%,3080.55,3094.92,255085248,30953810.0,-
2023-10-16,3091.06,3073.81,-14.29,-0.46%,3063.69,3091.13,263882368,31439422.0,-
2023-10-17,3076.43,3083.5,9.68,0.32%,3064.89,3084.07,259019584,30002624.0,-
2023-10-18,3076.58,3058.71,-24.79,-0.80%,3057.06,3076.58,268647168,31030604.0,-
2023-10-19,3043.2,3005.39,-53.32,-1.74%,3004.77,3043.2,304038912,35506916.0,-
2023-10-20,2995.36,2983.06,-22.33,-0.74%,2977.17,3006.27,267113600,30738838.0,-
2023-10-23,2969.79,2939.29,-43.77,-1.47%,2923.51,2973.66,278904128,30402898.0,-
2023-10-24,2944.31,2962.24,22.95,0.78%,2929.09,2964.76,310985376,33990216.0,-
2023-10-25,2986.41,2974.11,11.87,0.40%,2972.42,2993.3,332392000,36284664.0,-
2023-10-26,2960.1,2988.3,14.19,0.48%,2956.01,2990.33,291814496,33225884.0,-
2023-10-27,2978.4,3017.78,29.48,0.99%,2974.88,3029.21,321803712,38569232.0,-
2023-10-30,3009.61,3021.55,3.77,0.12%,3002.35,3028.26,360604224,43958796.0,-
2023-10-31,3019.65,3018.77,-2.78,-0.09%,3006.61,3023.0,319859968,38627720.0,-
2023-11-01,3038.18,3023.08,4.31,0.14%,3013.93,3038.33,280110464,34712144.0,-
2023-11-02,3028.66,3009.41,-13.67,-0.45%,3009.12,3038.64,268794560,31193638.0,-
2023-11-03,3012.47,3030.8,21.39,0.71%,3012.47,3040.98,268486336,32930048.0,-
2023-11-06,3047.13,3058.41,27.61,0.91%,3037.69,3058.99,372949632,44763816.0,-
2023-11-07,3052.92,3057.27,-1.14,-0.04%,3042.47,3064.58,326853440,40106556.0,-
2023-11-08,3051.15,3052.37,-4.9,-0.16%,3037.29,3062.99,335677824,41528924.0,-
2023-11-09,3047.65,3053.28,0.91,0.03%,3045.83,3063.47,315621760,38855676.0,-
2023-11-10,3043.56,3038.97,-14.31,-0.47%,3027.09,3044.0,285546496,34691308.0,-
2023-11-13,3044.03,3046.53,7.56,0.25%,3028.17,3048.62,290430592,34412004.0,-
2023-11-14,3046.82,3056.07,9.54,0.31%,3044.43,3059.53,294844736,35824984.0,-
2023-11-15,3077.03,3072.83,16.76,0.55%,3064.35,3080.13,304250112,38951596.0,-
2023-11-16,3066.86,3050.93,-21.91,-0.71%,3050.93,3071.45,271079456,32936438.0,-
2023-11-17,3043.62,3054.37,3.44,0.11%,3033.75,3055.86,267606384,32856860.0,-
2023-11-20,3056.93,3068.32,13.95,0.46%,3043.51,3072.51,287556992,36710932.0,-
2023-11-21,3074.83,3067.93,-0.39,-0.01%,3063.34,3089.77,330733088,39155804.0,-
2023-11-22,3060.5,3043.61,-24.32,-0.79%,3043.61,3067.96,289056480,33038548.0,-
2023-11-23,3041.68,3061.86,18.25,0.60%,3034.3,3062.87,276592064,31561252.0,-
2023-11-24,3060.33,3040.97,-20.88,-0.68%,3037.2,3060.33,287788416,31150936.0,-
2023-11-27,3038.19,3031.7,-9.27,-0.30%,3015.01,3038.36,310517856,35070584.0,-
2023-11-28,3028.6,3038.55,6.85,0.23%,3020.23,3039.69,268920736,31730368.0,-
2023-11-29,3038.46,3021.69,-16.87,-0.56%,3017.66,3038.98,277956448,32214120.0,-
2023-11-30,3021.1,3029.67,7.99,0.26%,3013.77,3030.91,282945344,32675568.0,-
2023-12-01,3027.35,3031.64,1.96,0.06%,3010.23,3035.76,286089696,33554716.0,-
2023-12-04,3033.3,3022.91,-8.72,-0.29%,3022.35,3038.98,288162048,34427972.0,-
2023-12-05,3017.01,2972.3,-50.62,-1.67%,2972.3,3017.01,293943264,34045448.0,-
2023-12-06,2966.95,2968.93,-3.36,-0.11%,2959.6,2985.31,294104192,33621892.0,-
2023-12-07,2965.65,2966.21,-2.73,-0.09%,2949.14,2976.01,296243680,34803960.0,-
2023-12-08,2965.39,2969.56,3.35,0.11%,2962.33,2980.83,369138688,42349232.0,-
2023-12-11,2956.29,2991.44,21.88,0.74%,2930.42,2995.67,360216320,40535160.0,-
2023-12-12,2986.33,3003.44,12.0,0.40%,2980.45,3003.75,287638752,33317058.0,-
2023-12-13,2997.34,2968.76,-34.68,-1.15%,2968.76,2997.34,282754080,33147660.0,-
2023-12-14,2979.7,2958.99,-9.78,-0.33%,2958.07,2986.18,271457664,31265814.0,-
2023-12-15,2966.3,2942.56,-16.43,-0.56%,2940.03,2976.31,289327648,32208368.0,-
2023-12-18,2936.58,2930.8,-11.75,-0.40%,2924.33,2951.15,293087008,30491590.0,-
2023-12-19,2928.76,2932.39,1.59,0.05%,2914.13,2940.5,265926976,28323414.0,-
2023-12-20,2932.12,2902.11,-30.28,-1.03%,2902.04,2937.1,265562464,29083842.0,-
2023-12-21,2892.02,2918.71,16.61,0.57%,2882.02,2924.26,282541824,31594378.0,-
2023-12-22,2919.29,2914.78,-3.94,-0.13%,2906.51,2935.7,296628352,32749800.0,-
2023-12-25,2909.88,2918.81,4.04,0.14%,2903.99,2920.63,229814176,26148724.0,-
2023-12-26,2917.97,2898.88,-19.93,-0.68%,2892.84,2917.97,228140848,26022056.0,-
2023-12-27,2900.15,2914.61,15.74,0.54%,2890.17,2917.96,247900880,27904862.0,-
2023-12-28,2913.11,2954.7,40.09,1.38%,2909.39,2961.65,339213120,39244908.0,-
2023-12-29,2950.84,2974.93,20.23,0.68%,2950.02,2975.03,290672672,34900296.0,-
2024-01-02,2972.77,2962.28,-12.66,-0.43%,2962.28,2976.27,304141792,34595072.0,-
2024-01-03,2957.11,2967.25,4.97,0.17%,2953.29,2971.28,285455968,32101840.0,-
2024-01-04,2965.51,2954.35,-12.9,-0.43%,2936.63,2966.68,264980928,29629134.0,-
2024-01-05,2949.82,2929.18,-25.17,-0.85%,2916.72,2967.97,301040224,32591702.0,-
2024-01-08,2923.46,2887.54,-41.65,-1.42%,2887.54,2924.46,270275040,29073058.0,-
2024-01-09,2887.11,2893.25,5.71,0.20%,2878.41,2900.73,262955968,29444636.0,-
2024-01-10,2886.98,2877.7,-15.55,-0.54%,2870.42,2903.16,244046528,28119220.0,-
2024-01-11,2873.8,2886.65,8.95,0.31%,2867.72,2896.18,267050768,29855252.0,-
2024-01-12,2880.04,2881.98,-4.67,-0.16%,2878.88,2904.17,261602944,28287746.0,-
2024-01-15,2872.56,2886.29,4.31,0.15%,2869.22,2904.46,244611232,26922974.0,-
2024-01-16,2881.56,2893.99,7.7,0.27%,2861.13,2896.68,286286720,30083792.0,-
2024-01-17,2887.29,2833.62,-60.37,-2.09%,2833.62,2887.49,261251312,28307394.0,-
2024-01-18,2822.67,2845.78,12.17,0.43%,2760.98,2849.26,390396832,40070992.0,-
2024-01-19,2836.97,2832.28,-13.5,-0.47%,2822.84,2849.88,266664384,29671706.0,-
2024-01-22,2826.5,2756.34,-75.94,-2.68%,2735.37,2828.32,350165760,35991900.0,-
2024-01-23,2746.89,2770.98,14.64,0.53%,2724.16,2784.84,308749408,31219132.0,-
2024-01-24,2782.14,2820.77,49.8,1.80%,2743.4,2823.7,369070624,35731616.0,-
2024-01-25,2823.83,2906.11,85.34,3.03%,2821.71,2906.79,442009024,43767980.0,-
2024-01-26,2897.91,2910.22,4.11,0.14%,2890.48,2924.31,421109056,40240020.0,-
2024-01-29,2910.61,2883.36,-26.87,-0.92%,2883.33,2923.9,410581312,39701472.0,-
2024-01-30,2866.28,2830.53,-52.83,-1.83%,2829.25,2881.35,335661216,32925402.0,-
2024-01-31,2815.5,2788.55,-41.98,-1.48%,2782.59,2834.01,377103968,35563700.0,-
2024-02-01,2773.42,2770.74,-17.81,-0.64%,2752.78,2805.01,352889216,33754796.0,-
2024-02-02,2773.29,2730.15,-40.59,-1.46%,2666.33,2791.68,426230208,39266112.0,-
2024-02-05,2716.08,2702.19,-27.97,-1.02%,2635.09,2739.74,478990304,42487744.0,-
2024-02-06,2680.48,2789.49,87.3,3.23%,2669.67,2802.93,502849344,44121504.0,-
2024-02-07,2791.51,2829.7,40.21,1.44%,2770.53,2829.7,547117440,49591988.0,-
2024-02-08,2832.49,2865.9,36.21,1.28%,2827.9,2867.47,531108896,48293972.0,-
2024-02-19,2886.59,2910.54,44.64,1.56%,2867.71,2910.54,458967680,44214844.0,-
2024-02-20,2902.88,2922.73,12.19,0.42%,2887.47,2927.31,350138752,35705748.0,-
2024-02-21,2906.02,2950.96,28.23,0.97%,2898.05,2994.61,444245440,45092204.0,-
2024-02-22,2945.45,2988.36,37.4,1.27%,2944.5,2988.36,354132544,36526420.0,-
2024-02-23,2992.91,3004.88,16.52,0.55%,2979.97,3009.14,380083296,39823224.0,-
2024-02-26,3002.12,2977.02,-27.86,-0.93%,2967.06,3009.48,409026560,42756488.0,-
2024-02-27,2966.42,3015.48,38.46,1.29%,2961.15,3015.48,372984672,41261500.0,-
2024-02-28,3016.26,2957.85,-57.63,-1.91%,2957.85,3031.49,544109056,57655524.0,-
2024-02-29,2943.62,3015.17,57.32,1.94%,2943.62,3015.17,409696384,45280872.0,-
2024-03-01,3013.82,3027.02,11.85,0.39%,3003.76,3032.23,379132192,44298424.0,-
2024-03-04,3026.61,3039.31,12.29,0.41%,3007.68,3040.34,387760000,46172752.0,-
2024-03-05,3027.1,3047.79,8.49,0.28%,3022.18,3052.54,383509952,45890048.0,-
2024-03-06,3041.75,3039.93,-7.86,-0.26%,3034.35,3060.56,340982752,40133464.0,-
2024-03-07,3040.21,3027.4,-12.53,-0.41%,3023.12,3063.69,377154400,42339128.0,-
2024-03-08,3026.17,3046.02,18.62,0.61%,3016.9,3049.19,319204384,37064748.0,-
2024-03-11,3042.62,3068.46,22.44,0.74%,3035.45,3068.46,361608800,42785136.0,-
2024-03-12,3068.18,3055.94,-12.52,-0.41%,3044.86,3075.13,415743904,49455852.0,-
2024-03-13,3053.34,3043.83,-12.1,-0.40%,3031.9,3061.95,365047424,44245396.0,-
2024-03-14,3042.41,3038.23,-5.6,-0.18%,3020.64,3060.0,364072320,43633884.0,-
2024-03-15,3031.52,3054.64,16.4,0.54%,3023.22,3056.45,360268480,40591768.0,-
2024-03-18,3057.21,3084.93,30.29,0.99%,3055.92,3085.31,406653504,48552064.0,-
2024-03-19,3077.98,3062.76,-22.17,-0.72%,3062.63,3090.05,384123712,44693064.0,-
2024-03-20,3058.65,3079.69,16.93,0.55%,3056.65,3081.75,349187712,40743256.0,-
2024-03-21,3084.41,3077.11,-2.57,-0.08%,3069.27,3090.05,366877984,43763464.0,-
2024-03-22,3070.55,3048.03,-29.08,-0.95%,3027.76,3073.21,394740480,45676244.0,-
2024-03-25,3040.5,3026.31,-21.73,-0.71%,3026.31,3065.26,387485408,44347236.0,-
2024-03-26,3026.92,3031.48,5.18,0.17%,3006.26,3036.49,345928800,39641072.0,-
2024-03-27,3026.81,2993.14,-38.34,-1.26%,2993.14,3030.45,343198016,37624288.0,-
2024-03-28,2988.59,3010.66,17.52,0.59%,2984.12,3033.37,353200032,39292908.0,-
2024-03-29,3008.38,3041.17,30.5,1.01%,3008.17,3041.3,334822784,36457120.0,-
2024-04-01,3049.02,3077.38,36.21,1.19%,3049.02,3078.49,375393664,42090200.0,-
2024-04-02,3076.88,3074.96,-2.42,-0.08%,3063.98,3085.54,367304256,39670584.0,-
2024-04-03,3074.89,3069.3,-5.66,-0.18%,3057.4,3079.02,363211360,39270440.0,-
2024-04-08,3057.33,3047.05,-22.24,-0.72%,3045.47,3077.35,402936736,42180840.0,-
2024-04-09,3044.61,3048.54,1.48,0.05%,3033.21,3051.59,333489984,34783468.0,-
2024-04-10,3045.96,3027.33,-21.2,-0.70%,3013.59,3049.61,348991744,36471784.0,-
2024-04-11,3013.57,3034.25,6.91,0.23%,3009.9,3050.34,340894400,36414784.0,-
2024-04-12,3035.58,3019.47,-14.77,-0.49%,3014.83,3043.56,334229760,36311920.0,-
2024-04-15,3013.67,3057.38,37.9,1.26%,2995.54,3066.94,461239264,45984904.0,-
2024-04-16,3043.55,3007.07,-50.31,-1.65%,3005.34,3052.43,448070496,43517080.0,-
2024-04-17,3008.06,3071.38,64.31,2.14%,3002.06,3071.38,413358368,41625464.0,-
2024-04-18,3060.03,3074.22,2.84,0.09%,3057.76,3102.55,416321344,44143208.0,-
2024-04-19,3060.3,3065.26,-8.96,-0.29%,3055.06,3080.32,375543840,39661492.0,-
2024-04-22,3059.06,3044.6,-20.67,-0.67%,3042.54,3078.42,357216384,38219224.0,-
2024-04-23,3038.61,3021.98,-22.62,-0.74%,3016.52,3044.94,325595136,34865176.0,-
2024-04-24,3029.4,3044.82,22.84,0.76%,3019.12,3045.64,305264096,33515736.0,-
2024-04-25,3037.93,3052.9,8.08,0.27%,3034.65,3060.26,292280160,31579766.0,-
2024-04-26,3054.98,3088.64,35.74,1.17%,3054.98,3092.43,439382560,48416008.0,-
2024-04-29,3086.68,3113.04,24.41,0.79%,3080.59,3119.69,506925440,55491880.0,-
2024-04-30,3110.16,3104.82,-8.22,-0.26%,3104.29,3123.29,440213216,47380324.0,-
2024-05-06,3132.51,3140.72,35.9,1.16%,3126.77,3142.38,450656896,51125612.0,-
2024-05-07,3139.66,3147.74,7.02,0.22%,3133.69,3151.22,379102592,42695168.0,-
2024-05-08,3141.49,3128.48,-19.26,-0.61%,3126.17,3144.99,334000320,36722012.0,-
2024-05-09,3128.16,3154.32,25.84,0.83%,3128.16,3158.46,360881472,39897908.0,-
2024-05-10,3158.59,3154.55,0.23,0.01%,3137.15,3163.14,384287488,40670784.0,-
2024-05-13,3139.48,3148.02,-6.53,-0.21%,3126.17,3157.37,397030560,42596308.0,-
2024-05-14,3148.85,3145.77,-2.25,-0.07%,3137.61,3155.81,343526208,37006968.0,-
2024-05-15,3141.25,3119.9,-25.87,-0.82%,3117.93,3142.97,321027968,33300562.0,-
2024-05-16,3127.18,3122.4,2.5,0.08%,3116.16,3137.88,367417344,37750292.0,-
2024-05-17,3121.71,3154.03,31.63,1.01%,3116.78,3154.03,383915264,38957256.0,-
2024-05-20,3156.15,3171.15,17.12,0.54%,3155.99,3174.27,426867264,44881692.0,-
2024-05-21,3164.68,3157.97,-13.18,-0.42%,3148.34,3165.22,335783552,34658420.0,-
2024-05-22,3157.19,3158.54,0.57,0.02%,3152.46,3166.92,354098080,36413784.0,-
2024-05-23,3149.88,3116.39,-42.15,-1.33%,3110.28,3150.63,353943712,35668948.0,-
2024-05-24,3110.75,3088.87,-27.52,-0.88%,3087.79,3130.42,306532256,32274862.0,-
2024-05-27,3094.14,3124.04,35.17,1.14%,3091.99,3125.51,319396768,34538376.0,-
2024-05-28,3122.39,3109.57,-14.47,-0.46%,3106.36,3130.31,310066976,32098540.0,-
2024-05-29,3108.03,3111.02,1.45,0.05%,3100.98,3128.14,289970336,29751218.0,-
2024-05-30,3103.71,3091.68,-19.34,-0.62%,3085.38,3121.22,302380768,31847518.0,-
2024-05-31,3094.76,3086.81,-4.86,-0.16%,3086.81,3107.6,276072832,30112190.0,-
2024-06-03,3085.98,3078.49,-8.32,-0.27%,3061.28,3097.2,357563360,36760836.0,-
2024-06-04,3071.32,3091.2,12.71,0.41%,3063.59,3095.32,309287584,32558970.0,-
2024-06-05,3086.05,3065.4,-25.8,-0.83%,3064.74,3092.35,290542336,29972276.0,-
2024-06-06,3069.44,3048.79,-16.61,-0.54%,3040.83,3077.67,369867136,37131700.0,-
2024-06-07,3053.92,3051.28,2.48,0.08%,3031.04,3065.02,316342464,31891108.0,-
2024-06-11,3042.13,3028.05,-23.23,-0.76%,3013.86,3043.2,310481952,33268338.0,-
2024-06-12,3025.3,3037.47,9.42,0.31%,3021.31,3042.04,279452096,31205860.0,-
2024-06-13,3038.09,3028.92,-8.55,-0.28%,3022.82,3040.4,297862464,33687104.0,-
2024-06-14,3020.96,3032.63,3.71,0.12%,3011.58,3037.9,348746752,39619472.0,-
2024-06-17,3017.72,3015.89,-16.74,-0.55%,3012.05,3026.62,295763456,33814688.0,-
2024-06-18,3015.07,3030.25,14.36,0.48%,3012.52,3031.98,273625984,31732000.0,-
2024-06-19,3029.1,3018.05,-12.2,-0.40%,3015.33,3030.23,261296256,30029028.0,-
2024-06-20,3015.72,3005.44,-12.61,-0.42%,3001.77,3028.51,295515904,32410128.0,-
2024-06-21,2998.24,2998.14,-7.3,-0.24%,2985.93,3011.91,255001248,28027538.0,-
2024-06-24,2982.83,2963.1,-35.04,-1.17%,2960.13,2990.64,298653888,31859582.0,-
2024-06-25,2962.77,2950.0,-13.1,-0.44%,2935.54,2971.65,273209952,29656930.0,-
2024-06-26,2943.45,2972.53,22.53,0.76%,2933.33,2976.67,282388416,27621516.0,-
2024-06-27,2962.7,2945.85,-26.67,-0.90%,2944.9,2963.06,270548512,26667098.0,-
2024-06-28,2940.3,2967.4,21.55,0.73%,2939.98,2985.47,315201440,31334702.0,-
2024-07-01,2965.25,2994.73,27.33,0.92%,2961.86,2996.41,297782240,29432188.0,-
2024-07-02,2992.86,2997.01,2.28,0.08%,2989.47,3004.99,281364672,28255938.0,-
2024-07-03,2995.66,2982.38,-14.64,-0.49%,2978.07,2998.54,246284640,25784030.0,-
2024-07-04,2984.83,2957.57,-24.81,-0.83%,2955.29,2995.57,274268800,25900670.0,-
2024-07-05,2954.37,2949.93,-7.63,-0.26%,2920.2,2957.11,272324544,27150894.0,-
2024-07-08,2939.84,2922.45,-27.48,-0.93%,2917.23,2947.61,277533440,27087202.0,-
2024-07-09,2919.57,2959.37,36.92,1.26%,2904.04,2963.78,315062016,32036110.0,-
2024-07-10,2949.03,2939.36,-20.01,-0.68%,2935.33,2958.86,301549472,30603526.0,-
2024-07-11,2957.25,2970.39,31.02,1.06%,2947.4,2971.36,328372416,33765316.0,-
2024-07-12,2965.61,2971.29,0.91,0.03%,2963.3,2977.14,303713024,30258158.0,-
2024-07-15,2963.85,2974.01,2.72,0.09%,2959.13,2977.31,268992608,26873334.0,-
2024-07-16,2963.9,2976.3,2.29,0.08%,2959.67,2977.36,260783632,27912136.0,-
2024-07-17,2970.81,2962.85,-13.45,-0.45%,2957.95,2972.79,282308000,30546910.0,-
2024-07-18,2951.14,2977.13,14.28,0.48%,2937.9,2978.09,278022656,30128374.0,-
2024-07-19,2963.51,2982.31,5.18,0.17%,2955.12,2986.24,280932416,31911244.0,-
2024-07-22,2978.19,2964.22,-18.09,-0.61%,2946.56,2978.6,278749568,31641548.0,-
2024-07-23,2960.5,2915.37,-48.85,-1.65%,2915.37,2960.5,296296000,30719404.0,-
2024-07-24,2909.15,2901.95,-13.42,-0.46%,2894.29,2922.03,306118848,28866036.0,-
2024-07-25,2891.89,2886.74,-15.21,-0.52%,2872.85,2897.77,274639488,27328164.0,-
2024-07-26,2886.0,2890.9,4.16,0.14%,2875.4,2899.12,278387520,27544344.0,-
2024-07-29,2889.47,2891.85,0.95,0.03%,2878.58,2898.95,256899728,26009490.0,-
2024-07-30,2885.22,2879.3,-12.55,-0.43%,2865.15,2885.22,262478832,26947748.0,-
2024-07-31,2877.54,2938.75,59.45,2.06%,2876.3,2940.59,412723392,41887172.0,-
2024-08-01,2940.12,2932.39,-6.36,-0.22%,2928.83,2947.88,346621120,35258612.0,-
2024-08-02,2913.02,2905.34,-27.05,-0.92%,2902.72,2931.26,312205056,31491798.0,-
2024-08-05,2889.36,2860.7,-44.64,-1.54%,2860.7,2919.03,355540576,35686300.0,-
2024-08-06,2878.65,2867.28,6.59,0.23%,2845.33,2888.2,297300800,29583556.0,-
2024-08-07,2864.01,2869.83,2.55,0.09%,2857.72,2886.94,263097152,26379366.0,-
2024-08-08,2864.76,2869.9,0.07,0.00%,2850.87,2886.4,289128640,27110792.0,-
2024-08-09,2879.87,2862.19,-7.71,-0.27%,2862.19,2887.85,284253920,25288402.0,-
2024-08-12,2858.89,2858.2,-3.99,-0.14%,2851.3,2869.27,244241360,21762668.0,-
2024-08-13,2860.41,2867.95,9.74,0.34%,2845.31,2867.95,231674592,21090852.0,-
2024-08-14,2866.24,2850.65,-17.29,-0.60%,2850.4,2866.24,217885168,20745756.0,-
2024-08-15,2844.2,2877.36,26.7,0.94%,2839.39,2889.09,271900000,25498710.0,-
2024-08-16,2877.94,2879.43,2.07,0.07%,2873.06,2888.68,263653440,24360828.0,-
2024-08-19,2877.95,2893.67,14.24,0.49%,2877.77,2905.15,261687728,24299488.0,-
2024-08-20,2895.55,2866.66,-27.01,-0.93%,2855.33,2896.52,263658000,23730780.0,-
2024-08-21,2858.94,2856.58,-10.08,-0.35%,2848.15,2863.89,229200032,20990918.0,-
2024-08-22,2856.2,2848.77,-7.81,-0.27%,2845.5,2861.61,245399408,23012408.0,-
2024-08-23,2844.77,2854.37,5.6,0.20%,2839.34,2860.73,226692560,21458190.0,-
2024-08-26,2855.47,2855.52,1.15,0.04%,2844.38,2860.65,227351536,21680666.0,-
2024-08-27,2850.88,2848.73,-6.79,-0.24%,2843.16,2853.78,230693008,21568634.0,-
2024-08-28,2844.33,2837.43,-11.3,-0.40%,2830.96,2852.56,228730608,21386236.0,-
2024-08-29,2829.45,2823.11,-14.32,-0.50%,2815.38,2831.43,277510528,25764424.0,-
2024-08-30,2819.65,2842.21,19.11,0.68%,2817.01,2867.96,397516960,38409288.0,-
2024-09-02,2832.35,2811.03,-31.18,-1.10%,2810.37,2839.28,340714176,31481302.0,-
2024-09-03,2809.17,2802.98,-8.06,-0.29%,2794.91,2814.9,275736160,25278248.0,-
2024-09-04,2786.5,2784.28,-18.7,-0.67%,2781.94,2800.61,257453504,23471170.0,-
2024-09-05,2785.26,2788.31,4.04,0.14%,2777.47,2796.02,242040960,22751450.0,-
2024-09-06,2791.76,2765.81,-22.51,-0.81%,2765.64,2804.09,253645376,22857014.0,-
2024-09-09,2754.72,2736.49,-29.32,-1.06%,2726.97,2756.56,261468864,23660584.0,-
2024-09-10,2737.88,2744.19,7.7,0.28%,2718.63,2750.12,262159008,22640850.0,-
2024-09-11,2732.73,2721.8,-22.4,-0.82%,2710.62,2732.73,242264896,21975596.0,-
2024-09-12,2722.14,2717.12,-4.67,-0.17%,2716.56,2734.68,240084320,21857110.0,-
2024-09-13,2718.99,2704.09,-13.03,-0.48%,2703.37,2728.78,251270048,22781880.0,-
2024-09-18,2705.35,2717.28,13.19,0.49%,2689.7,2724.11,247817136,21309058.0,-
2024-09-19,2723.21,2736.02,18.74,0.69%,2697.78,2747.74,315208384,28053606.0,-
2024-09-20,2734.23,2736.81,0.79,0.03%,2717.95,2741.16,285644640,25543332.0,-
2024-09-23,2735.39,2748.92,12.1,0.44%,2731.36,2760.48,257642144,23521450.0,-
2024-09-24,2770.75,2863.13,114.21,4.15%,2761.37,2863.15,477619520,44279528.0,-
2024-09-25,2901.42,2896.31,33.18,1.16%,2889.05,2952.45,568259840,51669808.0,-
2024-09-26,2893.75,3000.95,104.65,3.61%,2889.01,3000.95,576319232,52466904.0,-
2024-09-27,3049.1,3087.53,86.58,2.88%,3017.45,3087.53,492287168,48061256.0,-
2024-09-30,3194.72,3336.5,248.97,8.06%,3153.7,3358.59,1102337920,116777264.0,-
2024-10-08,3674.4,3489.78,153.28,4.59%,3372.19,3674.4,1313460224,151051328.0,-
2024-10-09,3427.22,3258.86,-230.92,-6.62%,3249.16,3437.16,992757248,126431144.0,-
2024-10-10,3277.69,3301.93,43.07,1.32%,3228.12,3379.81,834500288,94778848.0,-
2024-10-11,3287.87,3217.74,-84.19,-2.55%,3187.99,3297.75,606027456,66433280.0,-
2024-10-14,3241.43,3284.32,66.58,2.07%,3203.9,3294.62,631466816,70149928.0,-
2024-10-15,3265.75,3201.29,-83.03,-2.53%,3201.29,3285.21,566054528,61909148.0,-
2024-10-16,3169.17,3202.95,1.66,0.05%,3167.74,3236.85,515813984,53306240.0,-
2024-10-17,3220.73,3169.38,-33.56,-1.05%,3169.38,3241.57,528611776,55734736.0,-
2024-10-18,3165.97,3261.56,92.18,2.91%,3152.82,3313.98,693014592,82794896.0,-
2024-10-21,3276.06,3268.11,6.55,0.20%,3239.1,3300.66,668150272,85578144.0,-
2024-10-22,3263.82,3285.87,17.76,0.54%,3255.14,3294.96,574913792,69886152.0,-
2024-10-23,3285.25,3302.8,16.94,0.52%,3277.07,3331.08,650444160,76006640.0,-
2024-10-24,3287.82,3280.26,-22.54,-0.68%,3266.88,3292.94,519827072,58524892.0,-
2024-10-25,3280.76,3299.7,19.44,0.59%,3276.13,3319.36,595651712,67725528.0,-
2024-10-28,3300.46,3322.2,22.5,0.68%,3279.72,3322.2,672373120,71751024.0,-
2024-10-29,3328.09,3286.41,-35.79,-1.08%,3284.21,3340.46,725326144,80657384.0,-
2024-10-30,3273.64,3266.24,-20.17,-0.61%,3244.81,3291.68,669018048,73061976.0,-
2024-10-31,3267.98,3279.82,13.59,0.42%,3252.39,3295.74,784649088,86497096.0,-
2024-11-01,3275.58,3272.01,-7.81,-0.24%,3258.73,3305.32,852055296,87811280.0,-
2024-11-04,3275.68,3310.21,38.19,1.17%,3263.84,3310.21,665077504,69234176.0,-
2024-11-05,3306.81,3386.99,76.78,2.32%,3302.05,3386.99,821124864,92993144.0,-
2024-11-06,3395.22,3383.81,-3.18,-0.09%,3367.08,3421.0,895855872,102680760.0,-
2024-11-07,3359.99,3470.66,86.85,2.57%,3356.26,3470.66,959556672,104884128.0,-
2024-11-08,3502.13,3452.3,-18.36,-0.53%,3443.19,3509.82,964034560,110793232.0,-
2024-11-11,3432.37,3470.07,17.77,0.51%,3416.73,3471.12,818025408,102433488.0,-
2024-11-12,3469.89,3421.97,-48.1,-1.39%,3402.04,3489.42,817926528,103960088.0,-
2024-11-13,3406.92,3439.28,17.31,0.51%,3404.53,3442.3,673662336,82943536.0,-
2024-11-14,3429.51,3379.84,-59.44,-1.73%,3376.15,3441.77,631556736,76288416.0,-
2024-11-15,3369.81,3330.73,-49.11,-1.45%,3330.73,3391.32,630285568,74593712.0,-
2024-11-18,3344.69,3323.85,-6.88,-0.21%,3309.01,3386.9,743950656,75580968.0,-
2024-11-19,3324.88,3346.01,22.16,0.67%,3284.13,3346.76,625024192,65157536.0,-
2024-11-20,3337.68,3367.99,21.98,0.66%,3333.0,3375.25,566154304,62785836.0,-
2024-11-21,3362.94,3370.4,2.41,0.07%,3348.86,3378.52,530331808,61451744.0,-
2024-11-22,3368.04,3267.19,-103.21,-3.06%,3267.19,3372.0,630687808,70762648.0,-
2024-11-25,3274.88,3263.76,-3.43,-0.11%,3232.92,3285.46,538897408,59650212.0,-
2024-11-26,3256.86,3259.76,-4.0,-0.12%,3252.87,3285.33,472219328,50949060.0,-
2024-11-27,3250.59,3309.78,50.02,1.53%,3227.36,3309.88,511202304,57161756.0,-
2024-11-28,3308.28,3295.7,-14.08,-0.43%,3290.36,3319.26,511953056,55816416.0,-
2024-11-29,3295.21,3326.46,30.76,0.93%,3293.69,3357.5,580227136,66385148.0,-
2024-12-02,3328.48,3363.98,37.53,1.13%,3323.01,3369.3,668477760,70950952.0,-
2024-12-03,3366.29,3378.81,14.82,0.44%,3348.37,3386.62,663030144,68398256.0,-
2024-12-04,3376.57,3364.65,-14.16,-0.42%,3352.94,3388.02,621028864,65346752.0,-
2024-12-05,3353.06,3368.86,4.21,0.12%,3353.06,3377.05,543885760,56555112.0,-
2024-12-06,3370.94,3404.08,35.22,1.05%,3364.21,3418.26,698186560,68598104.0,-
2024-12-09,3402.63,3402.53,-1.54,-0.05%,3385.96,3426.65,694905216,64944320.0,-
2024-12-10,3490.29,3422.66,20.13,0.59%,3417.77,3494.87,794668096,86048400.0,-
2024-12-11,3416.09,3432.49,9.83,0.29%,3416.09,3437.81,681544640,69292960.0,-
2024-12-12,3432.28,3461.5,29.01,0.85%,3425.98,3464.12,700096704,73416904.0,-
2024-12-13,3442.93,3391.88,-69.62,-2.01%,3390.75,3442.93,777464128,85071488.0,-
2024-12-16,3390.08,3386.33,-5.55,-0.16%,3376.54,3401.93,625579008,67523744.0,-
2024-12-17,3381.81,3361.49,-24.85,-0.73%,3357.77,3396.21,568941504,58478932.0,-
2024-12-18,3371.3,3382.21,20.72,0.62%,3371.3,3396.46,512524992,53979068.0,-
2024-12-19,3355.9,3370.03,-12.18,-0.36%,3346.47,3377.53,513909056,55913100.0,-
2024-12-20,3364.48,3368.07,-1.96,-0.06%,3362.82,3390.62,490964608,59682192.0,-
2024-12-23,3367.9,3351.26,-16.81,-0.50%,3348.28,3384.99,556747264,62311780.0,-
2024-12-24,3353.54,3393.53,42.27,1.26%,3352.95,3394.9,471992704,53075804.0,-
2024-12-25,3395.11,3393.35,-0.18,-0.01%,3374.01,3406.21,471315584,52216824.0,-
2024-12-26,3389.34,3398.08,4.73,0.14%,3380.25,3401.1,422177248,51893700.0,-
2024-12-27,3397.29,3400.14,2.07,0.06%,3388.32,3418.95,500488096,58609040.0,-
2024-12-30,3395.4,3407.33,7.18,0.21%,3394.96,3412.84,455262368,52224536.0,-
2024-12-31,3406.97,3351.76,-55.56,-1.63%,3351.76,3413.45,502731072,56258424.0,-
2025-01-02,3347.94,3262.56,-89.2,-2.66%,3242.09,3351.72,561375168,60334052.0,-
2025-01-03,3267.08,3211.43,-51.13,-1.57%,3205.78,3273.57,517592032,52315976.0,-
2025-01-06,3209.78,3206.92,-4.51,-0.14%,3185.46,3219.49,430978432,44418820.0,-
2025-01-07,3203.31,3229.64,22.72,0.71%,3190.46,3230.85,409660544,43638840.0,-
2025-01-08,3218.86,3230.17,0.52,0.02%,3175.72,3246.29,472864384,50814844.0,-
2025-01-09,3220.72,3211.39,-18.77,-0.58%,3205.91,3228.97,382943552,43444552.0,-
2025-01-10,3211.71,3168.52,-42.87,-1.33%,3168.52,3220.11,403663328,46593936.0,-
2025-01-13,3148.83,3160.75,-7.77,-0.25%,3140.98,3172.7,372742016,41177400.0,-
2025-01-14,3165.16,3240.94,80.19,2.54%,3159.43,3245.22,469212704,53898384.0,-
2025-01-15,3234.72,3227.12,-13.82,-0.43%,3222.24,3245.9,404723168,46621616.0,-
2025-01-16,3239.03,3236.03,8.92,0.28%,3217.1,3265.28,430655520,49905544.0,-
2025-01-17,3226.76,3241.82,5.79,0.18%,3219.77,3256.51,383599232,45655312.0,-
2025-01-20,3256.15,3244.38,2.56,0.08%,3238.12,3268.26,403337952,46974104.0,-
2025-01-21,3256.83,3242.62,-1.75,-0.05%,3229.07,3258.61,384583712,46826336.0,-
2025-01-22,3235.49,3213.62,-29.0,-0.89%,3203.38,3235.5,364817536,45231284.0,-
2025-01-23,3237.6,3230.16,16.54,0.51%,3229.57,3273.52,458246784,53980060.0,-
2025-01-24,3222.88,3252.63,22.46,0.70%,3221.71,3260.01,398653024,48068508.0,-
2025-01-27,3256.61,3250.6,-2.03,-0.06%,3250.6,3274.39,387467648,45023152.0,-
2025-02-05,3270.16,3229.49,-21.11,-0.65%,3220.28,3271.02,406388160,52110300.0,-
2025-02-06,3226.57,3270.66,41.17,1.27%,3225.85,3271.43,460842720,59042168.0,-
2025-02-07,3269.23,3303.67,33.01,1.01%,3262.51,3324.43,600558464,75761376.0,-
2025-02-10,3308.04,3322.17,18.5,0.56%,3299.24,3325.36,546589760,67703816.0,-
2025-02-11,3323.67,3318.06,-4.11,-0.12%,3304.44,3324.17,511943552,63216668.0,-
2025-02-12,3312.26,3346.39,28.33,0.85%,3310.39,3346.39,513437824,64738760.0,-
2025-02-13,3343.23,3332.48,-13.9,-0.42%,3332.48,3359.18,568631168,70579976.0,-
2025-02-14,3328.48,3346.72,14.24,0.43%,3322.53,3349.08,532332960,66755540.0,-
2025-02-17,3355.42,3355.83,9.11,0.27%,3333.19,3357.12,589546560,75011304.0,-
2025-02-18,3348.98,3324.49,-31.34,-0.93%,3314.3,3366.01,562679232,69679880.0,-
2025-02-19,3320.78,3351.54,27.05,0.81%,3320.58,3352.09,502912992,67514640.0,-
2025-02-20,3347.59,3350.78,-0.76,-0.02%,3338.03,3355.56,504357120,67009904.0,-
2025-02-21,3356.69,3379.11,28.33,0.85%,3339.03,3381.06,608190208,85565696.0,-
2025-02-24,3374.08,3373.03,-6.09,-0.18%,3355.87,3384.81,598188224,80284704.0,-
2025-02-25,3345.65,3346.04,-26.99,-0.80%,3337.84,3369.56,527578560,72750976.0,-
2025-02-26,3351.21,3380.21,34.17,1.02%,3351.21,3380.21,553992000,74788736.0,-
2025-02-27,3378.45,3388.06,7.85,0.23%,3353.57,3388.78,575815040,77406000.0,-
2025-02-28,3374.66,3320.9,-67.16,-1.98%,3318.72,3383.19,568319488,75805488.0,-
2025-03-03,3328.4,3316.93,-3.97,-0.12%,3304.59,3349.02,502417856,64398064.0,-
2025-03-04,3300.5,3324.21,7.28,0.22%,3297.53,3327.82,429996128,56872844.0,-
2025-03-05,3324.7,3341.96,17.75,0.53%,3314.15,3342.71,460952704,58776760.0,-
2025-03-06,3353.57,3381.1,39.13,1.17%,3348.68,3387.05,539992704,73643816.0,-
2025-03-07,3373.18,3372.55,-8.55,-0.25%,3363.93,3390.94,517663552,68787904.0,-
2025-03-10,3373.26,3366.16,-6.38,-0.19%,3347.19,3375.8,450380832,59502644.0,-
2025-03-11,3335.44,3379.83,13.67,0.41%,3334.83,3379.83,448468352,59228580.0,-
2025-03-12,3385.69,3371.92,-7.9,-0.23%,3370.22,3392.41,502195104,64850164.0,-
2025-03-13,3371.09,3358.73,-13.2,-0.39%,3341.12,3377.12,519013504,63621164.0,-
2025-03-14,3361.69,3419.56,60.83,1.81%,3360.61,3421.23,582663360,75004160.0,-
2025-03-17,3430.81,3426.13,6.57,0.19%,3422.46,3436.35,515685120,63934996.0,-
2025-03-18,3434.57,3429.76,3.63,0.11%,3423.3,3437.07,454916064,58633820.0,-
2025-03-19,3424.17,3426.43,-3.33,-0.10%,3414.59,3439.05,440316320,55997020.0,-
2025-03-20,3425.22,3408.95,-17.48,-0.51%,3404.66,3427.05,451630688,56560760.0,-
2025-03-21,3401.76,3364.83,-44.12,-1.29%,3355.84,3414.71,520862624,62316400.0,-
2025-03-24,3364.83,3370.03,5.2,0.15%,3340.24,3373.69,513310272,58674544.0,-
2025-03-25,3370.0,3369.98,-0.05,0.00%,3361.05,3379.99,456357408,51643568.0,-
2025-03-26,3365.67,3368.7,-1.28,-0.04%,3365.67,3382.34,428533760,48518560.0,-
2025-03-27,3362.71,3373.75,5.05,0.15%,3351.17,3394.03,414776320,49645712.0,-
2025-03-28,3372.04,3351.31,-22.44,-0.67%,3346.08,3375.05,412284288,46880760.0,-
2025-03-31,3343.34,3335.75,-15.56,-0.46%,3317.74,3361.74,472572000,53147580.0,-
2025-04-01,3340.71,3348.44,12.69,0.38%,3338.78,3357.62,422588672,49941568.0,-
2025-04-02,3344.17,3350.13,1.69,0.05%,3343.12,3361.13,350127360,41166604.0,-
2025-04-03,3319.61,3342.01,-8.12,-0.24%,3319.61,3358.43,400517824,48651044.0,-
2025-04-07,3193.1,3096.58,-245.43,-7.34%,3040.69,3217.78,662199552,73536736.0,-
2025-04-08,3094.26,3145.55,48.97,1.58%,3085.12,3145.55,662242368,73016616.0,-
2025-04-09,3110.01,3186.81,41.26,1.31%,3070.08,3186.81,684797184,75543024.0,-
2025-04-10,3227.84,3223.64,36.83,1.16%,3201.57,3239.94,591208256,68235656.0,-
2025-04-11,3219.51,3238.23,14.59,0.45%,3211.35,3249.85,475531808,58079136.0,-
2025-04-14,3251.98,3262.81,24.58,0.76%,3244.73,3272.72,471373216,54381144.0,-
2025-04-15,3260.69,3267.66,4.85,0.15%,3246.34,3268.98,396662912,45633260.0,-
2025-04-16,3267.67,3276.0,8.34,0.26%,3233.79,3276.0,429534848,48920068.0,-
2025-04-17,3261.72,3280.34,4.34,0.13%,3258.15,3285.92,382012704,44259676.0,-
2025-04-18,3270.35,3276.73,-3.61,-0.11%,3262.39,3283.09,358836192,38031348.0,-
2025-04-21,3273.14,3291.43,14.7,0.45%,3270.01,3298.64,379307584,42939168.0,-
2025-04-22,3289.17,3299.76,8.32,0.25%,3288.33,3311.15,403167616,45267544.0,-
2025-04-23,3308.15,3296.36,-3.4,-0.10%,3293.06,3312.19,411633216,48620932.0,-
2025-04-24,3295.15,3297.29,0.93,0.03%,3286.24,3313.51,392844736,43470604.0,-
2025-04-25,3300.39,3295.06,-2.23,-0.07%,3288.75,3305.26,411043200,44541760.0,-
2025-04-28,3292.06,3288.41,-6.65,-0.20%,3279.88,3296.93,410665856,44191640.0,-
2025-04-29,3281.45,3286.65,-1.76,-0.05%,3277.63,3294.98,388961696,43088104.0,-
2025-04-30,3284.08,3279.03,-7.62,-0.23%,3277.55,3292.2,435794336,50557260.0,-
2025-05-06,3295.25,3316.11,37.08,1.13%,3286.99,3316.45,474369600,55182504.0,-
2025-05-07,3354.97,3342.67,26.55,0.80%,3324.81,3356.69,511159616,59523008.0,-
2025-05-08,3331.21,3352.0,9.33,0.28%,3327.9,3359.73,428377792,50161136.0,-
2025-05-09,3350.41,3342.0,-10.0,-0.30%,3335.13,3351.22,398909184,46486236.0,-
2025-05-12,3352.97,3369.24,27.25,0.82%,3344.27,3372.47,418239904,52208072.0,-
2025-05-13,3386.23,3374.87,5.63,0.17%,3370.25,3386.23,426240704,50660896.0,-
2025-05-14,3374.24,3403.95,29.08,0.86%,3368.08,3417.31,464934464,53487296.0,-
2025-05-15,3398.43,3380.82,-23.13,-0.68%,3378.02,3402.87,424100896,46129224.0,-
2025-05-16,3374.71,3367.46,-13.36,-0.40%,3356.66,3380.29,395401024,43564704.0,-
2025-05-19,3365.88,3367.58,0.12,0.00%,3356.65,3373.6,403074784,43717760.0,-
2025-05-20,3371.69,3380.48,12.9,0.38%,3369.96,3387.8,405544544,45029048.0,-
2025-05-21,3380.21,3387.57,7.1,0.21%,3380.21,3394.75,412496160,46595700.0,-
2025-05-22,3381.86,3380.19,-7.39,-0.22%,3376.23,3390.59,394217216,43833452.0,-
2025-05-23,3376.87,3348.37,-31.82,-0.94%,3348.37,3389.47,400227008,46858788.0,-
2025-05-26,3346.56,3346.84,-1.53,-0.05%,3336.36,3362.31,347562112,40052656.0,-
2025-05-27,3346.5,3340.69,-6.15,-0.18%,3332.49,3351.57,344071168,39440872.0,-
2025-05-28,3341.85,3339.93,-0.76,-0.02%,3336.73,3348.23,341555456,38934120.0,-
2025-05-29,3340.4,3363.45,23.51,0.70%,3337.42,3368.63,393233824,45374136.0,-
2025-05-30,3358.81,3347.49,-15.96,-0.47%,3341.65,3361.28,385602144,44335896.0,-
2025-06-03,3340.07,3361.98,14.49,0.43%,3340.07,3367.0,398060800,46829268.0,-
2025-06-04,3363.39,3376.2,14.23,0.42%,3363.39,3379.64,386494624,44684460.0,-
2025-06-05,3378.22,3384.1,7.9,0.23%,3371.15,3387.76,406252096,49824124.0,-
2025-06-06,3384.29,3385.36,1.26,0.04%,3379.76,3391.45,380122880,45274372.0,-
2025-06-09,3388.78,3399.77,14.41,0.43%,3383.07,3402.05,427347936,51187992.0,-
2025-06-10,3402.01,3384.82,-14.96,-0.44%,3365.67,3406.45,481618560,55742764.0,-
2025-06-11,3385.46,3402.32,17.5,0.52%,3385.46,3413.51,424090304,50180740.0,-
2025-06-12,3397.97,3402.66,0.34,0.01%,3388.87,3408.2,409490592,50162456.0,-
2025-06-13,3397.48,3377.0,-25.66,-0.75%,3370.59,3401.55,510065216,60538488.0,-
2025-06-16,3369.37,3388.73,11.73,0.35%,3368.88,3389.76,405383296,48159440.0,-
2025-06-17,3388.18,3387.4,-1.32,-0.04%,3376.42,3393.31,390012448,45803816.0,-
2025-06-18,3386.14,3388.81,1.4,0.04%,3369.99,3391.71,378684896,44101112.0,-
2025-06-19,3384.29,3362.11,-26.7,-0.79%,3353.94,3386.92,415327648,47325860.0,-
2025-06-20,3358.91,3359.9,-2.21,-0.07%,3357.71,3370.8,350223648,41087328.0,-
2025-06-23,3349.46,3381.58,21.69,0.65%,3347.65,3389.45,384561408,44278916.0,-
2025-06-24,3380.08,3420.57,38.98,1.15%,3380.08,3423.78,460963808,54488208.0,-
2025-06-25,3419.09,3455.97,35.41,1.04%,3417.41,3459.01,509384064,62017328.0,-
2025-06-26,3451.72,3448.45,-7.52,-0.22%,3446.19,3462.75,496541088,60309512.0,-
2025-06-27,3450.69,3424.23,-24.23,-0.70%,3421.04,3462.63,523129440,60573160.0,-
2025-06-30,3423.47,3444.43,20.2,0.59%,3420.11,3447.46,457348064,56713728.0,-
2025-07-01,3445.85,3457.75,13.32,0.39%,3441.04,3459.59,444356736,55355652.0,-
2025-07-02,3458.17,3454.79,-2.96,-0.09%,3447.96,3461.33,498116768,54313072.0,-
2025-07-03,3456.15,3461.15,6.36,0.18%,3446.97,3463.62,438543488,50021176.0,-
2025-07-04,3459.59,3472.32,11.17,0.32%,3455.49,3497.22,500195200,56724128.0,-
2025-07-07,3467.98,3473.13,0.81,0.02%,3462.79,3474.8,436631360,47619744.0,-
2025-07-08,3474.63,3497.48,24.35,0.70%,3474.63,3499.89,493484768,56750652.0,-
2025-07-09,3498.72,3493.05,-4.43,-0.13%,3491.2,3512.67,523920096,59596248.0,-
2025-07-10,3491.5,3509.68,16.63,0.48%,3491.5,3526.59,564159808,61316052.0,-
2025-07-11,3511.37,3510.18,0.5,0.01%,3506.8,3555.22,664185216,75354904.0,-
2025-07-14,3513.25,3519.65,9.47,0.27%,3513.25,3532.12,572084736,62310244.0,-
2025-07-15,3519.81,3505.0,-14.65,-0.42%,3483.38,3527.04,572074752,64685164.0,-
2025-07-16,3502.9,3503.78,-1.22,-0.03%,3489.14,3511.81,470878592,57241936.0,-
2025-07-17,3500.37,3516.83,13.05,0.37%,3499.19,3517.28,472211040,60979100.0,-
2025-07-18,3519.48,3534.48,17.66,0.50%,3518.23,3536.01,493484064,64362756.0,-
2025-07-21,3542.82,3559.79,25.31,0.72%,3542.57,3560.63,633649728,73090584.0,-
2025-07-22,3561.63,3581.86,22.07,0.62%,3547.25,3584.72,716155200,84057344.0,-
2025-07-23,3588.88,3582.3,0.44,0.01%,3577.59,3613.02,767672384,85704600.0,-
2025-07-24,3578.91,3605.73,23.43,0.65%,3577.11,3608.73,773265792,85223968.0,-
2025-07-25,3604.45,3593.66,-12.07,-0.33%,3586.22,3610.03,697189568,82160960.0,-
2025-07-28,3594.23,3597.94,4.28,0.12%,3582.15,3606.27,594187904,76126544.0,-
2025-07-29,3595.81,3609.71,11.77,0.33%,3585.94,3611.35,610642048,79360640.0,-
2025-07-30,3608.35,3615.72,6.01,0.17%,3593.73,3636.17,637221952,81962792.0,-
2025-07-31,3604.7,3573.21,-42.51,-1.18%,3562.61,3606.37,654509312,84589304.0,-
2025-08-01,3568.26,3559.95,-13.26,-0.37%,3550.04,3581.75,509563072,68464520.0,-
2025-08-04,3547.16,3583.31,23.36,0.66%,3547.16,3583.31,458573632,63977560.0,-
2025-08-05,3588.81,3617.6,34.29,0.96%,3586.97,3617.6,499797760,65638248.0,-
2025-08-06,3615.81,3633.99,16.4,0.45%,3613.99,3634.31,512467264,70722128.0,-
2025-08-07,3637.78,3639.67,5.67,0.16%,3622.52,3645.12,535501216,74970000.0,-
2025-08-08,3634.85,3635.13,-4.54,-0.12%,3625.45,3645.37,526407552,71356976.0,-
2025-08-11,3637.05,3647.55,12.42,0.34%,3629.63,3656.85,551393344,75132944.0,-
2025-08-12,3647.96,3665.92,18.37,0.50%,3647.96,3669.04,536623744,77816104.0,-
2025-08-13,3668.66,3683.46,17.55,0.48%,3666.55,3688.63,613528896,88702264.0,-
2025-08-14,3685.52,3666.44,-17.02,-0.46%,3662.57,3704.77,647829568,94946424.0,-
2025-08-15,3659.81,3696.77,30.33,0.83%,3658.38,3702.26,678521664,96062496.0,-
2025-08-18,3712.5,3728.03,31.26,0.85%,3702.38,3745.94,776016704,113394192.0,-
2025-08-19,3728.49,3727.29,-0.74,-0.02%,3718.15,3746.67,696099712,106089928.0,-
2025-08-20,3716.68,3766.21,38.92,1.04%,3704.99,3767.43,679836416,101750016.0,-
2025-08-21,3770.68,3771.1,4.89,0.13%,3757.99,3787.98,691553024,99774192.0,-
2025-08-22,3772.28,3825.76,54.66,1.45%,3772.28,3825.76,698136256,109509152.0,-
2025-08-25,3848.16,3883.56,57.8,1.51%,3839.97,3883.56,885474816,136090400.0,-
2025-08-26,3871.47,3868.38,-15.18,-0.39%,3859.76,3888.6,734565312,111418792.0,-
2025-08-27,3869.61,3800.35,-68.03,-1.76%,3800.35,3887.2,858633472,132684880.0,-
2025-08-28,3796.71,3843.6,43.25,1.14%,3761.42,3845.09,788351936,126518560.0,-
2025-08-29,3842.82,3857.93,14.33,0.37%,3839.21,3867.61,739462336,122169184.0,-
2025-09-01,3869.75,3875.53,17.6,0.46%,3853.66,3879.05,747709568,120834792.0,-
2025-09-02,3877.09,3858.13,-17.4,-0.45%,3828.68,3885.31,762618816,122277760.0,-
2025-09-03,3865.29,3813.56,-44.58,-1.16%,3794.88,3868.39,645668480,101229608.0,-
2025-09-04,3807.76,3765.88,-47.68,-1.25%,3732.84,3808.4,710227968,110789200.0,-
2025-09-05,3761.88,3812.51,46.64,1.24%,3745.31,3817.16,626223360,97906168.0,-
2025-09-08,3811.67,3826.84,14.33,0.38%,3803.6,3833.14,660066944,102588376.0,-
2025-09-09,3816.66,3807.29,-19.55,-0.51%,3791.72,3834.67,600239360,91779528.0,-
2025-09-10,3806.58,3812.22,4.93,0.13%,3794.06,3827.0,534539840,82111360.0,-
2025-09-11,3806.06,3875.31,63.09,1.65%,3796.43,3875.31,617012928,101679400.0,-
2025-09-12,3875.51,3870.6,-4.71,-0.12%,3866.54,3892.74,700641792,109380728.0,-
2025-09-15,3876.1,3860.5,-10.09,-0.26%,3855.97,3879.74,644793984,98617200.0,-
2025-09-16,3865.98,3861.86,1.36,0.04%,3838.65,3876.69,673439680,98978616.0,-
2025-09-17,3854.07,3876.34,14.48,0.37%,3848.95,3882.67,663434752,100667912.0,-
2025-09-18,3876.06,3831.66,-44.68,-1.15%,3801.0,3899.96,876027392,136596240.0,-
2025-09-19,3830.44,3820.09,-11.57,-0.30%,3811.9,3843.17,682292608,101634824.0,-
2025-09-22,3822.01,3828.58,8.49,0.22%,3806.2,3831.74,568325696,94180000.0,-
2025-09-23,3830.14,3821.83,-6.74,-0.18%,3774.53,3838.61,701902848,107169784.0,-
2025-09-24,3804.48,3853.64,31.81,0.83%,3804.33,3854.92,602056640,101570784.0,-
2025-09-25,3852.43,3853.3,-0.34,-0.01%,3840.46,3866.11,589950528,100121136.0,-
2025-09-26,3839.86,3828.11,-25.2,-0.65%,3828.11,3856.61,551275328,92786488.0,-
2025-09-29,3828.17,3862.53,34.43,0.90%,3809.54,3881.0,608466432,96821240.0,-
2025-09-30,3869.7,3882.78,20.25,0.52%,3866.28,3887.57,569734656,97327496.0,-
2025-10-09,3898.31,3933.97,51.2,1.32%,3885.74,3936.58,725218496,121688872.0,-
2025-10-10,3915.48,3897.03,-36.94,-0.94%,3886.3,3933.01,718917696,113212720.0,-
2025-10-13,3800.11,3889.5,-7.53,-0.19%,3800.11,3895.83,709506112,108541360.0,-
2025-10-14,3910.78,3865.23,-24.27,-0.62%,3851.12,3918.44,800839616,120998384.0,-
2025-10-15,3867.54,3912.21,46.98,1.22%,3857.67,3912.29,645012992,96155216.0,-
2025-10-16,3900.68,3916.23,4.02,0.10%,3899.17,3931.05,595451520,86926456.0,-
2025-10-17,3912.04,3839.76,-76.47,-1.95%,3835.36,3921.06,617563008,87318160.0,-
2025-10-20,3865.55,3863.89,24.14,0.63%,3850.37,3877.72,549261696,77250328.0,-
2025-10-21,3870.75,3916.33,52.44,1.36%,3868.15,3919.32,599415744,83793840.0,-
2025-10-22,3896.07,3913.76,-2.57,-0.07%,3893.32,3918.59,543117376,74152480.0,-
2025-10-23,3904.16,3922.41,8.65,0.22%,3877.53,3926.22,565189248,71893104.0,-
2025-10-24,3929.11,3950.31,27.9,0.71%,3928.96,3950.31,567858432,85849128.0,-
2025-10-27,3969.22,3996.94,46.63,1.18%,3963.1,3999.07,637589568,104340400.0,-
2025-10-28,3986.89,3988.22,-8.72,-0.22%,3976.83,4010.73,577357696,94076088.0,-
2025-10-29,3990.27,4016.33,28.11,0.70%,3986.94,4016.33,612917440,96821568.0,-
2025-10-30,4007.82,3986.9,-29.43,-0.73%,3984.83,4025.7,668485568,107005856.0,-
2025-10-31,3985.06,3954.79,-32.11,-0.81%,3951.73,3986.74,675615424,103110464.0,-
2025-11-03,3954.08,3976.52,21.73,0.55%,3937.02,3977.31,641245952,94170368.0,-
2025-11-04,3973.46,3960.19,-16.33,-0.41%,3938.52,3985.88,615493824,85293840.0,-
2025-11-05,3922.58,3969.25,9.06,0.23%,3922.58,3979.75,614991616,82713360.0,-
2025-11-06,3973.35,4007.76,38.51,0.97%,3973.35,4008.8,627367552,93027552.0,-
2025-11-07,3994.32,3997.56,-10.2,-0.25%,3993.69,4012.01,596507008,87548680.0,-
2025-11-10,4001.79,4018.6,21.04,0.53%,3990.84,4018.7,634049984,96058864.0,-
2025-11-11,4023.88,4002.76,-15.84,-0.39%,3991.52,4024.94,581994880,85836216.0,-
2025-11-12,3996.56,4000.14,-2.62,-0.07%,3980.68,4020.38,586193216,84046720.0,-
2025-11-13,3996.51,4029.5,29.36,0.73%,3994.77,4030.4,613031104,87640096.0,-
2025-11-14,4007.13,3990.49,-39.01,-0.97%,3990.31,4034.08,622017152,83796952.0,-
2025-11-17,3988.56,3972.03,-18.46,-0.46%,3958.95,3992.4,592017920,80573312.0,-
2025-11-18,3962.44,3939.81,-32.22,-0.81%,3926.59,3966.89,594411008,79094864.0,-
2025-11-19,3937.92,3946.74,6.93,0.18%,3930.07,3960.05,531149632,72090880.0,-
2025-11-20,3960.7,3931.05,-15.69,-0.40%,3927.51,3967.97,534749568,71134128.0,-
2025-11-21,3896.66,3834.89,-96.16,-2.45%,3834.75,3912.01,631646272,82493112.0,-
2025-11-24,3848.66,3836.77,1.87,0.05%,3816.58,3854.33,504601728,71553920.0,-
2025-11-25,3850.57,3870.02,33.26,0.87%,3845.14,3882.03,478727616,72278880.0,-
2025-11-26,3867.43,3864.18,-5.84,-0.15%,3861.18,3879.92,457589760,70101984.0,-
2025-11-27,3867.2,3875.26,11.07,0.29%,3864.13,3895.59,444021952,69851912.0,-
2025-11-28,3870.94,3888.6,13.34,0.34%,3856.25,3888.89,449931968,64575584.0,-
2025-12-01,3894.21,3914.01,25.41,0.65%,3890.95,3914.46,537554112,78565832.0,-
2025-12-02,3908.46,3897.71,-16.29,-0.42%,3888.33,3908.77,455584480,62744068.0,-
2025-12-03,3894.16,3878.0,-19.71,-0.51%,3869.95,3901.7,485617248,64716656.0,-
2025-12-04,3879.74,3875.79,-2.21,-0.06%,3859.05,3888.86,445040256,62371260.0,-
2025-12-05,3873.12,3902.81,27.01,0.70%,3863.31,3907.78,500368768,71674248.0,-
2025-12-08,3909.23,3924.08,21.27,0.54%,3904.74,3936.31,547349760,83943904.0,-
2025-12-09,3916.51,3909.52,-14.56,-0.37%,3902.13,3923.9,524538272,78116040.0,-
2025-12-10,3901.13,3900.5,-9.03,-0.23%,3876.47,3906.12,497331488,73035984.0,-
2025-12-11,3903.89,3873.32,-27.18,-0.70%,3862.82,3904.96,525658592,76435016.0,-
2025-12-12,3869.41,3889.35,16.03,0.41%,3850.6,3891.81,573947136,90995088.0,-
2025-12-15,3865.4,3867.92,-21.42,-0.55%,3863.63,3896.98,500922784,76460488.0,-
2025-12-16,3861.51,3824.81,-43.11,-1.11%,3815.84,3862.43,512494848,73329400.0,-
2025-12-17,3822.51,3870.28,45.47,1.19%,3818.0,3881.75,512313664,76682056.0,-
2025-12-18,3857.26,3876.37,6.09,0.16%,3856.42,3888.29,461172608,70489560.0,-
2025-12-19,3878.23,3890.45,14.08,0.36%,3871.78,3902.67,513511872,73806600.0,-
2025-12-22,3900.53,3917.36,26.92,0.69%,3900.52,3920.01,522938976,78975640.0,-
2025-12-23,3919.11,3919.98,2.61,0.07%,3910.74,3937.13,521156928,80685344.0,-
2025-12-24,3920.35,3940.95,20.97,0.53%,3912.31,3947.04,474896480,77392864.0,-
2025-12-25,3937.72,3959.62,18.67,0.47%,3936.08,3964.07,469313088,78501864.0,-
2025-12-26,3957.83,3963.68,4.06,0.10%,3945.52,3977.71,555489600,89364440.0,-
2025-12-29,3964.65,3965.28,1.6,0.04%,3956.95,3983.98,563687168,90381976.0,-
2025-12-30,3947.87,3965.12,-0.16,0.00%,3947.42,3979.99,525932576,88753336.0,-
2025-12-31,3968.73,3968.84,3.72,0.09%,3955.49,3977.54,490751520,82951192.0,-
2026-01-05,3986.97,4023.42,54.58,1.38%,3983.58,4025.26,596950464,106733416.0,-
2026-01-06,4026.02,4083.67,60.25,1.50%,4025.09,4083.67,702472256,117576864.0,-
2026-01-07,4083.84,4085.77,2.11,0.05%,4069.44,4098.78,683384320,119742280.0,-
2026-01-08,4077.72,4082.98,-2.79,-0.07%,4067.12,4093.87,666131328,118318880.0,-
2026-01-09,4086.76,4120.43,37.45,0.92%,4083.62,4121.72,729837952,128920600.0,-
2026-01-12,4134.89,4165.29,44.86,1.09%,4119.88,4168.36,839456128,144623008.0,-
2026-01-13,4169.7,4138.76,-26.53,-0.64%,4126.23,4179.7,868382720,148157424.0,-
2026-01-14,4138.65,4126.09,-12.67,-0.31%,4103.62,4190.87,952551232,160704128.0,-
2026-01-15,4106.22,4112.6,-13.49,-0.33%,4096.85,4133.07,680250752,117591504.0,-
2026-01-16,4127.06,4101.91,-10.69,-0.26%,4091.81,4140.23,763588416,133801728.0,-
2026-01-19,4090.72,4114.0,12.09,0.29%,4090.06,4126.52,688905856,119013784.0,-
2026-01-20,4116.37,4113.65,-0.35,-0.01%,4080.29,4128.93,734362496,122148568.0,-
2026-01-21,4103.53,4116.94,3.29,0.08%,4103.53,4135.96,666989504,118018464.0,-
2026-01-22,4126.07,4122.58,5.64,0.14%,4109.92,4140.84,709695424,120176416.0,-
2026-01-23,4130.11,4136.16,13.59,0.33%,4120.2,4143.75,782115456,133685704.0,-
2026-01-26,4144.78,4132.6,-3.56,-0.09%,4124.7,4160.99,887439744,145185984.0,-
2026-01-27,4125.22,4139.9,7.3,0.18%,4101.83,4158.8,754990848,128943232.0,-
2026-01-28,4150.22,4151.24,11.33,0.27%,4138.02,4170.15,823026752,136552608.0,-
2026-01-29,4155.92,4157.98,6.75,0.16%,4138.3,4170.21,905908416,148579536.0,-
2026-01-30,4131.99,4117.95,-40.04,-0.96%,4064.78,4152.85,804342720,126985568.0,-
2026-02-02,4079.71,4015.75,-102.2,-2.48%,4013.66,4103.41,732953728,116353272.0,-
2026-02-03,4043.91,4067.74,51.99,1.29%,4002.78,4069.42,637684224,111072024.0,-
2026-02-04,4064.68,4102.2,34.46,0.85%,4062.68,4104.62,674254208,106354472.0,-
2026-02-05,4075.03,4075.92,-26.29,-0.64%,4048.94,4088.9,596722240,94698888.0,-
2026-02-06,4040.3,4065.58,-10.33,-0.25%,4029.97,4095.03,556709824,89865504.0,-
2026-02-09,4103.54,4123.09,57.51,1.41%,4093.06,4123.16,572632576,94972632.0,-
2026-02-10,4127.77,4128.37,5.28,0.13%,4117.56,4134.34,524620960,88220176.0,-
2026-02-11,4124.43,4131.98,3.61,0.09%,4122.43,4142.56,500685280,82260752.0,-
2026-02-12,4136.99,4134.02,2.03,0.05%,4124.13,4140.59,529370112,89795504.0,-
2026-02-13,4115.92,4082.07,-51.95,-1.26%,4079.77,4123.84,500799488,84680832.0,-
2026-02-24,4129.13,4117.41,35.34,0.87%,4105.94,4131.55,566322240,93861136.0,-
2026-02-25,4123.78,4147.23,29.82,0.72%,4122.7,4167.84,724787200,108596952.0,-
2026-02-26,4151.07,4146.63,-0.6,-0.01%,4127.15,4152.19,651702848,106719872.0,-
2026-02-27,4128.9,4162.88,16.25,0.39%,4128.36,4166.23,682047680,107236784.0,-
2026-03-02,4151.8,4182.59,19.71,0.47%,4131.37,4188.77,861579200,134589248.0,-
2026-03-03,4189.41,4122.68,-59.91,-1.43%,4116.01,4197.23,921139200,142579024.0,-
2026-03-04,4087.63,4082.47,-40.2,-0.98%,4055.41,4106.04,765169472,111308200.0,-
2026-03-05,4109.78,4108.57,26.09,0.64%,4090.62,4125.62,689746560,106804376.0,-
2026-03-06,4085.9,4124.19,15.63,0.38%,4085.9,4129.46,646765760,97880592.0,-
2026-03-09,4098.7,4096.6,-27.59,-0.67%,4052.55,4106.53,797803584,119410616.0,-
2026-03-10,4098.59,4123.14,26.54,0.65%,4098.59,4123.96,674922240,103642720.0,-
2026-03-11,4123.67,4133.43,10.3,0.25%,4112.8,4135.84,707727168,106360088.0,-
2026-03-12,4133.2,4129.1,-4.33,-0.10%,4103.16,4141.65,786151168,107821528.0,-
2026-03-13,4117.57,4095.45,-33.65,-0.82%,4086.85,4134.08,792054720,106391816.0,-
2026-03-16,4092.25,4084.79,-10.66,-0.26%,4048.09,4096.13,732227072,103722384.0,-
2026-03-17,4086.3,4049.91,-34.88,-0.85%,4049.58,4108.4,678771200,95122808.0,-
2026-03-18,4053.31,4062.98,13.08,0.32%,4023.03,4065.37,623873088,87632744.0,-
2026-03-19,4028.54,4006.55,-56.43,-1.39%,3994.17,4042.02,667255424,93526496.0,-
2026-03-20,4004.57,3957.05,-49.5,-1.24%,3955.71,4022.7,666798336,96486312.0,-
2026-03-23,3904.95,3813.28,-143.77,-3.63%,3794.68,3906.62,804738816,108624824.0,-
2026-03-24,3849.63,3881.28,68.0,1.78%,3807.99,3881.42,680622016,93141888.0,-
2026-03-25,3892.27,3931.84,50.56,1.30%,3891.82,3933.06,688343616,96785424.0,-
2026-03-26,3924.96,3889.08,-42.75,-1.09%,3880.57,3937.1,615973952,84836136.0,-
2026-03-27,3852.09,3913.72,24.64,0.63%,3852.09,3924.11,561342976,79969640.0,-
2026-03-30,3884.28,3923.29,9.56,0.24%,3872.78,3924.29,595589504,83982240.0,-
2026-03-31,3924.07,3891.86,-31.43,-0.80%,3891.86,3948.81,606704960,89194536.0,-
2026-04-01,3939.57,3948.55,56.69,1.46%,3929.92,3955.94,564611584,89727824.0,-
2026-04-02,3940.8,3919.29,-29.27,-0.74%,3900.12,3952.58,544212800,81189656.0,-
2026-04-03,3927.59,3880.1,-39.19,-1.00%,3871.3,3929.53,492699072,71383032.0,-
2026-04-07,3884.15,3890.16,10.07,0.26%,3875.68,3902.61,473615072,72390584.0,-
2026-04-08,3930.25,3995.0,104.83,2.69%,3926.25,3995.0,644135360,107421168.0,-
2026-04-09,3967.63,3966.17,-28.83,-0.72%,3955.25,3979.13,541569792,90248184.0,-
2026-04-10,3985.46,3986.22,20.05,0.51%,3979.81,4011.02,546415552,95566408.0,-
2026-04-13,3971.2,3988.56,2.33,0.06%,3966.2,3991.26,545781760,91943648.0,-
2026-04-14,4006.73,4026.63,38.07,0.95%,3992.41,4026.63,570259008,99843512.0,-
2026-04-15,4039.47,4027.21,0.58,0.01%,4020.9,4050.62,569458624,102885192.0,-
2026-04-16,4030.14,4055.55,28.34,0.70%,4028.91,4057.83,545876928,97656552.0,-
2026-04-17,4043.38,4051.43,-4.12,-0.10%,4038.43,4058.6,548791424,101352064.0,-
2026-04-20,4053.37,4082.13,30.7,0.76%,4051.69,4083.19,589841344,108457800.0,-
2026-04-21,4075.85,4085.08,2.95,0.07%,4062.13,4086.64,576689408,103334904.0,-
2026-04-22,4074.81,4106.26,21.18,0.52%,4074.68,4106.84,582466368,109362592.0,-
2026-04-23,4110.79,4093.25,-13.01,-0.32%,4070.46,4114.84,671166080,123439624.0,-
2026-04-24,4081.03,4079.9,-13.35,-0.33%,4061.15,4092.61,605031808,114300016.0,-
2026-04-27,4074.81,4086.34,6.44,0.16%,4071.08,4092.83,589950848,113605184.0,-
2026-04-28,4076.14,4078.64,-7.71,-0.19%,4062.87,4090.2,600507520,111395552.0,-
2026-04-29,4061.82,4107.51,28.88,0.71%,4061.82,4112.15,614221440,112661536.0,-
2026-04-30,4107.3,4112.16,4.64,0.11%,4100.97,4118.76,656912704,127619472.0,-
2026-05-06,4135.45,4160.17,48.01,1.17%,4129.91,4166.15,701177472,146590320.0,-
2026-05-07,4168.45,4180.09,19.92,0.48%,4163.14,4180.21,685574272,135909952.0,-
2026-05-08,4163.85,4179.95,-0.14,0.00%,4154.25,4183.06,697019136,133167304.0,-
2026-05-11,4201.35,4225.02,45.07,1.08%,4186.08,4229.58,762736320,158436672.0,-
2026-05-12,4229.28,4214.49,-10.53,-0.25%,4199.34,4230.18,718984000,146527264.0,-
2026-05-13,4192.31,4242.57,28.08,0.67%,4192.31,4245.07,705018752,144746400.0,-
2026-05-14,4256.16,4177.92,-64.65,-1.52%,4177.92,4258.86,764235008,149811680.0,-
2026-05-15,4174.17,4135.39,-42.53,-1.02%,4114.09,4191.81,733162368,151924016.0,-
2026-05-18,4120.14,4131.53,-3.86,-0.09%,4108.6,4145.66,627233152,131508416.0,-
2026-05-19,4122.96,4169.54,38.01,0.92%,4107.99,4170.29,617611072,130652240.0,-
2026-05-20,4152.7,4162.18,-7.35,-0.18%,4139.97,4169.85,624152064,135892704.0,-
2026-05-21,4174.38,4077.28,-84.91,-2.04%,4074.22,4199.53,727218688,159572672.0,-
2026-05-22,4096.17,4112.9,35.62,0.87%,4067.75,4120.09,589459648,128584752.0,-
