日期,开盘,收盘,涨跌额,涨跌幅,最低,最高,成交量(手),成交金额(万),换手率
2010-06-01,986.02,973.23,-26.77,-2.68%,948.12,994.79,1356285,492417.69,-
2010-06-02,967.61,997.12,23.89,2.45%,952.61,997.12,1074628,400120.62,-
2010-06-03,1002.35,998.39,1.27,0.13%,997.78,1026.7,1616806,624083.56,-
2010-06-04,989.68,1027.68,29.29,2.93%,986.5,1027.68,1500295,526944.06,-
2010-06-07,1005.03,1069.47,41.79,4.07%,1001.7,1075.22,2655275,910609.5,-
2010-06-08,1067.32,1067.15,-2.32,-0.22%,1050.96,1075.5,1976721,662199.44,-
2010-06-09,1070.85,1077.82,10.67,1.00%,1069.43,1102.1,2541568,899486.62,-
2010-06-10,1077.68,1117.48,39.66,3.68%,1076.28,1119.11,2197405,824273.12,-
2010-06-11,1122.44,1122.2,4.72,0.42%,1118.71,1128.23,2224874,844903.94,-
2010-06-17,1126.13,1064.84,-57.36,-5.11%,1064.84,1129.69,1764284,675740.94,-
2010-06-18,1052.07,1000.28,-64.56,-6.06%,993.17,1053.14,1630651,582772.12,-
2010-06-21,991.96,1040.8,40.52,4.05%,976.41,1043.16,1574798,560426.94,-
2010-06-22,1037.04,1035.0,-5.8,-0.56%,1033.65,1057.36,1427162,506748.0,-
2010-06-23,1026.86,1047.34,12.34,1.19%,1023.74,1056.35,1257360,460867.22,-
2010-06-24,1046.76,1050.6,3.26,0.31%,1041.54,1059.75,1069133,390494.78,-
2010-06-25,1046.21,1016.28,-34.32,-3.27%,999.16,1046.21,1237298,451566.44,-
2010-06-28,1009.22,987.83,-28.45,-2.80%,984.22,1014.41,920673,346355.22,-
2010-06-29,985.57,913.31,-74.52,-7.54%,912.54,992.23,1497800,529389.69,-
2010-06-30,898.29,919.31,6.0,0.66%,881.36,921.81,1223661,385215.84,-
2010-07-01,914.4,882.19,-37.12,-4.04%,882.19,921.21,1049573,366377.38,-
2010-07-02,878.95,873.12,-9.07,-1.03%,832.62,885.34,1288834,421266.19,-
2010-07-05,857.37,862.27,-10.85,-1.24%,842.73,870.86,915864,285173.59,-
2010-07-06,859.26,893.72,31.45,3.65%,857.8,898.45,1165232,375105.56,-
2010-07-07,896.53,908.55,14.83,1.66%,890.34,908.55,1046163,334247.38,-
2010-07-08,912.0,905.51,-3.04,-0.33%,887.03,914.3,1098088,378069.88,-
2010-07-09,903.5,932.15,26.64,2.94%,896.89,936.53,1451460,474325.66,-
2010-07-12,931.53,930.17,-1.98,-0.21%,924.06,941.07,1263618,418814.72,-
2010-07-13,924.95,931.08,0.91,0.10%,906.3,936.64,1468658,474413.56,-
2010-07-14,929.75,922.36,-8.72,-0.94%,916.07,937.93,1423586,464808.03,-
2010-07-15,920.05,892.56,-29.8,-3.23%,892.56,930.55,1175881,396049.06,-
2010-07-16,885.07,892.3,-0.26,-0.03%,869.02,895.06,1009312,326422.16,-
2010-07-19,881.66,908.05,15.75,1.77%,878.07,910.18,938803,299258.41,-
2010-07-20,909.54,937.02,28.97,3.19%,909.54,937.54,1365809,455958.06,-
2010-07-21,940.1,941.25,4.23,0.45%,938.16,959.04,1665746,596065.38,-
2010-07-22,938.22,950.21,8.96,0.95%,932.02,950.21,1326603,435666.94,-
2010-07-23,951.84,960.59,10.38,1.09%,948.13,964.74,1721251,533908.62,-
2010-07-26,962.76,966.15,5.56,0.58%,954.76,966.73,1476036,462604.5,-
2010-07-27,963.54,957.97,-8.18,-0.85%,955.73,968.04,1361821,457408.66,-
2010-07-28,955.19,972.53,14.56,1.52%,954.52,972.53,1566183,518722.75,-
2010-07-29,974.29,975.36,2.83,0.29%,965.61,982.02,1794193,589785.38,-
2010-07-30,971.66,968.43,-6.93,-0.71%,955.92,971.66,1458487,504947.31,-
2010-08-02,968.45,994.23,25.8,2.66%,968.45,994.23,1810364,610440.75,-
2010-08-03,995.2,975.65,-18.58,-1.87%,975.65,996.26,1757059,595141.5,-
2010-08-04,971.41,978.01,2.36,0.24%,955.93,978.01,1446166,475829.72,-
2010-08-05,980.27,987.35,9.34,0.95%,978.33,998.1,1770400,603398.69,-
2010-08-06,987.97,1011.39,24.04,2.43%,985.63,1011.39,1899061,622531.69,-
2010-08-09,1013.24,1032.34,20.95,2.07%,1013.24,1032.34,2091995,691889.88,-
2010-08-10,1031.98,993.99,-38.35,-3.71%,993.99,1034.33,2177072,710682.25,-
2010-08-11,991.28,1004.64,10.65,1.07%,990.94,1006.45,1615078,518018.97,-
2010-08-12,994.05,991.78,-12.86,-1.28%,987.98,1007.58,1689189,531605.56,-
2010-08-13,992.63,1007.21,15.43,1.56%,986.62,1007.52,1471798,483145.0,-
2010-08-16,1007.5,1030.22,23.01,2.28%,1005.05,1031.05,1880400,619992.31,-
2010-08-17,1031.07,1033.58,3.36,0.33%,1023.08,1036.82,1800777,609295.19,-
2010-08-18,1033.71,1026.72,-6.86,-0.66%,1018.5,1035.61,1643502,572127.88,-
2010-08-19,1026.98,1025.53,-1.19,-0.12%,1021.7,1033.25,1624534,554740.69,-
2010-08-20,1021.46,995.94,-29.59,-2.88%,993.56,1022.45,1870225,659777.19,-
2010-08-23,994.94,995.61,-0.33,-0.03%,991.52,1001.18,1456014,506415.0,-
2010-08-24,993.58,1004.99,9.38,0.94%,987.22,1007.76,1365052,494214.88,-
2010-08-25,1000.27,976.88,-28.1,-2.80%,976.55,1002.33,1501343,524765.81,-
2010-08-26,978.6,980.63,3.75,0.38%,973.0,984.87,1288066,466832.91,-
2010-08-27,978.51,999.46,18.83,1.92%,975.72,1000.86,1216243,449046.62,-
2010-08-30,1002.99,1024.93,25.47,2.55%,1002.99,1025.15,1645412,599785.12,-
2010-08-31,1020.75,1025.57,0.64,0.06%,1015.13,1029.8,1534700,574261.75,-
2010-09-01,1025.68,995.59,-29.98,-2.92%,987.59,1029.81,1864362,680522.31,-
2010-09-02,1001.6,1014.92,19.33,1.94%,996.52,1018.28,1630858,590510.25,-
2010-09-03,1017.64,1036.7,21.78,2.15%,1017.51,1045.21,2289365,844872.44,-
2010-09-06,1039.46,1010.76,-25.94,-2.50%,1007.43,1043.24,1813081,646621.25,-
2010-09-07,1010.11,1022.62,11.86,1.17%,1007.64,1022.62,1284515,458603.12,-
2010-09-08,1020.23,1026.33,3.71,0.36%,1016.84,1027.64,1403819,479594.59,-
2010-09-09,1029.11,1021.83,-4.5,-0.44%,1019.69,1040.67,1959803,640498.31,-
2010-09-10,1021.87,1034.94,13.11,1.28%,1016.19,1037.51,1812290,574387.25,-
2010-09-13,1034.39,1042.48,7.54,0.73%,1033.25,1045.39,1667890,552766.06,-
2010-09-14,1044.3,1031.22,-11.26,-1.08%,1028.77,1046.13,1590232,555420.44,-
2010-09-15,1029.52,990.1,-41.12,-3.99%,987.05,1030.02,1818274,623821.25,-
2010-09-16,989.49,972.6,-17.5,-1.77%,964.53,994.95,1442058,484302.94,-
2010-09-17,976.07,972.23,-0.37,-0.04%,967.55,981.73,967841,327160.12,-
2010-09-20,972.45,949.2,-23.03,-2.37%,947.41,975.26,923659,313627.12,-
2010-09-21,952.07,934.46,-14.74,-1.55%,930.25,953.83,835859,266443.0,-
2010-09-27,936.21,950.67,16.21,1.73%,930.86,951.84,892937,289653.41,-
2010-09-28,949.63,942.05,-8.62,-0.91%,939.63,949.89,939434,294371.03,-
2010-09-29,941.27,926.76,-15.29,-1.62%,924.41,944.17,831735,280526.38,-
2010-09-30,923.83,942.54,15.78,1.70%,921.36,942.54,699737,225241.31,-
2010-10-08,946.47,959.86,17.32,1.84%,945.62,963.18,1083960,341585.03,-
2010-10-11,960.91,947.11,-12.75,-1.33%,941.91,961.17,1446870,470248.66,-
2010-10-12,946.63,951.79,4.68,0.49%,945.01,959.98,1240192,391527.88,-
2010-10-13,951.33,962.74,10.95,1.15%,940.65,962.74,1330517,412369.06,-
2010-10-14,963.29,958.5,-4.24,-0.44%,956.86,975.91,1396406,457734.72,-
2010-10-15,954.12,944.25,-14.24,-1.49%,937.12,957.77,1352498,434311.12,-
2010-10-18,941.87,932.36,-11.89,-1.26%,913.82,941.87,1327876,424301.25,-
2010-10-19,932.83,995.92,63.56,6.82%,932.32,1005.59,2339086,775244.31,-
2010-10-20,986.65,1004.54,8.62,0.87%,986.03,1024.58,2638133,859775.0,-
2010-10-21,1001.68,991.84,-12.7,-1.26%,983.66,1001.68,1569123,485364.69,-
2010-10-22,991.14,1013.45,21.61,2.18%,991.14,1023.7,1765749,559642.62,-
2010-10-25,1018.08,1039.05,25.6,2.53%,1018.08,1043.09,2063689,671741.0,-
2010-10-26,1041.53,1036.01,-3.04,-0.29%,1020.94,1041.91,1838414,589969.38,-
2010-10-27,1034.86,1030.59,-5.42,-0.52%,1028.7,1048.56,1701689,562718.75,-
2010-10-28,1024.7,1038.62,8.03,0.78%,1023.49,1038.62,1592477,536352.06,-
2010-10-29,1042.4,1064.52,25.9,2.49%,1042.4,1069.75,2235518,767878.38,-
2010-11-01,1071.63,1107.52,43.0,4.04%,1071.63,1113.62,2817900,983659.62,-
2010-11-02,1108.09,1075.15,-32.37,-2.92%,1074.58,1108.09,2454532,865922.12,-
2010-11-03,1063.2,1040.62,-34.53,-3.21%,1040.55,1063.2,1620492,545422.31,-
2010-11-04,1041.42,1057.71,17.09,1.64%,1037.24,1057.71,1338790,454920.84,-
2010-11-05,1067.87,1072.22,14.51,1.37%,1058.26,1072.22,1397024,479582.22,-
2010-11-08,1077.5,1107.06,34.84,3.25%,1077.5,1107.06,1786498,623522.0,-
2010-11-09,1110.43,1115.65,8.59,0.78%,1102.01,1117.52,1900222,674654.75,-
2010-11-10,1115.74,1141.58,25.93,2.32%,1113.75,1147.48,2266694,791695.88,-
2010-11-11,1137.08,1132.72,-8.86,-0.78%,1132.36,1163.7,2297906,797245.94,-
2010-11-12,1126.85,1082.24,-50.48,-4.46%,1080.27,1140.63,2292284,805011.25,-
2010-11-15,1087.81,1148.54,66.3,6.13%,1086.52,1148.54,2091313,772172.94,-
2010-11-16,1154.41,1126.18,-22.36,-1.95%,1111.5,1175.31,2894465,1038697.75,-
2010-11-17,1115.12,1085.35,-40.82,-3.63%,1080.93,1132.86,2076114,710650.38,-
2010-11-18,1090.14,1102.85,17.5,1.61%,1077.06,1102.84,1569907,521980.69,-
2010-11-19,1106.75,1153.17,50.32,4.56%,1105.59,1153.17,2414228,811127.75,-
2010-11-22,1153.26,1174.94,21.77,1.89%,1151.76,1194.2,3034244,1060855.38,-
2010-11-23,1172.06,1183.5,8.56,0.73%,1148.81,1183.84,2157363,768175.12,-
2010-11-24,1176.42,1208.45,24.95,2.11%,1174.68,1208.45,2120383,759437.88,-
2010-11-25,1212.77,1186.36,-22.09,-1.83%,1177.83,1215.74,2101210,752684.31,-
2010-11-26,1184.8,1196.02,9.66,0.81%,1179.28,1200.5,1747079,632563.31,-
2010-11-29,1195.31,1220.11,24.09,2.01%,1193.41,1221.74,1964042,728794.62,-
2010-11-30,1219.08,1181.5,-38.61,-3.16%,1146.97,1219.12,2362348,851600.62,-
2010-12-01,1176.61,1177.18,-4.32,-0.37%,1169.89,1182.57,1194692,436779.41,-
2010-12-02,1187.1,1177.84,0.66,0.06%,1177.81,1192.8,1251549,463597.72,-
2010-12-03,1177.17,1157.94,-19.9,-1.69%,1148.09,1178.67,1204868,445079.81,-
2010-12-06,1157.72,1134.38,-23.56,-2.03%,1124.94,1159.3,1133121,405991.84,-
2010-12-07,1132.33,1161.69,27.31,2.41%,1123.76,1162.58,924936,343238.66,-
2010-12-08,1160.92,1160.24,-1.45,-0.12%,1158.1,1176.42,1018374,380419.09,-
2010-12-09,1158.82,1144.53,-15.71,-1.35%,1144.18,1160.91,996302,361731.62,-
2010-12-10,1139.83,1166.8,22.27,1.95%,1136.33,1167.68,1029898,386552.22,-
2010-12-13,1175.51,1209.27,42.47,3.64%,1175.51,1210.75,1624762,623317.5,-
2010-12-14,1211.46,1218.52,9.25,0.76%,1204.66,1219.71,1422650,533962.62,-
2010-12-15,1217.81,1211.8,-6.72,-0.55%,1209.29,1224.05,1428834,525572.19,-
2010-12-16,1209.62,1225.03,13.23,1.09%,1209.34,1233.62,1475230,529529.31,-
2010-12-17,1222.93,1232.98,7.95,0.65%,1222.93,1233.39,1283842,480174.09,-
2010-12-20,1235.67,1212.34,-20.64,-1.67%,1180.53,1239.6,1749593,678841.56,-
2010-12-21,1212.09,1215.02,2.68,0.22%,1204.48,1222.3,1210381,449164.34,-
2010-12-22,1214.77,1201.65,-13.37,-1.10%,1199.68,1215.79,1109218,405762.28,-
2010-12-23,1198.74,1176.36,-25.29,-2.10%,1175.86,1200.76,1073045,410642.06,-
2010-12-24,1170.69,1144.5,-31.86,-2.71%,1140.13,1170.69,1011828,382436.25,-
2010-12-27,1145.7,1105.3,-39.2,-3.43%,1100.52,1154.53,996825,368671.56,-
2010-12-28,1098.94,1091.48,-13.82,-1.25%,1080.4,1099.18,942166,322639.41,-
2010-12-29,1091.82,1113.31,21.83,2.00%,1091.82,1113.31,789672,284955.88,-
2010-12-30,1113.56,1117.21,3.9,0.35%,1106.43,1122.41,821867,302875.34,-
2010-12-31,1117.36,1137.66,20.45,1.83%,1117.36,1138.47,841735,319030.41,-
2011-01-04,1142.17,1155.11,17.45,1.53%,1140.04,1155.52,1063297,438379.53,-
2011-01-05,1153.91,1155.35,0.24,0.02%,1146.38,1159.12,1060820,430636.75,-
2011-01-06,1153.63,1134.79,-20.56,-1.78%,1134.09,1159.41,1048502,428262.97,-
2011-01-07,1132.73,1126.52,-8.27,-0.73%,1119.61,1139.78,968003,390293.31,-
2011-01-10,1124.34,1093.77,-32.75,-2.91%,1089.06,1124.34,952945,379947.5,-
2011-01-11,1089.99,1078.37,-15.4,-1.41%,1068.4,1089.99,865876,322166.16,-
2011-01-12,1083.12,1089.67,11.3,1.05%,1071.09,1095.52,845992,332545.25,-
2011-01-13,1094.83,1093.86,4.19,0.38%,1089.67,1097.1,810424,314197.59,-
2011-01-14,1092.09,1067.42,-26.44,-2.42%,1065.75,1092.09,776254,296777.31,-
2011-01-17,1066.44,1028.16,-39.26,-3.68%,1025.66,1066.99,1055444,420238.5,-
2011-01-18,1021.84,1025.72,-2.44,-0.24%,1014.63,1029.86,621664,240006.33,-
2011-01-19,1025.93,1048.54,22.82,2.23%,1023.15,1048.6,706158,274438.84,-
2011-01-20,1047.77,1020.39,-28.14,-2.68%,1020.29,1051.52,869368,337956.5,-
2011-01-21,1014.72,1024.51,4.12,0.40%,1013.27,1033.52,789202,309007.97,-
2011-01-24,1024.79,994.97,-29.54,-2.88%,994.26,1029.33,848296,347459.56,-
2011-01-25,992.57,979.0,-15.97,-1.60%,968.32,992.57,737262,270084.03,-
2011-01-26,978.07,995.74,16.74,1.71%,977.85,995.78,576256,213443.02,-
2011-01-27,991.06,1013.02,17.28,1.73%,984.79,1015.05,708372,254658.16,-
2011-01-28,1013.64,1020.94,7.92,0.78%,1011.3,1023.63,595663,218940.28,-
2011-01-31,1021.63,1029.12,8.18,0.80%,1014.4,1030.19,722807,273718.16,-
2011-02-01,1029.67,1032.6,3.48,0.34%,1026.9,1034.14,591058,228851.66,-
2011-02-09,1026.45,1025.15,-7.45,-0.72%,1021.79,1037.84,630347,239160.02,-
2011-02-10,1026.25,1063.95,38.8,3.78%,1024.71,1063.95,1000706,369281.62,-
2011-02-11,1067.19,1071.58,7.63,0.72%,1065.15,1075.59,1017532,382689.19,-
2011-02-14,1072.31,1086.56,14.98,1.40%,1072.31,1087.31,1193518,456889.84,-
2011-02-15,1086.8,1087.73,1.17,0.11%,1082.27,1097.56,1184561,448433.16,-
2011-02-16,1086.77,1107.24,19.52,1.79%,1083.85,1107.24,1244423,480165.78,-
2011-02-17,1108.63,1115.33,8.09,0.73%,1103.89,1116.96,1319628,532510.12,-
2011-02-18,1114.45,1100.46,-14.87,-1.33%,1098.58,1114.69,1296525,499305.94,-
2011-02-21,1096.17,1117.67,17.21,1.56%,1094.43,1117.67,1420470,567840.56,-
2011-02-22,1118.61,1088.27,-29.4,-2.63%,1087.01,1122.18,1397309,559656.81,-
2011-02-23,1088.08,1114.05,25.78,2.37%,1087.86,1117.29,1281834,576298.0,-
2011-02-24,1112.43,1101.95,-12.1,-1.09%,1094.62,1112.72,1319305,567628.69,-
2011-02-25,1098.11,1095.1,-6.85,-0.62%,1085.8,1098.73,1194088,483760.91,-
2011-02-28,1096.34,1099.78,4.68,0.43%,1087.59,1099.78,1139273,460011.38,-
2011-03-01,1100.81,1098.0,-1.78,-0.16%,1091.98,1102.55,1277807,485378.31,-
2011-03-02,1094.97,1088.9,-9.1,-0.83%,1077.65,1096.09,1090667,417237.88,-
2011-03-03,1088.89,1064.31,-24.59,-2.26%,1062.37,1091.89,1082043,407138.88,-
2011-03-04,1063.43,1071.86,7.55,0.71%,1056.56,1071.86,897990,324732.97,-
2011-03-07,1073.93,1078.11,6.25,0.58%,1069.93,1078.11,1125884,414717.81,-
2011-03-08,1079.53,1084.82,6.71,0.62%,1074.1,1085.31,1170658,422842.28,-
2011-03-09,1084.7,1087.3,2.48,0.23%,1075.46,1087.3,1246036,468704.09,-
2011-03-10,1088.34,1093.9,6.6,0.61%,1087.56,1103.54,1479478,583428.75,-
2011-03-11,1090.21,1101.76,7.86,0.72%,1088.65,1113.01,1530874,616575.81,-
2011-03-14,1099.32,1107.54,5.78,0.52%,1095.9,1107.54,1383078,518548.03,-
2011-03-15,1108.2,1094.95,-12.59,-1.14%,1078.23,1108.2,1552966,572628.0,-
2011-03-16,1094.12,1102.22,7.27,0.66%,1094.12,1102.67,1222437,471434.75,-
2011-03-17,1096.22,1078.37,-23.84,-2.16%,1074.87,1096.22,1393065,516152.44,-
2011-03-18,1081.6,1083.6,5.23,0.48%,1079.56,1088.31,985394,362059.16,-
2011-03-21,1083.15,1070.6,-13.0,-1.20%,1068.31,1084.55,905523,338114.44,-
2011-03-22,1072.39,1067.29,-3.31,-0.31%,1057.86,1074.08,814757,303137.59,-
2011-03-23,1066.17,1076.56,9.28,0.87%,1064.59,1076.56,982369,347200.5,-
2011-03-24,1078.02,1077.99,1.43,0.13%,1074.04,1081.59,974298,346055.16,-
2011-03-25,1077.34,1072.34,-5.65,-0.52%,1069.38,1078.02,1050062,371415.56,-
2011-03-28,1072.89,1052.11,-20.23,-1.89%,1051.02,1074.41,1302753,450633.78,-
2011-03-29,1050.29,1019.04,-33.07,-3.14%,1017.88,1050.29,1303384,434717.25,-
2011-03-30,1017.16,1006.37,-12.67,-1.24%,1004.38,1019.17,1010202,313314.53,-
2011-03-31,1006.72,1008.3,1.93,0.19%,1005.37,1019.32,920203,278835.53,-
2011-04-01,1006.04,1015.08,6.78,0.67%,1002.86,1015.08,767052,235079.94,-
2011-04-06,1011.68,994.26,-20.82,-2.05%,992.31,1011.82,958528,307724.44,-
2011-04-07,993.38,1004.41,10.15,1.02%,992.43,1004.41,891206,282532.81,-
2011-04-08,1004.14,1019.14,14.73,1.47%,1002.38,1019.14,839335,265607.28,-
2011-04-11,1021.3,1002.8,-16.34,-1.60%,1002.43,1022.56,953171,315118.47,-
2011-04-12,1000.77,1000.17,-2.63,-0.26%,997.75,1007.25,807536,260004.38,-
2011-04-13,999.53,1020.75,20.58,2.06%,998.52,1020.75,907621,305992.0,-
2011-04-14,1021.1,1016.62,-4.13,-0.40%,1013.99,1021.46,885700,289478.16,-
2011-04-15,1015.97,1010.06,-6.56,-0.64%,1002.64,1016.15,845765,263319.28,-
2011-04-18,1008.48,1003.26,-6.8,-0.67%,1000.18,1010.66,844744,264129.91,-
2011-04-19,1000.88,994.3,-8.96,-0.89%,986.9,1000.88,993451,305486.88,-
2011-04-20,993.94,1008.18,13.88,1.40%,991.88,1009.5,1025640,326873.38,-
2011-04-21,1007.98,1010.56,2.38,0.24%,1006.91,1017.7,1379082,426755.75,-
2011-04-22,1008.17,1004.65,-5.91,-0.58%,1000.92,1008.3,1030469,311329.41,-
2011-04-25,1001.08,975.18,-29.47,-2.93%,974.98,1001.08,1140299,327756.19,-
2011-04-26,970.96,958.29,-16.88,-1.73%,954.98,973.56,1017048,287017.94,-
2011-04-27,956.77,942.54,-15.75,-1.64%,936.99,961.64,1088684,302605.25,-
2011-04-28,941.2,904.15,-38.39,-4.07%,903.03,944.7,1174989,310340.25,-
2011-04-29,901.16,912.72,8.57,0.95%,897.2,912.72,764309,200552.5,-
2011-05-03,911.79,922.07,9.36,1.02%,907.28,923.06,729079,186375.5,-
2011-05-04,919.67,903.99,-18.08,-1.96%,901.92,919.67,734747,190585.11,-
2011-05-05,901.47,914.59,10.6,1.17%,900.35,919.6,780964,194145.5,-
2011-05-06,910.14,918.28,3.69,0.40%,904.74,920.77,774676,200825.88,-
2011-05-09,920.12,931.77,13.49,1.47%,920.12,935.9,1004843,226481.17,-
2011-05-10,932.88,931.21,-0.56,-0.06%,925.04,933.24,779701,190458.39,-
2011-05-11,931.51,929.95,-1.26,-0.13%,923.26,933.28,767420,183687.45,-
2011-05-12,927.15,909.26,-20.69,-2.23%,909.14,927.15,891588,213048.95,-
2011-05-13,909.24,909.77,0.52,0.06%,897.8,912.61,881961,214287.83,-
2011-05-16,911.34,906.34,-3.43,-0.38%,906.08,916.02,704571,180739.98,-
2011-05-17,903.98,895.15,-11.19,-1.23%,890.36,904.48,1022746,236120.95,-
2011-05-18,891.99,890.79,-4.36,-0.49%,888.17,894.89,810286,180205.17,-
2011-05-19,891.48,884.89,-5.9,-0.66%,883.87,895.54,721140,159240.91,-
2011-05-20,884.06,875.43,-9.46,-1.07%,873.87,884.33,741230,170677.36,-
2011-05-23,873.31,840.9,-34.53,-3.94%,840.65,873.59,1162104,236058.72,-
2011-05-24,836.79,870.94,30.04,3.57%,828.5,876.6,1717628,357196.81,-
2011-05-25,867.68,842.35,-28.59,-3.28%,842.12,867.68,1187733,244591.47,-
2011-05-26,843.62,830.92,-11.43,-1.36%,830.64,852.98,985574,200048.47,-
2011-05-27,830.6,822.94,-7.98,-0.96%,819.87,835.87,1160160,225227.31,-
2011-05-30,819.87,834.32,11.38,1.38%,816.39,844.97,1576345,294647.12,-
2011-05-31,836.35,846.32,12.0,1.44%,828.66,846.32,1397579,263222.62,-
2011-06-01,846.48,851.17,4.86,0.57%,843.29,852.66,1375823,256347.19,-
2011-06-02,841.52,833.74,-17.43,-2.05%,823.1,841.52,1166794,222848.36,-
2011-06-03,833.44,847.55,13.81,1.66%,832.53,849.73,1124637,221420.7,-
2011-06-07,845.25,847.71,0.16,0.02%,842.46,848.22,926372,176330.92,-
2011-06-08,846.67,844.98,-2.73,-0.32%,836.99,846.92,1008126,195761.45,-
2011-06-09,843.58,828.02,-16.96,-2.01%,828.02,843.58,1154093,216919.66,-
2011-06-10,825.55,824.03,-3.99,-0.48%,811.09,826.54,971132,185526.02,-
2011-06-13,820.24,829.36,5.33,0.65%,811.39,833.25,966605,187534.97,-
2011-06-14,829.51,838.47,9.11,1.10%,829.27,840.69,1029896,202601.86,-
2011-06-15,837.53,827.53,-10.94,-1.31%,826.94,840.53,1032058,195290.23,-
2011-06-16,822.37,810.71,-16.82,-2.03%,809.93,822.55,989423,184555.19,-
2011-06-17,809.16,802.64,-8.07,-1.00%,801.3,813.21,821263,150955.38,-
2011-06-20,800.62,791.76,-10.88,-1.36%,787.57,800.62,901926,169272.06,-
2011-06-21,791.99,795.61,3.85,0.49%,786.33,796.85,862058,167420.25,-
2011-06-22,797.42,791.51,-4.1,-0.52%,788.56,798.24,798653,147087.75,-
2011-06-23,790.7,814.44,22.93,2.90%,783.86,815.78,1587265,298117.94,-
2011-06-24,812.3,832.32,17.88,2.19%,810.58,835.3,1886872,362507.41,-
2011-06-27,832.62,843.86,11.54,1.39%,832.62,850.39,1937662,374858.12,-
2011-06-28,843.98,844.18,0.32,0.04%,836.94,844.96,1353627,259568.69,-
2011-06-29,844.85,836.38,-7.8,-0.92%,836.38,850.36,1533502,292709.44,-
2011-06-30,834.82,845.92,9.54,1.14%,834.82,846.88,1373648,261070.12,-
2011-07-01,847.54,855.27,9.35,1.11%,847.54,862.34,1789410,346036.31,-
2011-07-04,856.5,876.17,20.9,2.44%,856.5,876.17,2209548,436878.03,-
2011-07-05,877.52,883.42,7.25,0.83%,876.9,885.78,2131805,428883.81,-
2011-07-06,881.6,894.28,10.86,1.23%,877.82,894.28,2042347,411037.81,-
2011-07-07,893.6,899.8,5.52,0.62%,891.73,911.87,2780666,562626.12,-
2011-07-08,899.47,894.91,-4.89,-0.54%,888.22,902.05,1734935,347225.91,-
2011-07-11,894.07,903.31,8.4,0.94%,889.82,903.9,1918079,367919.31,-
2011-07-12,895.49,891.52,-11.79,-1.31%,888.58,898.98,2278793,444910.66,-
2011-07-13,890.3,913.09,21.57,2.42%,890.3,913.09,2094161,422039.44,-
2011-07-14,913.49,932.78,19.7,2.16%,913.49,932.78,2976476,589202.25,-
2011-07-15,935.54,951.14,18.36,1.97%,933.49,951.4,3930075,803174.38,-
2011-07-18,952.03,946.12,-5.02,-0.53%,944.1,959.27,3051531,660170.31,-
2011-07-19,940.42,927.3,-18.82,-1.99%,924.09,940.42,2356744,485791.75,-
2011-07-20,932.21,930.83,3.53,0.38%,920.22,937.75,2066377,429643.69,-
2011-07-21,930.26,915.37,-15.46,-1.66%,915.37,930.89,1915405,382436.0,-
2011-07-22,917.63,924.0,8.63,0.94%,917.63,929.93,1741083,366749.44,-
2011-07-25,920.85,887.06,-36.94,-4.00%,884.1,920.85,2286134,461640.72,-
2011-07-26,884.02,892.54,5.48,0.62%,878.16,892.54,1477082,302679.62,-
2011-07-27,890.03,915.55,23.01,2.58%,883.97,917.16,1877214,398126.22,-
2011-07-28,907.25,919.4,3.85,0.42%,902.5,920.03,1826524,401174.03,-
2011-07-29,919.53,913.28,-6.12,-0.67%,910.24,924.84,1861565,375093.69,-
2011-08-01,911.94,927.38,14.1,1.54%,910.98,931.37,1768954,384827.81,-
2011-08-02,923.09,932.12,4.74,0.51%,905.01,932.12,2395892,493219.53,-
2011-08-03,922.81,945.51,13.39,1.44%,918.64,951.59,2970847,620189.75,-
2011-08-04,944.83,937.48,-8.03,-0.85%,935.41,950.03,2200547,463946.75,-
2011-08-05,905.16,919.19,-18.28,-1.95%,899.32,926.62,2023188,434170.31,-
2011-08-08,908.08,877.44,-41.74,-4.54%,859.16,913.32,2479707,499582.94,-
2011-08-09,849.0,878.76,1.32,0.15%,835.28,884.84,2127461,428124.0,-
2011-08-10,891.22,891.75,12.99,1.48%,889.86,901.86,2025881,439296.22,-
2011-08-11,873.12,915.49,23.74,2.66%,870.29,915.49,2429969,519641.09,-
2011-08-12,920.29,926.3,10.81,1.18%,920.29,932.78,2313071,499471.81,-
2011-08-15,928.98,942.49,16.19,1.75%,928.98,946.8,2314674,505577.28,-
2011-08-16,942.95,933.14,-9.34,-0.99%,929.79,944.87,2038884,426131.03,-
2011-08-17,932.01,936.16,3.02,0.32%,926.02,941.45,1938430,413275.25,-
2011-08-18,934.58,915.68,-20.48,-2.19%,915.26,935.11,1774705,374506.94,-
2011-08-19,895.65,912.42,-3.26,-0.36%,891.8,912.42,1719218,352005.31,-
2011-08-22,913.6,910.61,-1.81,-0.20%,907.86,925.39,1748161,368998.38,-
2011-08-23,912.35,936.42,25.81,2.83%,912.35,936.42,2286228,467752.41,-
2011-08-24,940.42,940.2,3.78,0.40%,939.28,954.23,2933381,626853.0,-
2011-08-25,942.64,942.94,2.74,0.29%,927.36,943.72,2436823,516962.31,-
2011-08-26,940.53,952.81,9.87,1.05%,937.97,954.72,2273298,479529.53,-
2011-08-29,951.55,954.03,1.22,0.13%,947.72,959.67,2373990,492224.72,-
2011-08-30,957.29,934.19,-19.84,-2.08%,933.82,960.15,2219481,464780.66,-
2011-08-31,931.79,921.5,-12.68,-1.36%,911.82,936.1,1664136,346261.84,-
2011-09-01,921.97,917.75,-3.74,-0.41%,913.16,930.19,1443060,285841.5,-
2011-09-02,916.07,909.85,-7.9,-0.86%,902.48,918.59,1362651,284799.44,-
2011-09-05,902.37,883.87,-25.98,-2.86%,883.46,902.37,1386592,278011.28,-
2011-09-06,876.71,874.74,-9.13,-1.03%,869.81,884.61,1071968,210982.61,-
2011-09-07,877.87,899.61,24.87,2.84%,877.78,899.61,1330336,266137.56,-
2011-09-08,903.25,891.93,-7.68,-0.85%,891.52,909.88,1430550,296021.22,-
2011-09-09,889.47,881.58,-10.35,-1.16%,877.53,895.84,1210480,256531.92,-
2011-09-13,870.04,861.92,-19.66,-2.23%,858.91,870.04,1053264,209944.47,-
2011-09-14,864.08,876.95,15.03,1.74%,855.34,877.04,1132028,222260.0,-
2011-09-15,877.93,875.86,-1.09,-0.12%,875.67,885.71,1203432,234793.55,-
2011-09-16,878.56,874.88,-0.98,-0.11%,873.55,883.1,953035,188966.06,-
2011-09-19,871.88,854.71,-20.17,-2.31%,854.64,871.88,913455,171108.89,-
2011-09-20,850.97,856.81,2.1,0.25%,846.03,861.18,876436,167632.92,-
2011-09-21,856.8,881.03,24.22,2.83%,854.29,881.56,1358923,265707.5,-
2011-09-22,876.25,852.92,-28.11,-3.19%,852.92,879.1,1300328,246029.27,-
2011-09-23,840.17,843.48,-9.44,-1.11%,833.77,848.27,1180547,214680.23,-
2011-09-26,842.0,829.35,-14.13,-1.68%,826.83,848.82,979954,178784.33,-
2011-09-27,833.64,830.88,1.53,0.18%,822.84,839.19,930574,176673.16,-
2011-09-28,834.03,817.52,-13.36,-1.61%,814.34,838.33,883799,168375.11,-
2011-09-29,813.26,791.89,-25.62,-3.13%,791.05,813.26,1038263,194707.39,-
2011-09-30,792.76,791.13,-0.76,-0.10%,781.79,796.48,824271,154359.69,-
2011-10-10,792.97,790.04,-1.09,-0.14%,786.84,796.86,714682,139398.91,-
2011-10-11,806.7,786.15,-3.89,-0.49%,778.05,812.45,1198473,216672.05,-
2011-10-12,783.43,816.14,29.99,3.81%,773.92,817.02,1637480,302827.25,-
2011-10-13,816.53,833.02,16.88,2.07%,814.63,835.63,1910238,367014.53,-
2011-10-14,830.48,830.2,-2.82,-0.34%,819.98,833.03,1445700,282878.97,-
2011-10-17,832.86,832.29,2.09,0.25%,826.81,839.26,1458219,300553.16,-
2011-10-18,826.53,806.6,-25.69,-3.09%,806.0,828.17,1613822,313462.03,-
2011-10-19,807.21,804.44,-2.16,-0.27%,798.8,813.95,1326529,256411.88,-
2011-10-20,801.03,778.95,-25.49,-3.17%,771.15,801.03,1457739,285460.03,-
2011-10-21,777.03,763.3,-15.65,-2.01%,760.16,779.46,1113052,206035.8,-
2011-10-24,761.43,772.41,9.12,1.19%,741.33,772.96,1620221,290030.06,-
2011-10-25,770.84,797.86,25.45,3.29%,769.28,799.1,2133747,398764.53,-
2011-10-26,794.29,811.13,13.27,1.66%,791.0,820.81,2860145,534351.88,-
2011-10-27,810.72,810.92,-0.21,-0.03%,807.12,821.29,2416969,456384.97,-
2011-10-28,820.42,833.42,22.5,2.77%,813.93,833.73,2856906,544171.62,-
2011-10-31,834.3,852.8,19.38,2.32%,831.5,852.8,3370671,664392.25,-
2011-11-01,843.8,853.36,0.56,0.07%,840.05,855.35,3231580,622057.69,-
2011-11-02,837.07,881.05,27.69,3.24%,833.9,881.05,4017442,779409.69,-
2011-11-03,885.87,877.66,-3.39,-0.38%,877.66,898.31,4920888,977890.12,-
2011-11-04,881.62,882.25,4.59,0.52%,876.44,887.67,3225272,630572.06,-
2011-11-07,880.15,878.76,-3.49,-0.40%,876.54,889.34,2401897,478041.66,-
2011-11-08,878.45,862.36,-16.4,-1.87%,861.38,879.9,2420327,474839.5,-
2011-11-09,866.91,891.12,28.76,3.34%,860.75,891.12,3388092,657287.94,-
2011-11-10,881.69,895.27,4.15,0.47%,878.99,911.73,5127654,999043.56,-
2011-11-11,893.72,891.19,-4.08,-0.46%,885.59,901.8,3761676,700641.81,-
2011-11-14,899.11,915.98,24.79,2.78%,899.11,917.27,3885314,770580.38,-
2011-11-15,916.62,920.97,4.99,0.55%,912.81,922.81,3682329,740618.31,-
2011-11-16,921.3,893.51,-27.46,-2.98%,888.88,922.07,3465991,708269.12,-
2011-11-17,893.79,898.34,4.83,0.54%,890.82,911.9,2862509,614390.81,-
2011-11-18,892.63,869.19,-29.15,-3.24%,868.26,892.74,2908009,596143.56,-
2011-11-21,866.98,863.13,-6.06,-0.70%,849.56,868.31,2100760,424983.28,-
2011-11-22,856.2,868.43,5.3,0.61%,852.04,868.48,1821104,382835.44,-
2011-11-23,868.78,864.81,-3.62,-0.42%,863.06,874.3,1865608,397223.16,-
2011-11-24,856.67,868.14,3.33,0.38%,852.0,874.92,1907966,401280.94,-
2011-11-25,866.99,863.5,-4.64,-0.53%,860.63,874.47,1958164,393919.75,-
2011-11-28,864.38,866.84,3.34,0.39%,858.46,871.28,1990685,404363.97,-
2011-11-29,872.2,880.31,13.47,1.55%,866.74,880.31,2221064,456767.59,-
2011-11-30,878.68,838.11,-42.2,-4.79%,824.95,878.68,2711700,540886.06,-
2011-12-01,861.54,852.87,14.76,1.76%,852.87,872.34,2762908,575909.25,-
2011-12-02,849.18,829.18,-23.69,-2.78%,825.08,849.18,1949127,401165.97,-
2011-12-05,825.6,792.5,-36.68,-4.42%,790.29,826.09,1692297,335326.38,-
2011-12-06,788.43,798.1,5.6,0.71%,783.28,801.93,1475000,297248.34,-
2011-12-07,797.18,802.63,4.53,0.57%,794.36,806.42,1319630,263431.72,-
2011-12-08,799.48,809.43,6.8,0.85%,788.62,819.97,2034470,408655.97,-
2011-12-09,802.13,798.84,-10.59,-1.31%,796.19,812.17,1454296,299686.97,-
2011-12-12,798.81,790.79,-8.05,-1.01%,789.79,803.74,1246899,244142.31,-
2011-12-13,787.08,768.92,-21.87,-2.77%,765.04,787.08,1630203,294796.34,-
2011-12-14,766.18,755.76,-13.16,-1.71%,754.32,773.77,1449424,280576.25,-
2011-12-15,751.55,746.56,-9.2,-1.22%,743.27,756.81,1626607,285649.06,-
2011-12-16,745.52,778.78,32.22,4.32%,745.52,778.78,1899172,345623.06,-
2011-12-19,774.65,793.44,14.66,1.88%,767.07,793.44,2487960,459689.72,-
2011-12-20,791.82,781.42,-12.02,-1.51%,780.92,799.66,1928370,370305.06,-
2011-12-21,786.98,761.34,-20.08,-2.57%,760.92,791.23,1906006,363042.53,-
2011-12-22,754.48,757.9,-3.44,-0.45%,727.74,767.32,2352501,439096.12,-
2011-12-23,754.89,761.44,3.54,0.47%,750.96,770.38,1891429,348757.78,-
2011-12-26,760.67,753.05,-8.39,-1.10%,751.61,769.92,1578572,290111.22,-
2011-12-27,749.61,727.17,-25.88,-3.44%,725.11,749.92,1638821,302578.66,-
2011-12-28,721.84,717.55,-9.62,-1.32%,700.11,721.84,1607774,283982.78,-
2011-12-29,714.58,716.55,-1.0,-0.14%,710.65,722.2,1241016,223431.81,-
2011-12-30,718.03,729.5,12.95,1.81%,718.03,730.53,1466066,272110.25,-
2012-01-04,734.74,707.11,-22.39,-3.07%,707.11,737.91,1387123,267022.47,-
2012-01-05,700.32,666.91,-40.2,-5.68%,665.41,701.04,1876829,327951.81,-
2012-01-06,662.65,669.02,2.12,0.32%,645.8,672.13,1588642,280568.84,-
2012-01-09,667.85,692.42,23.4,3.50%,657.18,692.42,1998605,346778.06,-
2012-01-10,691.65,716.45,24.03,3.47%,690.5,718.29,2641541,464045.66,-
2012-01-11,715.04,717.94,1.49,0.21%,710.53,728.66,2398662,433167.78,-
2012-01-12,715.82,709.89,-8.05,-1.12%,708.67,724.08,2039242,373887.38,-
2012-01-13,709.05,666.08,-43.81,-6.17%,665.26,709.63,2437038,433990.5,-
2012-01-16,657.8,633.91,-32.17,-4.83%,633.31,657.8,1715965,290673.34,-
2012-01-17,630.78,662.69,28.78,4.54%,623.64,664.7,2320858,384827.34,-
2012-01-18,662.94,624.91,-37.78,-5.70%,621.67,665.6,2397409,403576.62,-
2012-01-19,621.65,632.8,7.89,1.26%,612.28,637.02,2373549,376431.38,-
2012-01-20,634.83,646.38,13.58,2.15%,634.57,648.14,1991005,309300.59,-
2012-01-30,649.42,651.25,4.87,0.75%,644.88,660.06,1888782,302141.94,-
2012-01-31,649.37,648.68,-2.57,-0.39%,637.43,650.49,1667052,265730.94,-
2012-02-01,647.49,650.78,2.1,0.32%,644.58,663.27,1820180,303814.12,-
2012-02-02,652.06,665.4,14.62,2.25%,652.06,665.4,2046428,325690.5,-
2012-02-03,665.35,680.05,14.65,2.20%,663.01,681.89,2469846,389081.0,-
2012-02-06,681.04,686.51,6.46,0.95%,680.7,689.96,2429645,385383.97,-
2012-02-07,683.88,673.68,-12.83,-1.87%,669.54,683.88,1959504,320879.84,-
2012-02-08,673.07,692.3,18.62,2.76%,669.62,692.3,2383242,384896.84,-
2012-02-09,692.36,697.79,5.49,0.79%,690.68,705.7,3000274,496794.41,-
2012-02-10,696.53,698.85,1.06,0.15%,693.75,703.09,2382072,381008.25,-
2012-02-13,694.23,714.96,16.11,2.30%,690.53,718.67,2831076,488032.16,-
2012-02-14,714.75,712.3,-2.66,-0.37%,707.97,717.77,2025769,342189.84,-
2012-02-15,711.62,724.75,12.45,1.75%,707.14,724.75,2796476,467574.53,-
2012-02-16,723.43,721.83,-2.92,-0.40%,714.4,731.45,2768748,463834.62,-
2012-02-17,722.62,717.8,-4.03,-0.56%,709.23,726.94,2226608,388368.28,-
2012-02-20,726.88,721.1,3.3,0.46%,720.97,731.41,2884922,523157.16,-
2012-02-21,719.29,736.88,15.78,2.19%,713.65,736.88,3231170,602533.25,-
2012-02-22,737.78,759.56,22.68,3.08%,737.78,759.56,4398450,810925.44,-
2012-02-23,760.67,756.9,-2.66,-0.35%,748.61,765.41,3752907,715340.62,-
2012-02-24,756.16,762.29,5.39,0.71%,755.19,764.74,3429740,650660.38,-
2012-02-27,763.96,760.37,-1.92,-0.25%,760.24,771.29,3847556,726443.75,-
2012-02-28,757.45,747.77,-12.6,-1.66%,737.37,758.17,3824577,706700.25,-
2012-02-29,747.22,735.34,-12.43,-1.66%,734.24,748.09,2824153,547733.12,-
2012-03-01,734.25,743.15,7.81,1.06%,733.78,748.8,2622952,506282.75,-
2012-03-02,743.85,757.67,14.52,1.95%,743.85,757.67,2560550,470616.84,-
2012-03-05,759.65,759.37,1.7,0.22%,758.83,766.75,2984709,573974.31,-
2012-03-06,758.08,750.84,-8.53,-1.12%,743.6,758.72,2997019,598661.5,-
2012-03-07,743.05,749.27,-1.57,-0.21%,740.61,759.45,2786303,532623.25,-
2012-03-08,751.98,761.7,12.43,1.66%,751.98,764.0,2690692,497876.06,-
2012-03-09,764.48,777.69,15.99,2.10%,763.72,777.69,3355464,634921.56,-
2012-03-12,779.51,786.05,8.36,1.07%,778.51,786.05,3501076,701106.0,-
2012-03-13,785.53,792.38,6.33,0.81%,782.94,792.38,3723566,700500.44,-
2012-03-14,795.12,756.46,-35.92,-4.53%,750.12,799.83,5353884,1023185.44,-
2012-03-15,754.53,746.44,-10.02,-1.32%,735.09,759.53,3447233,639131.75,-
2012-03-16,748.05,765.56,19.12,2.56%,745.35,765.56,2928495,554999.31,-
2012-03-19,764.95,779.56,14.0,1.83%,763.36,779.56,2968754,578718.56,-
2012-03-20,777.39,755.58,-23.98,-3.08%,755.4,777.39,2842606,543601.06,-
2012-03-21,758.89,751.79,-3.79,-0.50%,737.99,761.34,2710929,530275.25,-
2012-03-22,750.45,750.85,-0.94,-0.13%,744.89,756.35,2022855,396525.0,-
2012-03-23,748.87,737.89,-12.96,-1.73%,735.15,750.69,1982045,369130.22,-
2012-03-26,735.16,737.21,-0.68,-0.09%,731.31,742.26,1617928,327777.88,-
2012-03-27,739.44,735.73,-1.48,-0.20%,733.84,745.83,1925253,382469.59,-
2012-03-28,732.68,698.49,-37.24,-5.06%,697.51,732.68,2473956,447825.5,-
2012-03-29,692.37,683.96,-14.53,-2.08%,676.99,695.96,1920466,326852.09,-
2012-03-30,682.28,678.52,-5.44,-0.80%,673.49,686.5,1806302,275784.62,-
2012-04-05,677.76,697.75,19.23,2.83%,676.51,698.3,1999154,375513.28,-
2012-04-06,697.86,701.9,4.15,0.59%,695.65,705.38,2017841,369862.19,-
2012-04-09,699.87,689.72,-12.18,-1.74%,689.72,701.59,1547976,290199.44,-
2012-04-10,686.47,697.17,7.46,1.08%,672.98,697.16,1821561,335170.91,-
2012-04-11,689.85,698.49,1.32,0.19%,685.75,701.93,1612593,288481.44,-
2012-04-12,699.42,713.12,14.63,2.09%,697.74,713.25,2060380,364808.28,-
2012-04-13,715.04,718.96,5.84,0.82%,714.24,723.89,2267802,406011.0,-
2012-04-16,714.85,716.23,-2.73,-0.38%,712.02,719.88,1720515,322445.06,-
2012-04-17,716.53,709.14,-7.09,-0.99%,708.4,718.46,1833195,318286.28,-
2012-04-18,710.14,723.46,14.32,2.02%,710.1,724.03,2365954,402711.72,-
2012-04-19,723.83,725.12,1.66,0.23%,721.59,728.46,2341326,401205.69,-
2012-04-20,724.13,728.72,3.6,0.50%,720.83,728.72,2177591,386724.59,-
2012-04-23,724.9,690.43,-38.29,-5.25%,689.44,724.9,3718098,588739.62,-
2012-04-24,680.61,681.53,-8.9,-1.29%,663.92,689.88,2876580,452279.25,-
2012-04-25,679.75,682.52,0.99,0.14%,674.54,684.48,2008002,330383.53,-
2012-04-26,683.02,678.44,-4.08,-0.60%,673.94,685.82,1781759,278650.56,-
2012-04-27,677.55,685.13,6.69,0.99%,676.07,689.1,1878034,292645.31,-
2012-05-02,692.35,693.61,8.48,1.24%,686.18,696.42,2088851,341278.62,-
2012-05-03,693.4,699.31,5.7,0.82%,690.76,699.41,1952625,323074.34,-
2012-05-04,699.88,713.19,13.88,1.99%,699.88,713.84,2618382,451257.56,-
2012-05-07,710.98,733.05,19.86,2.79%,709.87,733.04,3094282,570310.06,-
2012-05-08,733.83,731.72,-1.32,-0.18%,730.55,738.52,3024633,558248.06,-
2012-05-09,727.6,719.35,-12.37,-1.69%,718.72,727.7,2538303,465508.16,-
2012-05-10,718.24,727.29,7.94,1.10%,718.24,730.78,2353338,430923.53,-
2012-05-11,726.56,721.08,-6.2,-0.85%,720.93,730.83,2720669,444199.12,-
2012-05-14,725.52,719.87,-1.21,-0.17%,717.94,729.67,2657401,440695.34,-
2012-05-15,714.58,720.12,0.25,0.03%,709.63,720.21,2391655,364995.91,-
2012-05-16,718.71,709.96,-10.16,-1.41%,709.88,722.21,1981755,333992.31,-
2012-05-17,709.5,716.17,6.21,0.88%,703.92,718.44,2017024,330325.31,-
2012-05-18,711.69,706.22,-9.95,-1.39%,705.25,717.27,2557589,412418.69,-
2012-05-21,705.86,704.8,-1.42,-0.20%,698.8,709.68,2161908,357318.25,-
2012-05-22,706.92,714.66,9.86,1.40%,706.92,714.91,1829925,306346.38,-
2012-05-23,715.03,713.02,-1.64,-0.23%,705.2,717.2,2437692,370542.59,-
2012-05-24,711.68,712.58,-0.44,-0.06%,710.07,718.02,2625563,387948.19,-
2012-05-25,713.04,702.72,-9.86,-1.38%,700.62,714.9,2275968,345920.94,-
2012-05-28,699.64,706.47,3.75,0.53%,686.07,707.49,2315364,337880.97,-
2012-05-29,705.78,720.45,13.98,1.98%,704.2,721.72,2779761,427626.91,-
2012-05-30,720.57,727.19,6.74,0.93%,719.14,731.28,3310317,500946.34,-
2012-05-31,724.46,734.45,7.26,1.00%,721.71,740.49,3509504,538708.94,-
2012-06-01,733.62,734.26,-0.19,-0.03%,730.0,739.93,3140151,485888.22,-
2012-06-04,721.68,717.1,-17.16,-2.34%,717.04,734.26,3231517,500438.94,-
2012-06-05,718.11,715.93,-1.17,-0.16%,713.58,721.57,2066623,331477.56,-
2012-06-06,717.13,715.24,-0.69,-0.10%,711.19,722.36,1978215,299825.62,-
2012-06-07,721.56,711.43,-3.81,-0.53%,709.17,725.29,2160354,348270.47,-
2012-06-08,716.42,713.92,2.49,0.35%,710.27,721.36,2485741,409951.06,-
2012-06-11,714.12,734.5,20.58,2.88%,714.12,734.5,3160249,536329.12,-
2012-06-12,731.04,735.29,0.79,0.11%,729.71,739.02,3130938,513891.22,-
2012-06-13,735.6,746.51,11.22,1.53%,735.6,746.51,3377576,519787.56,-
2012-06-14,745.76,740.97,-5.54,-0.74%,739.91,750.28,3017553,477475.19,-
2012-06-15,742.38,742.27,1.3,0.18%,733.33,747.3,2996475,463657.62,-
2012-06-18,744.05,752.98,10.71,1.44%,744.05,753.77,3343201,522228.03,-
2012-06-19,751.27,747.49,-5.49,-0.73%,746.09,752.77,2973759,464942.19,-
2012-06-20,747.64,748.39,0.9,0.12%,746.03,751.9,2569043,404268.97,-
2012-06-21,746.61,739.05,-9.34,-1.25%,732.17,746.61,2969751,452708.31,-
2012-06-25,736.18,720.6,-18.45,-2.50%,720.47,736.18,2556498,377150.25,-
2012-06-26,716.3,715.92,-4.68,-0.65%,703.03,719.33,2218003,329394.91,-
2012-06-27,715.52,718.93,3.01,0.42%,715.38,728.54,2261526,339012.19,-
2012-06-28,719.09,711.14,-7.79,-1.08%,710.9,723.07,2377029,361072.66,-
2012-06-29,708.11,726.68,15.54,2.18%,705.86,726.68,2397425,351727.91,-
2012-07-02,730.77,741.19,14.51,2.00%,730.76,744.96,2548604,412910.53,-
2012-07-03,742.2,743.9,2.71,0.37%,739.92,751.36,2892437,448443.91,-
2012-07-04,744.7,739.62,-4.28,-0.58%,736.9,747.84,2589713,400251.69,-
2012-07-05,738.49,724.31,-15.31,-2.07%,721.36,738.49,2533026,378195.28,-
2012-07-06,727.68,737.29,12.98,1.79%,712.44,737.69,2991603,474400.47,-
2012-07-09,733.66,722.28,-15.01,-2.04%,721.6,737.79,2915270,460752.06,-
2012-07-10,719.89,713.53,-8.75,-1.21%,710.73,721.81,2638457,387039.12,-
2012-07-11,710.89,719.3,5.77,0.81%,706.72,719.3,1931986,311771.28,-
2012-07-12,718.62,734.32,15.02,2.09%,717.2,735.7,2786166,463916.38,-
2012-07-13,731.49,725.79,-8.53,-1.16%,722.65,736.46,2674352,403778.03,-
2012-07-16,722.82,691.39,-34.4,-4.74%,691.23,722.82,3158424,459613.25,-
2012-07-17,687.74,697.0,5.62,0.81%,686.11,697.0,2018811,305176.72,-
2012-07-18,695.92,702.14,5.14,0.74%,684.3,702.17,2092448,307089.25,-
2012-07-19,701.23,709.17,7.03,1.00%,698.47,714.92,2463494,363401.53,-
2012-07-20,707.83,706.25,-2.92,-0.41%,704.87,714.15,1842273,268657.75,-
2012-07-23,703.2,704.57,-1.68,-0.24%,697.69,708.21,1659014,246253.84,-
2012-07-24,700.58,706.4,1.83,0.26%,698.39,712.1,1732850,251299.5,-
2012-07-25,704.7,708.3,1.9,0.27%,703.35,715.97,2053530,310420.59,-
2012-07-26,707.77,706.73,-1.57,-0.22%,704.97,717.76,1813330,291375.38,-
2012-07-27,707.97,703.58,-3.14,-0.45%,698.18,711.57,1834960,300858.72,-
2012-07-30,703.7,688.47,-15.11,-2.15%,685.84,707.63,2027288,298611.47,-
2012-07-31,686.54,676.96,-11.51,-1.67%,672.28,687.69,1890912,277803.03,-
2012-08-01,677.53,689.49,12.53,1.85%,676.34,694.54,1670655,251935.64,-
2012-08-02,688.33,690.98,1.49,0.22%,684.2,694.83,1779646,276806.28,-
2012-08-03,691.79,711.93,20.95,3.03%,690.26,711.93,2186007,352299.12,-
2012-08-06,708.26,730.42,18.5,2.60%,706.83,731.39,2790921,444572.53,-
2012-08-07,729.63,736.01,5.59,0.77%,729.44,737.58,2680530,415660.19,-
2012-08-08,734.88,730.07,-5.94,-0.81%,723.98,734.88,2114193,305933.44,-
2012-08-09,729.5,743.2,13.14,1.80%,727.7,743.23,2304298,346011.81,-
2012-08-10,743.28,743.07,-0.13,-0.02%,736.55,744.84,2108351,331867.19,-
2012-08-13,742.38,727.64,-15.43,-2.08%,726.93,742.38,2134268,322153.41,-
2012-08-14,726.84,736.35,8.71,1.20%,714.65,736.45,2215481,334945.16,-
2012-08-15,734.87,729.73,-6.62,-0.90%,728.49,736.28,1734962,276182.44,-
2012-08-16,728.66,723.53,-6.2,-0.85%,720.72,730.13,1483162,224421.66,-
2012-08-17,721.33,721.05,-2.48,-0.34%,714.02,723.2,1754434,255179.8,-
2012-08-20,718.14,730.87,9.82,1.36%,713.15,732.67,2212017,285707.25,-
2012-08-21,730.29,748.94,18.07,2.47%,729.99,752.78,3295566,449684.22,-
2012-08-22,749.0,746.85,-2.08,-0.28%,743.61,756.53,3092567,439584.78,-
2012-08-23,745.47,750.56,3.71,0.50%,741.38,751.71,3214691,457020.09,-
2012-08-24,747.72,733.31,-17.25,-2.30%,733.31,750.35,2813315,395134.97,-
2012-08-27,731.67,722.57,-10.74,-1.46%,721.2,731.67,2844780,392856.38,-
2012-08-28,720.83,727.62,5.05,0.70%,717.53,733.13,2444962,343041.22,-
2012-08-29,726.7,726.94,-0.68,-0.09%,722.82,736.74,2654245,362923.44,-
2012-08-30,727.21,704.04,-22.9,-3.15%,692.14,729.05,3275497,464671.78,-
2012-08-31,701.37,706.63,2.6,0.37%,698.62,710.02,2144850,266355.94,-
2012-09-03,703.81,723.87,17.24,2.44%,701.7,725.17,2542488,345370.09,-
2012-09-04,724.7,722.72,-1.15,-0.16%,721.52,732.36,2734248,371206.66,-
2012-09-05,721.07,730.62,7.9,1.09%,719.34,732.77,2682385,348393.06,-
2012-09-06,732.46,739.74,9.12,1.25%,731.24,739.74,2815719,374182.03,-
2012-09-07,744.65,759.46,19.72,2.67%,744.24,764.45,5181944,705546.19,-
2012-09-10,759.69,762.31,2.85,0.38%,756.03,765.31,4595394,622267.56,-
2012-09-11,761.55,761.73,-0.58,-0.08%,756.77,762.51,4505682,561552.0,-
2012-09-12,763.04,762.51,0.78,0.10%,754.32,766.52,3706876,470920.28,-
2012-09-13,761.78,749.89,-12.62,-1.66%,749.89,764.36,3776056,482175.44,-
2012-09-14,753.6,744.46,-5.43,-0.72%,738.95,756.2,3157627,410907.53,-
2012-09-17,742.69,724.15,-20.31,-2.73%,724.15,742.69,2463544,314796.09,-
2012-09-18,722.38,723.61,-0.54,-0.07%,720.45,730.36,1929887,253742.27,-
2012-09-19,724.89,728.25,4.64,0.64%,723.64,730.3,1897240,246381.19,-
2012-09-20,727.96,706.69,-21.56,-2.96%,704.91,727.96,2926273,364005.62,-
2012-09-21,703.42,691.14,-15.55,-2.20%,689.53,706.52,2504186,321446.31,-
2012-09-24,685.99,690.34,-0.8,-0.12%,678.35,695.19,2107950,278022.5,-
2012-09-25,688.21,682.34,-8.0,-1.16%,680.65,693.76,1851506,248335.59,-
2012-09-26,680.47,661.49,-20.84,-3.05%,660.12,682.67,1862353,242918.94,-
2012-09-27,662.78,676.96,15.47,2.34%,662.78,680.48,2265340,296215.03,-
2012-09-28,674.19,689.64,12.68,1.87%,671.61,691.06,2064366,269252.81,-
2012-10-08,690.35,690.77,1.13,0.16%,686.27,693.64,1518723,208786.05,-
2012-10-09,691.39,712.7,21.93,3.18%,691.39,712.78,2537914,330129.97,-
2012-10-10,712.15,721.85,9.15,1.28%,709.92,722.52,2848980,387299.69,-
2012-10-11,720.39,711.8,-10.05,-1.39%,711.63,724.7,2735265,369513.28,-
2012-10-12,711.83,708.87,-2.93,-0.41%,700.97,721.26,2461294,333285.62,-
2012-10-15,706.23,701.96,-6.91,-0.97%,694.12,707.13,2388776,314850.88,-
2012-10-16,700.94,705.39,3.43,0.49%,698.97,711.87,2205266,294559.12,-
2012-10-17,706.09,709.09,3.7,0.52%,701.64,711.41,1997252,242957.48,-
2012-10-18,709.29,720.52,11.43,1.61%,709.29,721.68,2479401,318511.94,-
2012-10-19,720.85,719.45,-1.07,-0.15%,715.92,722.61,2009496,261036.42,-
2012-10-22,716.53,724.28,4.83,0.67%,714.7,724.29,1856934,254074.47,-
2012-10-23,723.83,711.26,-13.02,-1.80%,710.55,725.38,2277536,322153.53,-
2012-10-24,707.3,707.75,-3.51,-0.49%,704.41,713.96,1967416,260952.39,-
2012-10-25,707.88,697.44,-10.31,-1.46%,696.45,710.98,2122783,268477.31,-
2012-10-26,695.89,685.33,-12.11,-1.74%,680.91,697.46,2032760,271276.12,-
2012-10-29,684.34,688.12,2.79,0.41%,682.76,691.6,1521227,207407.33,-
2012-10-30,688.51,689.61,1.49,0.22%,687.79,694.67,1460902,191305.58,-
2012-10-31,689.62,691.65,2.04,0.30%,685.05,691.65,1519267,196011.22,-
2012-11-01,692.06,701.78,10.13,1.46%,692.06,702.95,2200926,287142.28,-
2012-11-02,702.03,701.38,-0.4,-0.06%,697.06,703.13,1669260,232037.94,-
2012-11-05,700.11,692.87,-8.51,-1.21%,690.94,703.46,1986559,267728.84,-
2012-11-06,693.36,690.5,-2.37,-0.34%,679.96,693.37,2244633,295382.31,-
2012-11-07,689.79,689.75,-0.75,-0.11%,686.61,692.58,1692860,228159.89,-
2012-11-08,684.89,675.85,-13.9,-2.01%,675.76,685.45,1890865,232002.25,-
2012-11-09,674.59,672.67,-3.18,-0.47%,671.69,679.02,1579785,198327.97,-
2012-11-12,674.76,676.6,3.93,0.58%,671.63,681.3,1761713,242618.09,-
2012-11-13,676.26,667.33,-9.27,-1.37%,666.34,676.38,1880793,252148.28,-
2012-11-14,666.4,665.19,-2.14,-0.32%,657.58,667.78,1664518,218847.39,-
2012-11-15,662.9,659.21,-5.98,-0.90%,657.35,667.86,1854620,239828.05,-
2012-11-16,659.38,656.2,-3.01,-0.46%,653.02,660.1,1917058,241188.36,-
2012-11-19,654.78,656.94,0.74,0.11%,647.87,657.38,2068992,241006.41,-
2012-11-20,657.4,656.61,-0.33,-0.05%,656.08,661.24,1989495,234530.58,-
2012-11-21,656.44,660.03,3.42,0.52%,646.64,661.89,2224930,253898.42,-
2012-11-22,659.13,651.83,-8.2,-1.24%,650.39,659.2,1966490,226069.12,-
2012-11-23,652.94,651.43,-0.4,-0.06%,650.27,656.36,2134824,242962.92,-
2012-11-26,651.06,638.88,-12.55,-1.93%,638.38,651.06,1778219,206301.5,-
2012-11-27,635.26,616.28,-22.6,-3.54%,615.59,635.26,2274289,258347.06,-
2012-11-28,611.91,607.67,-8.61,-1.40%,605.69,611.91,1800844,197395.66,-
2012-11-29,607.16,603.17,-4.5,-0.74%,601.18,611.89,1637534,169025.45,-
2012-11-30,602.95,606.77,3.6,0.60%,601.05,608.54,1612390,173635.8,-
2012-12-03,605.6,593.66,-13.11,-2.16%,593.2,607.25,1716211,179551.08,-
2012-12-04,592.4,600.8,7.14,1.20%,585.44,601.49,1999914,209291.02,-
2012-12-05,599.45,624.82,24.02,4.00%,597.76,627.85,2877818,314873.56,-
2012-12-06,625.16,624.32,-0.5,-0.08%,619.49,630.22,2501462,256813.88,-
2012-12-07,624.15,637.49,13.17,2.11%,622.22,638.17,3355392,336659.34,-
2012-12-10,638.24,646.32,8.83,1.39%,636.17,647.54,3783508,392087.28,-
2012-12-11,645.25,641.17,-5.15,-0.80%,640.69,646.79,3445914,355557.16,-
2012-12-12,639.91,639.51,-1.66,-0.26%,631.14,640.93,3043576,327866.44,-
2012-12-13,638.09,632.18,-7.33,-1.15%,631.19,641.17,2844103,303038.59,-
2012-12-14,631.45,656.22,24.04,3.80%,631.22,656.59,4535106,501247.66,-
2012-12-17,656.75,649.61,-6.61,-1.01%,646.27,658.39,3804514,456380.97,-
2012-12-18,648.56,646.05,-3.56,-0.55%,643.05,654.35,3536125,408044.44,-
2012-12-19,645.14,652.1,6.05,0.94%,644.97,654.41,2999774,354353.22,-
2012-12-20,652.04,658.31,6.21,0.95%,648.49,658.31,3705889,415242.38,-
2012-12-21,658.54,668.09,9.78,1.49%,655.62,670.81,4177192,516214.78,-
2012-12-24,666.28,679.76,11.67,1.75%,665.88,679.76,3474324,464642.97,-
2012-12-25,679.57,694.12,14.36,2.11%,678.82,695.91,4548636,589770.88,-
2012-12-26,693.29,709.08,14.96,2.16%,691.99,709.08,4542610,593349.06,-
2012-12-27,709.91,699.57,-9.5,-1.34%,699.37,712.85,4610357,596007.69,-
2012-12-28,698.91,707.67,8.1,1.16%,694.77,707.67,3802424,503190.78,-
2012-12-31,708.24,713.86,6.19,0.87%,703.62,713.86,3854564,554977.31,-
2013-01-04,717.3,705.34,-8.52,-1.19%,699.17,718.39,4287980,597914.38,-
2013-01-07,704.37,718.11,12.77,1.81%,702.39,718.11,4734227,658540.44,-
2013-01-08,718.43,733.14,15.03,2.09%,716.3,735.34,5583317,775471.12,-
2013-01-09,732.01,734.51,1.37,0.19%,727.91,740.64,5294532,721909.56,-
2013-01-10,734.31,741.18,6.67,0.91%,734.31,743.55,4700186,645041.94,-
2013-01-11,740.9,731.59,-9.59,-1.29%,730.4,746.04,5327355,753230.94,-
2013-01-14,735.65,760.55,28.96,3.96%,735.18,761.73,5862242,855565.19,-
2013-01-15,763.62,778.6,18.05,2.37%,763.62,781.42,7355001,1062266.0,-
2013-01-16,777.04,774.49,-4.11,-0.53%,762.04,779.92,5548708,777355.56,-
2013-01-17,773.79,768.31,-6.18,-0.80%,767.48,775.82,4092373,585323.19,-
2013-01-18,771.31,787.39,19.08,2.48%,771.31,787.5,4530498,725017.44,-
2013-01-21,788.07,792.6,5.21,0.66%,783.41,793.23,4424122,687410.56,-
2013-01-22,792.31,775.14,-17.46,-2.20%,769.09,792.54,4326860,657795.81,-
2013-01-23,773.74,778.48,3.34,0.43%,765.36,779.56,3761790,576351.94,-
2013-01-24,778.64,757.87,-20.61,-2.65%,750.36,784.32,4988312,747066.06,-
2013-01-25,757.61,762.85,4.98,0.66%,756.61,766.78,3138994,483326.78,-
2013-01-28,764.09,784.76,21.91,2.87%,764.09,784.76,3413188,534125.69,-
2013-01-29,785.76,791.67,6.91,0.88%,785.76,795.07,3989074,621118.38,-
2013-01-30,791.96,783.68,-7.99,-1.01%,778.3,792.77,3950807,595973.0,-
2013-01-31,784.11,776.01,-7.67,-0.98%,771.15,784.11,4187498,608185.75,-
2013-02-01,775.11,782.36,6.36,0.82%,772.94,785.52,3915541,575545.81,-
2013-02-04,783.74,771.9,-10.46,-1.34%,767.85,786.56,4112435,612506.25,-
2013-02-05,768.41,780.98,9.08,1.18%,765.97,781.57,3060852,470800.69,-
2013-02-06,781.32,791.26,10.28,1.32%,781.32,794.5,3294404,498903.75,-
2013-02-07,792.85,805.59,14.33,1.81%,789.37,806.31,3311283,536929.75,-
2013-02-08,804.96,823.03,17.44,2.17%,804.96,824.31,3838459,633044.81,-
2013-02-18,829.66,835.28,12.25,1.49%,825.95,835.66,4772616,749795.44,-
2013-02-19,834.97,819.71,-15.57,-1.86%,816.96,835.41,4264075,663543.0,-
2013-02-20,819.03,850.86,31.15,3.80%,819.03,850.86,5092272,824085.62,-
2013-02-21,846.64,839.3,-11.56,-1.36%,829.6,853.27,5679795,895011.44,-
2013-02-22,837.13,838.76,-0.54,-0.06%,836.87,848.16,4048524,635950.12,-
2013-02-25,838.88,855.69,16.93,2.02%,838.88,857.85,4506664,729270.19,-
2013-02-26,853.28,851.22,-4.47,-0.52%,849.94,865.8,5060976,874071.62,-
2013-02-27,852.13,846.09,-5.13,-0.60%,835.93,856.12,4300498,716350.38,-
2013-02-28,846.34,861.1,15.01,1.77%,844.2,861.09,4635152,742940.62,-
2013-03-01,860.8,884.89,23.8,2.76%,859.83,885.18,6075898,991798.88,-
2013-03-04,880.25,863.5,-21.39,-2.42%,855.05,888.79,6394611,1054624.38,-
2013-03-05,861.22,888.1,24.6,2.85%,857.54,888.32,4756274,816750.25,-
2013-03-06,890.23,902.9,14.8,1.67%,890.23,905.16,5514650,947293.38,-
2013-03-07,902.41,877.34,-25.56,-2.83%,867.87,902.41,5249888,908923.81,-
2013-03-08,877.73,864.7,-12.64,-1.44%,861.81,882.14,3773783,629511.75,-
2013-03-11,863.12,869.15,4.45,0.51%,858.04,872.18,2812278,480663.16,-
2013-03-12,869.72,839.84,-29.31,-3.37%,828.04,873.47,4751704,755425.25,-
2013-03-13,835.46,834.05,-5.79,-0.69%,821.35,836.28,3197780,500086.88,-
2013-03-14,832.29,842.04,7.99,0.96%,831.57,845.59,2839469,468443.59,-
2013-03-15,841.71,853.91,11.87,1.41%,839.58,867.86,3537446,613169.31,-
2013-03-18,852.15,852.12,-1.79,-0.21%,850.1,862.82,2890207,515730.44,-
2013-03-19,850.06,842.69,-9.43,-1.11%,829.19,854.24,3007449,497463.97,-
2013-03-20,842.71,866.27,23.58,2.80%,842.58,866.27,3388527,562495.31,-
2013-03-21,867.9,882.73,16.46,1.90%,866.68,885.98,4100819,705349.5,-
2013-03-22,881.9,882.0,-0.73,-0.08%,876.92,884.23,3211712,545787.88,-
2013-03-25,882.75,881.76,-0.24,-0.03%,874.01,884.85,3159531,531014.75,-
2013-03-26,878.56,876.36,-5.4,-0.61%,862.67,879.85,3262129,542134.81,-
2013-03-27,876.55,882.75,6.39,0.73%,874.25,885.77,2853195,492820.12,-
2013-03-28,877.85,867.51,-15.24,-1.73%,861.65,877.85,3282402,566335.94,-
2013-03-29,868.09,866.46,-1.05,-0.12%,860.96,872.78,2675488,464749.66,-
2013-04-01,866.65,877.0,10.54,1.22%,865.98,879.92,2793712,541293.0,-
2013-04-02,875.33,845.16,-31.84,-3.63%,843.21,883.15,3523357,689888.38,-
2013-04-03,842.36,835.14,-10.02,-1.19%,827.27,845.49,2965811,538951.94,-
2013-04-08,824.78,853.48,18.34,2.20%,817.35,853.62,3118546,573047.69,-
2013-04-09,854.51,861.99,8.51,1.00%,853.94,864.12,2647312,478869.25,-
2013-04-10,861.27,850.53,-11.46,-1.33%,843.1,861.91,2552154,458803.97,-
2013-04-11,853.14,847.78,-2.75,-0.32%,847.39,855.96,2208314,374291.66,-
2013-04-12,847.2,846.61,-1.17,-0.14%,845.85,854.22,2053747,350821.91,-
2013-04-15,844.11,836.34,-10.27,-1.21%,834.01,845.75,1821509,319537.44,-
2013-04-16,828.94,846.05,9.71,1.16%,824.84,846.05,1980053,346604.16,-
2013-04-17,845.09,867.51,21.46,2.54%,844.92,867.51,2558329,489490.19,-
2013-04-18,862.7,873.48,5.97,0.69%,860.72,875.99,2720930,522282.56,-
2013-04-19,874.88,892.21,18.73,2.14%,874.88,895.87,3450877,647840.06,-
2013-04-22,890.93,916.02,23.81,2.67%,889.26,916.02,3859813,777562.31,-
2013-04-23,916.42,893.79,-22.23,-2.43%,892.11,916.54,3961839,778761.44,-
2013-04-24,894.69,923.41,29.62,3.31%,894.69,925.01,3896715,794386.94,-
2013-04-25,924.22,903.63,-19.78,-2.14%,903.61,937.56,4825635,1044506.81,-
2013-04-26,901.99,889.38,-14.25,-1.58%,886.4,904.3,3432450,707809.31,-
2013-05-02,887.08,913.65,24.27,2.73%,883.79,914.17,2807351,631597.31,-
2013-05-03,916.01,939.21,25.56,2.80%,916.01,940.28,3907975,807296.69,-
2013-05-06,941.09,958.02,18.81,2.00%,941.09,962.63,4974100,988091.81,-
2013-05-07,956.41,957.44,-0.58,-0.06%,949.84,964.71,4255337,821757.06,-
2013-05-08,960.98,980.08,22.64,2.36%,960.7,980.08,4938706,1008662.0,-
2013-05-09,978.94,992.16,12.08,1.23%,978.07,994.27,5831104,1209952.62,-
2013-05-10,989.15,988.3,-3.86,-0.39%,977.43,996.59,5499878,1085090.75,-
2013-05-13,989.37,995.11,6.81,0.69%,978.72,995.25,4660950,921052.44,-
2013-05-14,992.62,976.33,-18.78,-1.89%,971.35,992.62,4130127,825294.31,-
2013-05-15,976.95,1012.66,36.33,3.72%,976.95,1012.67,4997558,985963.19,-
2013-05-16,1010.95,1009.53,-3.13,-0.31%,999.49,1034.35,6936318,1376481.75,-
2013-05-17,1006.47,1023.4,13.87,1.37%,1004.42,1029.11,5407032,998037.12,-
2013-05-20,1025.17,1051.65,28.25,2.76%,1025.17,1052.7,6975498,1335090.75,-
2013-05-21,1049.6,1073.58,21.93,2.09%,1045.46,1074.89,7123378,1338948.25,-
2013-05-22,1067.44,1039.81,-33.77,-3.15%,1036.31,1067.5,7110503,1271088.38,-
2013-05-23,1035.31,1042.9,3.09,0.30%,1033.12,1061.53,5805538,1025569.88,-
2013-05-24,1044.29,1073.78,30.88,2.96%,1044.29,1073.78,6134109,1094857.0,-
2013-05-29,1055.6,1065.96,6.96,0.66%,1053.18,1067.03,4870735,853859.69,-
2013-05-30,1063.0,1073.87,7.91,0.74%,1059.83,1078.46,5214342,975776.88,-
2013-05-31,1074.48,1073.02,-0.85,-0.08%,1068.07,1086.33,5830883,1061134.0,-
2013-06-03,1070.73,1052.14,-20.88,-1.95%,1050.21,1074.82,5501580,1087835.25,-
2013-06-04,1049.1,1022.46,-29.68,-2.82%,1011.4,1049.26,5532345,1015060.5,-
2013-06-05,1021.02,1032.76,10.3,1.01%,1021.02,1038.03,4293720,751870.25,-
2013-06-06,1027.05,1022.13,-10.63,-1.03%,1020.83,1031.36,4216312,733608.38,-
2013-06-07,1022.56,1030.14,8.01,0.78%,1018.45,1039.65,4635118,822392.0,-
2013-06-13,1019.47,1029.28,-0.86,-0.08%,986.05,1029.28,4612354,847047.75,-
2013-06-14,1029.93,1068.15,38.88,3.78%,1029.93,1069.81,5170686,1015552.94,-
2013-06-17,1074.53,1073.69,5.54,0.52%,1068.61,1091.91,6052544,1235772.5,-
2013-06-18,1073.31,1072.93,-0.76,-0.07%,1053.32,1078.53,5072086,1011251.19,-
2013-06-19,1064.74,1067.63,-5.3,-0.49%,1053.8,1070.35,4644821,893689.75,-
2013-06-20,1060.38,1029.53,-38.1,-3.57%,1027.84,1067.95,4925186,939999.75,-
2013-06-21,1007.87,1025.5,-4.03,-0.39%,988.22,1030.13,4957631,869355.12,-
2013-06-24,1023.22,971.45,-54.05,-5.27%,961.84,1023.22,5493086,922676.12,-
2013-06-25,958.35,984.75,13.3,1.37%,903.67,991.64,7076851,1206554.0,-
2013-06-26,984.94,1038.98,54.23,5.51%,984.88,1039.01,7034880,1295843.38,-
2013-06-27,1043.66,1022.5,-16.48,-1.59%,1020.46,1063.02,7344872,1385390.75,-
2013-06-28,1012.64,1011.66,-10.84,-1.06%,1002.19,1037.42,5240326,961044.88,-
2013-07-01,1011.27,1055.84,44.18,4.37%,1005.8,1055.84,5199856,1010301.31,-
2013-07-02,1056.91,1083.25,27.41,2.60%,1056.91,1086.4,6890768,1391670.5,-
2013-07-03,1079.65,1104.58,21.33,1.97%,1065.51,1108.48,6870788,1428647.38,-
2013-07-04,1097.77,1087.9,-16.68,-1.51%,1085.4,1105.79,5890974,1192256.5,-
2013-07-05,1087.69,1057.27,-30.63,-2.82%,1057.13,1091.82,5502364,1089053.5,-
2013-07-08,1035.94,1030.6,-26.67,-2.52%,1015.67,1057.04,5243888,953166.12,-
2013-07-09,1028.56,1050.72,20.12,1.95%,1026.46,1051.51,4535638,873383.62,-
2013-07-10,1049.21,1068.86,18.14,1.73%,1048.73,1069.39,5096406,1016037.69,-
2013-07-11,1066.7,1080.78,11.92,1.12%,1057.44,1082.78,5674887,1074279.12,-
2013-07-12,1079.33,1096.3,15.52,1.44%,1077.31,1117.69,6268978,1291686.5,-
2013-07-15,1096.19,1139.57,43.27,3.95%,1096.19,1139.57,7179818,1469062.75,-
2013-07-16,1141.57,1143.2,3.63,0.32%,1129.74,1153.07,6739068,1308244.5,-
2013-07-17,1140.73,1129.48,-13.72,-1.20%,1118.85,1149.47,6186905,1204583.88,-
2013-07-18,1124.79,1127.97,-1.51,-0.13%,1118.63,1138.09,5430280,1009583.12,-
2013-07-19,1125.77,1116.01,-11.96,-1.06%,1116.01,1156.09,6621442,1256874.75,-
2013-07-22,1109.95,1153.77,37.76,3.38%,1107.33,1153.77,6072666,1148845.0,-
2013-07-23,1161.08,1178.59,24.82,2.15%,1160.45,1179.46,7464446,1442864.12,-
2013-07-24,1181.36,1203.31,24.72,2.10%,1177.59,1208.13,7938221,1513890.0,-
2013-07-25,1205.62,1150.39,-52.92,-4.40%,1148.81,1207.23,7945522,1529858.5,-
2013-07-26,1150.25,1158.35,7.96,0.69%,1133.16,1166.21,5451287,1084349.25,-
2013-07-29,1155.81,1136.98,-21.37,-1.85%,1136.4,1168.47,5652118,1172337.88,-
2013-07-30,1137.15,1124.1,-12.88,-1.13%,1095.65,1147.02,5382651,1068971.25,-
2013-07-31,1126.1,1134.02,9.92,0.88%,1117.34,1143.37,4645088,900341.88,-
2013-08-01,1135.45,1190.11,56.1,4.95%,1135.45,1191.12,6597376,1305049.0,-
2013-08-02,1196.17,1188.85,-1.26,-0.11%,1187.31,1208.32,7141282,1359719.25,-
2013-08-05,1186.73,1202.83,13.98,1.18%,1182.54,1202.83,5255116,1005597.06,-
2013-08-06,1202.09,1211.78,8.95,0.74%,1200.69,1219.12,5859411,1204862.75,-
2013-08-07,1208.5,1175.7,-36.08,-2.98%,1173.26,1209.37,5734165,1109228.38,-
2013-08-08,1172.08,1185.96,10.26,0.87%,1165.32,1195.92,4687790,891248.56,-
2013-08-09,1185.64,1172.52,-13.44,-1.13%,1153.45,1194.78,4929516,946549.38,-
2013-08-12,1174.09,1161.87,-10.65,-0.91%,1146.02,1185.37,5322907,1013721.38,-
2013-08-13,1161.49,1172.33,10.46,0.90%,1151.68,1180.61,4992836,897101.94,-
2013-08-14,1175.62,1180.66,8.33,0.71%,1160.02,1186.29,6317244,1128991.38,-
2013-08-15,1177.85,1167.09,-13.57,-1.15%,1165.77,1184.4,5916297,1010510.75,-
2013-08-16,1158.96,1132.09,-35.0,-3.00%,1131.44,1178.84,5759880,1009310.94,-
2013-08-19,1126.64,1171.4,39.31,3.47%,1125.59,1172.03,4878585,924663.69,-
2013-08-20,1170.99,1175.78,4.38,0.37%,1164.38,1180.99,5449414,969212.44,-
2013-08-21,1173.61,1181.34,5.56,0.47%,1169.49,1185.54,5040810,906479.19,-
2013-08-22,1180.19,1197.13,15.79,1.34%,1178.41,1204.59,5459590,1037708.5,-
2013-08-23,1200.68,1219.83,22.7,1.90%,1188.82,1225.89,6588197,1408179.12,-
2013-08-26,1220.97,1238.17,18.34,1.50%,1220.58,1241.47,5520691,1162626.0,-
2013-08-27,1238.27,1250.75,12.58,1.02%,1226.38,1251.04,5193880,1043644.75,-
2013-08-28,1244.01,1228.0,-22.75,-1.82%,1227.99,1253.4,6269334,1343455.88,-
2013-08-29,1224.61,1226.3,-1.7,-0.14%,1217.52,1236.45,4461159,976223.56,-
2013-08-30,1221.87,1185.15,-41.15,-3.36%,1181.89,1226.36,5485316,1100079.75,-
2013-09-02,1179.32,1210.19,25.04,2.11%,1178.01,1210.53,4063147,838740.25,-
2013-09-03,1217.77,1234.59,24.4,2.02%,1214.3,1234.59,4383856,986335.12,-
2013-09-04,1233.5,1236.35,1.76,0.14%,1227.32,1245.78,4822370,1088098.25,-
2013-09-05,1233.82,1267.26,30.91,2.50%,1233.26,1267.53,5437350,1291156.62,-
2013-09-06,1267.84,1282.75,15.49,1.22%,1261.57,1288.26,5260181,1267138.0,-
2013-09-09,1282.65,1275.91,-6.84,-0.53%,1258.13,1283.7,6335472,1400151.38,-
2013-09-10,1277.87,1263.59,-12.32,-0.97%,1254.01,1278.04,6408277,1373006.25,-
2013-09-11,1256.66,1220.71,-42.88,-3.39%,1216.37,1256.66,6611907,1301461.12,-
2013-09-12,1215.69,1220.63,-0.08,-0.01%,1211.6,1236.59,4410288,839332.06,-
2013-09-13,1221.15,1253.45,32.82,2.69%,1210.4,1256.04,4858786,1085558.88,-
2013-09-16,1254.47,1278.8,25.35,2.02%,1254.47,1297.64,5247438,1321365.12,-
2013-09-17,1279.26,1269.36,-9.44,-0.74%,1267.71,1285.63,4786394,1110409.62,-
2013-09-18,1268.34,1289.64,20.28,1.60%,1262.33,1292.33,4903746,1083054.5,-
2013-09-23,1292.76,1326.09,36.45,2.83%,1291.33,1326.41,6047440,1315483.25,-
2013-09-24,1325.89,1328.4,2.31,0.17%,1310.33,1340.52,6414432,1498799.25,-
2013-09-25,1324.19,1323.04,-5.36,-0.40%,1320.11,1344.39,5657906,1317756.75,-
2013-09-26,1318.52,1306.34,-16.7,-1.26%,1301.14,1332.12,5160888,1205214.88,-
2013-09-27,1305.51,1323.76,17.42,1.33%,1301.48,1330.69,4634866,1173198.62,-
2013-09-30,1329.56,1367.91,44.15,3.34%,1329.56,1368.66,4431976,1149325.25,-
2013-10-08,1376.36,1387.66,19.75,1.44%,1363.9,1389.73,5451971,1540942.38,-
2013-10-09,1385.96,1415.83,28.17,2.03%,1382.1,1418.48,5896736,1611622.75,-
2013-10-10,1422.35,1378.15,-37.68,-2.66%,1377.32,1423.96,7345370,1986061.12,-
2013-10-11,1377.98,1379.9,1.75,0.13%,1357.49,1386.54,6596390,1662416.62,-
2013-10-14,1374.47,1393.6,13.7,0.99%,1370.72,1394.34,6583378,1576400.88,-
2013-10-15,1397.21,1389.75,-3.85,-0.28%,1378.81,1409.5,7190098,1719089.75,-
2013-10-16,1393.01,1335.1,-54.65,-3.93%,1323.87,1393.1,7227045,1753396.38,-
2013-10-17,1339.31,1322.99,-12.11,-0.91%,1317.75,1355.65,7139795,1667767.62,-
2013-10-18,1327.09,1349.94,26.95,2.04%,1327.09,1353.97,5753770,1342762.5,-
2013-10-21,1358.88,1400.97,51.03,3.78%,1358.88,1403.11,7808352,1765103.38,-
2013-10-22,1401.47,1350.47,-50.5,-3.60%,1348.69,1408.45,9769214,2269210.5,-
2013-10-23,1336.23,1311.23,-39.24,-2.91%,1293.82,1336.23,8245065,1822989.12,-
2013-10-24,1307.11,1295.93,-15.3,-1.17%,1287.88,1319.37,5426200,1228709.75,-
2013-10-25,1298.72,1269.17,-26.76,-2.07%,1255.59,1304.49,6647938,1460377.25,-
2013-10-28,1264.14,1279.05,9.88,0.78%,1262.34,1286.0,5470776,1187839.0,-
2013-10-29,1276.27,1261.68,-17.37,-1.36%,1205.0,1292.97,7771767,1668892.0,-
2013-10-30,1256.24,1273.29,11.61,0.92%,1251.01,1274.34,5357038,1233659.88,-
2013-10-31,1266.56,1235.56,-37.73,-2.96%,1232.4,1266.56,4836082,1070105.25,-
2013-11-01,1227.69,1221.96,-13.6,-1.10%,1198.81,1233.57,5315116,1208711.62,-
2013-11-04,1217.28,1222.46,0.5,0.04%,1216.85,1240.88,4384428,954584.25,-
2013-11-05,1217.64,1260.03,37.57,3.07%,1208.35,1260.37,5359876,1172059.75,-
2013-11-06,1255.47,1241.79,-18.24,-1.45%,1241.76,1277.43,5997418,1317660.25,-
2013-11-07,1234.24,1224.05,-17.74,-1.43%,1219.31,1250.57,4430330,971174.94,-
2013-11-08,1215.68,1211.11,-12.94,-1.06%,1204.52,1226.32,4453888,971090.0,-
2013-11-11,1208.26,1212.69,1.58,0.13%,1191.18,1223.77,3621481,802553.56,-
2013-11-12,1213.31,1228.35,15.66,1.29%,1209.54,1233.19,4563872,980093.25,-
2013-11-13,1226.53,1212.08,-16.27,-1.32%,1210.66,1236.39,4341883,976169.69,-
2013-11-14,1207.45,1249.67,37.59,3.10%,1200.71,1251.77,5414359,1247186.88,-
2013-11-15,1248.26,1269.05,19.38,1.55%,1248.07,1287.08,6379840,1472623.88,-
2013-11-18,1275.55,1291.15,22.1,1.74%,1275.55,1295.21,5946346,1314827.62,-
2013-11-19,1293.06,1298.17,7.02,0.54%,1289.91,1312.06,5688540,1278087.62,-
2013-11-20,1299.68,1299.26,1.09,0.08%,1283.66,1303.45,4886541,1111771.0,-
2013-11-21,1295.93,1298.95,-0.31,-0.02%,1288.21,1304.74,5785574,1338505.12,-
2013-11-22,1298.47,1295.07,-3.88,-0.30%,1283.88,1300.96,4996346,1196192.62,-
2013-11-25,1290.84,1293.8,-1.27,-0.10%,1283.66,1305.23,4624055,1130999.5,-
2013-11-26,1291.62,1291.85,-1.94,-0.15%,1280.01,1299.67,4822677,1121611.0,-
2013-11-27,1290.19,1329.48,37.63,2.91%,1288.58,1336.17,6424139,1590107.38,-
2013-11-28,1333.05,1336.66,7.18,0.54%,1331.45,1342.82,5791886,1393677.75,-
2013-11-29,1335.63,1366.83,30.17,2.26%,1335.63,1369.12,6452087,1559533.0,-
2013-12-02,1296.7,1253.93,-112.9,-8.26%,1253.34,1317.69,8751578,1936021.88,-
2013-12-03,1223.38,1255.33,1.4,0.11%,1198.06,1261.77,7255732,1476641.62,-
2013-12-04,1249.59,1240.29,-15.04,-1.20%,1240.08,1276.06,6683238,1283418.38,-
2013-12-05,1234.5,1202.07,-38.22,-3.08%,1200.46,1236.1,6767590,1295746.0,-
2013-12-06,1196.32,1206.78,4.71,0.39%,1194.74,1215.49,5107298,1006108.69,-
2013-12-09,1211.39,1241.72,34.94,2.90%,1211.39,1241.77,5355341,1128830.38,-
2013-12-10,1244.57,1231.92,-9.8,-0.79%,1227.06,1249.35,5120406,1026312.94,-
2013-12-11,1230.78,1244.51,12.59,1.02%,1226.58,1255.06,4826232,1094027.38,-
2013-12-12,1242.15,1279.32,34.82,2.80%,1238.95,1285.27,6106138,1407080.12,-
2013-12-13,1274.17,1278.14,-1.18,-0.09%,1268.65,1286.72,5384234,1157256.12,-
2013-12-16,1279.06,1279.96,1.82,0.14%,1266.94,1293.94,6018626,1273051.75,-
2013-12-17,1278.53,1267.67,-12.29,-0.96%,1248.82,1282.17,4984002,1097628.38,-
2013-12-18,1267.77,1256.0,-11.67,-0.92%,1245.96,1267.77,4560356,1023855.62,-
2013-12-19,1253.43,1256.08,0.08,0.01%,1253.43,1281.82,4894862,1137582.0,-
2013-12-20,1255.82,1253.71,-2.37,-0.19%,1246.39,1266.03,4286890,930417.75,-
2013-12-23,1251.41,1242.81,-10.9,-0.87%,1224.99,1253.67,4789182,1007239.81,-
2013-12-24,1242.0,1258.82,16.01,1.29%,1241.91,1264.72,4935874,1010129.31,-
2013-12-25,1262.0,1288.34,29.52,2.34%,1258.41,1288.85,5548114,1154869.62,-
2013-12-26,1290.87,1269.54,-18.8,-1.46%,1268.14,1297.47,5624876,1219823.75,-
2013-12-27,1265.08,1294.3,24.76,1.95%,1265.08,1297.62,5416994,1116291.88,-
2013-12-30,1294.42,1307.99,13.69,1.06%,1292.83,1307.99,5475465,1162195.75,-
2013-12-31,1302.67,1304.44,-3.55,-0.27%,1288.94,1309.34,5163002,1088956.75,-
2014-01-02,1302.3,1333.0,28.56,2.19%,1299.34,1333.1,5471069,1237335.0,-
2014-01-03,1332.35,1352.84,19.84,1.49%,1331.97,1355.12,6209396,1465263.5,-
2014-01-06,1350.31,1323.33,-29.51,-2.18%,1322.72,1354.15,5563493,1302021.5,-
2014-01-07,1315.44,1352.28,28.95,2.19%,1312.27,1355.4,5318761,1190972.25,-
2014-01-08,1363.31,1405.02,52.74,3.90%,1363.31,1409.21,8685217,2091443.88,-
2014-01-09,1401.8,1380.24,-24.78,-1.76%,1379.65,1423.84,7628716,1910579.38,-
2014-01-10,1373.52,1353.3,-26.94,-1.95%,1347.61,1385.85,4390992,1014733.0,-
2014-01-13,1352.01,1362.79,9.49,0.70%,1349.25,1374.15,4461049,995459.5,-
2014-01-14,1364.8,1400.92,38.13,2.80%,1364.8,1400.92,4810748,1099666.5,-
2014-01-15,1399.67,1415.32,14.4,1.03%,1397.94,1417.42,4763004,1111445.0,-
2014-01-16,1415.57,1395.16,-20.16,-1.42%,1392.01,1423.12,4798140,1130455.0,-
2014-01-17,1395.03,1395.51,0.35,0.02%,1391.62,1411.55,4793896,1169705.0,-
2014-01-20,1393.88,1372.74,-22.77,-1.63%,1362.45,1400.94,5146414,1245381.5,-
2014-01-21,1370.69,1407.15,34.41,2.51%,1370.69,1407.45,5210026,1283998.25,-
2014-01-22,1407.46,1431.74,24.59,1.75%,1407.46,1432.0,6398493,1578354.5,-
2014-01-23,1433.7,1461.53,29.79,2.08%,1433.17,1472.34,7375286,1915843.0,-
2014-01-24,1458.21,1484.43,22.9,1.57%,1455.95,1493.64,6753368,1698102.25,-
2014-01-27,1477.46,1477.67,-6.76,-0.46%,1465.14,1500.46,7042768,1767362.0,-
2014-01-28,1476.59,1471.34,-6.33,-0.43%,1448.47,1486.42,5508402,1417459.25,-
2014-01-29,1472.54,1496.53,25.19,1.71%,1469.58,1497.72,5530406,1436399.25,-
2014-01-30,1494.12,1495.98,-0.55,-0.04%,1486.82,1507.87,5429596,1406671.12,-
2014-02-07,1489.05,1532.69,36.71,2.45%,1483.69,1532.82,5603172,1408655.0,-
2014-02-10,1536.99,1553.42,20.73,1.35%,1525.94,1557.03,7266272,1837398.25,-
2014-02-11,1550.62,1527.15,-26.26,-1.69%,1506.04,1559.77,7856496,1989592.5,-
2014-02-12,1527.1,1539.97,12.82,0.84%,1513.91,1540.33,6622436,1645675.0,-
2014-02-13,1537.26,1485.13,-54.84,-3.56%,1484.42,1539.66,7661786,1850625.38,-
2014-02-14,1484.56,1515.78,30.65,2.06%,1475.95,1516.43,5816738,1424291.38,-
2014-02-17,1521.17,1558.62,42.84,2.83%,1521.17,1559.12,7200834,1782624.25,-
2014-02-18,1558.74,1545.34,-13.28,-0.85%,1539.21,1561.77,6613090,1610130.38,-
2014-02-19,1544.64,1544.4,-0.94,-0.06%,1524.39,1551.88,6674201,1578653.75,-
2014-02-20,1545.26,1515.16,-29.24,-1.89%,1504.17,1545.51,6141650,1470361.25,-
2014-02-21,1512.17,1519.67,4.51,0.30%,1503.81,1526.03,4849036,1192868.5,-
2014-02-24,1517.97,1540.03,20.36,1.34%,1510.46,1542.31,5599468,1442558.25,-
2014-02-25,1543.97,1472.69,-67.34,-4.37%,1460.41,1571.4,8773971,2243481.5,-
2014-02-26,1452.06,1465.99,-6.7,-0.46%,1415.25,1468.0,6203060,1555686.75,-
2014-02-27,1467.27,1414.66,-51.32,-3.50%,1410.97,1496.62,6585858,1717450.0,-
2014-02-28,1410.4,1434.89,20.23,1.43%,1393.0,1436.88,5034208,1234340.25,-
2014-03-03,1433.9,1465.14,30.25,2.11%,1431.14,1466.23,4836034,1159282.75,-
2014-03-04,1462.26,1460.45,-4.69,-0.32%,1446.27,1475.5,4802638,1220081.5,-
2014-03-05,1467.06,1464.58,4.13,0.28%,1454.94,1471.04,4698540,1172578.25,-
2014-03-06,1461.11,1462.53,-2.05,-0.14%,1427.0,1464.41,5024244,1305044.62,-
2014-03-07,1463.93,1460.61,-1.92,-0.13%,1453.62,1477.96,5030434,1265496.5,-
2014-03-10,1446.06,1407.07,-53.54,-3.67%,1404.59,1446.06,5040936,1143047.62,-
2014-03-11,1399.9,1395.81,-11.26,-0.80%,1380.97,1410.38,4148921,931037.19,-
2014-03-12,1390.86,1399.27,3.46,0.25%,1378.89,1418.61,4515111,1053711.62,-
2014-03-13,1401.55,1436.86,37.59,2.69%,1401.43,1437.15,3438719,852247.69,-
2014-03-14,1433.46,1434.02,-2.84,-0.20%,1424.01,1450.38,3261497,790724.25,-
2014-03-17,1436.1,1477.42,43.4,3.03%,1435.32,1477.68,3803460,972215.69,-
2014-03-18,1479.38,1485.64,8.22,0.56%,1478.72,1493.39,4848274,1229613.38,-
2014-03-19,1481.49,1466.22,-19.42,-1.31%,1456.9,1482.3,4188301,1045878.88,-
2014-03-20,1463.07,1417.66,-48.56,-3.31%,1417.17,1466.42,4678306,1168814.5,-
2014-03-21,1405.9,1419.84,2.18,0.15%,1379.74,1427.92,4461098,1061766.88,-
2014-03-24,1411.78,1397.29,-22.55,-1.59%,1392.51,1416.86,3925649,937532.19,-
2014-03-25,1392.14,1394.82,-2.47,-0.18%,1385.0,1410.48,3099489,766290.25,-
2014-03-26,1396.91,1417.61,22.79,1.63%,1396.91,1424.25,3874384,944689.56,-
2014-03-27,1415.55,1367.96,-49.65,-3.50%,1367.96,1417.36,4085539,969636.25,-
2014-03-28,1363.87,1330.5,-37.46,-2.74%,1317.41,1364.26,4579607,1028581.69,-
2014-03-31,1327.23,1327.8,-2.7,-0.20%,1315.49,1340.47,2827274,655867.88,-
2014-04-01,1327.18,1355.05,27.25,2.05%,1326.25,1355.73,3114188,757168.44,-
2014-04-02,1356.68,1327.98,-27.07,-2.00%,1316.9,1360.88,3245950,822936.06,-
2014-04-03,1326.81,1326.18,-1.8,-0.14%,1318.82,1344.32,3019843,725936.44,-
2014-04-04,1323.41,1346.74,20.56,1.55%,1316.95,1347.05,2770356,678332.44,-
2014-04-08,1335.39,1351.18,4.44,0.33%,1327.8,1351.83,3794371,842629.19,-
2014-04-09,1355.37,1370.46,19.28,1.43%,1355.37,1376.69,4088732,968088.06,-
2014-04-10,1374.61,1381.14,10.68,0.78%,1374.61,1395.04,4708382,1144321.38,-
2014-04-11,1370.4,1363.9,-17.24,-1.25%,1352.13,1370.4,3510937,837157.12,-
2014-04-14,1367.75,1372.73,8.83,0.65%,1367.75,1378.32,3350384,817123.0,-
2014-04-15,1375.69,1369.89,-2.84,-0.21%,1367.23,1380.86,3358859,831113.75,-
2014-04-16,1365.83,1359.3,-10.59,-0.77%,1353.78,1367.91,2601784,632200.69,-
2014-04-17,1360.75,1367.59,8.29,0.61%,1360.75,1373.85,2834631,653145.06,-
2014-04-18,1365.36,1377.42,9.83,0.72%,1362.61,1377.84,3052558,667293.56,-
2014-04-21,1367.93,1363.85,-13.57,-0.99%,1363.01,1384.69,3524366,809158.25,-
2014-04-22,1361.58,1336.19,-27.66,-2.03%,1317.1,1367.63,3667130,857479.19,-
2014-04-23,1332.93,1326.44,-9.75,-0.73%,1318.23,1338.67,2958990,691391.5,-
2014-04-24,1325.86,1319.51,-6.93,-0.52%,1303.23,1326.96,3180702,731266.12,-
2014-04-25,1316.37,1291.9,-27.6,-2.09%,1290.36,1318.07,2849979,637547.12,-
2014-04-28,1283.64,1257.26,-34.64,-2.68%,1256.12,1283.87,3288093,701045.5,-
2014-04-29,1253.24,1266.54,9.28,0.74%,1248.32,1274.21,2702526,598482.0,-
2014-04-30,1266.34,1283.21,16.67,1.32%,1266.34,1287.77,2729920,602947.12,-
2014-05-05,1281.16,1302.15,18.94,1.48%,1279.31,1302.68,2650564,603880.62,-
2014-05-06,1301.59,1316.86,14.71,1.13%,1301.59,1327.8,3426177,804225.56,-
2014-05-07,1313.38,1290.03,-26.83,-2.04%,1289.56,1313.38,3029027,655644.25,-
2014-05-08,1284.44,1279.84,-10.18,-0.79%,1279.29,1300.83,2677583,588926.06,-
2014-05-09,1279.68,1258.58,-21.26,-1.66%,1249.56,1282.82,3010293,618454.44,-
2014-05-12,1263.92,1278.28,19.7,1.56%,1250.94,1281.1,3196733,658206.19,-
2014-05-13,1274.57,1276.24,-2.04,-0.16%,1273.33,1293.82,3152614,661513.0,-
2014-05-14,1273.21,1278.66,2.42,0.19%,1269.24,1282.34,2602918,551482.5,-
2014-05-15,1276.64,1253.88,-24.78,-1.94%,1253.62,1283.43,3355680,730020.94,-
2014-05-16,1250.38,1226.47,-27.41,-2.19%,1210.81,1252.39,3474926,742788.94,-
2014-05-19,1224.65,1228.37,1.9,0.15%,1213.99,1233.84,2679089,573798.31,-
2014-05-20,1239.65,1244.65,16.28,1.33%,1239.65,1261.94,3442953,746189.56,-
2014-05-21,1241.02,1257.8,13.15,1.06%,1231.86,1257.8,2859747,566046.19,-
2014-05-22,1259.87,1269.51,11.71,0.93%,1259.87,1287.87,4370131,922769.62,-
2014-05-23,1269.18,1296.0,26.49,2.09%,1262.1,1296.83,4643110,899611.06,-
2014-05-26,1301.86,1320.76,24.76,1.91%,1301.86,1323.84,6025382,1178708.62,-
2014-05-27,1319.66,1306.28,-14.48,-1.10%,1303.15,1319.66,4551054,871257.06,-
2014-05-28,1306.29,1338.97,32.69,2.50%,1306.29,1339.03,6178722,1232865.88,-
2014-05-29,1338.3,1314.21,-24.76,-1.85%,1312.42,1341.57,4997244,1052217.12,-
2014-05-30,1312.3,1318.13,3.92,0.30%,1300.09,1323.59,4542102,873482.12,-
2014-06-03,1317.99,1319.63,1.5,0.11%,1317.99,1332.78,4731119,944639.0,-
2014-06-04,1318.33,1321.72,2.1,0.16%,1303.36,1321.72,5190901,1001923.25,-
2014-06-05,1320.14,1355.48,33.76,2.55%,1317.53,1356.53,6996637,1417113.62,-
2014-06-06,1354.91,1350.45,-5.03,-0.37%,1340.83,1362.98,6391926,1289699.62,-
2014-06-09,1348.77,1326.68,-23.77,-1.76%,1326.63,1349.92,5076008,1002508.88,-
2014-06-10,1327.1,1353.87,27.2,2.05%,1316.84,1356.97,6258185,1257769.25,-
2014-06-11,1350.38,1367.39,13.52,1.00%,1348.4,1371.25,6386048,1325519.62,-
2014-06-12,1364.41,1363.74,-3.65,-0.27%,1358.08,1375.97,6252622,1263573.88,-
2014-06-13,1361.09,1382.73,18.99,1.39%,1359.65,1386.35,6785669,1357321.38,-
2014-06-16,1384.16,1395.61,12.88,0.93%,1384.16,1397.63,7087250,1393638.88,-
2014-06-17,1396.38,1377.43,-18.18,-1.30%,1377.4,1396.38,6155892,1253324.5,-
2014-06-18,1377.58,1363.99,-13.44,-0.98%,1363.75,1384.87,5369212,1079236.88,-
2014-06-19,1363.45,1320.66,-43.33,-3.18%,1310.49,1370.31,6169264,1201522.88,-
2014-06-20,1319.11,1333.98,13.32,1.01%,1313.14,1335.65,4306846,862578.69,-
2014-06-23,1335.18,1361.28,27.3,2.05%,1335.18,1366.59,5181034,1038824.75,-
2014-06-24,1360.08,1369.44,8.16,0.60%,1359.13,1372.16,4984335,977978.88,-
2014-06-25,1368.66,1358.71,-10.73,-0.78%,1347.82,1368.66,4691084,926527.56,-
2014-06-26,1360.2,1386.27,27.56,2.03%,1360.2,1391.3,6215072,1224802.38,-
2014-06-27,1388.38,1388.82,2.55,0.18%,1382.07,1397.96,6332964,1267180.88,-
2014-06-30,1388.47,1404.71,15.9,1.14%,1374.3,1404.71,6949854,1382249.5,-
2014-07-01,1405.44,1411.74,7.03,0.50%,1398.15,1415.33,6717447,1363459.0,-
2014-07-02,1413.17,1419.94,8.2,0.58%,1402.22,1425.3,6868491,1381865.38,-
2014-07-03,1419.81,1422.6,2.66,0.19%,1412.16,1428.67,8500083,1567763.25,-
2014-07-04,1421.68,1411.64,-10.96,-0.77%,1406.21,1423.89,7316971,1391765.88,-
2014-07-07,1411.99,1393.89,-17.75,-1.26%,1381.94,1411.99,7084422,1385825.12,-
2014-07-08,1392.35,1410.73,16.84,1.21%,1379.49,1410.72,7016326,1397237.88,-
2014-07-09,1410.39,1384.58,-26.14,-1.85%,1384.26,1418.68,8070078,1581821.38,-
2014-07-10,1384.45,1363.88,-20.7,-1.49%,1362.35,1387.89,6647833,1306060.12,-
2014-07-11,1361.57,1359.34,-4.54,-0.33%,1351.77,1372.12,5975015,1136238.62,-
2014-07-14,1358.17,1367.07,7.73,0.57%,1342.56,1367.82,6850128,1292607.62,-
2014-07-15,1364.08,1341.27,-25.8,-1.89%,1332.87,1366.16,6879634,1309159.12,-
2014-07-16,1338.92,1318.62,-22.65,-1.69%,1310.86,1344.36,6365694,1206659.88,-
2014-07-17,1315.09,1312.81,-5.8,-0.44%,1304.58,1323.24,4655990,904545.0,-
2014-07-18,1309.96,1305.92,-6.89,-0.52%,1300.76,1321.93,4258228,785915.25,-
2014-07-21,1304.72,1306.97,1.05,0.08%,1287.23,1313.56,4751454,921768.56,-
2014-07-22,1306.32,1329.35,22.38,1.71%,1305.03,1330.29,5221611,995143.06,-
2014-07-23,1330.14,1293.09,-36.26,-2.73%,1287.64,1332.36,5764229,1135374.75,-
2014-07-24,1291.48,1271.88,-21.21,-1.64%,1255.69,1291.48,5836969,1094319.62,-
2014-07-25,1271.43,1285.77,13.89,1.09%,1270.36,1288.67,4254078,806980.69,-
2014-07-28,1289.1,1314.53,28.76,2.24%,1286.66,1316.04,5638570,1014177.25,-
2014-07-29,1315.75,1331.76,17.23,1.31%,1310.84,1337.53,6079139,1161383.88,-
2014-07-30,1330.19,1342.74,10.98,0.82%,1329.07,1345.35,5648183,1078579.25,-
2014-07-31,1342.73,1344.54,1.8,0.13%,1334.26,1346.22,5111416,968843.06,-
2014-08-01,1339.98,1325.94,-18.6,-1.38%,1324.19,1343.58,5828000,1066508.5,-
2014-08-04,1325.01,1329.82,3.88,0.29%,1324.26,1331.8,4450591,843337.88,-
2014-08-05,1330.32,1360.69,30.87,2.32%,1321.2,1363.12,8187878,1566459.88,-
2014-08-06,1357.53,1365.74,5.05,0.37%,1353.95,1368.53,6297389,1199089.12,-
2014-08-07,1365.18,1362.03,-3.71,-0.27%,1361.33,1381.46,6312172,1210231.5,-
2014-08-08,1368.06,1377.45,15.42,1.13%,1368.06,1381.44,5634666,1139131.75,-
2014-08-11,1379.47,1397.78,20.34,1.48%,1379.47,1397.97,6644964,1308701.5,-
2014-08-12,1398.15,1396.44,-1.34,-0.10%,1393.11,1402.75,6211938,1202654.0,-
2014-08-13,1396.26,1384.31,-12.13,-0.87%,1370.08,1397.1,6496260,1258155.75,-
2014-08-14,1384.72,1380.3,-4.01,-0.29%,1378.95,1394.52,6046572,1131625.38,-
2014-08-15,1382.87,1392.45,12.15,0.88%,1377.93,1392.49,6245268,1063662.5,-
2014-08-18,1394.64,1428.74,36.29,2.61%,1394.64,1429.0,8789729,1725919.25,-
2014-08-19,1436.42,1436.4,7.66,0.54%,1427.06,1446.79,9432676,1901589.5,-
2014-08-20,1438.29,1427.4,-9.0,-0.63%,1421.92,1438.29,6900496,1386186.38,-
2014-08-21,1428.63,1447.88,20.48,1.43%,1421.24,1447.91,7908640,1658905.5,-
2014-08-22,1450.1,1461.72,13.84,0.96%,1446.04,1465.67,8606145,1796333.0,-
2014-08-25,1461.21,1443.81,-17.91,-1.23%,1439.85,1461.49,7983739,1637911.62,-
2014-08-26,1440.7,1411.15,-32.66,-2.26%,1406.34,1443.6,6777490,1340006.62,-
2014-08-27,1411.76,1420.54,9.39,0.67%,1411.76,1427.31,5295962,1076684.0,-
2014-08-28,1423.34,1403.8,-16.74,-1.18%,1398.56,1424.29,5339349,1103673.88,-
2014-08-29,1400.84,1424.47,20.68,1.47%,1400.83,1424.47,4291320,911564.06,-
2014-09-01,1428.36,1452.84,28.37,1.99%,1427.93,1453.12,6008886,1250997.38,-
2014-09-02,1457.51,1465.03,12.19,0.84%,1452.71,1465.04,7894489,1654403.5,-
2014-09-03,1468.09,1477.67,12.64,0.86%,1461.23,1479.83,9037420,1902790.88,-
2014-09-04,1478.33,1495.51,17.84,1.21%,1472.89,1495.81,9033362,1941296.75,-
2014-09-05,1497.99,1489.84,-5.67,-0.38%,1482.04,1498.26,7758552,1610185.38,-
2014-09-09,1492.44,1494.02,4.18,0.28%,1479.06,1497.42,7608182,1598630.25,-
2014-09-10,1491.41,1504.91,10.89,0.73%,1484.71,1506.47,7241515,1539534.62,-
2014-09-11,1506.0,1513.01,8.1,0.54%,1502.39,1532.31,9933643,2097301.0,-
2014-09-12,1512.4,1524.12,11.11,0.73%,1506.88,1524.32,7805218,1575620.25,-
2014-09-15,1522.57,1526.14,2.02,0.13%,1517.3,1528.57,8755358,1877645.12,-
2014-09-16,1527.06,1473.13,-53.0,-3.47%,1471.61,1529.4,10281528,2152089.5,-
2014-09-17,1473.52,1479.12,5.99,0.41%,1456.5,1481.06,6375396,1314742.12,-
2014-09-18,1477.31,1490.79,11.67,0.79%,1474.65,1492.61,5775977,1146390.38,-
2014-09-19,1492.1,1499.12,8.33,0.56%,1486.28,1501.39,5739033,1136675.38,-
2014-09-22,1496.96,1483.35,-15.77,-1.05%,1480.18,1496.96,6547808,1311530.25,-
2014-09-23,1485.51,1500.99,17.64,1.19%,1483.04,1502.04,5867363,1197132.75,-
2014-09-24,1501.04,1517.42,16.43,1.09%,1497.89,1517.42,7284822,1442832.38,-
2014-09-25,1520.1,1508.42,-9.0,-0.59%,1505.65,1523.25,8395692,1624014.12,-
2014-09-26,1506.31,1511.36,2.94,0.20%,1502.5,1512.8,6589880,1269348.75,-
2014-09-29,1515.38,1526.18,14.82,0.98%,1515.38,1526.36,7320546,1461195.75,-
2014-09-30,1527.26,1540.87,14.7,0.96%,1527.26,1540.95,6685560,1350253.38,-
2014-10-08,1543.59,1557.57,16.7,1.08%,1537.01,1557.57,7457259,1628615.88,-
2014-10-09,1562.1,1561.17,3.6,0.23%,1541.67,1569.06,8744940,1946908.5,-
2014-10-10,1559.93,1554.22,-6.95,-0.44%,1546.22,1563.87,8037671,1761832.5,-
2014-10-13,1548.18,1548.33,-5.89,-0.38%,1527.7,1548.88,7501368,1630656.75,-
2014-10-14,1546.67,1539.12,-9.21,-0.59%,1532.44,1560.06,7189510,1554159.0,-
2014-10-15,1539.35,1545.62,6.5,0.42%,1527.19,1545.75,6510670,1441329.88,-
2014-10-16,1539.86,1526.56,-19.06,-1.23%,1526.54,1551.84,6999899,1564166.12,-
2014-10-17,1527.46,1511.05,-15.51,-1.02%,1488.47,1529.55,6580080,1398695.25,-
2014-10-20,1513.42,1532.38,21.33,1.41%,1513.42,1532.38,4949388,1083581.88,-
2014-10-21,1535.07,1517.48,-14.9,-0.97%,1515.93,1537.67,5896894,1298816.88,-
2014-10-22,1518.8,1504.55,-12.93,-0.85%,1503.82,1524.8,5526244,1215065.75,-
2014-10-23,1500.55,1477.84,-26.71,-1.78%,1474.04,1501.72,5499286,1163852.25,-
2014-10-24,1478.34,1477.59,-0.25,-0.02%,1473.06,1493.53,4161695,895885.19,-
2014-10-27,1473.66,1492.01,14.42,0.98%,1465.96,1492.01,5325224,1125496.62,-
2014-10-28,1495.69,1522.05,30.04,2.01%,1495.69,1522.05,6397386,1357591.88,-
2014-10-29,1525.98,1530.08,8.03,0.53%,1524.08,1535.8,7395216,1560961.38,-
2014-10-30,1532.91,1525.77,-4.31,-0.28%,1522.64,1539.21,6372165,1363449.0,-
2014-10-31,1527.6,1513.27,-12.5,-0.82%,1502.24,1529.55,7055584,1456589.88,-
2014-11-03,1513.25,1529.89,16.62,1.10%,1513.2,1529.9,5968475,1289539.62,-
2014-11-04,1531.82,1516.4,-13.49,-0.88%,1514.46,1538.18,6341710,1424867.88,-
2014-11-05,1514.77,1512.49,-3.91,-0.26%,1505.98,1517.02,5509058,1165067.38,-
2014-11-06,1513.72,1532.52,20.03,1.32%,1510.78,1532.87,5793310,1273138.88,-
2014-11-07,1535.49,1522.63,-9.89,-0.65%,1517.29,1543.72,7687742,1712869.5,-
2014-11-10,1525.2,1514.82,-7.8,-0.51%,1506.8,1526.38,6105760,1322976.0,-
2014-11-11,1513.53,1461.51,-53.31,-3.52%,1452.03,1514.37,7822258,1616352.0,-
2014-11-12,1457.24,1475.75,14.24,0.97%,1455.09,1476.03,4657556,966886.5,-
2014-11-13,1473.74,1442.86,-32.89,-2.23%,1434.27,1473.74,6611010,1347626.5,-
2014-11-14,1438.97,1441.21,-1.65,-0.11%,1435.5,1449.1,4424866,874636.31,-
2014-11-17,1444.06,1471.69,30.48,2.11%,1437.99,1474.36,5206731,1052292.25,-
2014-11-18,1471.08,1481.86,10.18,0.69%,1470.51,1483.14,5174422,1047351.31,-
2014-11-19,1488.46,1505.55,23.69,1.60%,1488.46,1509.73,5962341,1305857.5,-
2014-11-20,1504.58,1494.59,-10.96,-0.73%,1491.65,1504.58,5896626,1352058.62,-
2014-11-21,1493.16,1504.83,10.24,0.69%,1493.16,1508.22,5378336,1184541.12,-
2014-11-24,1513.43,1507.81,2.98,0.20%,1497.85,1515.84,6760055,1460453.0,-
2014-11-25,1510.62,1541.92,34.11,2.26%,1510.25,1541.92,8047758,1812305.25,-
2014-11-26,1544.69,1554.22,12.3,0.80%,1544.1,1561.3,7977083,1841520.62,-
2014-11-27,1557.77,1563.41,9.19,0.59%,1548.29,1566.83,7923712,1822171.12,-
2014-11-28,1562.83,1570.85,7.44,0.48%,1558.31,1582.48,9557240,2170557.25,-
2014-12-01,1569.65,1552.31,-18.54,-1.18%,1544.18,1569.65,8887778,1965364.88,-
2014-12-02,1554.46,1565.42,13.11,0.84%,1552.13,1567.54,8125992,1903555.62,-
2014-12-03,1568.47,1604.45,39.03,2.49%,1540.42,1604.88,13363364,3119068.0,-
2014-12-04,1604.89,1621.85,17.4,1.08%,1604.89,1631.31,11818100,2836207.0,-
2014-12-05,1626.12,1581.91,-39.94,-2.46%,1544.46,1626.12,12453165,2860668.0,-
2014-12-08,1575.3,1567.16,-14.75,-0.93%,1554.79,1600.86,11905377,2749396.25,-
2014-12-09,1557.02,1504.62,-62.54,-3.99%,1504.23,1577.75,13437292,3084283.0,-
2014-12-10,1499.33,1572.69,68.07,4.52%,1499.33,1576.89,11645015,2804739.25,-
2014-12-11,1572.6,1587.67,14.98,0.95%,1563.31,1593.38,10808212,2553559.25,-
2014-12-12,1588.24,1623.57,35.9,2.26%,1586.75,1626.34,10250238,2445098.5,-
2014-12-15,1623.6,1657.5,33.93,2.09%,1619.7,1664.26,10029891,2480546.0,-
2014-12-16,1665.3,1649.58,-7.92,-0.48%,1636.18,1674.98,9025219,2248096.25,-
2014-12-17,1639.15,1644.21,-5.37,-0.33%,1623.7,1652.97,8897670,2253664.25,-
2014-12-18,1641.58,1634.05,-10.16,-0.62%,1633.26,1663.67,7890490,1972889.25,-
2014-12-19,1627.8,1596.81,-37.24,-2.28%,1568.98,1627.8,8451846,1994362.88,-
2014-12-22,1583.95,1517.93,-78.88,-4.94%,1510.05,1583.95,9139626,2059906.5,-
2014-12-23,1501.53,1496.53,-21.4,-1.41%,1489.12,1543.35,7374960,1667023.75,-
2014-12-24,1502.67,1519.8,23.27,1.55%,1501.23,1524.27,5908522,1342885.88,-
2014-12-25,1521.99,1529.47,9.67,0.64%,1514.23,1531.64,5972622,1428341.12,-
2014-12-26,1531.2,1536.08,6.61,0.43%,1524.01,1539.16,6024368,1418096.0,-
2014-12-29,1531.12,1499.4,-36.68,-2.39%,1491.21,1531.12,8416280,1872489.0,-
2014-12-30,1491.1,1460.11,-39.29,-2.62%,1450.05,1493.44,7632860,1738271.5,-
2014-12-31,1455.68,1471.76,11.65,0.80%,1451.29,1479.86,6278563,1416767.12,-
2015-01-05,1470.58,1464.77,-6.99,-0.48%,1429.08,1470.58,8048810,1799523.38,-
2015-01-06,1458.57,1539.83,75.06,5.12%,1454.14,1542.15,11002410,2573322.75,-
2015-01-07,1542.4,1523.39,-16.44,-1.07%,1517.37,1547.25,8511066,2062809.12,-
2015-01-08,1516.83,1541.89,18.5,1.21%,1516.83,1565.77,8472051,2110758.0,-
2015-01-09,1535.33,1553.24,11.35,0.74%,1534.61,1583.75,9200111,2317256.25,-
2015-01-12,1552.05,1586.12,32.88,2.12%,1550.62,1587.18,7788308,2065404.12,-
2015-01-13,1587.69,1601.17,15.05,0.95%,1578.4,1611.12,8482573,2145469.0,-
2015-01-14,1598.72,1588.01,-13.16,-0.82%,1579.55,1605.16,6797308,1706423.75,-
2015-01-15,1584.68,1586.34,-1.67,-0.10%,1578.22,1606.56,6413982,1641934.0,-
2015-01-16,1586.71,1639.56,53.22,3.36%,1586.64,1641.53,8001356,2136662.5,-
2015-01-19,1608.25,1630.07,-9.48,-0.58%,1599.66,1691.14,11434060,2906608.75,-
2015-01-20,1635.57,1700.85,70.78,4.34%,1635.57,1700.94,11651173,2867984.25,-
2015-01-21,1704.1,1722.58,21.73,1.28%,1701.87,1729.84,13657857,3399954.0,-
2015-01-22,1723.24,1744.04,21.46,1.25%,1716.39,1744.08,11741563,3048928.25,-
2015-01-23,1742.09,1697.29,-46.75,-2.68%,1693.52,1742.09,10102310,2672072.0,-
2015-01-26,1698.98,1739.79,42.5,2.50%,1698.98,1740.37,8859796,2375719.0,-
2015-01-27,1742.46,1743.68,3.89,0.22%,1715.53,1754.21,9485716,2528422.25,-
2015-01-28,1741.07,1731.41,-12.26,-0.70%,1727.92,1759.0,9005078,2367265.5,-
2015-01-29,1717.4,1711.37,-20.04,-1.16%,1709.36,1733.63,7044476,1817263.75,-
2015-01-30,1712.85,1680.58,-30.79,-1.80%,1679.69,1721.14,7542110,1849127.75,-
2015-02-02,1667.12,1696.83,16.25,0.97%,1660.05,1708.71,7051526,1894618.38,-
2015-02-03,1703.93,1750.91,54.08,3.19%,1703.93,1762.73,10309985,2813206.0,-
2015-02-04,1753.77,1757.74,6.83,0.39%,1743.02,1770.2,9854425,2547720.5,-
2015-02-05,1757.23,1774.31,16.57,0.94%,1741.96,1809.72,12803030,3419247.5,-
2015-02-06,1772.35,1730.97,-43.34,-2.44%,1725.64,1783.62,9614324,2481333.5,-
2015-02-09,1727.22,1708.85,-22.12,-1.28%,1702.56,1753.5,7492942,1939923.12,-
2015-02-10,1707.26,1747.68,38.84,2.27%,1700.88,1747.86,6188873,1616622.5,-
2015-02-11,1748.23,1772.85,25.18,1.44%,1748.23,1783.24,7442504,2080249.88,-
2015-02-12,1777.22,1788.81,15.96,0.90%,1776.35,1799.45,8295701,2209285.25,-
2015-02-13,1798.54,1825.49,36.68,2.05%,1796.41,1828.23,9687092,2611876.25,-
2015-02-16,1836.71,1896.63,71.14,3.90%,1836.71,1897.66,12084083,3314975.0,-
2015-02-17,1908.18,1894.31,-2.32,-0.12%,1873.17,1909.91,9332696,2634760.0,-
2015-02-25,1899.39,1876.75,-17.56,-0.93%,1872.1,1909.65,11076895,2940992.75,-
2015-02-26,1875.33,1880.39,3.64,0.19%,1847.73,1891.78,10216134,2757750.5,-
2015-02-27,1880.63,1928.04,47.65,2.53%,1880.63,1928.04,11591398,3307566.25,-
2015-03-02,1944.11,1986.99,58.95,3.06%,1940.32,1987.8,15740468,4455958.0,-
2015-03-03,1987.33,1961.74,-25.25,-1.27%,1961.01,2004.03,16073668,4521942.0,-
2015-03-04,1960.54,2009.83,48.09,2.45%,1960.54,2011.08,13639178,3876250.75,-
2015-03-05,2015.7,2014.79,4.96,0.25%,1997.46,2032.22,13729281,4049796.0,-
2015-03-06,2016.81,1951.4,-63.39,-3.15%,1949.29,2018.18,11680900,3302880.0,-
2015-03-09,1941.42,1994.39,42.99,2.20%,1932.82,1996.9,9924177,3003866.75,-
2015-03-10,2001.19,2045.32,50.93,2.55%,2001.19,2048.3,11513562,3478136.75,-
2015-03-11,2050.76,2035.83,-9.49,-0.46%,2022.32,2054.77,12121050,3651895.75,-
2015-03-12,2034.62,2018.13,-17.7,-0.87%,1984.91,2054.39,12554152,3647406.5,-
2015-03-13,2020.66,2069.07,50.94,2.52%,2011.17,2070.95,11454140,3328926.0,-
2015-03-16,2088.2,2142.67,73.6,3.56%,2088.2,2144.78,15609052,4790334.5,-
2015-03-17,2149.37,2137.46,-5.21,-0.24%,2117.78,2164.49,15488669,4658478.5,-
2015-03-18,2138.37,2182.92,45.46,2.13%,2124.98,2186.02,14615347,4372952.0,-
2015-03-19,2184.76,2183.88,0.96,0.04%,2160.99,2192.55,13173262,3941344.5,-
2015-03-20,2187.47,2213.77,29.89,1.37%,2187.01,2232.08,14970051,4636144.5,-
2015-03-23,2225.85,2293.65,79.88,3.61%,2221.71,2293.92,16063279,5222668.0,-
2015-03-24,2310.51,2357.97,64.32,2.80%,2253.2,2363.05,19795134,6757221.5,-
2015-03-25,2364.94,2385.01,27.04,1.15%,2344.11,2405.56,17105896,6034214.0,-
2015-03-26,2362.45,2291.79,-93.22,-3.91%,2270.79,2370.29,16920002,6029743.5,-
2015-03-27,2274.68,2323.82,32.03,1.40%,2267.87,2326.42,12111400,4223571.0,-
2015-03-30,2319.31,2290.48,-33.34,-1.43%,2266.85,2332.6,12196594,4105089.5,-
2015-03-31,2294.32,2335.17,44.69,1.95%,2288.31,2358.21,12866258,4480438.5,-
2015-04-01,2347.0,2404.91,69.74,2.99%,2345.75,2407.49,12903992,4611310.5,-
2015-04-02,2434.76,2475.33,70.42,2.93%,2420.19,2475.32,15562804,5758535.0,-
2015-04-03,2469.85,2510.16,34.84,1.41%,2460.94,2515.57,14909878,5680792.0,-
2015-04-07,2530.07,2556.7,46.54,1.85%,2522.26,2557.87,14980178,5773331.0,-
2015-04-08,2566.94,2488.16,-68.54,-2.68%,2442.82,2568.09,16881040,6396305.5,-
2015-04-09,2481.69,2496.49,8.33,0.33%,2346.89,2501.3,16435610,6050625.5,-
2015-04-10,2475.55,2552.83,56.34,2.26%,2457.82,2567.68,13792207,5418346.0,-
2015-04-13,2558.19,2577.78,24.95,0.98%,2545.26,2596.92,15415818,6004793.5,-
2015-04-14,2584.59,2558.85,-18.93,-0.73%,2539.94,2593.7,14653230,5691522.5,-
2015-04-15,2548.99,2441.74,-117.11,-4.58%,2441.74,2548.99,14275999,5407874.5,-
2015-04-16,2420.93,2484.33,42.59,1.74%,2407.85,2532.3,12556891,4753806.5,-
2015-04-17,2507.47,2463.99,-20.34,-0.82%,2453.28,2511.98,13950362,5062338.0,-
2015-04-20,2462.41,2424.85,-39.14,-1.59%,2411.34,2493.2,14085498,4920706.5,-
2015-04-21,2443.12,2566.09,141.24,5.82%,2443.12,2566.09,13370884,4999274.5,-
2015-04-22,2610.74,2634.93,68.84,2.68%,2610.74,2655.37,15618092,5953376.5,-
2015-04-23,2656.18,2706.19,71.26,2.70%,2656.18,2718.26,15689521,6194861.0,-
2015-04-24,2689.91,2734.75,28.56,1.06%,2672.2,2747.62,14680573,5896895.5,-
2015-04-27,2781.6,2747.5,12.75,0.47%,2737.15,2806.75,13642036,5546605.5,-
2015-04-28,2764.41,2687.97,-59.53,-2.17%,2650.43,2779.2,14416598,5517276.0,-
2015-04-29,2693.48,2797.52,109.55,4.08%,2674.76,2798.51,13890636,6186608.0,-
2015-04-30,2825.16,2857.89,60.37,2.16%,2825.16,2918.75,15267242,6569170.0,-
2015-05-04,2868.1,2845.25,-12.64,-0.44%,2803.82,2884.44,13214880,5675129.0,-
2015-05-05,2830.79,2783.44,-61.81,-2.17%,2753.87,2845.71,11942583,4949214.5,-
2015-05-06,2806.3,2846.56,63.12,2.27%,2806.3,2927.03,14806440,6505866.5,-
2015-05-07,2824.82,2806.05,-40.51,-1.42%,2801.47,2879.68,12371651,5255058.0,-
2015-05-08,2838.97,2973.6,167.55,5.97%,2838.97,2974.37,16931098,6917109.5,-
2015-05-11,3015.43,3146.83,173.23,5.83%,2991.33,3150.49,21111860,9133956.0,-
2015-05-12,3176.54,3250.3,103.47,3.29%,3133.96,3254.99,20718040,9175774.0,-
2015-05-13,3185.34,3192.15,-58.15,-1.79%,3123.92,3271.18,19555484,8670053.0,-
2015-05-14,3174.45,3141.59,-50.56,-1.58%,3137.27,3228.03,18214778,8017020.5,-
2015-05-15,3109.11,3145.34,3.75,0.12%,3059.86,3176.11,16278742,6589269.0,-
2015-05-18,3178.37,3278.48,133.14,4.23%,3178.37,3286.41,16579560,7197735.5,-
2015-05-19,3310.09,3322.77,44.29,1.35%,3206.78,3340.42,16484613,7205836.5,-
2015-05-20,3339.17,3406.28,83.51,2.51%,3339.17,3471.95,18483624,8086122.5,-
2015-05-21,3421.61,3527.41,121.13,3.56%,3421.45,3531.84,17986736,8080593.0,-
2015-05-22,3594.59,3516.63,-10.78,-0.31%,3438.57,3618.24,22957870,10027734.0,-
2015-05-25,3415.67,3467.92,-48.71,-1.39%,3370.84,3499.53,17747192,7523202.5,-
2015-05-26,3471.79,3618.23,150.31,4.33%,3471.79,3619.49,18796696,8302794.5,-
2015-05-27,3638.21,3628.67,10.44,0.29%,3546.58,3662.98,19933556,8905509.0,-
2015-05-28,3618.34,3432.98,-195.69,-5.39%,3432.98,3677.32,20439582,9110836.0,-
2015-05-29,3444.06,3542.84,109.86,3.20%,3328.46,3595.17,17368776,7624951.5,-
2015-06-01,3580.08,3718.75,175.91,4.97%,3580.08,3722.86,15686813,7363276.0,-
2015-06-02,3757.1,3901.54,182.79,4.92%,3756.09,3912.48,18436132,8768315.0,-
2015-06-03,3949.28,3982.25,80.71,2.07%,3838.22,4011.04,19103064,9630707.0,-
2015-06-04,3991.8,3943.47,-38.78,-0.97%,3695.83,4015.2,18215644,9161572.0,-
2015-06-05,3994.44,3885.83,-57.64,-1.46%,3841.42,4037.96,18124738,8722858.0,-
2015-06-08,3862.8,3704.55,-181.28,-4.67%,3643.03,3862.8,17872656,7970286.0,-
2015-06-09,3664.37,3705.54,0.99,0.03%,3633.72,3793.36,16251063,6942657.0,-
2015-06-10,3695.06,3834.7,129.16,3.49%,3676.76,3876.85,17571078,7425747.5,-
2015-06-11,3843.98,3862.14,27.44,0.72%,3815.06,3884.37,17807536,7333323.5,-
2015-06-12,3889.16,3899.71,37.57,0.97%,3850.59,3922.7,17990346,7721965.0,-
2015-06-15,3919.36,3696.03,-203.68,-5.22%,3688.89,3919.36,18918534,7976570.0,-
2015-06-16,3636.79,3590.67,-105.36,-2.85%,3475.35,3669.82,18433278,7659000.5,-
2015-06-17,3586.37,3741.36,150.69,4.20%,3511.11,3754.37,17017694,7168139.5,-
2015-06-18,3734.91,3504.55,-236.81,-6.33%,3497.73,3752.18,15820256,6680400.0,-
2015-06-19,3408.53,3314.98,-189.57,-5.41%,3304.65,3476.03,16048859,6164236.5,-
2015-06-23,3314.89,3393.94,78.96,2.38%,3154.6,3397.27,16332556,6108583.5,-
2015-06-24,3425.57,3383.4,-10.54,-0.31%,3304.67,3459.46,15831177,6061959.0,-
2015-06-25,3403.63,3206.38,-177.02,-5.23%,3172.37,3408.23,15386743,5835838.0,-
2015-06-26,3078.4,2920.7,-285.68,-8.91%,2915.94,3078.4,14602158,4860830.0,-
2015-06-29,2943.5,2689.76,-230.94,-7.91%,2663.44,2950.13,16987212,5348611.5,-
2015-06-30,2566.02,2858.61,168.85,6.28%,2485.46,2875.09,23935744,7468145.0,-
2015-07-01,2842.17,2759.41,-99.2,-3.47%,2743.61,3008.19,23090570,8299221.0,-
2015-07-02,2756.25,2649.32,-110.09,-3.99%,2591.05,2825.15,20405232,6756274.0,-
2015-07-03,2559.02,2605.28,-44.04,-1.66%,2458.28,2788.76,22300358,7073426.0,-
2015-07-06,2795.67,2493.83,-111.45,-4.28%,2417.56,2795.67,23671808,7422534.5,-
2015-07-07,2398.1,2352.01,-141.82,-5.69%,2350.97,2415.68,9891903,2820914.0,-
2015-07-08,2304.76,2364.05,12.04,0.51%,2304.76,2364.08,15828311,4243004.5,-
2015-07-09,2338.11,2435.76,71.71,3.03%,2338.11,2435.75,9349043,3326996.25,-
2015-07-10,2487.39,2535.89,100.14,4.11%,2478.86,2535.89,6957866,3194386.75,-
2015-07-13,2612.77,2683.07,147.18,5.80%,2592.2,2683.07,11165851,5454588.0,-
2015-07-14,2725.04,2726.05,42.98,1.60%,2715.98,2827.55,15534561,6334937.0,-
2015-07-15,2750.66,2590.03,-136.02,-4.99%,2583.46,2750.66,22188240,7084719.5,-
2015-07-16,2526.65,2627.08,37.05,1.43%,2439.24,2698.16,21895142,6378489.5,-
2015-07-17,2651.44,2783.32,156.24,5.95%,2646.5,2805.8,20353928,6457015.0,-
2015-07-20,2820.72,2848.3,64.98,2.33%,2777.91,2907.15,24973320,8375848.0,-
2015-07-21,2802.02,2882.9,34.6,1.21%,2779.53,2917.41,20576328,7072699.0,-
2015-07-22,2882.06,2897.37,14.47,0.50%,2828.45,2932.06,21116864,7039519.0,-
2015-07-23,2896.25,2967.95,70.58,2.44%,2864.43,2969.35,20453250,6837184.5,-
2015-07-24,2976.94,2897.82,-70.13,-2.36%,2879.26,3014.18,22685882,7760625.0,-
2015-07-27,2822.37,2683.45,-214.37,-7.40%,2683.05,2924.08,23062918,7678376.5,-
2015-07-28,2546.41,2581.96,-101.49,-3.78%,2492.19,2705.18,25486582,7375633.0,-
2015-07-29,2617.94,2693.87,111.91,4.33%,2483.92,2693.99,23028008,6786749.5,-
2015-07-30,2671.46,2561.19,-132.68,-4.93%,2556.09,2707.76,20107768,6200292.5,-
2015-07-31,2507.26,2539.84,-21.35,-0.83%,2499.25,2605.34,16712347,5052974.5,-
2015-08-03,2475.33,2399.27,-140.57,-5.53%,2371.48,2494.8,18499052,5197983.5,-
2015-08-04,2396.41,2546.16,146.89,6.12%,2380.28,2546.16,17577914,4933168.5,-
2015-08-05,2542.27,2502.04,-44.12,-1.73%,2480.45,2584.19,18245428,5182780.0,-
2015-08-06,2441.96,2480.93,-21.11,-0.84%,2430.53,2517.99,12142614,3380955.5,-
2015-08-07,2509.96,2576.99,96.06,3.87%,2505.27,2586.53,15553370,4817485.0,-
2015-08-10,2606.74,2706.72,129.73,5.03%,2593.41,2726.9,18239544,6016571.5,-
2015-08-11,2705.04,2698.91,-7.81,-0.29%,2675.15,2747.83,18026770,6113705.0,-
2015-08-12,2658.84,2622.19,-76.72,-2.84%,2622.19,2700.4,13864486,4539220.5,-
2015-08-13,2608.74,2684.26,62.07,2.37%,2578.91,2684.26,13616737,4309765.0,-
2015-08-14,2713.78,2674.02,-10.24,-0.38%,2664.42,2725.47,15087068,4768222.5,-
2015-08-17,2665.37,2666.29,-7.73,-0.29%,2613.78,2676.72,13488686,4201746.0,-
2015-08-18,2674.42,2504.17,-162.12,-6.08%,2488.61,2720.57,19159774,5977653.5,-
2015-08-19,2427.94,2570.69,66.52,2.66%,2359.17,2584.36,16762195,4882332.0,-
2015-08-20,2556.77,2508.82,-61.87,-2.41%,2508.35,2610.9,14996965,4545147.5,-
2015-08-21,2452.61,2341.95,-166.87,-6.65%,2340.92,2480.68,13140845,3759990.25,-
2015-08-24,2222.54,2152.61,-189.34,-8.08%,2152.61,2246.55,9725533,2469885.25,-
2015-08-25,1996.04,1990.71,-161.9,-7.52%,1987.12,2048.03,12050757,2788183.5,-
2015-08-26,1975.92,1890.04,-100.67,-5.06%,1875.03,2044.66,19339682,4366126.5,-
2015-08-27,1924.78,1959.49,69.45,3.67%,1843.19,1959.98,17904962,3886073.5,-
2015-08-28,1990.34,2082.12,122.63,6.26%,1960.39,2086.87,19047124,4434571.0,-
2015-08-31,2056.29,1996.87,-85.25,-4.09%,1987.58,2058.85,14476517,3415684.75,-
2015-09-01,1959.45,1889.49,-107.38,-5.38%,1877.36,1959.45,14093048,3177635.75,-
2015-09-02,1787.71,1855.03,-34.46,-1.82%,1779.18,1953.91,17259360,3607661.75,-
2015-09-07,1882.86,1893.52,38.49,2.07%,1878.26,1953.4,16568997,3420803.0,-
2015-09-08,1875.67,2001.16,107.64,5.68%,1859.2,2004.81,15813932,3253780.75,-
2015-09-09,2023.31,2071.72,70.56,3.53%,2017.1,2102.23,22026872,5114960.5,-
2015-09-10,2030.03,2039.12,-32.6,-1.57%,2024.89,2078.42,14392333,3222529.25,-
2015-09-11,2039.01,2060.51,21.39,1.05%,2029.81,2084.05,12532680,2874683.5,-
2015-09-14,2068.2,1906.21,-154.3,-7.49%,1905.2,2075.67,12874799,2829317.5,-
2015-09-15,1843.23,1797.56,-108.65,-5.70%,1794.29,1892.81,12642825,2492212.0,-
2015-09-16,1813.73,1926.25,128.69,7.16%,1808.75,1928.78,13649238,2793419.5,-
2015-09-17,1943.29,1933.3,7.06,0.37%,1922.8,2020.55,17974046,3927361.5,-
2015-09-18,1948.12,1983.3,50.0,2.59%,1922.14,1995.5,14501812,3074108.5,-
2015-09-21,1950.33,2079.06,95.76,4.83%,1945.35,2080.22,17143502,3793828.75,-
2015-09-22,2082.34,2078.72,-0.34,-0.02%,2042.13,2108.56,18312346,4159426.5,-
2015-09-23,2039.49,2077.99,-0.73,-0.04%,2036.06,2103.22,14922606,3320324.5,-
2015-09-24,2090.56,2106.59,28.6,1.38%,2084.31,2130.47,17553474,3922577.5,-
2015-09-25,2091.85,2020.97,-85.62,-4.06%,2002.45,2106.95,15507784,3322326.5,-
2015-09-28,2024.89,2122.26,101.29,5.01%,2007.92,2124.06,14308872,3194926.75,-
2015-09-29,2089.54,2098.57,-23.69,-1.12%,2075.97,2135.51,15204186,3424849.25,-
2015-09-30,2111.99,2082.67,-15.9,-0.76%,2049.43,2124.29,11351639,2634671.25,-
2015-10-08,2153.12,2190.31,107.64,5.17%,2138.54,2210.03,16881108,3912294.0,-
2015-10-09,2190.84,2216.66,26.35,1.20%,2184.55,2230.03,17107822,3988648.75,-
2015-10-12,2233.6,2316.78,100.12,4.52%,2232.27,2344.21,21355824,5329721.5,-
2015-10-13,2297.93,2342.04,25.26,1.09%,2290.64,2351.52,17896282,4503532.0,-
2015-10-14,2330.08,2305.0,-37.04,-1.58%,2295.6,2350.59,17811336,4516422.5,-
2015-10-15,2300.62,2404.53,99.53,4.32%,2296.79,2406.21,21002800,5440380.0,-
2015-10-16,2424.62,2449.03,44.5,1.85%,2401.09,2452.94,22128934,5977620.5,-
2015-10-19,2465.11,2433.6,-15.43,-0.63%,2398.34,2466.48,20147792,5596704.0,-
2015-10-20,2430.18,2511.16,77.56,3.19%,2427.78,2520.08,21095376,5706849.5,-
2015-10-21,2504.78,2344.74,-166.42,-6.63%,2335.66,2527.77,26526040,7134202.5,-
2015-10-22,2355.16,2458.14,113.4,4.84%,2355.16,2465.1,22092728,6189092.5,-
2015-10-23,2488.31,2538.38,80.24,3.26%,2461.49,2549.76,25269488,7279297.5,-
2015-10-26,2570.13,2527.48,-10.9,-0.43%,2481.59,2570.13,24660638,7066480.0,-
2015-10-27,2497.16,2563.96,36.48,1.44%,2423.6,2586.95,20936166,6212859.5,-
2015-10-28,2551.7,2485.24,-78.72,-3.07%,2473.47,2583.82,19012052,5862281.0,-
2015-10-29,2504.85,2485.28,0.04,0.00%,2436.78,2528.7,14051444,4347384.5,-
2015-10-30,2475.23,2478.28,-7.0,-0.28%,2439.16,2534.47,17408714,5130012.5,-
2015-11-02,2416.1,2432.04,-46.24,-1.87%,2408.78,2513.32,15840041,4589302.0,-
2015-11-03,2444.05,2429.27,-2.77,-0.11%,2407.55,2461.33,13646597,4027368.75,-
2015-11-04,2451.23,2584.32,155.05,6.38%,2451.23,2584.32,22827966,6628151.5,-
2015-11-05,2587.82,2564.72,-19.6,-0.76%,2542.85,2630.83,25809208,7725773.5,-
2015-11-06,2571.66,2661.41,96.69,3.77%,2571.66,2666.4,24149370,7129603.5,-
2015-11-09,2653.31,2724.62,63.21,2.37%,2612.26,2747.79,25798448,7997626.0,-
2015-11-10,2710.9,2746.61,21.99,0.81%,2700.29,2783.12,24161190,7179908.0,-
2015-11-11,2738.58,2804.68,58.07,2.11%,2730.52,2806.54,27655098,7381861.0,-
2015-11-12,2818.57,2783.3,-21.38,-0.76%,2743.26,2827.71,28310940,8309474.0,-
2015-11-13,2751.39,2710.16,-73.14,-2.63%,2681.61,2772.81,25001146,6821812.0,-
2015-11-16,2656.57,2797.16,87.0,3.21%,2654.64,2797.16,20974444,5908275.0,-
2015-11-17,2834.98,2717.05,-80.11,-2.86%,2711.58,2847.9,28119738,8292363.5,-
2015-11-18,2727.61,2661.17,-55.88,-2.06%,2655.06,2741.33,19646366,5684460.0,-
2015-11-19,2678.35,2770.75,109.58,4.12%,2676.75,2770.75,22563938,6419754.0,-
2015-11-20,2783.04,2800.15,29.4,1.06%,2757.84,2817.96,28888696,7968301.0,-
2015-11-23,2797.12,2770.58,-29.57,-1.06%,2759.31,2839.84,25839670,7279309.0,-
2015-11-24,2767.72,2816.05,45.47,1.64%,2739.52,2816.05,19467264,5739610.5,-
2015-11-25,2813.51,2897.57,81.52,2.89%,2806.82,2906.8,24705880,7810733.0,-
2015-11-26,2911.85,2833.2,-64.37,-2.22%,2831.38,2915.95,23759482,7378988.0,-
2015-11-27,2819.36,2649.55,-183.65,-6.48%,2629.12,2844.05,24403852,7112493.5,-
2015-11-30,2658.97,2672.58,23.03,0.87%,2507.38,2687.05,22206196,6213117.5,-
2015-12-01,2669.3,2655.35,-17.23,-0.64%,2621.17,2700.35,17104022,4743463.5,-
2015-12-02,2653.24,2613.26,-42.08,-1.58%,2525.34,2660.11,15900285,4283735.0,-
2015-12-03,2622.49,2708.12,94.86,3.63%,2622.49,2710.81,17065282,5098524.5,-
2015-12-04,2702.56,2692.16,-15.96,-0.59%,2679.35,2749.18,17844634,5708465.0,-
2015-12-07,2699.34,2738.15,45.99,1.71%,2687.02,2751.24,16420046,4830913.5,-
2015-12-08,2723.62,2691.66,-46.49,-1.70%,2678.66,2731.72,18705172,5310432.5,-
2015-12-09,2677.59,2667.91,-23.75,-0.88%,2650.45,2699.64,16154546,4600865.0,-
2015-12-10,2665.27,2695.51,27.6,1.03%,2663.37,2729.24,16327734,5023172.5,-
2015-12-11,2686.3,2671.29,-24.22,-0.90%,2666.89,2701.69,13643433,4085317.75,-
2015-12-14,2642.82,2709.27,37.98,1.42%,2622.47,2709.26,13383007,4106995.0,-
2015-12-15,2718.25,2745.7,36.44,1.34%,2718.25,2764.79,14459220,4483513.5,-
2015-12-16,2760.26,2763.11,17.41,0.63%,2749.79,2789.28,15083848,4644612.5,-
2015-12-17,2784.97,2835.7,72.59,2.63%,2784.97,2835.7,20055960,6061614.5,-
2015-12-18,2836.92,2830.26,-5.44,-0.19%,2801.64,2850.69,17824894,5632792.5,-
2015-12-21,2825.31,2829.92,-0.34,-0.01%,2800.35,2836.61,14937293,4665354.0,-
2015-12-22,2836.96,2839.85,9.93,0.35%,2811.61,2849.36,13134518,4047430.5,-
2015-12-23,2845.43,2783.94,-55.91,-1.97%,2779.93,2848.83,16247176,4849740.0,-
2015-12-24,2775.98,2795.78,11.84,0.43%,2735.97,2801.56,13241042,3933699.25,-
2015-12-25,2807.51,2794.73,-1.05,-0.04%,2777.46,2820.53,12162058,3728901.0,-
2015-12-28,2809.52,2735.49,-59.24,-2.12%,2735.49,2823.75,15497677,4607138.0,-
2015-12-29,2732.55,2749.82,14.34,0.52%,2710.2,2749.82,12769370,3773486.0,-
2015-12-30,2758.25,2779.51,29.69,1.08%,2749.29,2781.84,13512855,4055718.0,-
2015-12-31,2780.54,2714.05,-65.46,-2.36%,2713.69,2785.66,12958632,3819642.5,-
2016-01-04,2706.27,2491.24,-222.81,-8.21%,2490.47,2710.3,12240174,3469087.5,-
2016-01-05,2353.23,2416.73,-74.51,-2.99%,2333.61,2481.2,18289330,4852995.5,-
2016-01-06,2433.36,2468.37,51.64,2.14%,2388.69,2472.19,14194459,4012047.5,-
2016-01-07,2415.33,2256.52,-211.85,-8.58%,2254.5,2415.33,3875526,1007054.94,-
2016-01-08,2297.59,2248.99,-7.53,-0.33%,2142.33,2318.12,16502294,4232663.0,-
2016-01-11,2188.19,2106.36,-142.63,-6.34%,2105.77,2230.42,15208927,3773180.0,-
2016-01-12,2117.25,2147.53,41.17,1.95%,2087.27,2179.09,14396596,3645952.75,-
2016-01-13,2160.32,2059.78,-87.75,-4.09%,2059.78,2174.23,12465368,3061630.75,-
2016-01-14,1991.23,2175.01,115.23,5.59%,1989.86,2179.38,15648667,3788397.75,-
2016-01-15,2160.17,2112.9,-62.11,-2.86%,2096.19,2184.56,15910294,3702135.25,-
2016-01-18,2074.86,2174.93,62.03,2.94%,2074.86,2206.83,16267628,3764301.5,-
2016-01-19,2170.09,2241.7,66.77,3.07%,2148.72,2244.78,17700322,4216584.0,-
2016-01-20,2222.6,2204.65,-37.05,-1.65%,2190.5,2249.35,15451188,3663103.25,-
2016-01-21,2173.31,2112.4,-92.25,-4.18%,2112.4,2241.47,14945203,3423658.5,-
2016-01-22,2140.28,2149.59,37.19,1.76%,2078.12,2161.24,13609892,2932008.25,-
2016-01-25,2165.73,2158.82,9.23,0.43%,2136.88,2185.21,11334177,2506879.0,-
2016-01-26,2132.22,1994.05,-164.77,-7.63%,1990.51,2135.56,13385708,2893254.75,-
2016-01-27,1997.32,1997.47,3.42,0.17%,1888.25,2012.3,15926522,3269189.5,-
2016-01-28,1969.31,1906.46,-91.0,-4.56%,1900.88,1990.92,11454204,2335173.75,-
2016-01-29,1908.26,1994.07,87.61,4.60%,1907.29,2011.06,12809875,2689945.0,-
2016-02-01,1989.21,1992.7,-1.36,-0.07%,1956.92,2011.68,11156090,2375780.5,-
2016-02-02,1996.59,2075.29,82.6,4.14%,1996.59,2089.21,13287649,2944489.0,-
2016-02-03,2049.32,2090.51,15.22,0.73%,2034.6,2105.38,12089846,2706787.5,-
2016-02-04,2095.62,2126.64,36.13,1.73%,2095.62,2142.87,13143008,3022999.75,-
2016-02-05,2127.35,2096.99,-29.65,-1.39%,2096.99,2141.56,9064703,2109733.25,-
2016-02-15,2029.56,2116.84,19.85,0.95%,2029.56,2130.36,10100668,2260240.25,-
2016-02-16,2128.06,2201.93,85.09,4.02%,2128.06,2208.57,13912172,3352717.0,-
2016-02-17,2197.93,2215.34,13.42,0.61%,2171.0,2219.78,14618497,3389202.75,-
2016-02-18,2230.8,2190.91,-24.43,-1.10%,2188.19,2239.91,14019501,3281792.5,-
2016-02-19,2186.01,2211.01,20.1,0.92%,2182.96,2230.22,13407241,3184008.75,-
2016-02-22,2235.17,2245.56,34.55,1.56%,2216.16,2245.56,15090615,3711842.25,-
2016-02-23,2245.75,2218.12,-27.44,-1.22%,2189.53,2249.69,13926610,3450876.0,-
2016-02-24,2212.59,2203.74,-14.38,-0.65%,2154.27,2230.01,12884022,3158651.25,-
2016-02-25,2198.93,2037.14,-166.6,-7.56%,2030.42,2198.93,15298956,3541009.25,-
2016-02-26,2045.51,2014.92,-22.22,-1.09%,1980.17,2057.8,12366693,2739304.75,-
2016-02-29,2000.57,1880.15,-134.77,-6.69%,1866.25,2000.57,13247569,2744248.25,-
2016-03-01,1881.32,1934.92,54.77,2.91%,1841.22,1952.43,13456662,2813004.5,-
2016-03-02,1930.84,2017.6,82.68,4.27%,1925.02,2022.86,16949154,3398626.0,-
2016-03-03,2014.18,2007.08,-10.52,-0.52%,2006.71,2063.53,16805474,3510912.25,-
2016-03-04,1994.06,1907.04,-100.04,-4.98%,1895.4,2003.69,15220975,3018036.75,-
2016-03-07,1935.09,1953.33,46.29,2.43%,1935.09,1995.94,11623160,2358693.75,-
2016-03-08,1944.65,2002.19,48.86,2.50%,1865.65,2002.19,15627421,3077718.5,-
2016-03-09,1962.28,1970.81,-31.38,-1.57%,1947.05,2015.71,13303672,2622807.75,-
2016-03-10,1968.77,1936.97,-33.84,-1.72%,1935.12,1991.36,10508018,2231449.75,-
2016-03-11,1911.32,1934.87,-2.1,-0.11%,1903.92,1948.6,8487656,1713041.75,-
2016-03-14,1962.1,2023.13,88.26,4.56%,1962.1,2048.5,16134405,3458959.0,-
2016-03-15,2016.81,1996.92,-26.21,-1.30%,1995.46,2034.7,12167060,2553888.25,-
2016-03-16,2029.92,1977.54,-19.38,-0.97%,1961.42,2039.49,12220456,2567750.0,-
2016-03-17,1986.14,2087.29,109.75,5.55%,1986.14,2089.14,21074138,4645258.0,-
2016-03-18,2102.19,2177.87,90.58,4.34%,2102.08,2194.35,25596838,5907899.0,-
2016-03-21,2214.91,2227.03,49.16,2.26%,2191.66,2234.35,25540998,6230531.0,-
2016-03-22,2201.19,2221.7,-5.33,-0.24%,2189.94,2248.19,21060006,4873507.0,-
2016-03-23,2214.87,2259.11,37.41,1.68%,2205.07,2259.11,19052794,4790664.0,-
2016-03-24,2234.22,2219.77,-39.34,-1.74%,2217.84,2277.92,21400930,5521126.5,-
2016-03-25,2209.26,2216.09,-3.68,-0.17%,2183.6,2232.07,15154010,3717963.0,-
2016-03-28,2233.13,2199.69,-16.4,-0.74%,2192.35,2259.13,16260472,4055683.0,-
2016-03-29,2190.88,2152.55,-47.14,-2.14%,2130.85,2194.89,14170516,3628691.75,-
2016-03-30,2172.74,2248.78,96.23,4.47%,2172.74,2248.78,17405976,4593803.0,-
2016-03-31,2256.43,2238.29,-10.49,-0.47%,2232.3,2271.96,18124976,4835737.0,-
2016-04-01,2223.38,2205.37,-32.92,-1.47%,2171.34,2227.0,15701245,4096481.25,-
2016-04-05,2207.46,2279.52,74.15,3.36%,2205.44,2285.2,19764938,5101339.5,-
2016-04-06,2274.77,2297.04,17.52,0.77%,2271.5,2305.41,20912036,5386728.5,-
2016-04-07,2310.92,2248.68,-48.36,-2.11%,2248.68,2316.63,20302344,5206225.0,-
2016-04-08,2230.95,2229.93,-18.75,-0.83%,2194.23,2239.8,17946972,4466886.0,-
2016-04-11,2255.07,2283.14,53.21,2.39%,2255.07,2301.41,19946626,5030578.5,-
2016-04-12,2283.21,2264.02,-19.12,-0.84%,2236.44,2289.54,17078210,4318852.5,-
2016-04-13,2278.52,2294.02,30.0,1.33%,2278.52,2330.05,21776634,5754016.5,-
2016-04-14,2310.6,2324.39,30.38,1.32%,2289.57,2325.38,18334978,4581720.5,-
2016-04-15,2328.31,2309.68,-14.71,-0.63%,2297.68,2328.31,14526977,3734133.5,-
2016-04-18,2288.42,2265.59,-44.09,-1.91%,2249.34,2288.42,14309772,3518518.0,-
2016-04-19,2278.31,2272.52,6.93,0.31%,2253.59,2289.05,13004320,3183513.75,-
2016-04-20,2279.76,2145.24,-127.28,-5.60%,2119.42,2284.1,21667036,4947432.0,-
2016-04-21,2135.93,2110.16,-35.08,-1.64%,2106.97,2160.26,12784063,2843186.75,-
2016-04-22,2093.78,2136.92,26.76,1.27%,2090.95,2136.92,10471912,2454382.75,-
2016-04-25,2128.66,2126.83,-10.09,-0.47%,2083.64,2130.06,9557991,2148314.25,-
2016-04-26,2123.87,2155.7,28.87,1.36%,2119.38,2155.7,8911518,1995719.25,-
2016-04-27,2162.76,2146.61,-9.09,-0.42%,2142.46,2176.33,10479199,2394015.5,-
2016-04-28,2149.1,2155.23,8.62,0.40%,2108.27,2158.49,10123270,2328308.25,-
2016-04-29,2141.58,2138.74,-16.49,-0.77%,2138.74,2162.19,8024640,1906960.12,-
2016-05-03,2138.96,2217.23,78.49,3.67%,2126.87,2217.23,14551232,3373521.5,-
2016-05-04,2210.13,2211.02,-6.21,-0.28%,2206.26,2233.59,13671722,3145517.75,-
2016-05-05,2208.4,2224.1,13.08,0.59%,2198.76,2226.55,10800328,2502841.25,-
2016-05-06,2226.44,2129.19,-94.9,-4.27%,2129.19,2235.96,16054793,3551467.0,-
2016-05-09,2107.33,2053.6,-75.59,-3.55%,2045.12,2107.33,12230331,2553088.5,-
2016-05-10,2051.38,2054.22,0.62,0.03%,2044.28,2067.62,7658732,1610017.12,-
2016-05-11,2067.69,2034.93,-19.29,-0.94%,2032.3,2073.83,9382617,1941546.75,-
2016-05-12,2006.26,2034.57,-0.36,-0.02%,1975.06,2039.32,9177546,1859727.62,-
2016-05-13,2030.94,2025.22,-9.34,-0.46%,2013.86,2058.66,8301001,1685017.5,-
2016-05-16,2017.84,2057.86,32.64,1.61%,2008.54,2057.86,9415721,1861361.88,-
2016-05-17,2059.51,2081.44,23.58,1.15%,2036.88,2107.73,13540442,2796883.0,-
2016-05-18,2062.81,2020.48,-60.96,-2.93%,2000.53,2062.81,12268131,2351967.75,-
2016-05-19,2023.96,2037.4,16.92,0.84%,2023.96,2076.48,12323461,2580386.5,-
2016-05-20,2018.38,2065.3,27.9,1.37%,2013.53,2065.3,10424853,2153034.75,-
2016-05-23,2073.0,2098.23,32.93,1.59%,2073.0,2107.05,13928264,2789024.0,-
2016-05-24,2094.21,2075.51,-22.72,-1.08%,2061.52,2094.21,12318602,2508160.25,-
2016-05-25,2091.97,2067.25,-8.26,-0.40%,2062.64,2111.26,13310049,2720961.75,-
2016-05-26,2060.43,2086.01,18.76,0.91%,2019.3,2086.49,13415969,2697146.5,-
2016-05-27,2076.3,2069.89,-16.12,-0.77%,2065.37,2090.17,11795699,2436759.25,-
2016-05-30,2054.62,2058.52,-11.36,-0.55%,2033.67,2083.83,10960379,2065723.62,-
2016-05-31,2061.84,2159.8,101.28,4.92%,2060.14,2160.53,21485082,4284194.5,-
2016-06-01,2164.73,2168.82,9.02,0.42%,2163.05,2188.88,20189498,4190280.0,-
2016-06-02,2163.59,2188.56,19.74,0.91%,2160.25,2188.56,16283821,3281793.0,-
2016-06-03,2176.36,2204.97,16.41,0.75%,2175.81,2236.58,22973702,5665639.0,-
2016-06-06,2212.46,2199.3,-5.67,-0.26%,2181.99,2219.27,16256232,3876398.75,-
2016-06-07,2202.04,2196.73,-2.57,-0.12%,2181.29,2204.18,14432063,3273729.0,-
2016-06-08,2191.27,2186.54,-10.19,-0.46%,2166.97,2201.53,15083478,3438999.25,-
2016-06-13,2150.39,2054.71,-131.83,-6.03%,2054.71,2165.28,18354660,4000284.25,-
2016-06-14,2045.21,2058.31,3.6,0.18%,2032.44,2070.15,12691213,2702281.0,-
2016-06-15,2033.6,2128.8,70.49,3.42%,2031.67,2143.45,17777760,3767553.25,-
2016-06-16,2124.16,2101.42,-27.38,-1.29%,2097.35,2137.18,17067784,3638375.25,-
2016-06-17,2109.57,2122.89,21.47,1.02%,2105.24,2154.52,15627913,3365662.0,-
2016-06-20,2117.99,2119.63,-3.26,-0.15%,2088.29,2127.68,11924627,2571788.0,-
2016-06-21,2135.46,2092.0,-27.63,-1.30%,2083.69,2153.23,16048069,3340172.0,-
2016-06-22,2085.98,2144.82,52.82,2.52%,2085.65,2144.82,14222179,2902867.0,-
2016-06-23,2144.58,2137.49,-7.33,-0.34%,2115.84,2153.58,16837016,3519714.0,-
2016-06-24,2131.15,2127.36,-10.12,-0.47%,2060.2,2157.94,19922672,4014872.25,-
2016-06-27,2111.1,2191.81,64.45,3.03%,2110.6,2194.13,21030922,4373552.5,-
2016-06-28,2181.41,2216.71,24.9,1.14%,2173.53,2221.46,23215990,4970332.5,-
2016-06-29,2228.51,2209.79,-6.92,-0.31%,2203.49,2238.35,18443878,4086794.25,-
2016-06-30,2213.6,2227.79,18.0,0.81%,2206.8,2233.28,17941510,4157073.5,-
2016-07-01,2231.18,2211.18,-16.61,-0.75%,2203.93,2241.63,14668384,3598314.25,-
2016-07-04,2195.62,2248.71,37.53,1.70%,2193.84,2254.15,17784634,4210476.0,-
2016-07-05,2253.69,2246.02,-2.69,-0.12%,2229.0,2259.29,16139171,3904422.25,-
2016-07-06,2239.76,2241.56,-4.46,-0.20%,2229.27,2246.73,13738409,3206386.0,-
2016-07-07,2240.9,2233.92,-7.64,-0.34%,2212.41,2247.58,16795980,3905396.25,-
2016-07-08,2231.97,2239.0,5.08,0.23%,2220.21,2257.32,15557363,3581597.25,-
2016-07-11,2242.26,2218.59,-20.41,-0.91%,2216.57,2252.66,16477805,3789754.0,-
2016-07-12,2218.02,2247.35,28.76,1.30%,2182.03,2247.35,18671280,4163722.0,-
2016-07-13,2258.26,2285.37,38.02,1.69%,2250.64,2299.86,23655174,5237643.0,-
2016-07-14,2282.16,2293.08,7.71,0.34%,2273.42,2295.59,20113200,4491866.5,-
2016-07-15,2289.1,2263.78,-29.3,-1.28%,2260.16,2293.08,17670910,3985166.75,-
2016-07-18,2257.42,2249.87,-13.91,-0.61%,2234.21,2268.79,14307802,3316276.75,-
2016-07-19,2249.74,2273.72,23.85,1.06%,2237.0,2273.72,15279341,3670344.5,-
2016-07-20,2272.64,2268.54,-5.18,-0.23%,2268.53,2288.65,14955571,3601957.75,-
2016-07-21,2266.08,2265.13,-3.4,-0.15%,2259.2,2289.67,14547040,3364096.75,-
2016-07-22,2262.1,2250.0,-15.13,-0.67%,2248.3,2269.55,13498455,3137042.5,-
2016-07-25,2245.86,2245.89,-4.11,-0.18%,2235.45,2264.44,12398386,3016090.75,-
2016-07-26,2245.94,2279.55,33.66,1.50%,2245.94,2279.55,12447831,2930932.25,-
2016-07-27,2282.07,2155.39,-124.16,-5.45%,2138.78,2284.28,22255142,4995571.5,-
2016-07-28,2150.32,2139.74,-15.65,-0.73%,2109.87,2166.6,14281276,3202170.0,-
2016-07-29,2144.27,2122.41,-17.33,-0.81%,2109.13,2147.19,10217499,2271351.25,-
2016-08-01,2113.67,2099.18,-23.23,-1.09%,2066.18,2118.09,11030563,2433523.0,-
2016-08-02,2096.55,2113.21,14.03,0.67%,2094.12,2114.95,7552176,1659938.25,-
2016-08-03,2110.23,2108.31,-4.9,-0.23%,2096.73,2117.62,7799222,1672820.88,-
2016-08-04,2107.62,2129.65,21.34,1.01%,2102.27,2133.18,9103905,2018129.25,-
2016-08-05,2128.74,2109.06,-20.59,-0.97%,2107.44,2129.33,8018039,1721984.0,-
2016-08-08,2102.24,2130.59,21.54,1.02%,2083.98,2130.59,8364470,1825951.5,-
2016-08-09,2128.64,2154.51,23.92,1.12%,2128.22,2154.5,10306897,2294892.25,-
2016-08-10,2155.39,2137.0,-17.5,-0.81%,2136.83,2164.62,9273980,2093933.75,-
2016-08-11,2134.6,2103.4,-33.6,-1.57%,2103.4,2139.2,8555220,1900966.88,-
2016-08-12,2098.77,2123.84,20.44,0.97%,2097.91,2123.86,7408592,1622517.0,-
2016-08-15,2126.79,2193.21,69.37,3.27%,2112.25,2200.92,17899444,4020827.75,-
2016-08-16,2195.02,2201.1,7.89,0.36%,2192.97,2211.01,14031464,3386820.5,-
2016-08-17,2200.24,2208.2,7.1,0.32%,2195.37,2218.29,12322148,2959808.75,-
2016-08-18,2204.95,2201.59,-6.6,-0.30%,2191.93,2213.3,12230953,2900899.5,-
2016-08-19,2200.68,2204.56,2.97,0.13%,2194.11,2211.06,10110201,2288247.25,-
2016-08-22,2205.57,2167.4,-37.16,-1.69%,2167.4,2213.41,11157702,2489668.25,-
2016-08-23,2168.34,2174.16,6.76,0.31%,2160.3,2186.74,8888141,1965866.0,-
2016-08-24,2178.53,2192.17,18.01,0.83%,2176.35,2204.8,11938671,2434066.75,-
2016-08-25,2179.01,2180.66,-11.51,-0.53%,2152.11,2183.73,12363501,2586343.75,-
2016-08-26,2186.0,2189.75,9.09,0.42%,2182.11,2211.63,12324771,2649804.5,-
2016-08-29,2187.72,2193.2,3.45,0.16%,2183.81,2209.25,10617016,2309337.0,-
2016-08-30,2197.49,2195.53,2.33,0.11%,2193.07,2210.4,9195772,2043344.25,-
2016-08-31,2194.61,2191.76,-3.77,-0.17%,2175.84,2198.25,8950788,2047684.25,-
2016-09-01,2192.94,2181.33,-10.43,-0.48%,2181.33,2201.28,9310264,2060237.0,-
2016-09-02,2176.39,2170.86,-10.47,-0.48%,2160.11,2187.69,10194717,2179302.5,-
2016-09-05,2178.63,2182.69,11.83,0.55%,2178.09,2199.65,8786131,1979955.88,-
2016-09-06,2183.23,2222.84,40.15,1.84%,2161.93,2225.25,12993775,2927839.75,-
2016-09-07,2223.02,2212.05,-10.79,-0.49%,2208.83,2232.12,12095709,2688471.75,-
2016-09-08,2211.39,2223.47,11.42,0.52%,2207.11,2223.47,9526196,2157437.5,-
2016-09-09,2223.58,2202.97,-20.5,-0.92%,2202.97,2228.54,10852276,2408388.25,-
2016-09-12,2163.45,2145.56,-57.41,-2.61%,2145.03,2179.98,12429363,2758956.75,-
2016-09-13,2157.95,2145.87,0.31,0.01%,2139.34,2165.58,8441238,2007306.88,-
2016-09-14,2137.4,2144.56,-1.31,-0.06%,2131.72,2156.98,8118338,1954466.25,-
2016-09-19,2149.37,2165.21,20.65,0.96%,2149.37,2174.4,7122704,1757054.0,-
2016-09-20,2164.42,2158.43,-6.78,-0.31%,2153.94,2167.64,6226382,1465071.62,-
2016-09-21,2158.06,2162.13,3.7,0.17%,2157.38,2170.09,6833986,1585630.12,-
2016-09-22,2174.3,2168.42,6.29,0.29%,2166.61,2178.53,7425831,1757438.0,-
2016-09-23,2171.63,2156.51,-11.91,-0.55%,2156.04,2173.49,7139097,1622118.25,-
2016-09-26,2154.4,2122.9,-33.61,-1.56%,2122.9,2161.76,8670568,1878882.75,-
2016-09-27,2118.95,2140.8,17.9,0.84%,2112.7,2140.8,7277514,1612362.0,-
2016-09-28,2143.73,2139.63,-1.17,-0.05%,2132.55,2143.73,6509292,1449612.75,-
2016-09-29,2141.34,2146.18,6.55,0.31%,2140.98,2155.42,6285022,1448429.38,-
2016-09-30,2144.47,2149.9,3.72,0.17%,2143.34,2154.4,5640391,1257158.38,-
2016-10-10,2165.85,2208.47,58.57,2.72%,2163.41,2208.47,10937795,2472332.0,-
2016-10-11,2207.44,2210.86,2.39,0.11%,2201.31,2210.86,8803487,2033205.5,-
2016-10-12,2202.36,2209.69,-1.17,-0.05%,2198.89,2216.52,9728406,2017128.62,-
2016-10-13,2211.76,2208.57,-1.12,-0.05%,2200.52,2216.09,9113846,2005509.5,-
2016-10-14,2203.87,2191.59,-16.98,-0.77%,2178.91,2203.87,6964224,1616637.88,-
2016-10-17,2199.18,2167.86,-26.37,-1.20%,2160.0,2200.47,9532775,2183854.0,-
2016-10-18,2164.6,2198.14,30.28,1.40%,2164.6,2198.14,9628963,2192862.0,-
2016-10-19,2200.53,2184.91,-13.23,-0.60%,2180.47,2201.16,9622045,2047386.38,-
2016-10-20,2187.41,2193.26,8.35,0.38%,2184.35,2199.06,9644504,2068339.88,-
2016-10-21,2196.84,2181.0,-12.26,-0.56%,2167.83,2202.49,11446980,2436276.25,-
2016-10-24,2184.11,2200.8,19.8,0.91%,2176.92,2204.36,11116745,2378616.25,-
2016-10-25,2202.79,2200.21,-0.59,-0.03%,2196.57,2207.81,9560980,2114795.5,-
2016-10-26,2203.48,2184.49,-15.72,-0.71%,2179.76,2204.84,11389606,2419870.0,-
2016-10-27,2182.91,2182.48,-2.01,-0.09%,2171.24,2184.32,9341353,1897128.38,-
2016-10-28,2182.56,2165.43,-17.05,-0.78%,2165.03,2192.9,10451183,2163038.5,-
2016-10-31,2158.56,2159.76,-5.67,-0.26%,2145.57,2162.67,9005060,1870689.25,-
2016-11-01,2160.39,2176.45,16.69,0.77%,2159.71,2177.83,8764776,1873930.88,-
2016-11-02,2170.81,2146.4,-30.05,-1.38%,2145.07,2171.66,11109391,2404744.25,-
2016-11-03,2137.13,2153.19,6.79,0.32%,2135.28,2167.93,11358574,2453283.25,-
2016-11-04,2151.93,2145.23,-7.96,-0.37%,2142.41,2168.34,10557940,2235021.5,-
2016-11-07,2141.3,2130.3,-14.93,-0.70%,2126.95,2145.82,9291182,2064755.75,-
2016-11-08,2138.45,2150.3,20.0,0.94%,2136.25,2154.57,8908701,1928616.12,-
2016-11-09,2150.62,2123.85,-26.45,-1.23%,2098.56,2154.85,11208038,2314158.0,-
2016-11-10,2143.56,2143.32,19.48,0.92%,2138.94,2149.09,9005559,1867394.88,-
2016-11-11,2143.58,2147.11,3.79,0.18%,2125.49,2147.11,12340072,2595614.25,-
2016-11-14,2146.83,2161.69,14.58,0.68%,2146.83,2175.25,13823940,2948078.5,-
2016-11-15,2161.57,2179.3,17.61,0.81%,2152.38,2179.3,13591229,2794291.0,-
2016-11-16,2187.5,2182.47,3.17,0.15%,2182.12,2208.98,15704868,3318251.0,-
2016-11-17,2176.12,2163.04,-19.43,-0.89%,2157.54,2176.12,9344911,1957886.38,-
2016-11-18,2164.71,2157.96,-5.08,-0.23%,2155.24,2170.79,7756542,1699816.88,-
2016-11-21,2156.46,2152.6,-5.36,-0.25%,2147.05,2162.37,8475311,1865141.5,-
2016-11-22,2156.51,2177.65,25.05,1.16%,2146.62,2177.65,11125462,2412497.75,-
2016-11-23,2182.1,2165.71,-11.94,-0.55%,2163.0,2191.26,15096672,3392198.75,-
2016-11-24,2159.61,2146.63,-19.08,-0.88%,2142.95,2172.18,10549007,2337459.75,-
2016-11-25,2145.97,2167.53,20.9,0.97%,2123.74,2167.53,13608576,2746472.75,-
2016-11-28,2172.97,2166.05,-1.48,-0.07%,2159.73,2175.51,11846432,2634025.75,-
2016-11-29,2161.77,2160.35,-5.7,-0.26%,2153.72,2178.19,14617537,2956653.0,-
2016-11-30,2157.54,2183.05,22.7,1.05%,2155.24,2201.55,17791660,3711887.0,-
2016-12-01,2181.73,2181.93,-1.12,-0.05%,2175.5,2188.09,12156105,2608030.25,-
2016-12-02,2180.39,2143.45,-38.48,-1.76%,2143.21,2186.69,13119150,2824503.0,-
2016-12-05,2129.25,2143.88,0.43,0.02%,2124.75,2162.3,10282947,2118563.0,-
2016-12-06,2149.75,2122.26,-21.62,-1.01%,2121.25,2156.69,9733745,2120550.5,-
2016-12-07,2123.55,2134.99,12.73,0.60%,2116.54,2134.99,8294182,1597672.12,-
2016-12-08,2135.79,2114.71,-20.28,-0.95%,2114.04,2136.26,9250664,1783673.0,-
2016-12-09,2114.45,2099.89,-14.82,-0.70%,2097.09,2118.63,10182685,2051401.75,-
2016-12-12,2095.58,1984.4,-115.49,-5.50%,1981.17,2096.4,16139222,3084186.75,-
2016-12-13,1982.08,1985.04,0.64,0.03%,1961.91,1995.35,9784018,1831736.38,-
2016-12-14,1982.98,1963.08,-21.96,-1.11%,1958.04,1988.46,8414289,1516514.38,-
2016-12-15,1957.71,1975.85,12.77,0.65%,1956.55,1991.32,8835405,1591598.25,-
2016-12-16,1977.86,1998.11,22.26,1.13%,1972.21,2005.28,7731469,1455642.75,-
2016-12-19,1995.0,1980.41,-17.7,-0.89%,1976.77,1995.0,6291468,1134235.0,-
2016-12-20,1981.69,1982.3,1.89,0.10%,1974.93,1989.99,5939141,1089181.75,-
2016-12-21,1987.76,1991.7,9.4,0.47%,1985.05,1996.1,6043200,1124413.88,-
2016-12-22,1993.04,1986.27,-5.43,-0.27%,1978.74,1993.04,5820064,1074885.0,-
2016-12-23,1987.73,1964.54,-21.73,-1.09%,1964.23,1992.21,7195154,1298066.0,-
2016-12-26,1959.19,1974.01,9.47,0.48%,1933.52,1974.01,7708428,1448526.62,-
2016-12-27,1972.51,1968.62,-5.39,-0.27%,1968.57,1977.31,6347850,1156183.75,-
2016-12-28,1968.15,1957.16,-11.46,-0.58%,1954.96,1971.51,6005750,1080184.62,-
2016-12-29,1956.72,1959.24,2.08,0.11%,1955.62,1971.94,6759931,1230533.38,-
2016-12-30,1961.22,1962.06,2.82,0.14%,1952.68,1964.7,7256585,1304495.88,-
2017-01-03,1965.04,1963.26,1.2,0.06%,1959.14,1971.91,7327997,1349364.0,-
2017-01-04,1963.02,1991.57,28.32,1.44%,1959.57,1992.76,9966840,1860457.62,-
2017-01-05,1990.7,1983.97,-7.6,-0.38%,1983.84,1993.71,7664510,1471423.38,-
2017-01-06,1980.84,1965.03,-18.94,-0.95%,1963.32,1982.4,7968772,1526152.62,-
2017-01-09,1962.2,1961.62,-3.41,-0.17%,1951.49,1968.87,7127300,1373116.0,-
2017-01-10,1960.1,1951.68,-9.94,-0.51%,1951.18,1967.47,6318582,1196557.88,-
2017-01-11,1947.42,1937.55,-14.13,-0.72%,1932.46,1959.3,7140994,1286828.75,-
2017-01-12,1935.52,1930.15,-7.4,-0.38%,1929.05,1946.59,6744844,1267634.62,-
2017-01-13,1930.11,1899.94,-30.2,-1.56%,1899.11,1934.48,7458726,1430898.5,-
2017-01-16,1897.45,1830.85,-69.09,-3.64%,1783.74,1897.82,11832232,2281952.75,-
2017-01-17,1824.1,1867.87,37.02,2.02%,1805.39,1875.8,10685370,2061415.0,-
2017-01-18,1860.24,1845.79,-22.08,-1.18%,1845.57,1862.83,7120460,1372043.25,-
2017-01-19,1842.66,1844.14,-1.65,-0.09%,1833.5,1853.11,5259778,939883.62,-
2017-01-20,1844.37,1880.75,36.61,1.99%,1842.62,1892.36,9893890,1910255.0,-
2017-01-23,1879.97,1887.33,6.58,0.35%,1879.71,1897.1,7235846,1334992.0,-
2017-01-24,1885.24,1861.22,-26.1,-1.38%,1859.71,1885.95,7576958,1353555.25,-
2017-01-25,1857.32,1870.7,9.48,0.51%,1856.22,1874.63,5672933,1036481.25,-
2017-01-26,1872.14,1886.23,15.53,0.83%,1872.14,1887.67,6104147,1096521.88,-
2017-02-03,1886.97,1876.76,-9.47,-0.50%,1872.7,1888.81,5384174,951379.75,-
2017-02-06,1877.14,1900.45,23.69,1.26%,1874.71,1903.33,6581493,1222885.0,-
2017-02-07,1897.87,1889.13,-11.32,-0.60%,1881.73,1900.35,6329100,1194866.0,-
2017-02-08,1887.34,1903.63,14.5,0.77%,1881.14,1903.63,7381156,1325046.12,-
2017-02-09,1903.67,1914.08,10.45,0.55%,1901.88,1916.41,8668234,1568339.75,-
2017-02-10,1913.23,1904.69,-9.39,-0.49%,1900.71,1915.43,8299374,1430612.12,-
2017-02-13,1902.46,1913.68,9.0,0.47%,1894.15,1919.2,8643653,1547938.88,-
2017-02-14,1914.14,1909.4,-4.28,-0.22%,1906.42,1918.8,7436229,1477437.25,-
2017-02-15,1911.04,1892.36,-17.04,-0.89%,1890.09,1920.29,8416104,1566730.75,-
2017-02-16,1891.87,1897.63,5.27,0.28%,1886.41,1900.97,6811760,1202302.12,-
2017-02-17,1896.7,1882.87,-14.76,-0.78%,1881.0,1904.86,7762940,1384575.88,-
2017-02-20,1884.99,1894.96,12.09,0.64%,1876.67,1894.96,7227234,1285399.88,-
2017-02-21,1896.86,1921.08,26.12,1.38%,1895.43,1924.03,10336038,1819826.38,-
2017-02-22,1921.55,1919.97,-1.11,-0.06%,1909.12,1925.3,8582111,1574733.25,-
2017-02-23,1919.24,1925.95,5.98,0.31%,1906.81,1925.95,9231558,1584741.12,-
2017-02-24,1925.1,1938.45,12.5,0.65%,1921.3,1939.39,10466620,1845815.12,-
2017-02-27,1937.56,1926.77,-11.68,-0.60%,1923.53,1943.98,9418535,1670131.12,-
2017-02-28,1926.14,1927.16,0.39,0.02%,1918.32,1931.82,7828432,1390623.25,-
2017-03-01,1925.7,1931.97,4.81,0.25%,1923.75,1938.68,8144560,1515682.0,-
2017-03-02,1936.08,1920.41,-11.56,-0.60%,1919.74,1937.9,7851702,1592363.25,-
2017-03-03,1916.2,1928.29,7.88,0.41%,1908.32,1932.21,8173118,1810557.5,-
2017-03-06,1931.62,1962.77,34.48,1.79%,1931.62,1962.77,11658066,2467075.75,-
2017-03-07,1967.18,1977.85,15.08,0.77%,1957.29,1977.85,11318844,2413632.0,-
2017-03-08,1976.85,1964.63,-13.22,-0.67%,1960.06,1976.85,9326276,1942594.75,-
2017-03-09,1962.64,1953.94,-10.69,-0.54%,1948.79,1962.64,9738060,2055607.88,-
2017-03-10,1952.5,1950.01,-3.93,-0.20%,1945.57,1957.71,7840182,1721729.25,-
2017-03-13,1948.52,1970.88,20.87,1.07%,1939.03,1972.08,10016150,2095657.0,-
2017-03-14,1967.47,1958.02,-12.86,-0.65%,1952.1,1970.48,10852573,2586762.75,-
2017-03-15,1951.71,1957.82,-0.2,-0.01%,1943.61,1964.43,10108028,2430641.5,-
2017-03-16,1959.05,1966.73,8.91,0.46%,1959.05,1968.44,9717052,2206331.0,-
2017-03-17,1968.15,1949.66,-17.07,-0.87%,1949.35,1981.69,11771272,2544567.0,-
2017-03-20,1948.6,1953.82,4.16,0.21%,1939.65,1953.82,8688772,1815748.62,-
2017-03-21,1953.56,1961.06,7.24,0.37%,1948.89,1961.65,7760562,1699263.75,-
2017-03-22,1952.8,1948.58,-12.48,-0.64%,1939.29,1959.71,9551362,2010459.5,-
2017-03-23,1951.87,1948.37,-0.21,-0.01%,1930.44,1960.34,9361952,1988549.88,-
2017-03-24,1948.27,1965.14,16.77,0.86%,1946.12,1966.42,9011715,1880199.0,-
2017-03-27,1964.62,1947.53,-17.61,-0.90%,1947.53,1967.1,8137264,1783543.62,-
2017-03-28,1946.33,1944.36,-3.17,-0.16%,1940.38,1953.24,6893334,1540078.25,-
2017-03-29,1945.14,1929.2,-15.16,-0.78%,1926.6,1948.72,8792452,1881938.75,-
2017-03-30,1924.51,1893.7,-35.5,-1.84%,1893.3,1926.53,10451322,2177442.25,-
2017-03-31,1895.81,1907.18,13.48,0.71%,1895.81,1908.53,7381566,1613808.88,-
2017-04-05,1914.91,1943.16,35.82,1.88%,1914.91,1943.43,11149457,2299039.25,-
2017-04-06,1947.08,1944.24,1.08,0.06%,1939.37,1951.23,10607318,2248332.0,-
2017-04-07,1942.11,1946.05,1.82,0.09%,1939.32,1953.57,12539154,2436919.0,-
2017-04-10,1940.3,1912.62,-33.43,-1.72%,1911.11,1940.3,14142799,2802793.0,-
2017-04-11,1907.1,1917.63,5.18,0.27%,1887.89,1920.78,14962422,2718899.75,-
2017-04-12,1913.78,1897.51,-20.12,-1.05%,1896.85,1915.02,11350368,1999103.75,-
2017-04-13,1896.49,1910.48,12.97,0.68%,1896.49,1920.23,9096026,1690461.12,-
2017-04-14,1910.99,1887.46,-23.02,-1.20%,1887.35,1910.99,9807471,1774894.88,-
2017-04-17,1880.77,1868.28,-19.18,-1.02%,1862.36,1886.61,8968460,1613276.5,-
2017-04-18,1867.57,1848.2,-20.08,-1.07%,1847.2,1878.1,8955025,1629038.25,-
2017-04-19,1841.6,1845.38,-2.82,-0.15%,1812.39,1845.64,11049253,1962167.5,-
2017-04-20,1843.97,1850.39,5.01,0.27%,1836.44,1856.73,9189912,1779300.12,-
2017-04-21,1849.28,1839.01,-11.38,-0.62%,1836.52,1863.58,8098538,1588376.62,-
2017-04-24,1832.82,1809.91,-29.1,-1.58%,1796.36,1832.82,8801703,1599182.5,-
2017-04-25,1809.56,1818.87,8.96,0.49%,1807.67,1829.26,8494367,1508599.25,-
2017-04-26,1812.86,1820.48,1.61,0.09%,1811.04,1822.12,9176560,1675791.75,-
2017-04-27,1815.11,1842.92,22.44,1.23%,1794.4,1847.93,14644035,2422285.0,-
2017-04-28,1838.74,1850.73,7.81,0.42%,1834.43,1856.4,10288379,1789302.75,-
2017-05-02,1849.21,1850.85,0.12,0.01%,1843.83,1855.34,8958465,1625417.25,-
2017-05-03,1848.71,1840.45,-10.4,-0.56%,1832.56,1854.68,9368099,1610117.25,-
2017-05-04,1838.71,1838.1,-2.35,-0.13%,1828.63,1858.56,10754476,1877504.62,-
2017-05-05,1832.68,1818.19,-19.91,-1.08%,1818.19,1839.65,9445330,1619013.88,-
2017-05-08,1814.1,1788.71,-29.48,-1.62%,1788.71,1825.76,10557521,1792987.75,-
2017-05-09,1780.52,1802.49,13.78,0.77%,1770.59,1803.21,9556776,1578269.12,-
2017-05-10,1801.78,1771.32,-31.17,-1.73%,1771.32,1815.82,10187825,1691098.62,-
2017-05-11,1761.47,1772.41,1.09,0.06%,1727.58,1772.47,11606358,1838303.38,-
2017-05-12,1768.31,1774.63,2.22,0.13%,1750.4,1774.9,9025549,1463324.25,-
2017-05-15,1778.18,1778.64,4.01,0.23%,1776.01,1788.56,8308693,1369455.0,-
2017-05-16,1774.39,1814.94,36.3,2.04%,1764.29,1814.94,12049285,1980690.38,-
2017-05-17,1812.71,1822.64,7.7,0.42%,1810.21,1833.87,14410051,2249967.25,-
2017-05-18,1807.18,1813.51,-9.13,-0.50%,1803.86,1827.79,11482764,1853026.88,-
2017-05-19,1812.73,1801.08,-12.43,-0.69%,1793.04,1815.81,8676714,1411522.25,-
2017-05-22,1798.56,1788.08,-13.0,-0.72%,1779.47,1814.41,9331071,1473993.88,-
2017-05-23,1784.53,1758.24,-29.84,-1.67%,1757.37,1790.11,10680209,1635815.88,-
2017-05-24,1749.16,1776.28,18.04,1.03%,1730.36,1776.44,9673604,1480493.0,-
2017-05-25,1770.65,1777.69,1.41,0.08%,1745.23,1785.67,11326976,1790576.38,-
2017-05-26,1769.12,1759.63,-18.06,-1.02%,1754.77,1772.93,9823247,1640654.88,-
2017-05-31,1777.65,1763.73,4.1,0.23%,1762.08,1783.15,10782039,1759059.75,-
2017-06-01,1757.8,1728.49,-35.24,-2.00%,1728.49,1757.89,9686560,1448368.12,-
2017-06-02,1721.4,1745.93,17.44,1.01%,1711.82,1754.21,10393654,1573647.0,-
2017-06-05,1747.53,1761.25,15.32,0.88%,1747.53,1767.29,10025841,1591926.12,-
2017-06-06,1759.29,1766.39,5.14,0.29%,1758.32,1773.07,8251102,1249219.62,-
2017-06-07,1764.96,1799.85,33.46,1.89%,1762.73,1802.52,13000078,2007280.88,-
2017-06-08,1798.69,1794.75,-5.1,-0.28%,1792.1,1804.66,10467178,1635999.88,-
2017-06-09,1793.65,1796.14,1.39,0.08%,1782.19,1797.64,8828817,1370890.88,-
2017-06-12,1787.56,1775.55,-20.58,-1.15%,1773.53,1787.56,8169238,1302928.38,-
2017-06-13,1773.01,1795.63,20.08,1.13%,1771.85,1800.2,9328355,1448043.88,-
2017-06-14,1794.04,1790.64,-4.99,-0.28%,1787.06,1798.2,9764441,1523975.0,-
2017-06-15,1788.81,1816.26,25.62,1.43%,1788.43,1823.42,15461796,2260010.5,-
2017-06-16,1816.16,1810.05,-6.21,-0.34%,1809.48,1819.1,11577998,1794117.38,-
2017-06-19,1809.51,1816.4,6.35,0.35%,1805.88,1817.5,8995978,1422545.25,-
2017-06-20,1818.69,1820.98,4.58,0.25%,1818.69,1833.94,12275103,1958066.38,-
2017-06-21,1827.89,1824.69,3.71,0.20%,1810.04,1829.4,12795547,1783635.12,-
2017-06-22,1821.84,1798.38,-26.31,-1.44%,1798.38,1828.8,12056858,1831969.75,-
2017-06-23,1794.5,1807.43,9.05,0.50%,1776.6,1807.43,10933764,1613429.62,-
2017-06-26,1805.88,1821.28,13.85,0.77%,1801.21,1821.28,9830732,1493959.62,-
2017-06-27,1821.37,1819.93,-1.35,-0.07%,1816.66,1830.22,9245741,1428358.75,-
2017-06-28,1817.43,1808.2,-11.73,-0.64%,1802.38,1818.11,9118170,1365007.75,-
2017-06-29,1808.3,1813.55,5.35,0.30%,1807.62,1822.82,10193238,1589884.25,-
2017-06-30,1808.08,1818.07,4.52,0.25%,1802.61,1819.89,8971235,1416932.88,-
2017-07-03,1818.2,1835.99,17.92,0.99%,1816.03,1836.49,14004247,2146420.0,-
2017-07-04,1833.89,1829.51,-6.48,-0.35%,1823.85,1834.24,12212746,1945424.12,-
2017-07-05,1827.26,1836.63,7.12,0.39%,1820.96,1836.66,12241629,2025111.0,-
2017-07-06,1835.81,1839.0,2.37,0.13%,1823.37,1844.2,15330413,2467041.0,-
2017-07-07,1833.88,1835.44,-3.56,-0.19%,1828.72,1836.78,11288947,1871186.5,-
2017-07-10,1831.37,1803.25,-32.19,-1.75%,1803.23,1831.37,12396344,1987126.62,-
2017-07-11,1799.52,1783.91,-19.34,-1.07%,1783.91,1804.72,11591201,1836755.5,-
2017-07-12,1779.9,1786.75,2.84,0.16%,1764.1,1788.69,11319639,1753247.5,-
2017-07-13,1784.26,1778.86,-7.89,-0.44%,1774.78,1786.22,8973378,1421063.62,-
2017-07-14,1771.33,1745.57,-33.29,-1.87%,1742.22,1771.33,14360271,2173907.5,-
2017-07-17,1730.7,1656.43,-89.14,-5.11%,1656.43,1730.7,17070970,2339722.0,-
2017-07-18,1646.64,1667.49,11.06,0.67%,1641.38,1672.71,11295021,1610300.62,-
2017-07-19,1663.16,1684.77,17.28,1.04%,1654.77,1685.74,10866781,1585366.62,-
2017-07-20,1684.26,1688.61,3.84,0.23%,1683.11,1712.7,11402876,1679277.25,-
2017-07-21,1688.79,1690.15,1.54,0.09%,1685.79,1699.67,9865389,1449822.25,-
2017-07-24,1685.71,1686.44,-3.7,-0.22%,1674.72,1689.38,10241219,1441042.88,-
2017-07-25,1686.57,1688.09,1.65,0.10%,1680.95,1694.4,10744237,1446628.62,-
2017-07-26,1689.48,1681.31,-6.78,-0.40%,1674.22,1692.62,11949021,1786643.25,-
2017-07-27,1678.87,1742.19,60.88,3.62%,1675.3,1742.92,24887600,3299833.75,-
2017-07-28,1740.54,1734.07,-8.12,-0.47%,1732.89,1746.54,20034596,2881454.0,-
2017-07-31,1731.92,1736.3,2.23,0.13%,1725.5,1744.05,16674204,2489197.25,-
2017-08-01,1735.91,1741.07,4.77,0.27%,1727.59,1742.01,16481558,2486086.25,-
2017-08-02,1740.39,1724.83,-16.24,-0.93%,1723.23,1744.3,16194575,2401981.75,-
2017-08-03,1723.03,1733.12,8.29,0.48%,1716.53,1757.76,19404990,2735128.25,-
2017-08-04,1731.03,1719.62,-13.5,-0.78%,1718.91,1734.18,15802381,2194986.5,-
2017-08-07,1722.24,1732.43,12.81,0.75%,1720.99,1743.62,13605533,1905000.25,-
2017-08-08,1731.73,1762.42,29.99,1.73%,1728.59,1762.44,18506324,2670450.5,-
2017-08-09,1756.5,1763.05,0.63,0.04%,1751.83,1770.75,17982810,2679424.0,-
2017-08-10,1761.43,1753.67,-9.38,-0.53%,1741.4,1777.19,16754991,2469835.0,-
2017-08-11,1741.99,1742.14,-11.53,-0.66%,1738.14,1763.91,16826886,2441400.5,-
2017-08-14,1745.01,1793.48,51.34,2.95%,1745.01,1794.07,20727376,3129341.75,-
2017-08-15,1796.24,1798.57,5.09,0.28%,1785.62,1803.19,17411508,2692029.75,-
2017-08-16,1797.05,1825.19,26.62,1.48%,1792.72,1835.62,27035458,3940552.25,-
2017-08-17,1819.43,1833.4,8.21,0.45%,1816.14,1845.24,23840192,3645270.75,-
2017-08-18,1822.07,1821.8,-11.6,-0.63%,1817.64,1835.67,18234820,2737203.5,-
2017-08-21,1823.37,1829.22,7.42,0.41%,1818.86,1834.66,16818456,2486773.25,-
2017-08-22,1829.4,1814.92,-14.3,-0.78%,1811.97,1831.66,17076496,2623421.25,-
2017-08-23,1813.43,1807.37,-7.54,-0.42%,1801.15,1818.65,15000369,2276864.5,-
2017-08-24,1807.85,1795.74,-11.63,-0.64%,1792.7,1812.08,13422945,2005076.0,-
2017-08-25,1794.7,1812.88,17.14,0.95%,1794.7,1814.54,13773722,2050957.5,-
2017-08-28,1815.83,1842.83,29.95,1.65%,1815.83,1856.21,21303988,3359659.5,-
2017-08-29,1842.15,1831.59,-11.24,-0.61%,1828.54,1850.82,15777430,2416724.75,-
2017-08-30,1830.7,1838.63,7.04,0.38%,1830.55,1849.24,13770788,2219255.25,-
2017-08-31,1841.0,1849.38,10.75,0.58%,1839.81,1850.81,13583438,2208145.25,-
2017-09-01,1850.02,1865.25,15.87,0.86%,1840.52,1865.81,18585908,2945930.5,-
2017-09-04,1863.02,1883.62,18.37,0.98%,1858.39,1888.98,22242990,3504679.75,-
2017-09-05,1881.67,1885.16,1.54,0.08%,1873.16,1891.79,20123784,3226493.5,-
2017-09-06,1880.7,1902.86,17.7,0.94%,1877.27,1902.86,22635682,3729715.5,-
2017-09-07,1904.54,1890.38,-12.48,-0.66%,1889.33,1917.96,26541696,4563607.0,-
2017-09-08,1888.4,1885.27,-5.11,-0.27%,1872.91,1895.86,18138968,3040165.25,-
2017-09-11,1883.65,1896.38,11.11,0.59%,1880.14,1896.38,17269176,3049716.0,-
2017-09-12,1897.52,1884.48,-11.9,-0.63%,1882.57,1904.3,22782702,3946384.5,-
2017-09-13,1884.54,1888.43,3.95,0.21%,1874.87,1888.44,16804556,2713299.0,-
2017-09-14,1887.36,1879.25,-9.18,-0.49%,1874.22,1892.99,16091421,2606909.25,-
2017-09-15,1877.17,1875.64,-3.61,-0.19%,1869.63,1882.53,16132091,2605473.75,-
2017-09-18,1874.45,1894.8,19.16,1.02%,1873.97,1894.81,15181688,2456662.25,-
2017-09-19,1896.62,1880.3,-14.5,-0.77%,1877.15,1901.27,15716485,2594744.0,-
2017-09-20,1878.56,1892.67,12.37,0.66%,1876.68,1892.67,14732082,2329414.5,-
2017-09-21,1892.95,1872.77,-19.9,-1.05%,1872.65,1898.21,15438807,2458151.5,-
2017-09-22,1869.11,1866.43,-6.34,-0.34%,1854.94,1871.24,13571190,2114974.0,-
2017-09-25,1864.86,1843.62,-22.8,-1.22%,1841.36,1869.39,12699118,2016751.62,-
2017-09-26,1840.48,1839.46,-4.16,-0.23%,1826.92,1848.14,10913990,1730080.0,-
2017-09-27,1840.17,1854.94,15.48,0.84%,1840.17,1857.33,11555200,1834100.38,-
2017-09-28,1853.38,1854.73,-0.21,-0.01%,1852.46,1864.25,13246848,1976760.38,-
2017-09-29,1858.06,1866.98,12.25,0.66%,1856.86,1866.98,13144928,1978804.88,-
2017-10-09,1889.89,1889.84,22.86,1.22%,1880.39,1894.91,16990834,2720259.25,-
2017-10-10,1890.66,1917.46,27.62,1.46%,1887.47,1917.46,19610120,3082272.75,-
2017-10-11,1918.35,1901.55,-15.91,-0.83%,1899.96,1924.0,18601974,2916851.5,-
2017-10-12,1900.87,1899.99,-1.56,-0.08%,1889.44,1909.48,14006646,2278191.0,-
2017-10-13,1901.18,1926.07,26.08,1.37%,1898.34,1927.02,16499396,2926090.5,-
2017-10-16,1920.94,1882.69,-43.38,-2.25%,1882.69,1921.64,20207548,3206552.5,-
2017-10-17,1876.69,1876.99,-5.7,-0.30%,1868.92,1888.62,12119524,1998050.88,-
2017-10-18,1878.29,1868.16,-8.83,-0.47%,1867.83,1890.32,13032387,2154235.5,-
2017-10-19,1865.93,1862.61,-5.55,-0.30%,1855.35,1876.67,12549254,1902498.25,-
2017-10-20,1858.62,1880.21,17.6,0.94%,1856.1,1880.21,10542299,1768672.62,-
2017-10-23,1881.41,1898.76,18.55,0.99%,1878.34,1900.38,11865659,1961043.75,-
2017-10-24,1895.44,1901.69,2.93,0.15%,1882.68,1901.69,12563813,2038541.88,-
2017-10-25,1898.63,1913.26,11.57,0.61%,1893.94,1913.26,11462835,1815313.62,-
2017-10-26,1911.85,1910.03,-3.23,-0.17%,1902.27,1918.79,12405427,2026660.88,-
2017-10-27,1909.57,1896.22,-14.5,-0.76%,1895.26,1910.93,11757574,1889353.5,-
2017-10-30,1894.86,1855.99,-40.23,-2.12%,1848.04,1902.05,16969890,2609696.25,-
2017-10-31,1855.94,1869.79,13.8,0.74%,1855.23,1869.79,11329219,1785840.38,-
2017-11-01,1867.99,1872.75,2.96,0.16%,1866.52,1881.49,12230927,1965337.75,-
2017-11-02,1869.72,1847.57,-25.18,-1.34%,1847.41,1869.72,12911245,2016959.5,-
2017-11-03,1843.8,1832.97,-14.6,-0.79%,1825.29,1856.22,12665868,1972986.0,-
2017-11-06,1831.9,1850.3,17.33,0.95%,1818.41,1850.3,11749014,1919041.12,-
2017-11-07,1849.32,1859.07,8.77,0.47%,1843.92,1859.11,13502499,2216736.25,-
2017-11-08,1858.64,1866.14,7.07,0.38%,1856.39,1881.05,17165896,2757136.75,-
2017-11-09,1864.25,1884.11,17.97,0.96%,1858.73,1884.11,15463835,2406452.75,-
2017-11-10,1882.72,1900.63,16.52,0.88%,1882.28,1905.06,16308566,2681851.5,-
2017-11-13,1904.58,1906.44,5.81,0.31%,1895.87,1911.17,16195123,2720423.5,-
2017-11-14,1908.04,1896.72,-9.72,-0.51%,1888.86,1912.49,16651160,2716002.0,-
2017-11-15,1892.65,1868.08,-28.64,-1.51%,1861.59,1894.61,14126364,2344687.5,-
2017-11-16,1865.72,1878.26,10.18,0.54%,1859.77,1883.02,13252342,2205859.0,-
2017-11-17,1879.43,1833.9,-44.36,-2.36%,1831.01,1884.02,18731530,2993617.25,-
2017-11-20,1819.17,1859.75,25.86,1.41%,1795.69,1859.75,14222204,2284191.25,-
2017-11-21,1856.73,1856.96,-2.79,-0.15%,1844.42,1871.7,15270721,2543847.5,-
2017-11-22,1854.58,1853.38,-3.58,-0.19%,1837.3,1867.79,16338812,2648025.0,-
2017-11-23,1848.22,1794.78,-58.6,-3.16%,1793.49,1848.22,15392438,2483229.0,-
2017-11-24,1789.51,1782.66,-12.12,-0.68%,1782.6,1804.21,12132672,1857656.88,-
2017-11-27,1781.22,1760.9,-21.76,-1.22%,1758.45,1794.01,12184451,1838714.25,-
2017-11-28,1761.53,1793.87,32.97,1.87%,1761.53,1794.14,11933507,1778802.25,-
2017-11-29,1793.28,1787.38,-6.49,-0.36%,1767.63,1795.51,11952168,1828729.25,-
2017-11-30,1783.23,1770.3,-17.08,-0.96%,1765.3,1792.14,10991392,1752633.38,-
2017-12-01,1772.04,1804.62,34.32,1.94%,1771.89,1808.69,13857312,2108161.25,-
2017-12-04,1803.03,1797.77,-6.85,-0.38%,1795.13,1812.4,12298026,1911230.0,-
2017-12-05,1794.7,1758.59,-39.18,-2.18%,1746.12,1799.88,12989577,1992831.62,-
2017-12-06,1755.77,1784.32,25.73,1.46%,1744.49,1784.82,13375249,1995581.0,-
2017-12-07,1780.97,1776.99,-7.32,-0.41%,1774.99,1791.06,11345213,1736762.0,-
2017-12-08,1776.27,1792.16,15.17,0.85%,1776.27,1803.36,11832506,1817082.62,-
2017-12-11,1800.13,1816.99,24.84,1.39%,1800.13,1816.98,13539679,2058577.88,-
2017-12-12,1818.41,1798.69,-18.3,-1.01%,1798.69,1821.48,12278140,2023301.75,-
2017-12-13,1795.47,1806.09,7.4,0.41%,1787.71,1806.19,10312687,1721876.12,-
2017-12-14,1804.19,1794.34,-11.75,-0.65%,1787.67,1809.67,10741661,1705232.12,-
2017-12-15,1793.24,1783.97,-10.37,-0.58%,1780.27,1801.41,11748463,1855696.12,-
2017-12-18,1784.42,1780.64,-3.33,-0.19%,1773.32,1790.87,10009226,1663987.38,-
2017-12-19,1781.81,1798.5,17.86,1.00%,1781.81,1802.58,10922661,1814882.75,-
2017-12-20,1798.36,1782.41,-16.09,-0.89%,1779.68,1799.36,10675308,1721130.62,-
2017-12-21,1776.45,1789.74,7.33,0.41%,1762.98,1796.58,11899457,1918075.12,-
2017-12-22,1788.66,1779.34,-10.4,-0.58%,1778.61,1795.07,11382035,1822312.5,-
2017-12-25,1778.96,1755.81,-23.53,-1.32%,1751.91,1780.52,12320748,1840315.38,-
2017-12-26,1755.14,1758.82,3.01,0.17%,1742.26,1760.46,9869696,1531781.12,-
2017-12-27,1756.04,1745.24,-13.58,-0.77%,1743.77,1760.42,10633247,1659393.0,-
2017-12-28,1742.47,1745.02,-0.22,-0.01%,1742.02,1759.1,11093408,1661412.12,-
2017-12-29,1745.95,1752.65,7.63,0.44%,1741.0,1753.98,10316100,1564273.5,-
2018-01-02,1759.02,1769.67,17.02,0.97%,1748.53,1770.01,10578360,1766784.0,-
2018-01-03,1770.04,1795.38,25.71,1.45%,1766.34,1798.78,13587703,2370885.25,-
2018-01-04,1790.65,1794.61,-0.77,-0.04%,1788.54,1795.25,11293801,2041056.0,-
2018-01-05,1797.26,1801.42,6.81,0.38%,1795.26,1804.88,12328931,2267074.0,-
2018-01-08,1801.18,1806.16,4.74,0.26%,1785.38,1806.16,14423585,2516787.5,-
2018-01-09,1803.36,1803.59,-2.57,-0.14%,1799.42,1808.66,11712444,2047292.88,-
2018-01-10,1803.6,1791.09,-12.5,-0.69%,1780.1,1804.73,12842488,2250037.5,-
2018-01-11,1787.39,1804.24,13.16,0.73%,1776.01,1807.15,14631391,2486359.75,-
2018-01-12,1800.89,1785.71,-18.52,-1.03%,1785.61,1802.52,12183914,2060201.62,-
2018-01-15,1778.79,1732.62,-53.08,-2.97%,1727.01,1780.19,16456136,2593084.25,-
2018-01-16,1729.56,1729.6,-3.02,-0.17%,1720.65,1740.84,13314726,2201566.0,-
2018-01-17,1722.45,1742.03,12.43,0.72%,1697.62,1750.06,16089627,2541076.0,-
2018-01-18,1735.46,1738.0,-4.03,-0.23%,1734.78,1754.62,11141885,1755359.38,-
2018-01-19,1735.03,1728.14,-9.86,-0.57%,1726.53,1745.59,13453789,2196366.5,-
2018-01-22,1726.32,1768.21,40.07,2.32%,1715.43,1776.18,18912030,3034635.5,-
2018-01-23,1767.33,1767.83,-0.38,-0.02%,1760.34,1776.49,13588538,2308296.0,-
2018-01-24,1763.69,1813.28,45.45,2.57%,1752.3,1817.08,27494702,4477474.0,-
2018-01-25,1811.11,1810.84,-2.44,-0.13%,1807.52,1852.23,29595390,4619252.5,-
2018-01-26,1809.13,1816.8,5.96,0.33%,1809.13,1830.55,20204790,3159297.0,-
2018-01-29,1811.54,1799.77,-17.03,-0.94%,1791.58,1826.1,22263944,3473572.25,-
2018-01-30,1794.33,1782.4,-17.37,-0.97%,1779.33,1808.01,17711706,2686954.0,-
2018-01-31,1766.77,1735.06,-47.34,-2.66%,1732.98,1767.78,20113892,3036853.5,-
2018-02-01,1735.66,1697.39,-37.67,-2.17%,1697.39,1746.55,19029542,2863008.5,-
2018-02-02,1683.18,1702.43,5.04,0.30%,1676.24,1726.89,17717254,2671522.25,-
2018-02-05,1678.19,1688.27,-14.16,-0.83%,1674.97,1698.28,14897309,2215885.5,-
2018-02-06,1653.45,1598.12,-90.15,-5.34%,1597.89,1675.56,20271778,2940727.75,-
2018-02-07,1632.87,1616.4,18.28,1.14%,1571.47,1637.78,22702004,3178359.5,-
2018-02-08,1608.73,1641.43,25.03,1.55%,1608.63,1651.59,18260390,2605706.75,-
2018-02-09,1598.47,1592.51,-48.92,-2.98%,1576.89,1629.36,20876460,2931605.0,-
2018-02-12,1604.56,1648.07,55.56,3.49%,1604.56,1654.65,16703878,2455617.25,-
2018-02-13,1657.13,1648.58,0.51,0.03%,1644.87,1669.08,14915167,2306287.25,-
2018-02-14,1649.57,1646.77,-1.81,-0.11%,1633.76,1652.01,10024378,1483708.88,-
2018-02-22,1661.56,1677.77,31.0,1.88%,1650.88,1679.79,14005316,2105891.0,-
2018-02-23,1674.62,1668.84,-8.92,-0.53%,1656.95,1681.24,12520092,1916787.25,-
2018-02-26,1683.15,1729.15,60.32,3.61%,1673.95,1733.71,19921364,3150592.75,-
2018-02-27,1729.94,1743.54,14.39,0.83%,1728.31,1757.37,22840752,3514517.5,-
2018-02-28,1730.15,1753.63,10.09,0.58%,1723.4,1773.73,21640762,3362771.25,-
2018-03-01,1744.34,1789.85,36.22,2.07%,1741.03,1789.85,23192766,3526065.25,-
2018-03-02,1777.46,1772.01,-17.84,-1.00%,1767.9,1804.25,20722330,3251957.75,-
2018-03-05,1780.82,1795.69,23.68,1.34%,1768.88,1795.69,16711340,2671281.0,-
2018-03-06,1798.04,1797.61,1.92,0.11%,1790.54,1810.26,19531344,3198300.75,-
2018-03-07,1795.17,1785.27,-12.34,-0.69%,1780.3,1800.45,15820200,2479558.5,-
2018-03-08,1783.1,1793.22,7.95,0.45%,1781.46,1795.82,13919039,2271680.0,-
2018-03-09,1794.25,1856.46,63.24,3.53%,1793.92,1858.03,27955146,4362820.0,-
2018-03-12,1872.03,1882.41,25.96,1.40%,1872.03,1901.15,27855974,4681520.0,-
2018-03-13,1879.63,1872.68,-9.73,-0.52%,1863.16,1896.5,21971604,3704630.5,-
2018-03-14,1863.57,1841.29,-31.39,-1.68%,1840.35,1874.15,17682396,3020720.25,-
2018-03-15,1833.77,1848.71,7.42,0.40%,1812.48,1848.71,18110718,2962275.25,-
2018-03-16,1847.18,1821.32,-27.39,-1.48%,1821.32,1857.15,17797266,2919988.75,-
2018-03-19,1822.6,1842.92,21.6,1.19%,1818.62,1860.2,19235060,3147223.5,-
2018-03-20,1828.01,1864.62,21.7,1.18%,1825.68,1867.46,17739148,2999727.75,-
2018-03-21,1866.81,1829.91,-34.71,-1.86%,1829.91,1877.13,20648270,3453147.25,-
2018-03-22,1830.56,1817.23,-12.68,-0.69%,1814.69,1841.4,18005138,2858817.25,-
2018-03-23,1751.74,1726.02,-91.21,-5.02%,1710.4,1792.23,26928578,4122904.25,-
2018-03-26,1704.35,1780.61,54.59,3.16%,1693.73,1781.84,21541044,3405300.5,-
2018-03-27,1799.15,1844.69,64.08,3.60%,1797.09,1846.54,26961232,4393111.0,-
2018-03-28,1819.66,1835.15,-9.54,-0.52%,1816.44,1856.89,24392108,3995377.25,-
2018-03-29,1843.44,1842.19,7.04,0.38%,1825.97,1857.32,20528228,3413324.0,-
2018-03-30,1850.2,1900.48,58.29,3.16%,1849.25,1900.96,26234020,4396493.0,-
2018-04-02,1911.57,1900.26,-0.22,-0.01%,1891.96,1918.22,25412854,4647122.5,-
2018-04-03,1869.87,1872.47,-27.78,-1.46%,1850.01,1886.97,21000340,3689883.75,-
2018-04-04,1880.33,1836.81,-35.66,-1.90%,1834.67,1887.11,18745064,3173175.75,-
2018-04-09,1830.88,1841.65,4.84,0.26%,1819.09,1862.97,17622960,2925862.25,-
2018-04-10,1838.89,1835.52,-6.13,-0.33%,1811.35,1842.22,19089260,3156517.25,-
2018-04-11,1840.09,1834.63,-0.89,-0.05%,1832.42,1857.92,17014662,2863589.5,-
2018-04-12,1830.91,1826.89,-7.74,-0.42%,1826.69,1848.63,13785864,2386549.0,-
2018-04-13,1840.87,1824.59,-2.3,-0.13%,1822.66,1848.92,14069210,2378967.0,-
2018-04-16,1818.25,1838.71,14.12,0.77%,1816.32,1852.08,19130736,3188351.75,-
2018-04-17,1843.75,1783.74,-54.97,-2.99%,1783.74,1849.69,20054650,3363982.5,-
2018-04-18,1793.83,1822.26,38.52,2.16%,1757.39,1832.99,22856328,3833872.0,-
2018-04-19,1815.45,1820.28,-1.98,-0.11%,1812.93,1839.13,18856374,3114665.25,-
2018-04-20,1813.75,1782.81,-37.47,-2.06%,1781.21,1830.73,20517748,3210918.0,-
2018-04-23,1784.15,1753.05,-29.76,-1.67%,1729.9,1794.68,19226568,2999060.25,-
2018-04-24,1753.64,1806.86,53.81,3.07%,1749.18,1806.9,19166452,3026708.25,-
2018-04-25,1798.0,1819.41,12.55,0.69%,1795.79,1825.23,17577466,3001551.25,-
2018-04-26,1818.69,1781.28,-38.13,-2.10%,1780.62,1819.43,15737440,2613344.5,-
2018-04-27,1790.3,1805.6,24.32,1.37%,1779.18,1813.57,16989168,2847150.5,-
2018-05-02,1814.63,1801.57,-4.03,-0.22%,1788.01,1833.27,15865572,2671835.25,-
2018-05-03,1797.12,1826.79,25.22,1.40%,1767.6,1827.77,18320908,2991356.75,-
2018-05-04,1821.02,1814.86,-11.93,-0.65%,1812.07,1832.96,14025635,2386727.0,-
2018-05-07,1819.67,1852.34,37.48,2.07%,1819.02,1854.3,16159712,2765611.75,-
2018-05-08,1852.69,1856.87,4.53,0.24%,1842.63,1857.95,15375296,2628414.0,-
2018-05-09,1853.83,1855.81,-1.06,-0.06%,1845.9,1861.94,13315099,2271178.0,-
2018-05-10,1857.99,1865.36,9.55,0.51%,1846.11,1866.81,15127404,2627614.75,-
2018-05-11,1866.93,1834.78,-30.58,-1.64%,1834.78,1870.0,15771494,2731733.5,-
2018-05-14,1835.7,1830.98,-3.8,-0.21%,1825.69,1844.65,16665850,2847165.5,-
2018-05-15,1830.84,1858.01,27.03,1.48%,1825.51,1858.99,15362835,2598103.75,-
2018-05-16,1850.01,1846.68,-11.33,-0.61%,1845.09,1862.29,13391534,2426133.75,-
2018-05-17,1845.28,1831.21,-15.46,-0.84%,1826.23,1851.12,10980008,1911644.0,-
2018-05-18,1829.06,1836.75,5.54,0.30%,1812.66,1839.0,12106339,2069147.0,-
2018-05-21,1845.76,1862.48,25.73,1.40%,1845.76,1870.57,16815400,2868369.5,-
2018-05-22,1860.63,1876.0,13.52,0.73%,1858.11,1876.16,14602566,2460598.5,-
2018-05-23,1869.5,1845.97,-30.03,-1.60%,1845.81,1876.2,14570025,2477246.75,-
2018-05-24,1847.81,1838.4,-7.57,-0.41%,1837.44,1855.99,13607511,2205125.75,-
2018-05-25,1835.42,1804.55,-33.85,-1.84%,1804.55,1841.64,16111611,2516232.5,-
2018-05-28,1804.78,1796.91,-7.64,-0.42%,1788.04,1815.22,14093091,2305907.0,-
2018-05-29,1795.72,1773.65,-23.26,-1.29%,1773.62,1815.2,13830940,2326923.5,-
2018-05-30,1744.24,1726.22,-47.43,-2.67%,1724.28,1758.87,16605988,2581681.0,-
2018-05-31,1741.32,1743.74,17.52,1.01%,1714.85,1748.53,14120851,2214186.25,-
2018-06-01,1734.35,1709.55,-34.19,-1.96%,1699.68,1744.01,12174330,1923757.88,-
2018-06-04,1709.57,1702.93,-6.62,-0.39%,1690.99,1715.42,12355914,1914168.5,-
2018-06-05,1702.37,1746.11,43.18,2.54%,1702.37,1747.75,13695946,2157190.25,-
2018-06-06,1744.17,1743.25,-2.86,-0.16%,1735.37,1751.97,13196366,2147344.0,-
2018-06-07,1747.93,1730.38,-12.87,-0.74%,1728.06,1750.51,12368652,1871252.88,-
2018-06-08,1726.3,1711.52,-18.86,-1.09%,1698.25,1727.49,12292790,1867883.88,-
2018-06-11,1707.14,1688.62,-22.9,-1.34%,1684.31,1708.2,10855214,1721263.12,-
2018-06-12,1692.67,1712.77,24.15,1.43%,1681.0,1715.66,11753623,1815599.75,-
2018-06-13,1711.53,1685.9,-26.87,-1.57%,1685.9,1711.53,11063256,1619181.12,-
2018-06-14,1682.84,1673.32,-12.58,-0.75%,1669.38,1702.69,11346422,1547728.12,-
2018-06-15,1673.9,1641.66,-31.66,-1.89%,1636.7,1681.89,12913924,1784636.88,-
2018-06-19,1612.9,1547.15,-94.51,-5.76%,1532.32,1626.87,17423206,2363016.5,-
2018-06-20,1540.61,1563.79,16.64,1.08%,1525.29,1577.62,15691734,2191280.25,-
2018-06-21,1562.37,1521.68,-42.11,-2.69%,1521.56,1570.6,15020622,1989196.0,-
2018-06-22,1514.04,1549.66,27.98,1.84%,1506.62,1555.72,12982488,1663654.5,-
2018-06-25,1563.74,1538.57,-11.09,-0.72%,1537.27,1566.78,12262467,1681528.88,-
2018-06-26,1518.5,1564.92,26.36,1.71%,1515.27,1570.28,15040945,1972973.38,-
2018-06-27,1564.29,1546.23,-18.69,-1.19%,1542.52,1572.61,13084202,1723907.12,-
2018-06-28,1544.65,1543.66,-2.57,-0.17%,1540.89,1570.9,13639018,1803517.75,-
2018-06-29,1547.15,1606.72,63.06,4.08%,1547.15,1609.73,16980020,2354558.5,-
2018-07-02,1605.21,1588.37,-18.34,-1.14%,1572.56,1614.34,14941354,2243852.25,-
2018-07-03,1589.5,1607.12,18.75,1.18%,1558.0,1613.83,16824166,2498757.0,-
2018-07-04,1595.89,1565.61,-41.51,-2.58%,1557.54,1596.0,13819654,2019586.0,-
2018-07-05,1560.98,1532.68,-32.93,-2.10%,1532.43,1576.99,12201738,1733582.62,-
2018-07-06,1532.05,1541.31,8.63,0.56%,1517.06,1571.02,16682890,2368807.0,-
2018-07-09,1546.01,1581.93,40.62,2.64%,1546.01,1582.53,14511007,2183957.75,-
2018-07-10,1583.74,1592.98,11.05,0.70%,1577.39,1594.0,13430172,2018048.38,-
2018-07-11,1562.59,1563.01,-29.97,-1.88%,1540.7,1577.17,16415462,2357418.5,-
2018-07-12,1563.79,1614.63,51.62,3.30%,1563.79,1620.64,24418004,3109294.0,-
2018-07-13,1612.19,1618.46,3.83,0.24%,1608.6,1626.27,20929748,2716569.25,-
2018-07-16,1614.56,1616.91,-1.55,-0.10%,1605.21,1624.33,18078672,2418122.0,-
2018-07-17,1615.84,1621.63,4.72,0.29%,1597.88,1622.08,18278028,2290810.5,-
2018-07-18,1622.29,1607.88,-13.75,-0.85%,1607.88,1635.91,19407406,2691492.75,-
2018-07-19,1607.93,1590.06,-17.82,-1.11%,1582.97,1619.39,16802660,2328794.0,-
2018-07-20,1589.31,1609.55,19.49,1.23%,1578.8,1615.06,17020662,2446492.25,-
2018-07-23,1592.24,1620.97,11.42,0.71%,1589.64,1621.17,19383320,2835624.5,-
2018-07-24,1615.72,1629.61,8.64,0.53%,1607.54,1641.97,22015628,3272562.0,-
2018-07-25,1629.13,1632.32,2.71,0.17%,1626.09,1645.44,19765266,2949122.0,-
2018-07-26,1631.46,1606.12,-26.2,-1.61%,1601.46,1635.05,21045712,2633266.75,-
2018-07-27,1601.27,1594.57,-11.54,-0.72%,1590.43,1607.3,17633148,2090759.38,-
2018-07-30,1593.6,1559.64,-34.93,-2.19%,1554.04,1596.73,15519807,2078051.12,-
2018-07-31,1557.6,1561.26,1.62,0.10%,1551.09,1571.87,13617956,1909014.75,-
2018-08-01,1568.12,1541.86,-19.4,-1.24%,1541.86,1580.83,14283058,1996999.25,-
2018-08-02,1538.28,1510.09,-31.77,-2.06%,1484.48,1538.94,18520916,2516021.75,-
2018-08-03,1512.57,1481.61,-28.48,-1.89%,1481.61,1523.24,12541453,1787077.38,-
2018-08-06,1471.36,1440.8,-40.81,-2.75%,1434.79,1485.85,14467096,1964920.62,-
2018-08-07,1445.62,1479.44,38.64,2.68%,1435.09,1482.03,14065612,1954613.25,-
2018-08-08,1475.32,1447.76,-31.68,-2.14%,1446.81,1480.28,13115154,1689666.12,-
2018-08-09,1443.87,1497.61,49.85,3.44%,1443.3,1509.87,16915432,2264756.0,-
2018-08-10,1496.1,1511.71,14.1,0.94%,1496.1,1514.51,12615442,1731947.5,-
2018-08-13,1494.31,1531.34,19.63,1.30%,1490.82,1534.12,14108623,1972904.75,-
2018-08-14,1530.45,1518.49,-12.85,-0.84%,1512.16,1533.07,12228234,1541933.12,-
2018-08-15,1518.28,1478.51,-39.98,-2.63%,1472.44,1519.72,14317773,1777331.88,-
2018-08-16,1458.39,1463.87,-14.64,-0.99%,1449.93,1489.34,14032067,1801616.62,-
2018-08-17,1475.89,1434.31,-29.56,-2.02%,1432.06,1480.43,12844773,1799931.12,-
2018-08-20,1428.26,1435.69,1.38,0.10%,1404.19,1444.0,13831670,1892994.88,-
2018-08-21,1435.36,1456.97,21.28,1.48%,1431.84,1461.38,13001976,1841386.25,-
2018-08-22,1454.71,1439.55,-17.42,-1.20%,1437.26,1457.79,11136124,1452107.75,-
2018-08-23,1439.66,1455.5,15.95,1.11%,1438.28,1463.02,12572289,1699567.75,-
2018-08-24,1450.95,1450.09,-5.41,-0.37%,1442.81,1460.65,10826024,1395983.12,-
2018-08-27,1455.66,1493.43,43.34,2.99%,1454.28,1495.68,15234662,2031413.25,-
2018-08-28,1495.9,1493.11,-0.32,-0.02%,1485.54,1499.68,12811247,1752656.88,-
2018-08-29,1491.78,1481.19,-11.92,-0.80%,1475.97,1491.78,11218318,1515819.38,-
2018-08-30,1479.85,1457.92,-23.27,-1.57%,1456.24,1484.17,11612959,1502044.75,-
2018-08-31,1450.47,1435.2,-22.72,-1.56%,1434.31,1455.51,10573515,1364803.62,-
2018-09-03,1433.63,1443.69,8.49,0.59%,1416.24,1445.3,12544986,1593358.5,-
2018-09-04,1442.28,1455.5,11.81,0.82%,1430.66,1461.11,15921962,1943847.12,-
2018-09-05,1450.39,1430.24,-25.26,-1.74%,1430.24,1457.59,15629752,1764616.25,-
2018-09-06,1424.46,1422.87,-7.37,-0.52%,1416.57,1443.56,13597706,1683917.25,-
2018-09-07,1426.98,1425.23,2.36,0.17%,1415.17,1453.09,16055055,1940861.12,-
2018-09-10,1424.01,1390.82,-34.41,-2.41%,1390.14,1427.33,16312677,1857937.38,-
2018-09-11,1389.54,1395.17,4.35,0.31%,1383.13,1405.98,12745190,1422361.88,-
2018-09-12,1394.16,1385.8,-9.37,-0.67%,1382.84,1406.4,12204104,1542589.12,-
2018-09-13,1401.96,1391.28,5.48,0.40%,1369.51,1408.87,13035354,1786872.0,-
2018-09-14,1394.08,1366.57,-24.71,-1.78%,1366.56,1396.47,13073015,1677183.75,-
2018-09-17,1360.72,1349.78,-16.78,-1.23%,1345.58,1365.4,11047743,1337709.38,-
2018-09-18,1348.11,1377.3,27.52,2.04%,1347.12,1379.38,12400987,1483394.25,-
2018-09-19,1375.21,1392.4,15.1,1.10%,1369.47,1405.71,15173453,1846617.25,-
2018-09-20,1391.25,1387.62,-4.78,-0.34%,1384.71,1400.04,11431631,1264480.25,-
2018-09-21,1393.68,1411.12,23.5,1.69%,1382.41,1413.56,13526163,1621857.75,-
2018-09-25,1401.86,1405.81,-5.31,-0.38%,1398.4,1416.78,9452978,1183901.5,-
2018-09-26,1409.02,1420.75,14.94,1.06%,1403.56,1430.12,12977261,1615916.12,-
2018-09-27,1418.37,1400.36,-20.39,-1.44%,1399.15,1423.39,13788975,1652653.38,-
2018-09-28,1403.96,1411.34,10.98,0.78%,1394.25,1412.95,12766889,1581356.88,-
2018-10-08,1380.65,1353.67,-57.67,-4.09%,1353.23,1388.16,11304826,1604678.88,-
2018-10-09,1357.97,1345.95,-7.72,-0.57%,1338.73,1365.83,9113748,1374585.5,-
2018-10-10,1350.68,1346.71,0.76,0.06%,1333.84,1358.49,8794575,1261021.75,-
2018-10-11,1299.17,1261.88,-84.82,-6.30%,1255.42,1311.84,15141865,1906239.88,-
2018-10-12,1253.92,1268.41,6.53,0.52%,1230.4,1276.59,14478218,1695483.5,-
2018-10-15,1268.88,1250.22,-18.19,-1.43%,1249.2,1282.29,11205219,1445368.62,-
2018-10-16,1249.56,1216.69,-33.53,-2.68%,1210.1,1252.04,11639901,1426043.75,-
2018-10-17,1231.0,1231.86,15.17,1.25%,1204.08,1237.77,15470698,1898648.0,-
2018-10-18,1220.29,1205.03,-26.83,-2.18%,1205.03,1230.13,14078150,1679561.38,-
2018-10-19,1186.49,1249.89,44.86,3.72%,1184.91,1252.69,16170516,2050272.62,-
2018-10-22,1270.5,1314.95,65.06,5.21%,1270.49,1329.56,22268718,2956690.0,-
2018-10-23,1313.68,1292.06,-22.88,-1.74%,1281.11,1321.97,16998774,2185193.75,-
2018-10-24,1285.86,1284.1,-7.96,-0.62%,1277.59,1303.23,14085239,1918518.12,-
2018-10-25,1245.3,1273.6,-10.5,-0.82%,1239.59,1279.94,13681340,1840540.5,-
2018-10-26,1283.07,1263.19,-10.41,-0.82%,1257.5,1290.57,12721339,1642679.5,-
2018-10-29,1262.54,1250.48,-12.71,-1.01%,1245.15,1271.35,12160096,1529487.5,-
2018-10-30,1248.67,1259.95,9.47,0.76%,1222.62,1279.04,15625868,1970198.75,-
2018-10-31,1263.34,1275.57,15.62,1.24%,1259.66,1287.35,12831986,1644162.75,-
2018-11-01,1291.88,1286.33,10.76,0.84%,1286.33,1312.77,18441544,2276866.75,-
2018-11-02,1328.46,1348.28,61.95,4.82%,1320.74,1349.43,22725862,2885813.5,-
2018-11-05,1347.47,1348.88,0.6,0.04%,1325.02,1371.43,20858910,2638807.25,-
2018-11-06,1346.53,1349.11,0.23,0.02%,1327.4,1350.82,14501530,1870822.75,-
2018-11-07,1349.62,1345.77,-3.34,-0.25%,1345.2,1367.27,15529924,2130777.0,-
2018-11-08,1357.89,1329.59,-16.18,-1.20%,1328.99,1359.29,13176484,1769709.75,-
2018-11-09,1321.32,1322.83,-6.76,-0.51%,1318.21,1337.39,11299176,1436285.0,-
2018-11-12,1322.87,1368.79,45.96,3.47%,1320.52,1370.87,18121236,2321836.5,-
2018-11-13,1356.62,1392.06,23.27,1.70%,1353.63,1400.87,24086500,2875028.25,-
2018-11-14,1388.23,1385.73,-6.32,-0.45%,1382.79,1401.43,17838718,2127273.25,-
2018-11-15,1382.34,1405.25,19.52,1.41%,1381.29,1405.39,17195366,2200826.75,-
2018-11-16,1406.73,1403.28,-1.97,-0.14%,1390.81,1415.38,18580642,2516269.75,-
2018-11-19,1399.01,1394.4,-8.88,-0.63%,1380.6,1403.94,15720956,1964175.75,-
2018-11-20,1384.18,1355.33,-39.07,-2.80%,1352.73,1385.96,15877219,2035854.38,-
2018-11-21,1344.4,1363.03,7.7,0.57%,1342.16,1364.76,13911008,1836423.38,-
2018-11-22,1365.48,1353.92,-9.11,-0.67%,1349.99,1371.39,11257245,1436516.12,-
2018-11-23,1355.17,1308.74,-45.18,-3.34%,1306.56,1355.17,15971081,1907264.5,-
2018-11-26,1309.47,1304.56,-4.18,-0.32%,1296.03,1316.47,10083208,1273013.5,-
2018-11-27,1314.09,1315.43,10.87,0.83%,1307.2,1322.41,11131379,1432708.12,-
2018-11-28,1314.53,1341.08,25.65,1.95%,1305.02,1341.51,15170743,1831209.38,-
2018-11-29,1347.74,1312.72,-28.36,-2.11%,1312.72,1351.97,14024132,1779636.38,-
2018-11-30,1309.89,1329.39,16.67,1.27%,1304.66,1332.94,11489507,1465255.75,-
2018-12-03,1365.9,1372.79,43.4,3.26%,1358.1,1380.82,19791240,2557376.5,-
2018-12-04,1370.29,1378.75,5.96,0.43%,1366.49,1378.99,13517495,1695660.25,-
2018-12-05,1359.27,1381.77,3.02,0.22%,1355.7,1391.03,15684635,2002844.0,-
2018-12-06,1371.34,1345.76,-36.01,-2.61%,1342.81,1376.32,14807249,1964326.75,-
2018-12-07,1344.13,1341.02,-4.74,-0.35%,1334.39,1349.26,11504625,1519398.75,-
2018-12-10,1328.06,1326.85,-14.17,-1.06%,1325.91,1340.16,11475272,1569047.5,-
2018-12-11,1332.52,1338.08,11.23,0.85%,1328.44,1339.02,10126820,1313189.38,-
2018-12-12,1343.9,1338.73,0.65,0.05%,1335.35,1347.74,9745640,1331656.0,-
2018-12-13,1341.55,1348.5,9.77,0.73%,1327.02,1357.02,12403219,1678967.88,-
2018-12-17,1303.88,1299.18,-11.28,-0.86%,1284.66,1306.95,10905213,1424386.75,-
2018-12-18,1293.15,1293.34,-5.84,-0.45%,1282.96,1307.9,10272906,1326251.38,-
2018-12-19,1295.89,1268.81,-24.52,-1.90%,1265.75,1296.86,9520940,1319538.88,-
2018-12-20,1266.76,1278.16,9.35,0.74%,1265.88,1282.11,9517377,1271321.88,-
2018-12-21,1274.04,1270.3,-7.86,-0.61%,1259.81,1279.49,10074037,1318616.25,-
2018-12-24,1267.23,1284.33,14.03,1.10%,1263.57,1285.69,9081679,1207391.75,-
2018-12-25,1269.14,1273.45,-10.88,-0.85%,1243.97,1279.7,14220877,1668802.12,-
2018-12-26,1272.24,1264.07,-9.38,-0.74%,1262.34,1280.36,11431722,1294561.75,-
2018-12-27,1283.17,1248.08,-15.99,-1.26%,1246.79,1285.52,13641861,1587255.5,-
2018-12-28,1248.06,1250.53,2.45,0.20%,1236.28,1253.84,13053377,1536091.5,-
2019-01-02,1250.62,1228.77,-21.76,-1.74%,1226.87,1251.22,11199657,1489121.62,-
2019-01-03,1226.74,1214.5,-14.27,-1.16%,1213.87,1240.29,12506396,1558587.12,-
2019-01-04,1203.67,1245.16,30.66,2.52%,1201.81,1246.39,16001078,2020453.75,-
2019-01-07,1250.4,1268.06,22.9,1.84%,1244.82,1270.36,15362258,1985228.38,-
2019-01-08,1262.2,1263.51,-4.55,-0.36%,1258.57,1270.43,12761560,1624054.12,-
2019-01-09,1263.73,1262.52,-0.99,-0.08%,1258.62,1285.31,15219896,2010680.88,-
2019-01-10,1262.1,1258.99,-3.53,-0.28%,1255.74,1270.66,12575277,1579027.5,-
2019-01-11,1260.0,1261.56,2.57,0.20%,1252.3,1266.67,12009480,1440465.38,-
2019-01-14,1263.02,1246.0,-15.56,-1.23%,1243.53,1264.04,11267154,1446288.75,-
2019-01-15,1243.94,1266.28,20.28,1.63%,1238.59,1267.65,13787643,1660979.25,-
2019-01-16,1267.14,1267.31,1.04,0.08%,1262.27,1277.27,13045521,1618341.0,-
2019-01-17,1267.82,1251.41,-15.9,-1.25%,1251.15,1267.82,11956855,1464917.75,-
2019-01-18,1255.59,1269.51,18.1,1.45%,1248.85,1270.0,12841873,1591685.38,-
2019-01-21,1271.39,1274.79,5.28,0.42%,1266.8,1283.14,13071121,1726646.12,-
2019-01-22,1273.47,1252.24,-22.55,-1.77%,1247.45,1273.47,11996864,1513250.62,-
2019-01-23,1250.83,1251.13,-1.11,-0.09%,1244.94,1255.41,9519692,1185357.88,-
2019-01-24,1252.39,1265.16,14.03,1.12%,1248.06,1272.49,13865211,1757478.5,-
2019-01-25,1266.63,1265.49,0.33,0.03%,1261.41,1276.98,14405344,1907284.38,-
2019-01-28,1272.37,1259.74,-5.75,-0.45%,1257.53,1279.82,13363469,1683830.5,-
2019-01-29,1259.8,1243.59,-16.15,-1.28%,1229.48,1259.8,14122638,1681396.25,-
2019-01-30,1238.28,1230.82,-12.77,-1.03%,1230.82,1248.96,12530378,1551180.62,-
2019-01-31,1231.0,1227.99,-2.83,-0.23%,1220.95,1243.59,15163048,1732247.12,-
2019-02-01,1233.38,1271.28,43.29,3.53%,1233.38,1272.19,15663791,1969856.5,-
2019-02-11,1275.22,1316.1,44.82,3.53%,1274.73,1319.18,17184038,2321113.0,-
2019-02-12,1316.91,1332.27,16.17,1.23%,1314.92,1336.14,17443450,2254977.0,-
2019-02-13,1335.16,1357.67,25.4,1.91%,1333.1,1362.64,23064984,3014129.25,-
2019-02-14,1357.78,1361.94,4.27,0.31%,1349.47,1369.78,18241290,2430433.25,-
2019-02-15,1360.76,1357.84,-4.1,-0.30%,1355.78,1371.96,19162600,2430981.0,-
2019-02-18,1364.94,1413.6,55.76,4.11%,1364.94,1413.77,24648898,3200111.5,-
2019-02-19,1419.04,1406.04,-7.56,-0.53%,1391.57,1427.14,26630490,3472169.75,-
2019-02-20,1406.99,1408.38,2.34,0.17%,1387.9,1417.89,18890534,2512977.5,-
2019-02-21,1405.52,1412.54,4.16,0.30%,1401.77,1452.39,28641542,3836942.0,-
2019-02-22,1409.86,1456.3,43.76,3.10%,1407.29,1456.31,28199156,3884117.25,-
2019-02-25,1487.3,1536.37,80.07,5.50%,1481.17,1538.16,41554408,5804409.5,-
2019-02-26,1549.24,1546.99,10.62,0.69%,1532.44,1581.83,47469136,7160125.0,-
2019-02-27,1544.16,1520.42,-26.57,-1.72%,1503.68,1555.59,35819908,5232335.5,-
2019-02-28,1522.63,1535.68,15.26,1.00%,1519.76,1549.33,28814986,4253593.0,-
2019-03-01,1558.9,1567.87,32.19,2.10%,1532.45,1568.32,28730978,4519409.5,-
2019-03-04,1596.55,1619.71,51.84,3.31%,1593.26,1651.01,44510484,6849204.5,-
2019-03-05,1615.59,1676.57,56.86,3.51%,1613.5,1676.57,41959136,5874401.5,-
2019-03-06,1684.97,1700.5,23.93,1.43%,1661.01,1704.1,46693436,6714589.0,-
2019-03-07,1699.6,1692.42,-8.08,-0.47%,1666.37,1719.15,46482152,6883695.0,-
2019-03-08,1647.85,1654.49,-37.93,-2.24%,1635.45,1718.38,52931348,7939060.5,-
2019-03-11,1673.41,1727.8,73.32,4.43%,1656.14,1728.33,42963864,6513244.0,-
2019-03-12,1733.43,1773.43,45.63,2.64%,1733.43,1789.16,53360432,8178813.5,-
2019-03-13,1769.55,1693.86,-79.57,-4.49%,1682.36,1769.55,42072292,6497215.5,-
2019-03-14,1676.61,1650.19,-43.67,-2.58%,1628.64,1700.52,34628184,5348333.0,-
2019-03-15,1667.78,1662.62,12.43,0.75%,1642.7,1685.08,26903046,4241802.5,-
2019-03-18,1671.28,1707.06,44.44,2.67%,1652.88,1707.06,27135448,4469081.5,-
2019-03-19,1706.19,1708.87,1.81,0.11%,1693.54,1730.35,27550334,4198792.5,-
2019-03-20,1701.73,1687.9,-20.97,-1.23%,1654.3,1705.59,28214300,4421260.0,-
2019-03-21,1683.55,1703.86,15.96,0.95%,1677.66,1716.44,34060044,5006443.0,-
2019-03-22,1703.97,1693.87,-9.98,-0.59%,1660.33,1703.97,26210148,3988580.0,-
2019-03-25,1662.76,1668.84,-25.02,-1.48%,1658.45,1695.09,25234122,3980083.5,-
2019-03-26,1680.78,1630.19,-38.65,-2.32%,1627.23,1684.36,26324038,3974280.5,-
2019-03-27,1640.2,1637.77,7.58,0.46%,1616.6,1645.56,20977684,3296098.5,-
2019-03-28,1632.04,1626.82,-10.95,-0.67%,1624.01,1659.94,19861988,3103251.0,-
2019-03-29,1633.38,1693.55,66.73,4.10%,1628.74,1693.55,26730104,4355999.5,-
2019-04-01,1710.16,1760.89,67.34,3.98%,1710.16,1766.37,32975988,5437991.5,-
2019-04-02,1771.69,1754.16,-6.73,-0.38%,1747.44,1774.98,34219304,5741129.5,-
2019-04-03,1743.99,1768.18,14.02,0.80%,1739.14,1769.76,29107526,4702401.5,-
2019-04-04,1780.28,1777.26,9.08,0.51%,1761.05,1784.47,30218706,5015888.0,-
2019-04-08,1787.96,1739.66,-37.6,-2.12%,1720.0,1792.03,32140094,5329939.5,-
2019-04-09,1734.18,1741.17,1.52,0.09%,1721.32,1753.52,25206952,3926616.0,-
2019-04-10,1727.97,1726.64,-14.53,-0.83%,1714.64,1740.85,30247518,4569363.0,-
2019-04-11,1727.22,1691.1,-35.54,-2.06%,1688.1,1732.61,25071358,3855340.25,-
2019-04-12,1692.43,1695.73,4.63,0.27%,1683.29,1702.35,19547786,3010825.5,-
2019-04-15,1721.64,1666.9,-28.83,-1.70%,1666.65,1726.2,22586542,3697827.75,-
2019-04-16,1656.76,1697.53,30.63,1.84%,1638.3,1697.53,25315162,4079901.5,-
2019-04-17,1699.19,1717.44,19.91,1.17%,1697.97,1729.21,27809076,4484895.0,-
2019-04-18,1715.18,1704.55,-12.89,-0.75%,1702.93,1719.96,21725606,3285257.5,-
2019-04-19,1704.72,1715.8,11.25,0.66%,1692.49,1715.8,22604964,3191589.5,-
2019-04-22,1720.78,1697.51,-18.28,-1.07%,1690.64,1723.56,23906952,3548199.0,-
2019-04-23,1695.27,1683.8,-13.71,-0.81%,1677.73,1706.08,20424286,3094966.75,-
2019-04-24,1690.28,1718.85,35.05,2.08%,1676.64,1721.42,22798736,3318731.5,-
2019-04-25,1709.83,1669.98,-48.87,-2.84%,1669.24,1723.66,25159872,3671226.25,-
2019-04-26,1664.04,1657.82,-12.16,-0.73%,1653.69,1682.46,21914298,3183373.25,-
2019-04-29,1658.19,1615.62,-42.2,-2.55%,1611.22,1661.06,24909550,3634528.25,-
2019-04-30,1612.11,1623.78,8.16,0.51%,1608.72,1634.71,17907326,2572322.5,-
2019-05-06,1551.72,1494.89,-128.89,-7.94%,1487.45,1563.61,25052222,3433241.75,-
2019-05-07,1506.97,1504.16,9.27,0.62%,1474.5,1523.66,19879050,2842763.5,-
2019-05-08,1469.24,1481.87,-22.29,-1.48%,1465.09,1515.16,16692556,2381050.25,-
2019-05-09,1470.98,1469.48,-12.39,-0.84%,1466.97,1491.38,14806177,2087875.62,-
2019-05-10,1489.19,1533.87,64.39,4.38%,1463.19,1535.16,22771458,3255422.0,-
2019-05-13,1513.96,1503.07,-30.8,-2.01%,1494.48,1523.88,15384498,2208261.75,-
2019-05-14,1492.9,1494.6,-8.46,-0.56%,1491.44,1517.67,14827272,2151244.75,-
2019-05-15,1509.45,1528.69,34.09,2.28%,1503.67,1533.73,16184257,2346487.25,-
2019-05-16,1528.63,1533.67,4.98,0.33%,1515.61,1537.59,15652127,2317077.75,-
2019-05-17,1537.45,1478.75,-54.92,-3.58%,1472.46,1537.45,19315650,2668025.75,-
2019-05-20,1478.2,1469.31,-9.44,-0.64%,1450.28,1481.19,16564756,2359473.75,-
2019-05-21,1469.97,1493.72,24.41,1.66%,1465.88,1504.21,15078211,2200226.0,-
2019-05-22,1493.66,1488.63,-5.09,-0.34%,1477.46,1503.81,14773772,1990844.25,-
2019-05-23,1486.95,1451.25,-37.38,-2.51%,1449.14,1486.95,16120397,2209093.0,-
2019-05-24,1452.04,1443.75,-7.5,-0.52%,1437.93,1465.24,14934259,1878827.38,-
2019-05-27,1447.98,1491.95,48.2,3.34%,1445.79,1496.79,18307256,2525156.0,-
2019-05-28,1497.12,1505.16,13.21,0.89%,1483.76,1506.78,16043716,2403700.25,-
2019-05-29,1492.58,1497.89,-7.27,-0.48%,1488.04,1507.18,12605893,1729502.62,-
2019-05-30,1494.35,1485.24,-12.65,-0.84%,1466.83,1495.24,13465667,1835274.62,-
2019-05-31,1487.28,1483.66,-1.58,-0.11%,1474.53,1498.24,12699988,1677264.75,-
2019-06-03,1489.43,1468.98,-14.68,-0.99%,1466.27,1499.01,14332631,1952470.88,-
2019-06-04,1467.59,1456.27,-12.71,-0.87%,1448.0,1476.21,12430493,1714281.62,-
2019-06-05,1471.95,1451.18,-5.09,-0.35%,1448.99,1475.54,12424465,1852446.12,-
2019-06-06,1450.1,1416.06,-35.12,-2.42%,1411.61,1450.1,13309658,1831026.25,-
2019-06-10,1422.34,1431.34,15.28,1.08%,1410.57,1441.17,12257873,1741746.0,-
2019-06-11,1432.95,1487.35,56.01,3.91%,1430.09,1488.93,19335496,2752278.5,-
2019-06-12,1481.42,1473.9,-13.45,-0.90%,1467.54,1486.6,14620554,2086432.0,-
2019-06-13,1474.55,1479.83,5.93,0.40%,1464.84,1485.71,14586327,1988135.88,-
2019-06-14,1478.53,1453.96,-25.87,-1.75%,1451.66,1489.47,16016380,2229529.0,-
2019-06-17,1450.56,1442.35,-11.61,-0.80%,1437.14,1459.21,9968822,1674287.38,-
2019-06-18,1443.65,1455.75,13.4,0.93%,1437.04,1460.19,9075484,1480775.12,-
2019-06-19,1501.25,1469.99,14.24,0.98%,1469.59,1504.41,16878786,2674605.5,-
2019-06-20,1469.81,1498.01,28.02,1.91%,1463.82,1507.62,18628200,2860227.75,-
2019-06-21,1531.39,1523.81,25.8,1.72%,1515.91,1534.49,22783504,3430951.75,-
2019-06-24,1526.7,1514.47,-9.34,-0.61%,1507.69,1526.7,15288916,2362789.25,-
2019-06-25,1512.93,1498.47,-16.0,-1.06%,1480.27,1512.93,14267917,2266181.75,-
2019-06-26,1490.56,1504.55,6.08,0.41%,1487.76,1511.53,12060375,2044691.25,-
2019-06-27,1510.09,1525.24,20.69,1.38%,1507.97,1529.72,14898112,2428682.75,-
2019-06-28,1523.79,1511.51,-13.73,-0.90%,1501.63,1523.79,11982260,1860905.62,-
2019-07-01,1545.06,1568.16,56.65,3.75%,1534.56,1568.4,20994432,3473893.5,-
2019-07-02,1565.99,1570.51,2.35,0.15%,1560.6,1577.03,15251091,2710891.25,-
2019-07-03,1566.3,1544.36,-26.15,-1.67%,1538.37,1566.3,13842450,2512611.0,-
2019-07-04,1548.56,1532.74,-11.62,-0.75%,1525.29,1551.14,12832420,2060086.25,-
2019-07-05,1535.48,1547.74,15.0,0.98%,1532.86,1551.94,11035427,1827480.0,-
2019-07-08,1547.6,1506.66,-41.08,-2.65%,1495.23,1547.6,15274890,2373799.0,-
2019-07-09,1507.39,1517.79,11.13,0.74%,1501.74,1521.71,11196859,1833872.62,-
2019-07-10,1521.95,1510.44,-7.35,-0.48%,1504.66,1523.81,10144479,1734021.5,-
2019-07-11,1522.81,1514.2,3.76,0.25%,1507.7,1531.64,10736522,1713285.25,-
2019-07-12,1517.04,1518.07,3.87,0.26%,1506.7,1525.69,11555878,1757218.62,-
2019-07-15,1512.77,1547.47,29.4,1.94%,1496.81,1556.05,19397828,3010556.75,-
2019-07-16,1545.34,1545.27,-2.2,-0.14%,1538.62,1551.99,13015436,2171192.0,-
2019-07-17,1544.42,1550.22,4.95,0.32%,1541.37,1563.05,14157773,2278748.0,-
2019-07-18,1542.43,1524.48,-25.74,-1.66%,1524.48,1542.66,12832497,1962489.62,-
2019-07-19,1532.38,1541.98,17.5,1.15%,1532.38,1552.74,12235974,1950326.38,-
2019-07-22,1545.91,1515.97,-26.01,-1.69%,1511.52,1545.93,13283130,2065485.62,-
2019-07-23,1519.63,1534.93,18.96,1.25%,1516.86,1535.04,10975133,1852107.12,-
2019-07-24,1539.23,1553.72,18.79,1.22%,1538.67,1562.13,15468119,2465703.5,-
2019-07-25,1552.85,1566.08,12.36,0.80%,1549.49,1567.33,13953251,2277009.75,-
2019-07-26,1562.2,1561.86,-4.22,-0.27%,1552.39,1565.44,11651923,1945932.0,-
2019-07-29,1561.27,1566.52,4.66,0.30%,1556.39,1566.74,12788954,1989712.5,-
2019-07-30,1568.16,1580.13,13.61,0.87%,1566.6,1593.69,16091867,2495674.5,-
2019-07-31,1577.2,1570.39,-9.74,-0.62%,1567.99,1578.75,11672462,1926424.75,-
2019-08-01,1562.53,1573.87,3.48,0.22%,1561.2,1578.86,12089676,2136091.0,-
2019-08-02,1539.92,1556.74,-17.13,-1.09%,1536.4,1559.12,15387921,2463826.5,-
2019-08-05,1552.35,1531.37,-25.37,-1.63%,1531.37,1566.73,15171976,2431890.75,-
2019-08-06,1501.4,1507.91,-23.46,-1.53%,1478.54,1517.68,18218460,2685047.75,-
2019-08-07,1520.58,1500.25,-7.66,-0.51%,1500.07,1523.62,12250926,1998618.25,-
2019-08-08,1512.27,1522.97,22.72,1.51%,1511.34,1526.18,11522267,2087933.5,-
2019-08-09,1532.97,1507.71,-15.26,-1.00%,1504.89,1536.25,12948562,2252510.5,-
2019-08-12,1511.32,1539.91,32.2,2.14%,1506.68,1539.91,14199791,2263878.75,-
2019-08-13,1526.08,1524.36,-15.55,-1.01%,1519.01,1535.98,13166390,2034833.0,-
2019-08-14,1546.21,1536.66,12.3,0.81%,1534.85,1551.44,17007572,2631332.25,-
2019-08-15,1507.95,1555.77,19.11,1.24%,1505.43,1556.01,18413506,2567547.25,-
2019-08-16,1554.72,1567.99,12.22,0.79%,1553.82,1584.38,20920452,3149835.5,-
2019-08-19,1586.01,1622.84,54.85,3.50%,1581.71,1622.84,29235840,4554310.5,-
2019-08-20,1624.8,1611.59,-11.25,-0.69%,1607.41,1630.32,22953176,3575578.5,-
2019-08-21,1614.3,1609.83,-1.76,-0.11%,1605.4,1616.08,18072646,2755967.5,-
2019-08-22,1614.13,1613.46,3.63,0.23%,1599.31,1615.61,17383272,2595504.25,-
2019-08-23,1614.54,1615.56,2.1,0.13%,1605.01,1623.19,17992568,3076935.25,-
2019-08-26,1588.55,1600.8,-14.76,-0.91%,1587.9,1608.2,17865812,2949732.25,-
2019-08-27,1611.9,1628.12,27.32,1.71%,1610.0,1646.87,21995392,3616505.75,-
2019-08-28,1629.99,1625.19,-2.93,-0.18%,1617.25,1632.69,16785928,2776725.25,-
2019-08-29,1625.95,1620.86,-4.33,-0.27%,1615.57,1632.96,16324900,2558199.5,-
2019-08-30,1630.05,1610.9,-9.96,-0.61%,1600.45,1637.26,21443622,3417213.75,-
2019-09-02,1614.03,1652.29,41.39,2.57%,1610.81,1655.42,22369154,3706446.75,-
2019-09-03,1656.05,1660.43,8.14,0.49%,1646.92,1662.38,23978396,3858091.25,-
2019-09-04,1656.59,1669.41,8.98,0.54%,1650.04,1669.41,23869498,3776973.5,-
2019-09-05,1682.44,1689.05,19.64,1.18%,1682.44,1708.97,32771374,5206084.0,-
2019-09-06,1699.66,1692.24,3.19,0.19%,1674.67,1700.19,25148756,4173061.75,-
2019-09-09,1702.99,1733.23,40.99,2.42%,1691.94,1733.23,31283062,5257477.5,-
2019-09-10,1733.63,1725.31,-7.92,-0.46%,1715.75,1734.97,27669814,4636420.0,-
2019-09-11,1730.35,1703.54,-21.77,-1.26%,1700.91,1736.18,21962670,3978506.75,-
2019-09-12,1713.59,1710.57,7.03,0.41%,1695.3,1715.33,18433726,3174757.5,-
2019-09-16,1715.92,1714.37,3.8,0.22%,1703.38,1723.11,21120054,3473547.75,-
2019-09-17,1710.77,1677.99,-36.38,-2.12%,1671.07,1710.77,22045376,3502126.75,-
2019-09-18,1683.15,1679.31,1.32,0.08%,1668.66,1687.11,18388048,3061509.0,-
2019-09-19,1684.93,1705.6,26.29,1.57%,1676.5,1706.86,18918736,3262290.0,-
2019-09-20,1709.23,1705.05,-0.55,-0.03%,1701.4,1716.84,20073096,3627874.25,-
2019-09-23,1699.34,1684.32,-20.73,-1.22%,1669.89,1699.34,20386912,3454584.75,-
2019-09-24,1685.12,1694.6,10.28,0.61%,1678.18,1706.82,22757022,4150228.5,-
2019-09-25,1686.19,1672.65,-21.95,-1.30%,1670.69,1689.23,22166772,3782022.75,-
2019-09-26,1677.79,1623.79,-48.86,-2.92%,1623.65,1680.93,22088766,3769437.5,-
2019-09-27,1628.14,1647.53,23.74,1.46%,1624.75,1653.06,19217914,2859521.25,-
2019-09-30,1648.9,1627.55,-19.98,-1.21%,1626.05,1651.87,16775671,2562620.75,-
2019-10-08,1631.92,1616.58,-10.96,-0.67%,1615.16,1638.72,17097992,2763502.75,-
2019-10-09,1613.02,1622.42,5.84,0.36%,1601.81,1623.18,15435420,2559278.0,-
2019-10-10,1632.22,1666.97,44.56,2.75%,1627.43,1668.17,19323030,3470440.75,-
2019-10-11,1667.95,1666.84,-0.13,-0.01%,1654.56,1675.74,21226306,3537438.0,-
2019-10-14,1678.79,1679.38,12.54,0.75%,1671.09,1690.94,23205452,3686512.25,-
2019-10-15,1676.24,1660.89,-18.49,-1.10%,1659.11,1676.24,23697624,3699785.25,-
2019-10-16,1661.0,1656.37,-4.52,-0.27%,1655.3,1671.77,20049808,3517214.25,-
2019-10-17,1657.93,1658.26,1.89,0.11%,1652.43,1664.1,16741194,2916534.25,-
2019-10-18,1662.61,1648.63,-9.63,-0.58%,1644.27,1674.92,18886028,3120781.25,-
2019-10-21,1651.29,1644.51,-4.12,-0.25%,1628.93,1651.29,16080645,2788121.5,-
2019-10-22,1649.76,1666.87,22.36,1.36%,1647.31,1667.21,16555613,2729021.0,-
2019-10-23,1668.71,1650.29,-16.58,-0.99%,1646.98,1672.43,14163841,2382055.75,-
2019-10-24,1650.79,1653.87,3.58,0.22%,1640.16,1658.39,13186661,2259705.0,-
2019-10-25,1655.29,1675.34,21.48,1.30%,1649.14,1677.03,15282719,2665558.5,-
2019-10-28,1687.37,1704.42,29.08,1.74%,1684.1,1704.78,26312616,4282356.0,-
2019-10-29,1702.16,1686.58,-17.84,-1.05%,1686.58,1706.31,26472290,4035113.0,-
2019-10-30,1684.6,1684.08,-2.5,-0.15%,1672.1,1689.83,19022678,3043736.25,-
2019-10-31,1688.42,1671.31,-12.77,-0.76%,1669.33,1693.39,17018682,2881810.0,-
2019-11-01,1667.86,1687.0,15.69,0.94%,1663.61,1688.71,15725459,2791732.75,-
2019-11-04,1689.58,1699.92,12.92,0.77%,1689.0,1707.11,18906522,3438630.0,-
2019-11-05,1704.06,1713.29,13.37,0.79%,1695.4,1718.18,19434838,3678455.0,-
2019-11-06,1720.68,1703.02,-10.27,-0.60%,1696.79,1721.1,18247932,3589276.5,-
2019-11-07,1698.63,1715.58,12.56,0.74%,1695.34,1724.37,17700316,3180801.0,-
2019-11-08,1724.4,1711.22,-4.36,-0.25%,1709.96,1731.0,20403206,3513295.25,-
2019-11-11,1699.17,1673.13,-38.09,-2.23%,1671.67,1700.28,17584524,2954607.5,-
2019-11-12,1676.43,1671.44,-1.69,-0.10%,1654.91,1679.73,15755604,2689856.5,-
2019-11-13,1673.55,1681.79,10.35,0.62%,1666.57,1683.63,13682400,2598889.25,-
2019-11-14,1682.87,1692.58,10.79,0.64%,1681.07,1696.73,15923611,2721460.75,-
2019-11-15,1692.08,1674.78,-17.8,-1.05%,1674.78,1695.97,18261184,3145024.25,-
2019-11-18,1671.59,1682.49,7.71,0.46%,1665.11,1683.46,14786830,2612574.5,-
2019-11-19,1685.75,1729.08,46.59,2.77%,1683.57,1729.16,19455152,3524345.5,-
2019-11-20,1730.03,1719.67,-9.41,-0.54%,1717.01,1745.09,23400448,3824596.25,-
2019-11-21,1713.44,1713.2,-6.46,-0.38%,1706.89,1726.76,15868186,2906869.75,-
2019-11-22,1721.88,1679.8,-33.4,-1.95%,1670.93,1736.83,23002216,4522541.0,-
2019-11-25,1682.23,1661.77,-18.03,-1.07%,1652.54,1684.45,17188730,3277411.0,-
2019-11-26,1667.78,1679.08,17.31,1.04%,1659.03,1679.73,17729300,3409553.0,-
2019-11-27,1671.15,1674.39,-4.69,-0.28%,1659.01,1686.49,16052073,3005955.25,-
2019-11-28,1675.17,1673.8,-0.59,-0.04%,1668.16,1683.25,13351387,2430908.5,-
2019-11-29,1670.39,1664.9,-8.9,-0.53%,1647.29,1673.23,14066049,2730313.25,-
2019-12-02,1670.16,1669.54,4.64,0.28%,1665.11,1680.24,14952677,2630809.5,-
2019-12-03,1664.79,1675.39,5.85,0.35%,1647.67,1675.43,14926790,2830008.0,-
2019-12-04,1666.6,1673.78,-1.6,-0.10%,1663.93,1683.79,14499584,2740962.0,-
2019-12-05,1681.25,1709.83,36.05,2.15%,1679.4,1714.08,19302286,3818782.0,-
2019-12-06,1711.64,1726.8,16.97,0.99%,1707.22,1726.8,18701006,3309759.5,-
2019-12-09,1733.48,1721.07,-5.73,-0.33%,1715.39,1734.06,20097982,3499062.0,-
2019-12-10,1715.71,1734.02,12.95,0.75%,1711.01,1734.02,21326804,3603564.25,-
2019-12-11,1730.4,1718.26,-15.76,-0.91%,1713.9,1733.74,20081224,3371466.25,-
2019-12-12,1720.42,1720.99,2.73,0.16%,1716.78,1733.75,20440172,3462716.5,-
2019-12-13,1738.56,1755.41,34.42,2.00%,1733.12,1757.75,26711020,4879684.5,-
2019-12-16,1760.8,1780.33,24.92,1.42%,1752.01,1780.33,26995070,5061227.0,-
2019-12-17,1782.98,1801.62,21.29,1.20%,1780.52,1807.95,28959160,5456515.0,-
2019-12-18,1798.4,1792.42,-9.2,-0.51%,1787.23,1804.38,26105538,4709828.0,-
2019-12-19,1792.71,1790.44,-1.98,-0.11%,1781.03,1797.02,21106348,3768189.0,-
2019-12-20,1792.05,1771.71,-18.73,-1.05%,1771.71,1798.38,22557210,3777785.5,-
2019-12-23,1763.73,1736.62,-35.09,-1.98%,1735.72,1775.02,19301240,3563549.5,-
2019-12-24,1742.9,1769.87,33.25,1.91%,1742.86,1769.89,15575215,3320797.0,-
2019-12-25,1766.22,1784.4,14.53,0.82%,1764.81,1787.5,18370198,3829929.5,-
2019-12-26,1784.43,1793.64,9.24,0.52%,1777.69,1793.64,16898678,3480631.0,-
2019-12-27,1795.41,1767.58,-26.06,-1.45%,1767.17,1805.19,23755902,4602682.0,-
2019-12-30,1763.58,1790.24,22.66,1.28%,1749.17,1790.91,20952572,4163026.5,-
2019-12-31,1790.8,1798.12,7.88,0.44%,1787.45,1804.82,17704688,3691044.0,-
2020-01-02,1811.22,1832.74,34.62,1.93%,1797.54,1839.41,29522782,5472106.0,-
2020-01-03,1836.86,1836.01,3.27,0.18%,1821.67,1842.56,24750632,4801602.5,-
2020-01-06,1825.55,1859.92,23.91,1.30%,1824.35,1876.46,33903884,6257073.0,-
2020-01-07,1866.26,1893.21,33.29,1.79%,1866.26,1893.21,31341844,5497493.0,-
2020-01-08,1881.01,1862.7,-30.51,-1.61%,1858.28,1892.58,29404598,5101230.0,-
2020-01-09,1884.42,1913.14,50.44,2.71%,1884.42,1913.78,28141282,5271446.0,-
2020-01-10,1917.61,1904.2,-8.94,-0.47%,1894.67,1917.83,23871746,4587544.0,-
2020-01-13,1905.4,1935.07,30.88,1.62%,1893.57,1935.07,24682514,4980156.5,-
2020-01-14,1941.12,1922.56,-12.51,-0.65%,1922.13,1945.77,24108862,4686427.0,-
2020-01-15,1920.66,1924.24,1.68,0.09%,1902.61,1928.69,22907526,4307743.0,-
2020-01-16,1924.52,1929.96,5.72,0.30%,1917.56,1936.04,22303744,4178618.0,-
2020-01-17,1935.3,1932.51,2.55,0.13%,1928.35,1949.04,22420290,4286318.0,-
2020-01-20,1940.12,1982.18,49.67,2.57%,1935.83,1982.18,26855460,5867275.5,-
2020-01-21,1979.37,1967.03,-15.15,-0.76%,1959.44,1987.66,27047216,5612058.0,-
2020-01-22,1958.08,1993.9,26.87,1.37%,1928.03,2004.39,29735698,6169121.5,-
2020-01-23,1973.33,1927.74,-66.16,-3.32%,1904.28,1996.55,31958896,6725783.0,-
2020-02-03,1769.16,1795.77,-131.97,-6.85%,1769.16,1830.81,21229410,5143478.0,-
2020-02-04,1786.16,1882.69,86.92,4.84%,1786.16,1886.81,36533408,7392221.5,-
2020-02-05,1908.97,1939.62,56.93,3.02%,1901.8,1966.26,35029060,7879083.0,-
2020-02-06,1934.98,2012.25,72.63,3.74%,1918.66,2014.89,40199504,8802574.0,-
2020-02-07,2014.16,2015.8,3.55,0.18%,1976.79,2025.32,43371296,8553588.0,-
2020-02-10,2019.31,2042.18,26.38,1.31%,2007.22,2043.68,39495180,8018493.5,-
2020-02-11,2044.22,2028.44,-13.74,-0.67%,2015.76,2046.81,29780626,6466711.5,-
2020-02-12,2024.38,2085.28,56.84,2.80%,2022.68,2086.94,35864224,7359820.5,-
2020-02-13,2080.82,2064.6,-20.68,-0.99%,2052.57,2093.37,35350360,7518529.0,-
2020-02-14,2063.31,2069.22,4.62,0.22%,2049.26,2104.01,32782810,7392550.0,-
2020-02-17,2089.21,2146.18,76.96,3.72%,2089.21,2146.18,34342516,7829271.5,-
2020-02-18,2149.3,2170.95,24.77,1.15%,2134.34,2170.95,34335824,7686958.5,-
2020-02-19,2168.85,2139.44,-31.51,-1.45%,2137.41,2171.96,34793012,8201597.0,-
2020-02-20,2151.42,2186.74,47.3,2.21%,2140.05,2190.5,35950112,8428443.0,-
2020-02-21,2191.98,2226.64,39.9,1.82%,2189.25,2247.42,42996008,9779497.0,-
2020-02-24,2223.19,2263.97,37.33,1.68%,2213.82,2271.7,42829616,10181223.0,-
2020-02-25,2218.33,2287.31,23.34,1.03%,2171.68,2293.46,50054196,11663345.0,-
2020-02-26,2248.65,2180.7,-106.61,-4.66%,2173.2,2263.07,48350696,10453156.0,-
2020-02-27,2200.38,2196.71,16.01,0.73%,2163.88,2233.76,40286480,8925787.0,-
2020-02-28,2114.32,2071.57,-125.14,-5.70%,2068.93,2155.97,43829608,9743190.0,-
2020-03-02,2110.45,2135.42,63.85,3.08%,2082.97,2153.22,36208428,8203668.0,-
2020-03-03,2190.5,2173.35,37.94,1.78%,2151.52,2238.74,38854780,8978230.0,-
2020-03-04,2159.86,2169.44,-3.91,-0.18%,2122.45,2180.43,32117548,7261857.5,-
2020-03-05,2206.08,2209.59,40.15,1.85%,2176.49,2216.82,36778792,8762716.0,-
2020-03-06,2178.5,2192.94,-16.65,-0.75%,2175.01,2220.36,27903778,6288269.5,-
2020-03-09,2151.27,2093.06,-99.88,-4.55%,2091.85,2163.73,35191364,7717163.0,-
2020-03-10,2083.2,2148.81,55.75,2.66%,2052.05,2151.45,33837392,7798604.0,-
2020-03-11,2157.93,2101.46,-47.35,-2.20%,2100.51,2162.6,28691336,6555153.0,-
2020-03-12,2070.22,2045.93,-55.53,-2.64%,2025.91,2076.01,26018934,5980730.0,-
2020-03-13,1937.95,2030.58,-15.35,-0.75%,1937.95,2055.33,31304970,6991656.5,-
2020-03-16,2034.75,1910.77,-119.81,-5.90%,1902.4,2036.73,36303036,7801577.5,-
2020-03-17,1941.2,1917.7,6.93,0.36%,1847.51,1955.62,29548936,6290345.0,-
2020-03-18,1941.3,1887.04,-30.66,-1.60%,1887.04,1980.79,30254198,6479223.5,-
2020-03-19,1898.76,1894.94,7.9,0.42%,1838.31,1908.69,28718082,6214596.0,-
2020-03-20,1923.96,1915.05,20.11,1.06%,1878.85,1928.88,22926052,4968369.0,-
2020-03-23,1856.3,1827.05,-88.0,-4.59%,1819.77,1884.45,24045054,5077600.5,-
2020-03-24,1869.04,1876.91,49.86,2.73%,1817.55,1880.86,25799394,5265795.5,-
2020-03-25,1924.99,1937.86,60.95,3.25%,1915.53,1940.07,27392500,5933016.5,-
2020-03-26,1922.79,1927.28,-10.58,-0.55%,1914.35,1948.63,20504780,4498317.5,-
2020-03-27,1955.87,1903.88,-23.4,-1.21%,1902.79,1957.7,20240230,4530510.0,-
2020-03-30,1875.31,1860.49,-43.39,-2.28%,1833.01,1877.5,22187694,4697962.0,-
2020-03-31,1876.69,1871.92,11.44,0.61%,1862.86,1886.27,16573156,3819451.5,-
2020-04-01,1875.36,1864.8,-7.12,-0.38%,1862.27,1900.18,18694270,4095956.5,-
2020-04-02,1860.07,1916.95,52.15,2.80%,1857.32,1916.95,19439076,4262184.5,-
2020-04-03,1912.74,1906.68,-10.27,-0.54%,1898.79,1928.34,17230396,3928936.75,-
2020-04-07,1944.96,1969.78,63.1,3.31%,1942.8,1972.87,21115046,4841758.5,-
2020-04-08,1960.36,1964.76,-5.02,-0.25%,1956.9,1974.72,21118414,4308873.0,-
2020-04-09,1981.24,1997.14,32.38,1.65%,1975.04,2001.36,23650356,5058948.0,-
2020-04-10,1990.26,1949.89,-47.25,-2.37%,1943.69,1994.35,24631604,5292979.5,-
2020-04-13,1929.8,1923.08,-26.8,-1.37%,1913.95,1937.33,18016414,3739235.5,-
2020-04-14,1937.29,1985.43,62.35,3.24%,1934.48,1985.43,22420544,5168806.5,-
2020-04-15,1991.6,1977.52,-7.91,-0.40%,1975.8,2002.76,19264920,4754168.5,-
2020-04-16,1970.73,2008.39,30.88,1.56%,1968.25,2012.46,18550630,4424153.0,-
2020-04-17,2025.65,2020.77,12.38,0.62%,2015.83,2048.28,23758434,5813683.5,-
2020-04-20,2027.84,2043.44,22.67,1.12%,2022.59,2043.56,23085284,4796341.0,-
2020-04-21,2035.77,2023.94,-19.5,-0.95%,1996.96,2035.77,24975032,4910819.5,-
2020-04-22,2005.65,2043.17,19.23,0.95%,2002.96,2043.56,20640656,4054723.5,-
2020-04-23,2053.12,2029.52,-13.65,-0.67%,2027.33,2057.85,21255148,4568557.5,-
2020-04-24,2032.55,2003.75,-25.77,-1.27%,1997.12,2038.24,21754540,4286235.5,-
2020-04-27,2011.16,2018.67,14.92,0.74%,1995.51,2035.89,19034426,3997939.25,-
2020-04-28,2023.96,2030.72,12.05,0.60%,1967.4,2046.93,24644818,5202407.0,-
2020-04-29,2022.51,2030.48,-0.24,-0.01%,2020.98,2053.38,18838382,3955720.25,-
2020-04-30,2044.68,2069.43,38.95,1.92%,2043.82,2077.81,25345928,5801874.0,-
2020-05-06,2052.39,2110.27,40.84,1.97%,2051.29,2111.66,24631944,5589935.5,-
2020-05-07,2113.75,2106.84,-3.43,-0.16%,2095.74,2116.23,22348826,4677187.0,-
2020-05-08,2117.87,2125.24,18.4,0.87%,2112.89,2137.79,22525570,4924780.0,-
2020-05-11,2137.98,2102.83,-22.41,-1.05%,2088.66,2139.67,23179596,4990759.5,-
2020-05-12,2106.22,2124.15,21.32,1.01%,2092.58,2125.32,19653746,4332964.5,-
2020-05-13,2120.01,2140.68,16.53,0.78%,2116.55,2145.02,20085726,4453572.0,-
2020-05-14,2131.46,2117.65,-23.03,-1.08%,2116.35,2137.14,21770094,4489661.0,-
2020-05-15,2128.88,2124.31,6.66,0.31%,2109.55,2138.97,21018972,4933255.0,-
2020-05-18,2122.31,2114.86,-9.45,-0.44%,2096.25,2137.15,24142800,5597536.5,-
2020-05-19,2137.42,2144.12,29.26,1.38%,2128.89,2144.98,19496414,4694317.0,-
2020-05-20,2149.29,2118.12,-26.0,-1.21%,2112.09,2153.24,20880496,5350066.0,-
2020-05-21,2130.96,2099.43,-18.69,-0.88%,2092.54,2138.72,19125684,4817296.5,-
2020-05-22,2099.42,2046.6,-52.83,-2.52%,2036.68,2099.42,19119320,4163552.0,-
2020-05-25,2049.71,2052.3,5.7,0.28%,2036.0,2055.19,15370839,3416004.5,-
2020-05-26,2070.14,2112.97,60.67,2.96%,2067.14,2113.29,18554586,4357911.0,-
2020-05-27,2114.07,2071.47,-41.5,-1.96%,2064.41,2114.86,19078938,4544166.5,-
2020-05-28,2071.17,2054.96,-16.51,-0.80%,2021.98,2075.87,17187736,3934082.25,-
2020-05-29,2049.75,2086.67,31.71,1.54%,2043.95,2090.3,19816740,4374293.5,-
2020-06-01,2105.24,2158.22,71.55,3.43%,2105.24,2163.35,30713068,6235422.5,-
2020-06-02,2164.99,2145.29,-12.93,-0.60%,2132.4,2164.99,29368020,5672030.0,-
2020-06-03,2151.5,2143.12,-2.17,-0.10%,2139.99,2165.45,28795536,5557700.0,-
2020-06-04,2150.5,2151.39,8.27,0.39%,2137.35,2157.28,24161144,4782590.0,-
2020-06-05,2152.42,2166.38,15.0,0.70%,2143.28,2166.38,21535064,4238520.5,-
2020-06-08,2184.58,2153.56,-12.82,-0.59%,2147.86,2186.97,23092806,4863835.5,-
2020-06-09,2160.34,2181.59,28.03,1.30%,2147.17,2186.47,23745968,4802755.0,-
2020-06-10,2186.56,2201.99,20.4,0.94%,2180.35,2205.27,23058206,4805635.5,-
2020-06-11,2202.14,2195.64,-6.35,-0.29%,2181.59,2236.08,29241572,6495533.5,-
2020-06-12,2149.96,2206.76,11.12,0.51%,2147.42,2220.97,30761314,6737845.5,-
2020-06-15,2223.43,2219.55,12.79,0.58%,2217.29,2256.65,37011736,7436127.5,-
2020-06-16,2246.89,2260.46,40.91,1.84%,2239.34,2261.18,32791458,6527414.0,-
2020-06-17,2265.09,2263.96,3.5,0.15%,2248.72,2274.49,32117268,6392385.0,-
2020-06-18,2266.88,2266.03,2.07,0.09%,2243.63,2270.11,33390068,6917252.0,-
2020-06-19,2271.65,2319.45,53.42,2.36%,2271.59,2328.58,30313314,7352080.0,-
2020-06-22,2328.4,2342.88,23.43,1.01%,2328.4,2358.91,31560660,7456014.5,-
2020-06-23,2344.05,2382.05,39.17,1.67%,2335.22,2382.33,29717040,7130608.5,-
2020-06-24,2386.26,2382.47,0.42,0.02%,2367.69,2397.36,27596264,7112599.0,-
2020-06-29,2375.99,2372.54,-9.93,-0.42%,2360.16,2387.16,29892450,6884620.5,-
2020-06-30,2387.59,2438.2,65.66,2.77%,2387.59,2441.9,29909402,7311063.5,-
2020-07-01,2449.87,2419.63,-18.57,-0.76%,2381.59,2450.84,31217940,7845444.0,-
2020-07-02,2418.31,2424.39,4.76,0.20%,2397.69,2435.12,35500100,8671311.0,-
2020-07-03,2426.3,2462.56,38.17,1.57%,2408.0,2467.5,37484176,9421088.0,-
2020-07-06,2469.24,2529.49,66.93,2.72%,2460.13,2535.71,44630324,11471988.0,-
2020-07-07,2548.41,2591.26,61.77,2.44%,2538.82,2632.8,47345140,12431821.0,-
2020-07-08,2603.65,2651.97,60.71,2.34%,2577.49,2653.07,39430396,10336063.0,-
2020-07-09,2649.45,2757.65,105.68,3.99%,2646.47,2771.22,48518688,13023232.0,-
2020-07-10,2744.61,2778.46,20.81,0.75%,2734.97,2799.0,42094568,11649331.0,-
2020-07-13,2789.98,2889.43,110.97,3.99%,2789.98,2896.31,42458028,12488481.0,-
2020-07-14,2876.85,2858.67,-30.76,-1.06%,2789.03,2892.89,45389440,13545656.0,-
2020-07-15,2866.24,2813.06,-45.61,-1.60%,2787.83,2894.42,42288716,12688668.0,-
2020-07-16,2814.8,2646.26,-166.8,-5.93%,2638.17,2849.1,43196504,12233642.0,-
2020-07-17,2659.45,2662.4,16.14,0.61%,2618.68,2726.28,35535016,9812029.0,-
2020-07-20,2707.61,2697.3,34.9,1.31%,2619.03,2717.0,32732844,9115718.0,-
2020-07-21,2708.14,2736.51,39.21,1.45%,2692.87,2745.05,29236984,8430798.0,-
2020-07-22,2725.45,2769.03,32.52,1.19%,2716.45,2807.42,31018286,9002677.0,-
2020-07-23,2740.41,2799.67,30.64,1.11%,2707.55,2799.67,35266628,10356332.0,-
2020-07-24,2769.97,2627.84,-171.83,-6.14%,2614.78,2781.79,37899760,11256196.0,-
2020-07-27,2639.26,2631.76,3.92,0.15%,2605.77,2671.45,24666338,7731757.0,-
2020-07-28,2668.25,2666.52,34.76,1.32%,2627.65,2677.74,22359596,7081747.5,-
2020-07-29,2659.94,2767.4,100.88,3.78%,2652.9,2768.17,31227234,8779564.0,-
2020-07-30,2782.11,2743.63,-23.77,-0.86%,2734.06,2787.38,30026880,8616778.0,-
2020-07-31,2747.41,2795.4,51.77,1.89%,2741.44,2817.42,31294712,9371892.0,-
2020-08-03,2831.35,2868.88,73.48,2.63%,2801.11,2870.65,34364788,10428471.0,-
2020-08-04,2863.32,2832.85,-36.03,-1.26%,2819.01,2893.4,29255688,9511998.0,-
2020-08-05,2826.41,2860.24,27.4,0.97%,2803.77,2875.44,26382950,8189382.5,-
2020-08-06,2868.82,2814.37,-45.87,-1.60%,2774.69,2868.82,30253416,9695379.0,-
2020-08-07,2807.1,2749.95,-64.42,-2.29%,2703.13,2823.97,29753570,9830321.0,-
2020-08-10,2735.43,2735.26,-14.69,-0.53%,2693.73,2757.43,25018398,8111864.0,-
2020-08-11,2740.15,2688.7,-46.56,-1.70%,2686.19,2774.9,24437780,7448002.5,-
2020-08-12,2689.58,2635.5,-53.2,-1.98%,2577.71,2694.95,27409188,8440930.0,-
2020-08-13,2657.2,2622.64,-12.86,-0.49%,2611.14,2660.71,20156062,5918067.0,-
2020-08-14,2624.83,2668.71,46.07,1.76%,2615.63,2669.48,18705044,5520511.5,-
2020-08-17,2682.21,2696.39,27.68,1.04%,2652.05,2696.7,24535096,7323993.0,-
2020-08-18,2702.42,2701.06,4.67,0.17%,2689.03,2724.03,20365962,6558237.5,-
2020-08-19,2695.9,2612.84,-88.22,-3.27%,2612.83,2695.9,22146114,6746933.0,-
2020-08-20,2592.88,2587.86,-24.98,-0.96%,2578.39,2629.29,21680902,5963991.0,-
2020-08-21,2611.54,2632.45,44.59,1.72%,2607.82,2644.02,24920758,6435874.5,-
2020-08-24,2653.63,2684.63,52.18,1.98%,2592.66,2704.8,31223668,8273902.0,-
2020-08-25,2687.29,2701.6,16.97,0.63%,2683.19,2737.47,33807216,8280261.5,-
2020-08-26,2701.48,2644.14,-57.46,-2.13%,2635.13,2717.8,31969224,8108506.5,-
2020-08-27,2653.74,2689.17,45.03,1.70%,2637.42,2699.88,31132738,7502219.5,-
2020-08-28,2687.23,2757.84,68.67,2.55%,2680.49,2762.89,31648942,8067730.5,-
2020-08-31,2769.83,2728.31,-29.53,-1.07%,2726.68,2779.52,30265410,7888596.0,-
2020-09-01,2721.18,2750.42,22.11,0.81%,2701.56,2750.42,24668568,6534357.5,-
2020-09-02,2753.93,2771.85,21.43,0.78%,2731.41,2785.35,40866536,8249413.5,-
2020-09-03,2766.98,2746.95,-24.9,-0.90%,2738.13,2789.12,34257248,7874432.0,-
2020-09-04,2690.29,2732.16,-14.79,-0.54%,2686.86,2739.9,31188322,7066365.0,-
2020-09-07,2728.74,2641.2,-90.96,-3.33%,2628.86,2745.61,42316860,9209464.0,-
2020-09-08,2648.44,2650.63,9.43,0.36%,2612.64,2663.69,40178576,7526772.5,-
2020-09-09,2609.13,2523.4,-127.23,-4.80%,2506.9,2609.37,46009496,8768487.0,-
2020-09-10,2551.3,2483.03,-40.37,-1.60%,2477.67,2565.85,38493744,7221747.5,-
2020-09-11,2474.7,2536.62,53.59,2.16%,2474.7,2542.13,27403176,5743006.0,-
2020-09-14,2568.01,2572.6,35.98,1.42%,2548.09,2604.39,34383248,7290577.5,-
2020-09-15,2578.69,2595.15,22.55,0.88%,2563.07,2599.54,29726720,6220534.0,-
2020-09-16,2597.64,2554.8,-40.35,-1.55%,2540.01,2597.64,26178106,5522643.5,-
2020-09-17,2551.29,2557.32,2.52,0.10%,2521.6,2582.26,26078664,6136508.0,-
2020-09-18,2558.29,2596.08,38.76,1.52%,2537.84,2600.58,28504318,6488757.5,-
2020-09-21,2605.55,2569.22,-26.86,-1.03%,2565.04,2607.65,25124800,5863150.5,-
2020-09-22,2556.46,2555.54,-13.68,-0.53%,2547.36,2596.81,23076528,5614394.0,-
2020-09-23,2563.71,2599.89,44.35,1.74%,2549.34,2608.42,22390082,6177314.0,-
2020-09-24,2576.03,2535.87,-64.02,-2.46%,2535.87,2583.62,23500084,5493763.5,-
2020-09-25,2551.45,2540.43,4.56,0.18%,2529.13,2570.36,17483572,4446410.0,-
2020-09-28,2551.78,2521.25,-19.18,-0.75%,2517.03,2555.02,15875324,4109636.0,-
2020-09-29,2538.36,2563.38,42.13,1.67%,2521.7,2579.27,17166808,4708080.5,-
2020-09-30,2575.46,2574.76,11.38,0.44%,2561.05,2601.8,15720312,4445849.0,-
2020-10-09,2632.59,2672.93,98.17,3.81%,2629.22,2679.01,21872310,6665011.0,-
2020-10-12,2702.16,2777.39,104.46,3.91%,2698.76,2777.39,29838120,8837189.0,-
2020-10-13,2769.66,2784.72,7.33,0.26%,2754.15,2792.97,25025726,7201973.0,-
2020-10-14,2777.89,2764.24,-20.48,-0.74%,2759.54,2793.49,23633304,6549691.0,-
2020-10-15,2767.17,2737.96,-26.28,-0.95%,2735.34,2770.34,18846936,5445434.0,-
2020-10-16,2735.68,2724.5,-13.46,-0.49%,2697.25,2754.35,17537848,5109625.0,-
2020-10-19,2750.95,2689.67,-34.83,-1.28%,2684.46,2752.76,19289122,5273591.5,-
2020-10-20,2698.05,2740.58,50.91,1.89%,2686.82,2740.58,20161020,5106750.0,-
2020-10-21,2746.73,2700.53,-40.05,-1.46%,2689.34,2746.73,19691372,5199061.0,-
2020-10-22,2686.78,2673.59,-26.94,-1.00%,2645.75,2686.89,16825540,4441317.5,-
2020-10-23,2680.71,2600.84,-72.74,-2.72%,2592.42,2701.47,17312856,4703387.0,-
2020-10-26,2585.79,2617.74,16.9,0.65%,2555.32,2629.31,16517651,4586275.0,-
2020-10-27,2618.7,2650.76,33.02,1.26%,2613.07,2656.17,16861444,4772720.0,-
2020-10-28,2648.49,2670.48,19.72,0.74%,2628.47,2684.95,20283154,6012575.5,-
2020-10-29,2635.69,2699.92,29.44,1.10%,2631.23,2713.88,22170568,6599962.0,-
2020-10-30,2709.0,2655.87,-44.05,-1.63%,2647.31,2712.45,23770274,7029340.0,-
2020-11-02,2670.52,2708.39,52.52,1.98%,2664.76,2721.3,20403752,6405773.5,-
2020-11-03,2720.7,2744.31,35.92,1.33%,2701.06,2750.47,19483454,6125834.0,-
2020-11-04,2747.54,2750.55,6.24,0.23%,2725.52,2758.42,17571436,5557980.5,-
2020-11-05,2782.06,2787.88,37.33,1.36%,2744.78,2791.57,22904364,6949840.5,-
2020-11-06,2798.55,2733.07,-54.81,-1.97%,2708.08,2798.55,22390970,7009771.5,-
2020-11-09,2753.93,2814.0,80.93,2.96%,2753.93,2831.37,29277200,8752431.0,-
2020-11-10,2811.49,2773.22,-40.78,-1.45%,2757.95,2811.49,25848762,7984596.0,-
2020-11-11,2762.71,2681.52,-91.7,-3.31%,2681.52,2766.65,20418412,6796617.5,-
2020-11-12,2705.76,2700.51,18.99,0.71%,2687.76,2721.43,16499103,5026141.0,-
2020-11-13,2699.52,2706.81,6.3,0.23%,2679.09,2717.46,15692431,5421516.0,-
2020-11-16,2716.02,2712.41,5.6,0.21%,2679.1,2722.52,16151948,5485348.0,-
2020-11-17,2715.09,2658.09,-54.32,-2.00%,2626.37,2715.69,18581740,6264967.0,-
2020-11-18,2656.89,2620.67,-37.42,-1.41%,2612.82,2680.62,16927622,5812806.0,-
2020-11-19,2614.78,2645.16,24.49,0.93%,2593.83,2651.37,16226474,5028323.0,-
2020-11-20,2649.56,2667.09,21.93,0.83%,2649.56,2677.13,15156111,4662588.0,-
2020-11-23,2677.35,2686.36,19.27,0.72%,2653.08,2705.77,20140788,6130639.5,-
2020-11-24,2689.8,2674.8,-11.56,-0.43%,2664.95,2700.01,16257889,5094128.5,-
2020-11-25,2678.11,2615.53,-59.27,-2.22%,2615.53,2679.03,18225680,5645500.5,-
2020-11-26,2616.74,2609.39,-6.14,-0.23%,2584.69,2632.87,15229393,4570537.5,-
2020-11-27,2614.66,2618.99,9.6,0.37%,2594.07,2635.69,15120457,4336181.0,-
2020-11-30,2627.87,2631.89,12.9,0.49%,2593.7,2653.44,24817986,7179641.5,-
2020-12-01,2628.73,2698.44,66.55,2.53%,2627.45,2700.28,25214070,7060077.0,-
2020-12-02,2697.44,2682.97,-15.47,-0.57%,2662.18,2703.25,21826392,6218893.0,-
2020-12-03,2681.59,2712.52,29.55,1.10%,2670.22,2721.85,18875106,6074600.0,-
2020-12-04,2701.37,2730.84,18.32,0.68%,2696.95,2736.27,16127557,5184270.5,-
2020-12-07,2720.85,2726.48,-4.36,-0.16%,2715.93,2739.76,18874372,6299920.5,-
2020-12-08,2736.03,2746.28,19.8,0.73%,2735.83,2757.34,16169843,5316814.0,-
2020-12-09,2752.35,2697.83,-48.45,-1.76%,2693.19,2763.41,19669226,6145159.0,-
2020-12-10,2689.22,2718.55,20.72,0.77%,2675.46,2734.64,16382406,5453143.0,-
2020-12-11,2727.97,2687.78,-30.76,-1.13%,2665.1,2733.94,22260042,6693400.0,-
2020-12-14,2695.19,2726.6,38.82,1.44%,2674.51,2729.07,15791123,6340597.5,-
2020-12-15,2727.95,2758.86,32.26,1.18%,2720.14,2761.32,14377322,6239887.5,-
2020-12-16,2764.34,2760.64,1.78,0.06%,2732.58,2771.59,14626886,5789543.0,-
2020-12-17,2758.44,2785.62,24.98,0.90%,2739.16,2789.25,16328608,6318903.5,-
2020-12-18,2787.78,2780.73,-4.88,-0.18%,2768.47,2803.11,14040896,5892489.0,-
2020-12-21,2789.64,2882.44,101.71,3.66%,2783.39,2882.44,17413120,7536623.0,-
2020-12-22,2867.21,2811.75,-70.69,-2.45%,2809.92,2888.35,19194408,7705785.0,-
2020-12-23,2822.26,2842.97,31.22,1.11%,2809.78,2865.47,17541040,7312445.5,-
2020-12-24,2838.94,2820.75,-22.22,-0.78%,2811.93,2848.34,15992337,5932625.0,-
2020-12-25,2811.55,2840.8,20.05,0.71%,2793.78,2841.57,15876545,6321473.0,-
2020-12-28,2847.12,2842.81,2.01,0.07%,2823.0,2861.0,19546976,7182254.0,-
2020-12-29,2838.71,2813.0,-29.81,-1.05%,2795.65,2843.72,19910856,7154072.0,-
2020-12-30,2828.01,2900.54,87.54,3.11%,2827.07,2909.19,17798832,7732168.5,-
2020-12-31,2911.39,2966.26,65.72,2.27%,2909.67,2969.75,20327636,8560111.0,-
2021-01-04,2977.32,3078.11,111.85,3.77%,2963.41,3094.53,25383880,11670589.0,-
2021-01-05,3050.18,3097.98,19.87,0.65%,3027.76,3100.0,25504230,11850815.0,-
2021-01-06,3113.85,3115.09,17.11,0.55%,3057.56,3134.76,23037282,10249327.0,-
2021-01-07,3106.34,3162.4,47.31,1.52%,3086.06,3162.4,25782374,10512481.0,-
2021-01-08,3179.36,3150.78,-11.62,-0.37%,3115.99,3194.37,26490368,10888327.0,-
2021-01-11,3159.59,3092.86,-57.92,-1.84%,3066.74,3159.59,25748808,11788201.0,-
2021-01-12,3079.84,3180.35,87.49,2.83%,3057.74,3180.35,25100954,10693520.0,-
2021-01-13,3180.75,3130.3,-50.05,-1.57%,3100.06,3207.07,27527342,12359998.0,-
2021-01-14,3101.96,3089.18,-41.12,-1.31%,3061.02,3142.85,23108872,10166508.0,-
2021-01-15,3074.0,3089.95,0.77,0.03%,3020.78,3109.87,21186896,9217237.0,-
2021-01-18,3078.03,3149.2,59.26,1.92%,3056.8,3164.58,20393752,8711680.0,-
2021-01-19,3146.27,3084.49,-64.71,-2.05%,3074.19,3157.46,20723092,8914947.0,-
2021-01-20,3106.35,3204.93,120.44,3.90%,3098.43,3204.93,19420998,9425815.0,-
2021-01-21,3217.83,3283.72,78.79,2.46%,3217.83,3303.32,24695058,10984308.0,-
2021-01-22,3282.04,3358.24,74.52,2.27%,3281.4,3366.69,25937438,12164853.0,-
2021-01-25,3363.6,3355.24,-3.0,-0.09%,3333.74,3427.44,26239344,12918625.0,-
2021-01-26,3335.44,3258.36,-96.88,-2.89%,3253.27,3335.44,23220416,11095081.0,-
2021-01-27,3269.77,3281.03,22.68,0.70%,3196.09,3296.16,23177234,9416928.0,-
2021-01-28,3219.93,3161.86,-119.17,-3.63%,3160.53,3248.01,24811482,9725121.0,-
2021-01-29,3201.67,3128.87,-32.99,-1.04%,3070.04,3221.11,25173620,9985562.0,-
2021-02-01,3134.79,3159.99,31.12,0.99%,3123.44,3189.85,21417576,8891871.0,-
2021-02-02,3176.25,3228.7,68.71,2.17%,3130.76,3232.43,20721928,9388847.0,-
2021-02-03,3245.26,3223.77,-4.93,-0.15%,3218.87,3276.24,22297762,9797325.0,-
2021-02-04,3208.65,3200.55,-23.22,-0.72%,3155.79,3248.28,20837356,9054188.0,-
2021-02-05,3224.85,3193.71,-6.84,-0.21%,3191.46,3256.72,20082902,8953946.0,-
2021-02-08,3202.48,3278.06,84.35,2.64%,3162.59,3278.06,19298792,8977815.0,-
2021-02-09,3291.5,3334.24,56.18,1.71%,3273.06,3339.97,19706010,8902937.0,-
2021-02-10,3350.32,3413.81,79.57,2.39%,3314.67,3427.82,19168336,9254239.0,-
2021-02-18,3475.89,3320.14,-93.67,-2.74%,3300.18,3476.0,26480386,11904374.0,-
2021-02-19,3289.01,3285.54,-34.6,-1.04%,3195.95,3308.75,24403886,9656380.0,-
2021-02-22,3278.59,3138.67,-146.86,-4.47%,3138.65,3278.59,29438836,11253418.0,-
2021-02-23,3099.19,3112.36,-26.31,-0.84%,3090.32,3156.37,20242526,8034882.5,-
2021-02-24,3112.72,3007.46,-104.9,-3.37%,2973.88,3125.24,22632962,9521563.0,-
2021-02-25,3040.9,2977.18,-30.28,-1.01%,2969.03,3045.0,19312194,7549118.0,-
2021-02-26,2907.48,2914.11,-63.07,-2.12%,2887.81,2961.03,21195564,8066635.5,-
2021-03-01,2958.53,2994.75,80.64,2.77%,2935.08,2998.03,20876182,8184694.5,-
2021-03-02,3019.1,2966.89,-27.86,-0.93%,2937.89,3023.21,19795262,8021245.0,-
2021-03-03,2951.29,2997.75,30.86,1.04%,2933.83,2997.99,16732138,6499382.0,-
2021-03-04,2962.52,2851.87,-145.88,-4.87%,2841.15,2962.52,21226862,8663320.0,-
2021-03-05,2800.25,2871.97,20.1,0.70%,2800.25,2897.17,19940466,7547176.5,-
2021-03-08,2889.08,2728.84,-143.13,-4.98%,2726.34,2905.47,22753140,8765671.0,-
2021-03-09,2717.17,2633.45,-95.39,-3.50%,2608.24,2733.98,22763116,8608643.0,-
2021-03-10,2708.23,2676.7,43.25,1.64%,2665.7,2720.25,18584202,7112832.5,-
2021-03-11,2682.95,2746.58,69.88,2.61%,2677.57,2768.96,18248840,7132438.5,-
2021-03-12,2768.58,2756.81,10.24,0.37%,2711.32,2771.87,16863068,6823684.0,-
2021-03-15,2737.45,2644.02,-112.79,-4.09%,2612.45,2737.45,17116126,6537826.5,-
2021-03-16,2664.69,2672.12,28.1,1.06%,2629.36,2678.92,14822079,5447403.5,-
2021-03-17,2662.93,2704.14,32.02,1.20%,2631.73,2717.68,14218454,5208197.0,-
2021-03-18,2717.27,2748.73,44.59,1.65%,2713.85,2760.79,15774550,5890873.5,-
2021-03-19,2697.83,2671.52,-77.21,-2.81%,2654.0,2726.87,14732323,5697855.5,-
2021-03-22,2683.64,2698.26,26.74,1.00%,2665.62,2729.1,13728572,5328570.5,-
2021-03-23,2684.64,2668.08,-30.18,-1.12%,2641.38,2708.96,16203753,6030097.0,-
2021-03-24,2650.37,2634.61,-33.47,-1.25%,2623.29,2678.4,16095247,5755418.5,-
2021-03-25,2609.38,2656.0,21.39,0.81%,2603.94,2670.9,14846666,5232832.5,-
2021-03-26,2672.91,2745.4,89.4,3.37%,2672.91,2754.3,16510940,6683524.5,-
2021-03-29,2747.86,2733.96,-11.44,-0.42%,2716.95,2768.14,14975066,5503142.5,-
2021-03-30,2728.49,2771.32,37.36,1.37%,2722.23,2779.87,14030772,5367007.5,-
2021-03-31,2770.33,2758.5,-12.82,-0.46%,2731.22,2777.08,12634537,4933760.0,-
2021-04-01,2766.42,2815.41,56.91,2.06%,2766.42,2819.42,13078048,4900898.0,-
2021-04-02,2828.35,2852.23,36.82,1.31%,2820.01,2871.11,15176612,5557368.0,-
2021-04-06,2865.45,2831.6,-20.63,-0.72%,2814.49,2871.87,12885565,4917677.0,-
2021-04-07,2843.57,2807.2,-24.4,-0.86%,2773.67,2843.57,13919717,5317631.5,-
2021-04-08,2793.17,2826.99,19.79,0.70%,2778.87,2838.94,13390282,4832271.0,-
2021-04-09,2823.78,2783.33,-43.66,-1.54%,2772.31,2829.96,12280092,4709602.0,-
2021-04-12,2789.78,2719.95,-63.38,-2.28%,2711.84,2813.49,15303551,5988241.0,-
2021-04-13,2719.56,2742.85,22.9,0.84%,2719.56,2785.14,14361535,5170355.5,-
2021-04-14,2753.67,2804.41,61.56,2.24%,2753.67,2809.17,13136192,5074363.0,-
2021-04-15,2787.25,2790.64,-13.77,-0.49%,2761.29,2793.67,11324468,4258203.0,-
2021-04-16,2801.74,2783.37,-7.27,-0.26%,2744.68,2802.62,13273784,4719431.0,-
2021-04-19,2777.02,2898.73,115.36,4.14%,2769.65,2899.73,18784596,6974340.5,-
2021-04-20,2880.06,2896.11,-2.62,-0.09%,2870.29,2922.03,16279889,6058939.0,-
2021-04-21,2873.36,2916.98,20.87,0.72%,2867.21,2920.72,14009094,5180917.5,-
2021-04-22,2941.3,2939.4,22.42,0.77%,2901.92,2950.23,15655347,6040996.0,-
2021-04-23,2938.93,2994.49,55.1,1.87%,2937.94,3009.27,17015046,7126076.5,-
2021-04-26,3019.3,2969.41,-25.08,-0.84%,2965.01,3057.12,20442266,8853417.0,-
2021-04-27,2964.03,2986.03,16.62,0.56%,2946.8,2986.03,17140506,7024339.5,-
2021-04-28,2990.7,3050.59,64.56,2.16%,2980.65,3052.04,17925402,7674817.0,-
2021-04-29,3053.74,3051.42,0.84,0.03%,3014.55,3068.59,16647988,7277057.0,-
2021-04-30,3040.65,3091.4,39.98,1.31%,3037.31,3110.16,16606502,7687776.0,-
2021-05-06,3059.58,3014.81,-76.58,-2.48%,2961.99,3059.58,16552269,7971070.0,-
2021-05-07,3021.87,2910.41,-104.4,-3.46%,2910.41,3026.85,14489343,6302323.5,-
2021-05-10,2920.42,2921.72,11.31,0.39%,2901.08,2960.33,14350072,5727038.5,-
2021-05-11,2898.8,2921.34,-0.38,-0.01%,2864.05,2932.48,12999505,5234599.0,-
2021-05-12,2913.06,2960.36,39.02,1.34%,2887.21,2965.21,12478899,5048733.5,-
2021-05-13,2922.73,2943.62,-16.74,-0.57%,2912.51,2967.62,14079977,5135424.5,-
2021-05-14,2954.17,3033.81,90.19,3.06%,2942.98,3039.73,18745928,7791184.5,-
2021-05-17,3049.02,3112.74,78.93,2.60%,3049.02,3130.21,19300838,8455052.0,-
2021-05-18,3108.63,3090.12,-22.62,-0.73%,3068.76,3128.94,14119044,5872326.5,-
2021-05-19,3081.22,3114.72,24.6,0.80%,3075.8,3128.6,14228470,5933279.0,-
2021-05-20,3113.55,3143.62,28.9,0.93%,3112.56,3158.46,15650642,6325967.0,-
2021-05-21,3162.79,3113.26,-30.36,-0.97%,3098.24,3171.9,16317098,7010887.5,-
2021-05-24,3128.78,3139.69,26.43,0.85%,3075.45,3140.95,16827440,7296845.5,-
2021-05-25,3155.27,3227.36,87.67,2.79%,3151.9,3232.74,18915916,8241868.0,-
2021-05-26,3226.7,3196.85,-30.5,-0.95%,3185.77,3228.77,18383756,7160576.5,-
2021-05-27,3192.04,3226.11,29.26,0.92%,3169.03,3238.45,18084478,6961199.5,-
2021-05-28,3226.08,3232.29,6.18,0.19%,3215.03,3285.28,18818420,8540682.0,-
2021-05-31,3246.15,3309.07,76.78,2.38%,3246.15,3309.75,18994338,8544118.0,-
2021-06-01,3290.53,3300.16,-8.91,-0.27%,3242.91,3307.47,17600172,7450068.0,-
2021-06-02,3309.18,3243.02,-57.14,-1.73%,3228.85,3310.49,16920190,7236700.5,-
2021-06-03,3241.16,3201.79,-41.23,-1.27%,3201.23,3255.16,17273168,7458160.0,-
2021-06-04,3194.39,3242.61,40.82,1.28%,3183.67,3281.26,17388004,7900135.5,-
2021-06-07,3240.95,3228.24,-14.37,-0.44%,3197.91,3241.77,16375333,7478699.5,-
2021-06-08,3227.27,3208.57,-19.67,-0.61%,3185.22,3275.78,18222508,7129795.0,-
2021-06-09,3203.15,3207.63,-0.94,-0.03%,3183.06,3222.18,15402220,5841474.0,-
2021-06-10,3213.44,3285.51,77.88,2.43%,3213.44,3301.16,21910684,8201512.5,-
2021-06-11,3305.53,3298.5,12.99,0.40%,3266.36,3320.25,23496430,9227732.0,-
2021-06-15,3298.21,3262.19,-36.31,-1.10%,3240.52,3306.44,16427012,7255832.0,-
2021-06-16,3258.6,3125.7,-136.49,-4.18%,3122.81,3258.69,18093398,7810894.0,-
2021-06-17,3133.91,3188.59,62.89,2.01%,3133.91,3197.54,14910154,6614097.0,-
2021-06-18,3210.14,3239.23,50.64,1.59%,3198.29,3260.73,15459375,7269653.5,-
2021-06-21,3235.69,3270.58,31.35,0.97%,3205.36,3288.74,16856514,7802761.0,-
2021-06-22,3273.63,3281.99,11.41,0.35%,3220.42,3291.18,15931555,7432866.0,-
2021-06-23,3288.76,3318.95,36.96,1.13%,3266.9,3341.96,18444440,7871684.0,-
2021-06-24,3326.33,3279.16,-39.79,-1.20%,3260.03,3328.56,16002473,7010518.5,-
2021-06-25,3288.27,3347.7,68.54,2.09%,3286.27,3355.88,17569988,7989340.5,-
2021-06-28,3356.22,3412.86,65.16,1.95%,3345.21,3422.73,16391628,8287729.5,-
2021-06-29,3438.89,3406.24,-6.62,-0.19%,3392.63,3445.87,16679997,8354238.5,-
2021-06-30,3418.81,3477.18,70.94,2.08%,3389.96,3484.19,15039990,7667862.5,-
2021-07-01,3486.78,3455.36,-21.82,-0.63%,3431.77,3500.74,18409420,8501796.0,-
2021-07-02,3429.61,3333.9,-121.46,-3.52%,3329.82,3429.61,18391552,9064806.0,-
2021-07-05,3332.49,3352.12,18.22,0.55%,3318.34,3387.1,17997776,8684089.0,-
2021-07-06,3359.26,3291.99,-60.13,-1.79%,3240.87,3367.75,17834060,9545023.0,-
2021-07-07,3278.13,3409.59,117.6,3.57%,3261.32,3419.7,17837996,9630618.0,-
2021-07-08,3435.31,3432.96,23.37,0.69%,3418.7,3469.6,22197970,10613087.0,-
2021-07-09,3413.02,3409.31,-23.65,-0.69%,3334.27,3428.3,18980386,9685041.0,-
2021-07-12,3453.01,3534.76,125.45,3.68%,3426.01,3554.07,26418138,12336871.0,-
2021-07-13,3518.53,3514.98,-19.78,-0.56%,3478.27,3560.88,21749022,10415700.0,-
2021-07-14,3491.42,3488.63,-26.35,-0.75%,3464.92,3539.55,20385292,9532437.0,-
2021-07-15,3476.11,3537.39,48.76,1.40%,3453.35,3537.39,18665710,8915959.0,-
2021-07-16,3525.27,3432.65,-104.74,-2.96%,3428.98,3525.27,18027266,9451287.0,-
2021-07-19,3438.2,3449.53,16.88,0.49%,3420.4,3482.09,19028602,8588943.0,-
2021-07-20,3431.0,3463.79,14.26,0.41%,3418.76,3491.05,15477193,7362425.5,-
2021-07-21,3480.7,3560.05,96.26,2.78%,3473.15,3568.7,22939190,11204698.0,-
2021-07-22,3572.44,3544.44,-15.61,-0.44%,3512.72,3576.12,20791966,10009675.0,-
2021-07-23,3539.42,3469.87,-74.57,-2.10%,3461.62,3542.28,21912872,10496055.0,-
2021-07-26,3450.9,3371.23,-98.64,-2.84%,3292.2,3464.74,23475392,11687537.0,-
2021-07-27,3384.46,3232.84,-138.39,-4.10%,3232.84,3423.45,24617296,12115327.0,-
2021-07-28,3204.31,3284.92,52.08,1.61%,3157.99,3306.5,22087070,10641710.0,-
2021-07-29,3375.33,3459.72,174.8,5.32%,3338.13,3467.9,23217250,11956070.0,-
2021-07-30,3454.03,3440.18,-19.54,-0.56%,3402.33,3479.38,23288724,12093702.0,-
2021-08-02,3448.26,3493.36,53.18,1.55%,3399.64,3500.33,26004926,13375931.0,-
2021-08-03,3490.86,3477.23,-16.13,-0.46%,3447.14,3517.09,27710628,12792141.0,-
2021-08-04,3463.73,3563.13,85.9,2.47%,3445.05,3564.27,23873626,12187374.0,-
2021-08-05,3547.84,3532.5,-30.63,-0.86%,3507.03,3569.84,23354860,11199714.0,-
2021-08-06,3539.97,3490.9,-41.6,-1.18%,3469.12,3548.34,20740030,10327595.0,-
2021-08-09,3455.7,3456.75,-34.15,-0.98%,3412.86,3466.88,19636528,9517106.0,-
2021-08-10,3453.84,3468.67,11.92,0.34%,3422.38,3470.97,19343414,10253238.0,-
2021-08-11,3457.79,3437.06,-31.61,-0.91%,3422.86,3471.94,18458746,8978531.0,-
2021-08-12,3413.52,3386.43,-50.63,-1.47%,3379.42,3439.41,18999908,9165532.0,-
2021-08-13,3360.52,3345.13,-41.3,-1.22%,3328.7,3432.82,18113042,9701954.0,-
2021-08-16,3330.82,3301.39,-43.74,-1.31%,3288.04,3346.8,17787796,8507458.0,-
2021-08-17,3311.95,3224.15,-77.24,-2.34%,3211.25,3326.08,20967770,9646109.0,-
2021-08-18,3238.26,3248.37,24.22,0.75%,3219.05,3269.22,19694160,9555529.0,-
2021-08-19,3259.09,3278.36,29.99,0.92%,3231.36,3304.43,17782584,8609763.0,-
2021-08-20,3256.49,3192.9,-85.46,-2.61%,3162.76,3265.63,21245710,10422949.0,-
2021-08-23,3218.97,3293.77,100.87,3.16%,3202.81,3296.36,21078340,10107807.0,-
2021-08-24,3301.86,3330.58,36.81,1.12%,3269.86,3351.93,20360466,10177712.0,-
2021-08-25,3330.81,3348.66,18.08,0.54%,3295.46,3348.89,18566990,8413757.0,-
2021-08-26,3361.91,3264.45,-84.21,-2.51%,3262.68,3368.66,18242502,9270322.0,-
2021-08-27,3259.15,3257.07,-7.38,-0.23%,3243.18,3296.68,18160220,8428138.0,-
2021-08-30,3275.98,3271.8,14.73,0.45%,3249.86,3316.64,21748870,11278596.0,-
2021-08-31,3273.81,3214.12,-57.68,-1.76%,3181.35,3273.81,21391892,9658267.0,-
2021-09-01,3214.17,3186.85,-27.27,-0.85%,3128.27,3222.47,22154604,10107087.0,-
2021-09-02,3181.26,3138.8,-48.05,-1.51%,3133.76,3200.04,19717918,8189278.0,-
2021-09-03,3150.3,3102.15,-36.65,-1.17%,3088.78,3165.21,22016280,8794441.0,-
2021-09-06,3106.26,3228.09,125.94,4.06%,3085.16,3231.57,22869174,9857640.0,-
2021-09-07,3222.43,3251.49,23.4,0.72%,3203.68,3256.53,20968274,8672681.0,-
2021-09-08,3259.53,3219.95,-31.54,-0.97%,3215.48,3282.45,26597138,9137209.0,-
2021-09-09,3224.45,3221.94,1.99,0.06%,3174.03,3244.07,20598194,7492097.0,-
2021-09-10,3207.86,3232.01,10.07,0.31%,3189.97,3241.87,20702448,8223883.5,-
2021-09-13,3231.4,3194.28,-37.73,-1.17%,3183.44,3260.33,21715072,8085705.5,-
2021-09-14,3199.41,3236.55,42.28,1.32%,3197.9,3275.94,20110540,8856279.0,-
2021-09-15,3233.15,3200.4,-36.15,-1.12%,3185.65,3234.13,17827390,7323512.0,-
2021-09-16,3199.46,3128.85,-71.55,-2.24%,3127.79,3199.46,18959832,7826895.5,-
2021-09-17,3124.32,3193.26,64.42,2.06%,3122.32,3201.45,16586467,7627369.5,-
2021-09-22,3144.46,3164.33,-28.93,-0.91%,3141.24,3199.76,12426318,5550206.5,-
2021-09-23,3197.26,3182.47,18.14,0.57%,3160.58,3210.64,16090386,6548813.0,-
2021-09-24,3176.87,3207.82,25.35,0.80%,3169.5,3250.14,16022295,7149198.5,-
2021-09-27,3228.07,3231.58,23.76,0.74%,3211.61,3280.3,20103958,9014517.0,-
2021-09-28,3219.38,3211.45,-20.13,-0.62%,3202.62,3272.94,13554912,6197788.5,-
2021-09-29,3181.98,3175.15,-36.3,-1.13%,3165.49,3209.69,14548133,6363515.0,-
2021-09-30,3188.39,3244.65,69.5,2.19%,3180.91,3257.67,12932805,6262441.0,-
2021-10-08,3259.46,3243.2,-1.45,-0.04%,3224.06,3285.73,16076640,7002517.5,-
2021-10-11,3242.18,3196.19,-47.01,-1.45%,3190.67,3257.36,14906657,6700914.5,-
2021-10-12,3194.01,3138.26,-57.93,-1.81%,3106.47,3196.71,14960878,6849496.5,-
2021-10-13,3141.42,3210.16,71.9,2.29%,3140.02,3211.34,12252243,5993360.0,-
2021-10-14,3216.86,3215.74,5.58,0.17%,3204.92,3238.16,11463809,5956468.5,-
2021-10-15,3198.89,3276.32,60.58,1.88%,3187.4,3284.65,14492310,7755809.0,-
2021-10-18,3287.04,3276.48,0.16,0.00%,3231.04,3287.04,15470721,7516737.5,-
2021-10-19,3293.8,3297.29,20.81,0.64%,3273.54,3310.02,13944929,6889129.5,-
2021-10-20,3304.55,3285.12,-12.17,-0.37%,3276.82,3320.33,13380937,6785508.5,-
2021-10-21,3286.27,3279.49,-5.63,-0.17%,3256.85,3304.0,12094237,5893232.0,-
2021-10-22,3290.54,3284.91,5.42,0.17%,3268.94,3309.56,12126045,6142519.5,-
2021-10-25,3303.22,3338.62,53.71,1.64%,3302.49,3342.22,15896511,7351633.5,-
2021-10-26,3370.79,3327.54,-11.08,-0.33%,3322.19,3370.79,20274406,7784068.0,-
2021-10-27,3321.64,3308.96,-18.58,-0.56%,3283.73,3324.35,18449680,7519345.0,-
2021-10-28,3301.91,3278.36,-30.6,-0.92%,3266.31,3335.93,15443091,7628130.5,-
2021-10-29,3275.83,3350.67,72.31,2.21%,3253.04,3358.35,20237132,10006313.0,-
2021-11-01,3341.47,3331.92,-18.74,-0.56%,3302.96,3374.54,19479174,9037606.0,-
2021-11-02,3329.41,3339.6,7.68,0.23%,3307.5,3373.18,19182992,8624657.0,-
2021-11-03,3334.41,3327.09,-12.51,-0.37%,3301.44,3363.75,15894217,7404087.0,-
2021-11-04,3351.3,3362.25,35.16,1.06%,3344.76,3380.21,17078260,7564562.5,-
2021-11-05,3354.38,3352.75,-9.5,-0.28%,3347.16,3383.3,21398718,7479123.0,-
2021-11-08,3353.89,3380.29,27.54,0.82%,3341.6,3393.39,20203122,8436920.0,-
2021-11-09,3400.97,3409.94,29.65,0.88%,3377.51,3409.94,16891110,6916353.0,-
2021-11-10,3388.05,3399.66,-10.28,-0.30%,3338.46,3403.31,22086434,8474480.0,-
2021-11-11,3396.65,3433.24,33.58,0.99%,3393.98,3443.96,23153224,8296741.5,-
2021-11-12,3436.26,3430.14,-3.1,-0.09%,3409.48,3446.04,21304346,7514951.5,-
2021-11-15,3435.62,3401.87,-28.27,-0.82%,3387.53,3435.68,22154420,8389851.0,-
2021-11-16,3400.34,3393.72,-8.15,-0.24%,3389.55,3423.52,23926508,8486547.0,-
2021-11-17,3413.43,3421.33,27.62,0.81%,3400.77,3425.57,19925974,6983028.0,-
2021-11-18,3416.64,3383.91,-37.42,-1.09%,3374.01,3416.64,21456524,7371060.0,-
2021-11-19,3385.83,3418.96,35.05,1.04%,3378.38,3419.75,17931166,6888813.5,-
2021-11-22,3434.57,3505.73,86.77,2.54%,3430.59,3505.73,20164464,9493167.0,-
2021-11-23,3501.22,3492.77,-12.96,-0.37%,3482.69,3508.9,21220356,8434141.0,-
2021-11-24,3488.38,3478.66,-14.11,-0.40%,3469.36,3501.58,21591234,8777279.0,-
2021-11-25,3477.6,3474.45,-4.21,-0.12%,3462.12,3490.62,20468984,8035297.5,-
2021-11-26,3470.21,3468.87,-5.58,-0.16%,3461.19,3501.34,21379116,7704136.0,-
2021-11-29,3455.61,3503.41,34.54,1.00%,3455.61,3522.5,21046992,9367002.0,-
2021-11-30,3520.29,3495.59,-7.82,-0.22%,3472.58,3520.29,19808158,8255776.5,-
2021-12-01,3492.44,3473.37,-22.22,-0.64%,3459.51,3501.33,21232476,7515898.5,-
2021-12-02,3464.92,3466.91,-6.46,-0.19%,3456.31,3487.94,20776212,7125124.0,-
2021-12-03,3467.41,3478.67,11.76,0.34%,3446.95,3482.46,16535850,6682234.5,-
2021-12-06,3460.96,3405.94,-72.73,-2.09%,3403.16,3479.86,19266864,7448538.5,-
2021-12-07,3429.76,3368.78,-37.16,-1.09%,3338.0,3429.84,18105094,7617411.5,-
2021-12-08,3388.32,3424.7,55.92,1.66%,3378.28,3428.23,17552802,6817837.0,-
2021-12-09,3422.38,3459.32,34.62,1.01%,3400.38,3463.65,22410092,9172655.0,-
2021-12-10,3431.29,3466.8,7.48,0.22%,3429.57,3485.08,21826724,9382435.0,-
2021-12-13,3473.39,3496.96,30.16,0.87%,3457.54,3508.19,22359526,9312793.0,-
2021-12-14,3491.82,3495.06,-1.9,-0.05%,3486.91,3507.27,19407930,7655856.5,-
2021-12-15,3492.58,3464.76,-30.3,-0.87%,3462.51,3520.47,19299772,7804444.0,-
2021-12-16,3479.18,3490.45,25.69,0.74%,3467.73,3491.18,18618868,7144069.5,-
2021-12-17,3480.51,3434.34,-56.11,-1.61%,3427.02,3486.24,19160450,7985892.5,-
2021-12-20,3420.86,3332.61,-101.73,-2.96%,3327.79,3434.09,17831782,8058332.0,-
2021-12-21,3328.9,3350.43,17.82,0.53%,3306.96,3354.93,15277230,6675725.5,-
2021-12-22,3360.28,3368.7,18.27,0.55%,3354.38,3379.08,19115406,6550679.0,-
2021-12-23,3379.81,3373.7,5.0,0.15%,3358.92,3389.85,16202132,6259731.5,-
2021-12-24,3381.54,3297.11,-76.59,-2.27%,3280.94,3384.29,15647543,7445931.0,-
2021-12-27,3296.41,3293.81,-3.3,-0.10%,3273.81,3315.75,14563762,5894930.5,-
2021-12-28,3300.31,3328.56,34.75,1.05%,3280.07,3331.32,16416503,6487999.5,-
2021-12-29,3326.08,3281.9,-46.66,-1.40%,3281.9,3326.21,14773940,6176961.5,-
2021-12-30,3285.77,3322.8,40.9,1.25%,3280.31,3339.65,16586060,6479335.0,-
2021-12-31,3342.19,3322.67,-0.12,0.00%,3315.07,3353.57,14783802,6487701.5,-
2022-01-04,3348.13,3250.16,-72.51,-2.18%,3238.25,3349.46,23623406,9419098.0,-
2022-01-05,3242.44,3161.51,-88.65,-2.73%,3145.05,3245.76,23931572,9143729.0,-
2022-01-06,3133.05,3127.48,-34.03,-1.08%,3093.04,3150.11,19754756,8065001.0,-
2022-01-07,3137.07,3096.88,-30.6,-0.98%,3093.21,3147.23,18716798,7835957.5,-
2022-01-10,3082.78,3095.69,-1.19,-0.04%,3051.53,3115.47,18352632,7609200.0,-
2022-01-11,3094.7,3056.15,-39.54,-1.28%,3050.59,3103.83,17793302,7080582.5,-
2022-01-12,3091.67,3136.69,80.54,2.64%,3088.78,3139.38,18185566,8577414.0,-
2022-01-13,3145.02,3083.14,-53.54,-1.71%,3083.14,3145.02,18070810,7464607.0,-
2022-01-14,3059.14,3119.41,36.27,1.18%,3057.94,3128.25,20412248,8276913.5,-
2022-01-17,3124.63,3170.41,51.0,1.63%,3113.98,3176.24,22323326,8762999.0,-
2022-01-18,3168.79,3144.33,-26.08,-0.82%,3136.25,3177.82,20133606,7558310.5,-
2022-01-19,3139.23,3075.98,-68.35,-2.17%,3052.65,3141.28,18733336,7364328.5,-
2022-01-20,3072.39,3065.99,-9.99,-0.32%,3056.96,3102.31,19221498,7068936.0,-
2022-01-21,3052.98,3034.68,-31.31,-1.02%,3020.3,3069.88,16443453,6381890.5,-
2022-01-24,3011.63,3056.43,21.75,0.72%,3010.2,3071.06,15418335,6166352.5,-
2022-01-25,3035.82,2974.96,-81.47,-2.67%,2974.96,3055.88,18015306,6117003.0,-
2022-01-26,2993.16,3004.41,29.46,0.99%,2952.91,3008.38,13679539,5514133.0,-
2022-01-27,2994.0,2906.76,-97.65,-3.25%,2904.72,3001.55,14671594,6237280.5,-
2022-01-28,2945.72,2908.95,2.19,0.08%,2882.67,2962.77,13745272,6419979.0,-
2022-02-07,2972.19,2917.86,8.92,0.31%,2905.25,2987.5,14958235,5930673.0,-
2022-02-08,2913.32,2846.48,-71.38,-2.45%,2782.28,2913.32,14523368,6449965.0,-
2022-02-09,2844.84,2883.6,37.12,1.30%,2818.39,2887.73,15026028,5840573.0,-
2022-02-10,2891.3,2826.52,-57.08,-1.98%,2796.9,2891.3,14789288,6762443.0,-
2022-02-11,2800.75,2746.38,-80.14,-2.84%,2742.51,2811.78,16394365,6697129.5,-
2022-02-14,2723.51,2732.01,-14.37,-0.52%,2710.88,2776.23,17506160,6986520.0,-
2022-02-15,2744.39,2816.44,84.43,3.09%,2739.42,2817.81,15323098,6719974.0,-
2022-02-16,2829.65,2818.4,1.96,0.07%,2808.26,2841.33,13334966,5300653.5,-
2022-02-17,2813.48,2839.83,21.43,0.76%,2804.89,2861.97,13798611,5755509.0,-
2022-02-18,2819.55,2826.81,-13.02,-0.46%,2803.24,2829.82,12826428,4939425.5,-
2022-02-21,2830.6,2804.6,-22.21,-0.79%,2794.26,2836.28,17907742,6146247.5,-
2022-02-22,2783.28,2765.91,-38.69,-1.38%,2741.97,2783.28,17969490,6132404.0,-
2022-02-23,2770.21,2843.87,77.96,2.82%,2770.21,2845.08,17260292,7017521.0,-
2022-02-24,2817.8,2783.9,-59.97,-2.11%,2746.62,2852.72,21297180,7891706.5,-
2022-02-25,2827.83,2855.8,71.9,2.58%,2827.83,2882.07,16987744,7404722.5,-
2022-02-28,2844.82,2881.31,25.51,0.89%,2834.54,2881.31,14047228,6012547.5,-
2022-03-01,2895.39,2885.79,4.48,0.16%,2865.88,2905.13,14685114,6204958.0,-
2022-03-02,2866.69,2834.64,-51.15,-1.77%,2811.12,2866.69,11440628,5083541.0,-
2022-03-03,2850.67,2791.95,-42.69,-1.51%,2789.51,2853.47,12771644,5092618.0,-
2022-03-04,2763.06,2748.64,-43.31,-1.55%,2737.47,2797.82,14577100,6001709.5,-
2022-03-07,2718.44,2630.37,-118.27,-4.30%,2620.83,2720.78,16180815,6772033.0,-
2022-03-08,2645.11,2582.99,-47.38,-1.80%,2567.91,2654.64,17450092,7156575.5,-
2022-03-09,2594.96,2566.72,-16.27,-0.63%,2462.17,2608.21,19898498,7708923.5,-
2022-03-10,2645.36,2635.19,68.47,2.67%,2625.6,2664.58,17971388,7791676.0,-
2022-03-11,2589.7,2665.46,30.27,1.15%,2566.03,2668.24,19174476,7793033.0,-
2022-03-14,2638.49,2570.45,-95.01,-3.56%,2570.28,2647.25,18172780,7335763.0,-
2022-03-15,2547.72,2504.78,-65.67,-2.55%,2504.78,2615.71,21932810,8289251.5,-
2022-03-16,2549.15,2635.08,130.3,5.20%,2478.44,2639.93,26376340,10372936.0,-
2022-03-17,2684.84,2710.73,75.65,2.87%,2684.04,2764.25,26007704,11193940.0,-
2022-03-18,2693.15,2713.8,3.07,0.11%,2668.94,2725.69,16122683,6948770.0,-
2022-03-21,2730.21,2726.18,12.38,0.46%,2702.18,2756.35,16691580,6906430.5,-
2022-03-22,2718.0,2688.23,-37.95,-1.39%,2676.84,2718.0,13313935,5331482.0,-
2022-03-23,2707.56,2715.95,27.72,1.03%,2682.13,2725.56,12725723,5249515.0,-
2022-03-24,2697.43,2706.22,-9.73,-0.36%,2655.92,2725.28,13680024,5668980.0,-
2022-03-25,2702.65,2637.94,-68.28,-2.52%,2637.94,2714.15,12665199,5077363.0,-
2022-03-28,2622.47,2594.13,-43.81,-1.66%,2576.23,2622.59,12259676,4944658.5,-
2022-03-29,2603.43,2592.67,-1.46,-0.06%,2581.38,2633.45,12369469,4673613.0,-
2022-03-30,2612.72,2696.83,104.16,4.02%,2610.41,2696.83,16212787,6583421.0,-
2022-03-31,2683.2,2659.49,-37.34,-1.38%,2646.24,2686.28,13551598,5450443.0,-
2022-04-01,2641.75,2666.97,7.48,0.28%,2632.98,2687.15,15041162,5186221.0,-
2022-04-06,2662.28,2633.91,-33.06,-1.24%,2615.92,2662.62,13538074,4940290.0,-
2022-04-07,2611.98,2578.53,-55.38,-2.10%,2576.53,2632.1,14179494,4733876.0,-
2022-04-08,2578.74,2569.91,-8.62,-0.33%,2546.51,2609.35,14336547,4849980.0,-
2022-04-11,2536.15,2462.04,-107.87,-4.20%,2455.46,2536.15,15376669,5936199.5,-
2022-04-12,2461.59,2523.69,61.65,2.50%,2459.26,2523.69,14970870,5395089.0,-
2022-04-13,2499.19,2466.84,-56.85,-2.25%,2466.84,2513.48,12936113,4721487.5,-
2022-04-14,2495.17,2466.29,-0.55,-0.02%,2443.15,2498.8,15063820,6290255.5,-
2022-04-15,2443.35,2460.36,-5.93,-0.24%,2416.7,2483.75,13863990,5718561.5,-
2022-04-18,2435.85,2487.77,27.41,1.11%,2410.86,2491.6,12271063,4981677.5,-
2022-04-19,2484.52,2453.55,-34.22,-1.38%,2444.59,2510.41,11822702,4886852.5,-
2022-04-20,2440.29,2363.65,-89.9,-3.66%,2357.91,2443.31,14364457,5938497.5,-
2022-04-21,2352.22,2312.46,-51.19,-2.17%,2298.75,2378.34,15786103,5648942.0,-
2022-04-22,2299.16,2296.6,-15.86,-0.69%,2279.78,2321.14,14857701,5213257.0,-
2022-04-25,2240.04,2169.0,-127.6,-5.56%,2168.9,2262.77,20457192,6278256.0,-
2022-04-26,2172.8,2150.51,-18.49,-0.85%,2149.6,2218.56,18962748,6050061.0,-
2022-04-27,2122.32,2269.17,118.66,5.52%,2122.32,2271.17,21630134,7455322.0,-
2022-04-28,2249.51,2227.66,-41.51,-1.83%,2206.96,2266.43,18059264,6341077.0,-
2022-04-29,2247.7,2319.14,91.48,4.11%,2221.99,2322.97,23651284,8044913.5,-
2022-05-05,2263.92,2288.4,-30.74,-1.33%,2242.96,2317.17,17224114,7427323.5,-
2022-05-06,2227.68,2244.97,-43.43,-1.90%,2222.49,2274.39,13857759,4812982.5,-
2022-05-09,2236.17,2228.07,-16.9,-0.75%,2213.58,2263.12,11415388,3870521.0,-
2022-05-10,2192.06,2276.35,48.28,2.17%,2187.44,2287.87,15440566,5479049.0,-
2022-05-11,2280.96,2346.15,69.81,3.07%,2275.27,2401.1,22177648,7844988.5,-
2022-05-12,2325.95,2351.27,5.12,0.22%,2324.76,2367.31,14119314,4638675.5,-
2022-05-13,2367.55,2358.16,6.89,0.29%,2334.37,2373.3,11291974,3887630.0,-
2022-05-16,2376.64,2331.23,-26.93,-1.14%,2328.74,2395.75,11916500,4185630.0,-
2022-05-17,2335.12,2369.09,37.86,1.62%,2323.07,2370.66,12920966,4564231.0,-
2022-05-18,2373.89,2365.38,-3.71,-0.16%,2352.92,2384.6,13075820,4166338.25,-
2022-05-19,2329.96,2377.13,11.75,0.50%,2325.67,2377.31,13173243,4679880.5,-
2022-05-20,2395.35,2417.35,40.22,1.69%,2384.11,2426.58,16057233,5656927.0,-
2022-05-23,2422.13,2410.12,-7.23,-0.30%,2385.7,2423.79,12983022,4608699.5,-
2022-05-24,2404.6,2318.08,-92.04,-3.82%,2316.79,2404.6,16281329,5469974.5,-
2022-05-25,2320.78,2325.6,7.53,0.32%,2303.15,2332.96,12353588,4038803.0,-
2022-05-26,2329.43,2321.13,-4.47,-0.19%,2283.44,2343.21,14855380,4438142.5,-
2022-05-27,2340.62,2322.48,1.35,0.06%,2311.06,2377.4,12746381,4516912.0,-
2022-05-30,2338.35,2350.38,27.9,1.20%,2323.82,2359.57,12062400,4428653.5,-
2022-05-31,2349.79,2405.09,54.71,2.33%,2323.35,2411.18,19227356,6219871.5,-
2022-06-01,2403.35,2428.96,23.88,0.99%,2395.97,2441.39,16216003,5517790.5,-
2022-06-02,2418.66,2458.26,29.3,1.21%,2411.71,2463.34,16154591,5779794.5,-
2022-06-06,2456.16,2554.66,96.4,3.92%,2455.95,2562.02,20894664,7720929.0,-
2022-06-07,2555.55,2554.63,-0.03,0.00%,2532.78,2575.89,17414206,6448085.0,-
2022-06-08,2558.15,2576.34,21.71,0.85%,2507.11,2576.33,18117050,8102775.0,-
2022-06-09,2558.33,2500.21,-76.12,-2.95%,2491.82,2561.41,15742422,6081028.5,-
2022-06-10,2482.31,2556.47,56.27,2.25%,2481.96,2556.98,17412332,7328716.5,-
2022-06-13,2522.73,2546.49,-9.98,-0.39%,2520.0,2563.24,17779490,7025384.5,-
2022-06-14,2515.51,2548.31,1.82,0.07%,2461.54,2551.08,19731048,7062737.0,-
2022-06-15,2560.64,2575.09,26.78,1.05%,2550.5,2631.94,26381352,9840868.0,-
2022-06-16,2575.96,2585.47,10.38,0.40%,2574.95,2616.82,20380698,7367463.0,-
2022-06-17,2561.4,2657.21,71.74,2.77%,2559.67,2666.08,19514348,8330216.0,-
2022-06-20,2672.77,2710.14,52.93,1.99%,2672.32,2741.59,18843668,8308705.0,-
2022-06-21,2707.98,2692.99,-17.15,-0.63%,2664.69,2723.03,18225630,6669657.5,-
2022-06-22,2701.63,2677.29,-15.7,-0.58%,2677.01,2721.81,18819058,7075344.5,-
2022-06-23,2693.75,2760.1,82.81,3.09%,2672.58,2760.1,20027014,7694391.5,-
2022-06-24,2779.41,2824.44,64.34,2.33%,2761.46,2824.44,18654754,8057604.5,-
2022-06-27,2838.58,2830.6,6.16,0.22%,2819.29,2863.66,20388364,8466401.0,-
2022-06-28,2827.35,2840.42,9.82,0.35%,2771.93,2850.29,20467880,8122799.0,-
2022-06-29,2817.12,2768.61,-71.81,-2.53%,2764.4,2845.46,23157502,8895760.0,-
2022-06-30,2776.39,2810.6,41.99,1.52%,2772.77,2834.49,19378282,7896418.5,-
2022-07-01,2810.11,2781.94,-28.66,-1.02%,2768.48,2822.8,17645928,6726893.0,-
2022-07-04,2764.62,2834.69,52.75,1.90%,2748.13,2834.69,18803568,8154493.5,-
2022-07-05,2845.74,2825.13,-9.56,-0.34%,2780.36,2867.43,19564828,8885160.0,-
2022-07-06,2826.35,2802.72,-22.41,-0.79%,2776.7,2858.05,17417708,8176983.0,-
2022-07-07,2814.15,2849.71,46.99,1.68%,2792.18,2852.8,16695923,8898213.0,-
2022-07-08,2868.69,2817.64,-32.07,-1.13%,2810.65,2887.72,20070520,8583627.0,-
2022-07-11,2804.55,2767.46,-50.18,-1.78%,2742.46,2804.8,15984458,7076430.0,-
2022-07-12,2768.82,2702.69,-64.77,-2.34%,2697.68,2774.12,14521007,6564533.5,-
2022-07-13,2708.1,2746.86,44.17,1.63%,2674.47,2762.51,13452559,6898687.0,-
2022-07-14,2739.92,2819.13,72.27,2.63%,2736.32,2841.39,15136989,7597365.5,-
2022-07-15,2804.18,2760.5,-58.63,-2.08%,2760.5,2835.01,14820248,6624677.0,-
2022-07-18,2778.4,2800.36,39.86,1.44%,2736.26,2812.67,16285811,7269588.0,-
2022-07-19,2799.38,2750.87,-49.49,-1.77%,2736.67,2799.38,14725804,6549471.5,-
2022-07-20,2764.25,2765.16,14.29,0.52%,2754.18,2786.29,13441093,5537491.0,-
2022-07-21,2756.32,2751.42,-13.74,-0.50%,2741.31,2794.37,13462725,5704109.5,-
2022-07-22,2776.99,2737.31,-14.11,-0.51%,2714.12,2788.94,13869299,5902601.0,-
2022-07-25,2732.61,2704.95,-32.36,-1.18%,2693.16,2736.73,11528411,4967568.0,-
2022-07-26,2708.74,2713.46,8.52,0.31%,2682.21,2729.38,10020654,4560051.0,-
2022-07-27,2710.74,2714.25,0.79,0.03%,2696.2,2730.17,12011278,5254251.0,-
2022-07-28,2734.63,2705.9,-8.35,-0.31%,2704.05,2749.14,17456514,6483589.0,-
2022-07-29,2716.1,2670.45,-35.45,-1.31%,2665.65,2718.53,14837729,6112472.5,-
2022-08-01,2662.75,2733.74,63.29,2.37%,2641.18,2734.64,15599506,6496275.5,-
2022-08-02,2692.12,2678.62,-55.12,-2.02%,2651.85,2716.04,18993612,6813468.5,-
2022-08-03,2687.25,2628.82,-49.8,-1.86%,2620.4,2716.22,16301537,6631991.5,-
2022-08-04,2645.0,2640.78,11.96,0.46%,2610.5,2655.66,12654025,5283037.0,-
2022-08-05,2648.05,2683.6,42.82,1.62%,2637.24,2686.23,15778758,6422456.5,-
2022-08-08,2668.99,2675.69,-7.91,-0.29%,2647.25,2679.68,13115404,5568085.0,-
2022-08-09,2668.92,2694.8,19.11,0.71%,2658.69,2698.46,13203313,5851676.0,-
2022-08-10,2688.13,2658.59,-36.21,-1.34%,2645.55,2692.25,13524009,5481616.0,-
2022-08-11,2672.18,2721.49,62.91,2.37%,2650.88,2724.85,22692818,7381115.5,-
2022-08-12,2712.69,2690.83,-30.66,-1.13%,2689.67,2717.68,14824992,4999842.5,-
2022-08-15,2688.66,2718.59,27.76,1.03%,2686.82,2734.33,14083450,6128162.5,-
2022-08-16,2725.93,2731.39,12.8,0.47%,2718.17,2759.52,14126604,6227806.0,-
2022-08-17,2739.48,2777.91,46.52,1.70%,2719.22,2783.93,18859188,7317022.5,-
2022-08-18,2771.15,2775.82,-2.09,-0.08%,2769.21,2797.49,17887326,6704513.0,-
2022-08-19,2779.99,2734.22,-41.6,-1.50%,2733.05,2780.1,18042874,6372225.0,-
2022-08-22,2730.42,2779.02,44.8,1.64%,2715.16,2782.67,15707323,6267213.5,-
2022-08-23,2775.21,2780.31,1.29,0.05%,2764.52,2802.05,14328375,6026070.5,-
2022-08-24,2800.38,2679.05,-101.26,-3.64%,2675.88,2803.43,17729182,7535088.5,-
2022-08-25,2688.86,2667.3,-11.75,-0.44%,2634.85,2694.16,14221015,6088944.5,-
2022-08-26,2666.21,2640.29,-27.01,-1.01%,2634.43,2677.73,13242036,5597681.5,-
2022-08-29,2599.84,2630.51,-9.78,-0.37%,2595.71,2641.17,11856576,5058986.5,-
2022-08-30,2630.13,2612.14,-18.36,-0.70%,2594.78,2632.13,11578491,5006929.0,-
2022-08-31,2596.16,2570.42,-41.72,-1.60%,2550.99,2611.65,14910961,6683771.0,-
2022-09-01,2561.94,2533.85,-36.56,-1.42%,2531.81,2584.62,11531668,5128369.0,-
2022-09-02,2548.18,2533.02,-0.83,-0.03%,2517.46,2552.34,10654745,4668792.5,-
2022-09-05,2528.71,2538.2,5.18,0.20%,2519.89,2553.11,10444135,4651074.5,-
2022-09-06,2541.12,2540.64,2.44,0.10%,2493.43,2542.98,11119346,5777752.0,-
2022-09-07,2525.16,2570.8,30.16,1.19%,2522.38,2584.85,11101243,5400579.5,-
2022-09-08,2570.05,2523.01,-47.79,-1.86%,2521.54,2572.12,10864726,4781283.5,-
2022-09-09,2535.75,2548.22,25.21,1.00%,2525.77,2551.05,11216483,4602503.5,-
2022-09-13,2566.84,2550.63,2.41,0.09%,2537.28,2569.11,10116052,4401251.5,-
2022-09-14,2512.28,2503.83,-46.8,-1.83%,2486.08,2527.28,9717146,4925063.5,-
2022-09-15,2512.45,2424.19,-79.64,-3.18%,2404.44,2515.21,13264430,6311724.5,-
2022-09-16,2418.44,2367.4,-56.79,-2.34%,2366.9,2430.23,17634184,6049686.5,-
2022-09-19,2360.58,2350.38,-17.02,-0.72%,2339.03,2389.48,12177807,4653642.0,-
2022-09-20,2366.79,2366.9,16.52,0.70%,2351.89,2397.93,9741206,4483726.5,-
2022-09-21,2353.78,2331.52,-35.38,-1.49%,2322.95,2358.96,10444835,4057990.75,-
2022-09-22,2309.29,2319.42,-12.1,-0.52%,2302.64,2348.76,9298812,3803756.5,-
2022-09-23,2320.92,2303.91,-15.51,-0.67%,2275.29,2336.29,9902301,3934632.75,-
2022-09-26,2288.23,2323.05,19.14,0.83%,2285.64,2358.48,10332601,4626886.0,-
2022-09-27,2336.04,2374.74,51.69,2.23%,2325.65,2374.74,11187668,4436522.5,-
2022-09-28,2367.48,2313.77,-60.97,-2.57%,2313.77,2367.48,10222232,4156818.75,-
2022-09-29,2343.28,2333.0,19.23,0.83%,2321.56,2359.12,9894546,3972075.0,-
2022-09-30,2335.54,2288.97,-44.02,-1.89%,2288.2,2339.19,9489346,3785116.0,-
2022-10-10,2294.72,2236.25,-52.72,-2.30%,2230.64,2301.24,10742491,4222969.0,-
2022-10-11,2256.34,2261.89,25.64,1.15%,2245.47,2273.9,9532889,4212479.0,-
2022-10-12,2260.68,2343.3,81.41,3.60%,2234.46,2343.5,12712128,5478643.0,-
2022-10-13,2324.47,2350.69,7.39,0.32%,2318.27,2374.61,11517029,4663547.5,-
2022-10-14,2379.83,2434.22,83.53,3.55%,2365.14,2453.04,16788490,7212313.0,-
2022-10-17,2419.64,2435.02,0.8,0.03%,2409.52,2446.7,13891946,5666433.0,-
2022-10-18,2446.36,2446.93,11.91,0.49%,2428.15,2469.03,12221961,4988135.5,-
2022-10-19,2440.03,2425.96,-20.97,-0.86%,2425.73,2463.77,11449492,4870521.0,-
2022-10-20,2402.76,2401.72,-24.24,-1.00%,2365.73,2444.41,13010172,5475776.5,-
2022-10-21,2390.41,2395.16,-6.56,-0.27%,2381.21,2410.01,10786706,4302097.0,-
2022-10-24,2385.82,2336.84,-58.32,-2.43%,2323.85,2412.59,14911799,5716307.5,-
2022-10-25,2323.84,2314.55,-22.29,-0.95%,2281.4,2344.39,17727438,6019814.0,-
2022-10-26,2324.77,2372.88,58.33,2.52%,2320.27,2397.13,19742722,7082244.5,-
2022-10-27,2377.18,2337.25,-35.63,-1.50%,2337.25,2377.68,20157474,7598706.5,-
2022-10-28,2309.96,2250.51,-86.74,-3.71%,2245.46,2326.49,17131860,6619339.0,-
2022-10-31,2228.62,2265.08,14.57,0.65%,2227.83,2295.95,16393196,6254062.5,-
2022-11-01,2270.03,2337.65,72.57,3.20%,2251.8,2337.82,19698932,7074694.0,-
2022-11-02,2322.98,2375.86,38.21,1.63%,2320.55,2396.21,22539476,7460226.5,-
2022-11-03,2352.56,2376.06,0.2,0.01%,2349.75,2385.06,15162738,5683108.0,-
2022-11-04,2378.42,2451.22,75.16,3.16%,2377.91,2464.51,20392574,7806013.5,-
2022-11-07,2447.13,2454.69,3.47,0.14%,2432.05,2470.64,16566396,6381755.0,-
2022-11-08,2452.86,2432.4,-22.29,-0.91%,2411.72,2460.99,13450026,5304423.0,-
2022-11-09,2422.17,2399.34,-33.06,-1.36%,2398.07,2432.29,11549921,4377283.0,-
2022-11-10,2380.23,2357.13,-42.21,-1.76%,2344.68,2393.6,15189196,5241266.0,-
2022-11-11,2443.11,2405.32,48.19,2.04%,2402.94,2446.09,23230236,8164879.5,-
2022-11-14,2406.87,2375.21,-30.11,-1.25%,2364.44,2418.52,18250056,7011890.0,-
2022-11-15,2373.99,2431.73,56.52,2.38%,2356.35,2432.46,20372986,7302123.5,-
2022-11-16,2427.41,2402.91,-28.82,-1.19%,2399.7,2443.79,17645144,6177136.0,-
2022-11-17,2389.47,2385.86,-17.05,-0.71%,2351.0,2389.47,15065339,5708740.0,-
2022-11-18,2394.31,2389.76,3.9,0.16%,2384.65,2420.38,16537576,6436607.0,-
2022-11-21,2369.76,2387.3,-2.46,-0.10%,2360.85,2389.64,14597635,5159435.0,-
2022-11-22,2380.71,2343.55,-43.75,-1.83%,2334.47,2382.14,14031186,5013496.0,-
2022-11-23,2338.86,2340.34,-3.21,-0.14%,2302.99,2357.0,12522867,4555629.0,-
2022-11-24,2349.27,2335.53,-4.81,-0.21%,2330.37,2356.67,9963518,3853312.0,-
2022-11-25,2325.57,2309.36,-26.16,-1.12%,2304.98,2327.28,9477636,3489805.5,-
2022-11-28,2264.83,2298.8,-10.56,-0.46%,2261.05,2300.95,11260045,4006775.25,-
2022-11-29,2301.21,2339.79,40.99,1.78%,2298.31,2347.71,15819058,5455206.5,-
2022-11-30,2335.95,2345.31,5.52,0.24%,2323.19,2348.16,13200872,5032844.0,-
2022-12-01,2386.08,2381.18,35.87,1.53%,2380.67,2403.77,17630134,6895350.5,-
2022-12-02,2378.4,2383.32,2.14,0.09%,2369.31,2408.74,12608261,4607275.0,-
2022-12-05,2391.1,2377.11,-6.21,-0.26%,2366.12,2394.43,17544998,6382967.0,-
2022-12-06,2366.11,2393.28,16.17,0.68%,2365.69,2414.2,15771361,5914489.0,-
2022-12-07,2382.56,2414.04,20.76,0.87%,2382.56,2432.11,15138828,6439609.5,-
2022-12-08,2411.8,2411.81,-2.23,-0.09%,2398.21,2423.16,12955969,4890788.5,-
2022-12-09,2412.16,2420.63,8.82,0.37%,2391.67,2421.66,17030988,6207852.5,-
2022-12-12,2409.44,2401.52,-19.11,-0.79%,2399.69,2418.06,13306378,5176407.5,-
2022-12-13,2403.74,2376.21,-25.31,-1.05%,2371.07,2404.88,12920489,4945885.0,-
2022-12-14,2384.7,2368.08,-8.12,-0.34%,2362.61,2391.21,12122520,4636740.5,-
2022-12-15,2365.23,2399.12,31.04,1.31%,2363.34,2399.36,11132543,4567833.0,-
2022-12-16,2381.68,2373.72,-25.4,-1.06%,2361.89,2390.66,10160164,3877212.25,-
2022-12-19,2372.93,2346.7,-27.02,-1.14%,2337.4,2389.3,11915831,4282989.0,-
2022-12-20,2340.51,2310.8,-35.9,-1.53%,2308.57,2340.73,8981891,3539194.75,-
2022-12-21,2312.52,2303.7,-7.1,-0.31%,2293.58,2322.52,8580887,3077544.0,-
2022-12-22,2318.71,2295.32,-8.38,-0.36%,2288.52,2328.71,10278996,3966569.75,-
2022-12-23,2282.32,2286.19,-9.13,-0.40%,2273.04,2301.62,8797155,3462088.75,-
2022-12-26,2290.26,2331.41,45.22,1.98%,2290.16,2334.98,9578799,3993351.0,-
2022-12-27,2335.56,2359.5,28.09,1.20%,2326.31,2363.15,10734474,4491676.5,-
2022-12-28,2346.04,2338.26,-21.24,-0.90%,2323.48,2348.85,9397325,4341302.0,-
2022-12-29,2328.73,2349.38,11.12,0.48%,2327.69,2365.69,9005791,3840015.5,-
2022-12-30,2361.97,2346.77,-2.61,-0.11%,2346.77,2369.14,8708049,3558259.0,-
2023-01-03,2339.98,2356.42,9.65,0.41%,2312.31,2361.55,12950638,5198603.5,-
2023-01-04,2347.0,2335.12,-21.3,-0.90%,2323.72,2352.33,11713265,5116436.5,-
2023-01-05,2343.78,2399.46,64.34,2.76%,2343.72,2405.43,15679402,6711767.5,-
2023-01-06,2392.66,2422.14,22.68,0.95%,2391.33,2442.24,13530771,6014948.0,-
2023-01-09,2433.35,2440.37,18.23,0.75%,2427.81,2455.6,13759156,5847310.0,-
2023-01-10,2441.5,2474.01,33.64,1.38%,2435.19,2478.9,12962980,5798573.5,-
2023-01-11,2470.64,2445.97,-28.04,-1.13%,2442.73,2480.16,12572620,5261356.5,-
2023-01-12,2455.73,2458.49,12.52,0.51%,2448.76,2477.01,10705674,4753753.5,-
2023-01-13,2475.14,2493.13,34.64,1.41%,2462.87,2493.13,12708091,5833657.5,-
2023-01-16,2490.72,2539.52,46.39,1.86%,2490.72,2566.69,18557480,7761244.0,-
2023-01-17,2540.57,2545.56,6.04,0.24%,2535.18,2556.64,11363581,5047584.5,-
2023-01-18,2548.7,2543.9,-1.66,-0.07%,2534.43,2555.69,9994758,4085121.5,-
2023-01-19,2539.89,2571.44,27.54,1.08%,2531.96,2571.44,11575432,4783783.5,-
2023-01-20,2580.27,2585.96,14.52,0.56%,2571.83,2588.89,11605469,5213289.5,-
2023-01-30,2657.39,2613.89,27.93,1.08%,2611.13,2661.28,20292188,8160592.5,-
2023-01-31,2608.12,2580.84,-33.05,-1.26%,2575.53,2618.28,14659364,5860570.0,-
2023-02-01,2592.45,2613.69,32.85,1.27%,2572.33,2613.69,15502624,6319473.0,-
2023-02-02,2619.79,2602.32,-11.37,-0.43%,2598.12,2631.86,15842164,6282597.5,-
2023-02-03,2592.84,2580.11,-22.21,-0.85%,2551.83,2606.0,12820227,5058345.0,-
2023-02-06,2560.46,2544.09,-36.02,-1.40%,2523.71,2560.46,14048576,5233586.5,-
2023-02-07,2551.13,2537.97,-6.12,-0.24%,2522.55,2557.38,12721528,4754606.5,-
2023-02-08,2542.24,2525.88,-12.09,-0.48%,2522.53,2550.38,11926153,4461375.5,-
2023-02-09,2520.83,2569.73,43.85,1.74%,2515.51,2569.99,14420215,5435667.0,-
2023-02-10,2567.09,2545.16,-24.57,-0.96%,2531.87,2571.2,13597581,5188029.5,-
2023-02-13,2546.15,2573.18,28.02,1.10%,2540.85,2576.04,14548739,6057351.0,-
2023-02-14,2585.97,2565.16,-8.02,-0.31%,2551.47,2586.18,12594285,5110871.5,-
2023-02-15,2564.54,2547.2,-17.95,-0.70%,2543.64,2574.58,14692795,5707331.0,-
2023-02-16,2549.43,2512.5,-34.7,-1.36%,2495.16,2567.29,17763962,6386918.5,-
2023-02-17,2508.26,2449.35,-63.15,-2.51%,2449.35,2513.21,14067254,5702201.0,-
2023-02-20,2445.64,2480.79,31.44,1.28%,2424.63,2481.57,14103709,5892403.0,-
2023-02-21,2473.6,2469.81,-10.98,-0.44%,2452.84,2480.35,11830872,4777795.0,-
2023-02-22,2452.39,2451.9,-17.91,-0.73%,2446.19,2470.5,10231574,4156731.0,-
2023-02-23,2450.96,2457.48,5.58,0.23%,2446.41,2470.4,11715026,4562223.5,-
2023-02-24,2457.53,2428.94,-28.54,-1.16%,2425.66,2458.29,11674847,4252634.5,-
2023-02-27,2416.43,2409.79,-19.15,-0.79%,2403.66,2432.39,10368973,4082579.0,-
2023-02-28,2417.58,2429.03,19.24,0.80%,2407.76,2432.32,100904056,15837368.0,-
2023-03-01,2428.1,2443.95,14.92,0.61%,2415.95,2449.44,130336768,20082454.0,-
2023-03-02,2438.58,2418.6,-25.35,-1.04%,2415.12,2442.19,131298040,20586942.0,-
2023-03-03,2423.67,2422.44,3.84,0.16%,2405.3,2434.12,111160528,17439840.0,-
2023-03-06,2421.43,2431.56,9.12,0.38%,2393.92,2435.9,104380888,18471386.0,-
2023-03-07,2423.03,2383.73,-47.83,-1.97%,2383.5,2430.65,112107048,17771578.0,-
2023-03-08,2375.87,2377.58,-6.15,-0.26%,2366.25,2390.07,93923760,15149618.0,-
2023-03-09,2377.98,2372.68,-4.9,-0.21%,2365.86,2386.9,117161536,18184822.0,-
2023-03-10,2366.59,2370.36,-2.32,-0.10%,2354.02,2388.61,127669552,20276708.0,-
2023-03-13,2359.72,2357.07,-13.29,-0.56%,2345.99,2374.97,127326216,20216950.0,-
2023-03-14,2353.21,2343.11,-13.96,-0.59%,2308.93,2356.9,136502176,22044288.0,-
2023-03-15,2359.22,2337.46,-5.65,-0.24%,2335.59,2375.28,114050704,18213144.0,-
2023-03-16,2320.38,2302.05,-35.41,-1.52%,2298.44,2333.31,116796016,18571712.0,-
2023-03-17,2320.2,2293.67,-8.38,-0.36%,2289.28,2324.83,140644560,23237382.0,-
2023-03-20,2291.39,2291.92,-1.75,-0.08%,2280.14,2317.64,150120832,24662150.0,-
2023-03-21,2298.28,2337.26,45.34,1.98%,2298.28,2337.37,132375256,21840058.0,-
2023-03-22,2348.52,2341.92,4.66,0.20%,2330.82,2358.63,159335472,25841314.0,-
2023-03-23,2330.98,2361.41,19.49,0.83%,2327.39,2361.41,149682640,25776584.0,-
2023-03-24,2366.43,2370.38,8.97,0.38%,2355.74,2373.77,165029824,28416158.0,-
2023-03-27,2363.01,2398.02,27.64,1.17%,2363.01,2399.44,174960416,31460284.0,-
2023-03-28,2389.85,2369.17,-28.85,-1.20%,2364.63,2389.92,151320624,27253606.0,-
2023-03-29,2371.3,2371.19,2.02,0.09%,2367.38,2382.0,139645392,25471718.0,-
2023-03-30,2370.73,2383.04,11.85,0.50%,2362.66,2384.96,126735568,22909102.0,-
2023-03-31,2386.86,2399.5,16.46,0.69%,2385.42,2402.55,138635712,24601880.0,-
2023-04-03,2406.14,2440.21,40.71,1.70%,2406.14,2442.97,179614592,33793520.0,-
2023-04-04,2441.43,2421.66,-18.55,-0.76%,2407.48,2442.57,181118656,35041528.0,-
2023-04-06,2404.26,2426.57,4.92,0.20%,2402.3,2428.8,164546064,31717418.0,-
2023-04-07,2421.75,2446.95,20.38,0.84%,2421.06,2454.04,158561776,28751758.0,-
2023-04-10,2457.19,2443.52,-3.42,-0.14%,2432.05,2461.3,166298208,31590052.0,-
2023-04-11,2449.27,2439.4,-4.12,-0.17%,2426.67,2463.27,145869408,27156622.0,-
2023-04-12,2436.89,2429.29,-10.11,-0.41%,2417.28,2440.33,163918016,29593980.0,-
2023-04-13,2418.27,2405.76,-23.53,-0.97%,2403.92,2426.83,170319680,30232626.0,-
2023-04-14,2409.77,2428.09,22.33,0.93%,2409.6,2432.36,152520928,28576364.0,-
2023-04-17,2420.01,2434.44,6.35,0.26%,2420.01,2440.73,138070144,25131688.0,-
2023-04-18,2428.18,2431.1,-3.34,-0.14%,2423.93,2443.77,129922232,25122658.0,-
2023-04-19,2429.33,2415.76,-15.34,-0.63%,2413.34,2429.33,139360656,26501800.0,-
2023-04-20,2414.01,2386.67,-29.09,-1.20%,2378.05,2414.01,149358688,28508750.0,-
2023-04-21,2393.19,2341.19,-45.48,-1.91%,2340.61,2400.79,168905248,31154668.0,-
2023-04-24,2337.38,2301.24,-39.95,-1.71%,2288.78,2340.26,151425696,27265666.0,-
2023-04-25,2302.86,2259.19,-42.05,-1.83%,2243.83,2305.92,171213680,29429098.0,-
2023-04-26,2249.53,2294.06,34.87,1.54%,2247.95,2306.66,167820384,31427556.0,-
2023-04-27,2283.63,2307.27,13.21,0.58%,2281.6,2315.32,159029280,27767830.0,-
2023-04-28,2309.35,2324.72,17.45,0.76%,2303.31,2328.89,167719488,28355880.0,-
2023-05-04,2316.33,2297.67,-27.05,-1.16%,2290.92,2319.83,166683712,27253746.0,-
2023-05-05,2291.24,2267.63,-30.04,-1.31%,2260.64,2293.84,151631376,25474816.0,-
2023-05-08,2274.72,2273.4,5.77,0.25%,2251.77,2277.23,148702032,24885806.0,-
2023-05-09,2270.76,2245.82,-27.58,-1.21%,2245.72,2277.29,156196512,25572448.0,-
2023-05-10,2241.44,2262.22,16.4,0.73%,2228.18,2273.68,138680704,23637114.0,-
2023-05-11,2264.9,2276.57,14.35,0.63%,2264.86,2296.45,135496416,22697368.0,-
2023-05-12,2277.42,2252.38,-24.19,-1.06%,2251.76,2287.47,130029088,20868932.0,-
2023-05-15,2259.17,2299.93,47.55,2.11%,2257.82,2299.93,129474584,22235558.0,-
2023-05-16,2300.8,2294.19,-5.74,-0.25%,2286.23,2307.17,128632072,22055386.0,-
2023-05-17,2293.55,2293.64,-0.55,-0.02%,2281.17,2300.29,126393064,21155098.0,-
2023-05-18,2299.63,2277.97,-15.67,-0.68%,2264.84,2300.62,149086784,25517314.0,-
2023-05-19,2275.8,2278.59,0.62,0.03%,2270.39,2293.1,135071440,24183994.0,-
2023-05-22,2278.71,2280.15,1.56,0.07%,2265.76,2291.33,122394064,21184544.0,-
2023-05-23,2282.9,2253.33,-26.82,-1.18%,2253.33,2284.07,125035144,21320736.0,-
2023-05-24,2245.47,2245.26,-8.07,-0.36%,2239.9,2268.86,124380888,22435702.0,-
2023-05-25,2245.31,2244.18,-1.08,-0.05%,2228.84,2257.22,141406064,25179678.0,-
2023-05-26,2244.34,2229.27,-14.91,-0.66%,2215.29,2244.34,135157328,24526790.0,-
2023-05-29,2236.98,2203.84,-25.43,-1.14%,2196.06,2238.4,146695952,26392128.0,-
2023-05-30,2200.8,2218.6,14.76,0.67%,2180.7,2218.6,151803168,27329318.0,-
2023-05-31,2215.27,2193.41,-25.19,-1.14%,2183.42,2215.49,150199616,27413542.0,-
2023-06-01,2191.8,2206.43,13.02,0.59%,2184.92,2225.12,162769904,28661658.0,-
2023-06-02,2213.77,2233.28,26.85,1.22%,2211.98,2240.57,147177872,26569072.0,-
2023-06-05,2226.2,2202.14,-31.14,-1.39%,2195.66,2226.59,131743304,24219652.0,-
2023-06-06,2196.98,2164.81,-37.33,-1.69%,2162.72,2197.58,147251824,25726426.0,-
2023-06-07,2159.16,2129.9,-34.91,-1.61%,2124.52,2162.56,124605104,23068024.0,-
2023-06-08,2136.02,2123.96,-5.94,-0.28%,2118.33,2139.96,130063776,23574334.0,-
2023-06-09,2122.16,2143.01,19.05,0.90%,2118.79,2143.01,146778464,26731078.0,-
2023-06-12,2135.88,2152.42,9.41,0.44%,2131.12,2162.53,140211920,25125308.0,-
2023-06-13,2148.4,2166.96,14.54,0.68%,2147.56,2169.66,145811248,25316248.0,-
2023-06-14,2175.92,2163.34,-3.62,-0.17%,2163.34,2177.8,151758352,26771378.0,-
2023-06-15,2174.53,2237.74,74.4,3.44%,2174.53,2237.74,158294288,29628458.0,-
2023-06-16,2243.54,2270.07,32.33,1.44%,2234.48,2272.02,152005616,28844238.0,-
2023-06-19,2271.76,2265.19,-4.88,-0.21%,2257.64,2276.56,159428752,30853326.0,-
2023-06-20,2264.18,2271.42,6.24,0.28%,2257.88,2277.33,161479264,30579514.0,-
2023-06-21,2260.5,2211.84,-59.58,-2.62%,2211.84,2266.76,155026672,29004972.0,-
2023-06-26,2185.15,2186.25,-25.59,-1.16%,2171.59,2212.41,141466208,25714358.0,-
2023-06-27,2186.16,2191.83,5.58,0.26%,2179.32,2205.56,119148024,20471408.0,-
2023-06-28,2184.99,2182.1,-9.73,-0.44%,2160.19,2189.02,137303936,23187198.0,-
2023-06-29,2178.88,2180.06,-2.04,-0.09%,2178.43,2194.25,128387488,22731778.0,-
2023-06-30,2178.53,2215.0,34.94,1.60%,2171.42,2228.0,132288024,24511074.0,-
2023-07-03,2223.33,2228.21,13.21,0.60%,2215.36,2239.43,139754032,25212716.0,-
2023-07-04,2222.33,2232.75,4.54,0.20%,2215.77,2234.86,127163752,23224092.0,-
2023-07-05,2235.2,2212.42,-20.33,-0.91%,2209.11,2239.93,122643240,22526848.0,-
2023-07-06,2206.3,2192.19,-20.23,-0.91%,2190.03,2218.39,116841920,21038836.0,-
2023-07-07,2185.73,2169.21,-22.98,-1.05%,2169.21,2186.04,117053576,21109876.0,-
2023-07-10,2174.33,2198.87,29.66,1.37%,2174.33,2213.76,110736408,19842396.0,-
2023-07-11,2202.93,2216.78,17.91,0.81%,2194.17,2217.66,110763928,19651242.0,-
2023-07-12,2216.03,2196.85,-19.93,-0.90%,2194.61,2217.75,132460336,23657350.0,-
2023-07-13,2208.22,2237.52,40.67,1.85%,2208.22,2238.67,131168880,24655800.0,-
2023-07-14,2237.25,2224.1,-13.41,-0.60%,2221.78,2239.43,135681536,25476364.0,-
2023-07-17,2212.76,2207.45,-16.65,-0.75%,2198.27,2214.43,119854080,21852182.0,-
2023-07-18,2215.05,2200.62,-6.83,-0.31%,2196.23,2215.25,112178824,20178956.0,-
2023-07-19,2196.59,2177.25,-23.37,-1.06%,2170.33,2201.43,102687152,18598536.0,-
2023-07-20,2180.71,2155.65,-21.6,-0.99%,2153.98,2199.64,117468464,20928048.0,-
2023-07-21,2151.85,2163.12,7.47,0.35%,2151.07,2177.8,110891984,19037508.0,-
2023-07-24,2148.29,2146.93,-16.19,-0.75%,2142.91,2167.19,92563392,16185857.0,-
2023-07-25,2183.05,2192.9,45.97,2.14%,2169.72,2195.75,118693384,21343124.0,-
2023-07-26,2185.81,2191.17,-1.73,-0.08%,2180.2,2194.54,115433464,19225502.0,-
2023-07-27,2199.48,2184.1,-7.07,-0.32%,2180.69,2205.72,111595368,18790870.0,-
2023-07-28,2176.49,2219.54,35.44,1.62%,2172.37,2224.03,125802528,21111566.0,-
2023-07-31,2233.26,2236.67,17.13,0.77%,2230.13,2256.05,143740112,23293980.0,-
2023-08-01,2234.61,2223.8,-12.87,-0.58%,2215.58,2249.38,124343904,20792682.0,-
2023-08-02,2220.77,2218.57,-5.23,-0.24%,2213.04,2231.87,105906456,17873056.0,-
2023-08-03,2214.09,2241.98,23.41,1.06%,2214.09,2242.57,103359336,18068948.0,-
2023-08-04,2263.4,2263.37,21.39,0.95%,2247.9,2282.65,135032208,23896706.0,-
2023-08-07,2252.44,2240.78,-22.59,-1.00%,2234.04,2256.0,121092600,21497952.0,-
2023-08-08,2238.66,2228.91,-11.87,-0.53%,2226.24,2244.9,114341376,20077040.0,-
2023-08-09,2222.51,2228.73,-0.18,-0.01%,2222.51,2241.87,113217176,20101660.0,-
2023-08-10,2226.91,2239.31,10.58,0.47%,2220.83,2241.85,102407984,18697456.0,-
2023-08-11,2241.48,2187.04,-52.27,-2.33%,2187.04,2241.48,108738848,19388846.0,-
2023-08-14,2163.28,2164.69,-22.35,-1.02%,2139.97,2170.22,102047480,19028026.0,-
2023-08-15,2164.82,2148.67,-16.02,-0.74%,2130.38,2171.56,100087448,19121412.0,-
2023-08-16,2140.01,2132.97,-15.7,-0.73%,2132.89,2158.0,100599624,18871336.0,-
2023-08-17,2130.54,2147.06,14.09,0.66%,2113.3,2151.23,108624120,19830120.0,-
2023-08-18,2145.8,2118.93,-28.13,-1.31%,2118.93,2156.17,113529808,20241556.0,-
2023-08-21,2108.7,2084.97,-33.95,-1.60%,2084.97,2115.02,99675752,18175944.0,-
2023-08-22,2099.84,2086.94,1.97,0.09%,2049.09,2104.74,122292440,22136646.0,-
2023-08-23,2081.21,2038.98,-47.96,-2.30%,2038.98,2081.21,110599240,19373792.0,-
2023-08-24,2050.53,2064.57,25.59,1.26%,2042.58,2083.64,128477448,21914988.0,-
2023-08-25,2053.65,2040.4,-24.17,-1.17%,2032.58,2059.15,137716080,21902952.0,-
2023-08-28,2182.39,2060.04,19.64,0.96%,2055.61,2182.39,171460288,28347108.0,-
2023-08-29,2054.98,2118.19,58.15,2.82%,2054.98,2133.6,165684800,28424632.0,-
2023-08-30,2122.65,2117.13,-1.06,-0.05%,2110.87,2141.6,158494560,27399146.0,-
2023-08-31,2111.02,2102.58,-14.55,-0.69%,2100.73,2117.4,125436904,21662014.0,-
2023-09-01,2108.08,2100.26,-2.31,-0.11%,2093.1,2118.51,108026888,18718228.0,-
2023-09-04,2110.17,2118.03,17.77,0.85%,2088.99,2120.98,120361864,20037764.0,-
2023-09-05,2113.59,2111.33,-6.7,-0.32%,2107.86,2122.62,129319064,21820592.0,-
2023-09-06,2103.3,2101.4,-9.93,-0.47%,2089.45,2105.1,134779808,22800750.0,-
2023-09-07,2096.61,2056.98,-44.42,-2.11%,2056.98,2097.28,137675504,22819102.0,-
2023-09-08,2047.6,2049.77,-7.21,-0.35%,2038.57,2057.12,130787408,21725514.0,-
2023-09-11,2048.95,2063.19,13.43,0.65%,2041.77,2076.9,138593296,23748010.0,-
2023-09-12,2060.62,2051.04,-12.15,-0.59%,2049.48,2063.93,121530800,20504688.0,-
2023-09-13,2045.31,2027.73,-23.31,-1.14%,2015.39,2053.46,123604968,20011086.0,-
2023-09-14,2021.6,2011.88,-15.85,-0.78%,2002.43,2024.86,110421112,18261404.0,-
2023-09-15,2009.33,2002.73,-9.15,-0.45%,1996.12,2022.94,106712936,18526510.0,-
2023-09-18,1994.87,2020.47,17.74,0.89%,1993.68,2033.15,105422888,18095552.0,-
2023-09-19,2017.89,2002.67,-17.8,-0.88%,1995.24,2017.89,99060112,15961907.0,-
2023-09-20,2000.72,1987.3,-15.37,-0.77%,1987.3,2001.5,90334608,14685518.0,-
2023-09-21,1983.02,1967.61,-19.69,-0.99%,1967.61,1990.33,92248680,14874672.0,-
2023-09-22,1965.69,2013.34,45.73,2.32%,1963.23,2013.96,119252552,20658412.0,-
2023-09-25,2015.32,2005.26,-8.08,-0.40%,2000.81,2015.32,117484216,19936054.0,-
2023-09-26,2000.23,1989.83,-15.43,-0.77%,1989.65,2007.91,110872912,19237474.0,-
2023-09-27,1994.01,2006.22,16.39,0.82%,1990.16,2027.82,116582664,20125254.0,-
2023-09-28,2013.62,2003.91,-2.31,-0.12%,1995.56,2019.29,120424984,20097872.0,-
2023-10-09,2000.13,1998.61,-5.3,-0.26%,1977.77,2006.43,134153184,22143826.0,-
2023-10-10,2004.95,1987.94,-10.67,-0.53%,1987.35,2014.3,139745456,22606630.0,-
2023-10-11,2000.52,2003.9,15.96,0.80%,1996.82,2021.11,148371136,24707790.0,-
2023-10-12,2015.55,2019.1,15.2,0.76%,2001.91,2022.36,136247056,22693340.0,-
2023-10-13,2004.2,1996.6,-22.5,-1.11%,1986.19,2005.72,141137856,23602362.0,-
2023-10-16,1993.91,1956.72,-39.88,-2.00%,1949.33,1994.26,140358016,22319618.0,-
2023-10-17,1963.83,1961.89,5.17,0.26%,1950.33,1969.47,128954000,20164644.0,-
2023-10-18,1953.0,1938.44,-23.45,-1.20%,1934.84,1953.0,130832680,19948378.0,-
2023-10-19,1925.53,1913.7,-24.73,-1.28%,1913.43,1936.22,134243968,20361372.0,-
2023-10-20,1899.98,1896.95,-16.75,-0.88%,1893.95,1922.93,124067720,18942374.0,-
2023-10-23,1891.48,1864.91,-32.04,-1.69%,1854.44,1891.48,126231960,18300580.0,-
2023-10-24,1872.29,1880.81,15.9,0.85%,1859.86,1890.1,136512832,21178080.0,-
2023-10-25,1890.48,1863.8,-17.01,-0.90%,1863.77,1894.54,151745344,23510500.0,-
2023-10-26,1851.19,1875.86,12.06,0.65%,1840.26,1877.45,155256304,24358892.0,-
2023-10-27,1868.23,1929.91,54.05,2.88%,1863.53,1937.31,172625824,27558838.0,-
2023-10-30,1933.79,1977.69,47.78,2.48%,1931.7,1983.46,168980448,27797458.0,-
2023-10-31,1974.8,1968.23,-9.46,-0.48%,1958.35,1975.4,158865504,24473394.0,-
2023-11-01,1969.08,1959.13,-9.1,-0.46%,1949.99,1971.41,138782576,21037556.0,-
2023-11-02,1964.43,1939.71,-19.42,-0.99%,1939.41,1973.23,145625872,21384138.0,-
2023-11-03,1943.21,1968.21,28.5,1.47%,1943.21,1975.52,147490448,22379990.0,-
2023-11-06,1984.33,2032.34,64.13,3.26%,1984.33,2034.57,175633984,28313996.0,-
2023-11-07,2025.1,2022.77,-9.56,-0.47%,2012.06,2031.79,173475392,28093110.0,-
2023-11-08,2016.6,2023.13,0.36,0.02%,2010.02,2035.91,196094192,30357426.0,-
2023-11-09,2019.69,2018.39,-4.74,-0.23%,2013.51,2035.42,174292528,27869860.0,-
2023-11-10,2006.09,2005.24,-13.14,-0.65%,2000.49,2011.93,144763680,22799608.0,-
2023-11-13,2018.83,2009.21,3.98,0.20%,1998.02,2022.84,154520928,25063044.0,-
2023-11-14,2008.29,2004.81,-4.4,-0.22%,1995.76,2024.66,154636880,25626190.0,-
2023-11-15,2032.26,2015.36,10.55,0.53%,2008.48,2033.39,163400576,28100386.0,-
2023-11-16,2012.2,1978.12,-37.24,-1.85%,1978.12,2012.2,153284928,24746090.0,-
2023-11-17,1971.22,1986.53,8.41,0.43%,1971.22,1986.67,143700688,23029136.0,-
2023-11-20,1987.85,1992.97,6.44,0.32%,1969.92,1998.1,162068688,25966520.0,-
2023-11-21,2001.07,1984.27,-8.7,-0.44%,1981.29,2014.59,178016496,27441086.0,-
2023-11-22,1973.66,1950.01,-34.26,-1.73%,1950.01,1980.02,156776832,24336136.0,-
2023-11-23,1945.9,1961.35,11.34,0.58%,1940.21,1961.35,137840320,21262014.0,-
2023-11-24,1960.38,1937.94,-23.41,-1.19%,1935.0,1960.38,145480336,21790512.0,-
2023-11-27,1936.61,1926.2,-11.74,-0.61%,1916.55,1936.61,135469008,20941584.0,-
2023-11-28,1923.36,1938.42,12.22,0.63%,1918.35,1938.73,124606176,19549280.0,-
2023-11-29,1934.55,1917.9,-20.52,-1.06%,1917.22,1937.85,121256656,19140358.0,-
2023-11-30,1915.05,1922.59,4.69,0.24%,1912.17,1932.83,122596728,19601114.0,-
2023-12-01,1922.37,1926.28,3.69,0.19%,1904.65,1934.09,138430080,21971208.0,-
2023-12-04,1923.22,1908.92,-17.36,-0.90%,1908.53,1926.17,141369312,22805130.0,-
2023-12-05,1900.99,1871.1,-37.82,-1.98%,1870.98,1905.73,131801368,21155052.0,-
2023-12-06,1867.5,1881.94,10.84,0.58%,1866.9,1898.6,133900512,20677554.0,-
2023-12-07,1877.03,1877.21,-4.73,-0.25%,1864.24,1888.75,136143968,21599662.0,-
2023-12-08,1881.1,1892.18,14.97,0.80%,1870.88,1896.78,148165168,25037882.0,-
2023-12-11,1880.58,1915.74,23.56,1.25%,1866.09,1919.83,134838640,22297752.0,-
2023-12-12,1909.6,1903.87,-11.87,-0.62%,1899.56,1913.29,121458608,20489918.0,-
2023-12-13,1899.34,1872.34,-31.53,-1.66%,1871.78,1899.93,118993216,19135270.0,-
2023-12-14,1884.55,1860.51,-11.83,-0.63%,1859.25,1895.6,111786648,17807780.0,-
2023-12-15,1869.51,1848.5,-12.01,-0.65%,1844.18,1877.78,107658984,17236428.0,-
2023-12-18,1839.32,1820.0,-28.5,-1.54%,1814.93,1845.97,101053592,16234063.0,-
2023-12-19,1818.88,1827.67,7.67,0.42%,1813.6,1837.94,93122536,15472874.0,-
2023-12-20,1830.72,1802.88,-24.79,-1.36%,1802.36,1832.31,100591992,16365525.0,-
2023-12-21,1795.27,1832.62,29.74,1.65%,1792.38,1840.96,111199928,18337230.0,-
2023-12-22,1827.68,1825.84,-6.78,-0.37%,1812.77,1848.32,130025592,20170730.0,-
2023-12-25,1820.25,1831.57,5.73,0.31%,1820.22,1838.13,92613200,14262551.0,-
2023-12-26,1828.56,1808.5,-23.07,-1.26%,1801.38,1829.87,94649896,14522758.0,-
2023-12-27,1813.05,1809.83,1.33,0.07%,1796.69,1818.05,95517344,14535265.0,-
2023-12-28,1806.79,1879.5,69.67,3.85%,1804.7,1887.15,121707144,20053808.0,-
2023-12-29,1879.54,1891.37,11.87,0.63%,1878.04,1897.67,122437200,20128728.0,-
2024-01-02,1889.02,1855.92,-35.45,-1.87%,1855.73,1889.02,115953952,17933668.0,-
2024-01-03,1850.16,1834.73,-21.19,-1.14%,1825.55,1856.44,107536680,16719410.0,-
2024-01-04,1831.3,1801.76,-32.97,-1.80%,1794.0,1831.38,93991272,15029436.0,-
2024-01-05,1798.82,1775.58,-26.18,-1.45%,1765.72,1815.07,101696296,15949642.0,-
2024-01-08,1769.32,1744.41,-31.17,-1.76%,1744.24,1779.38,89969736,14233249.0,-
2024-01-09,1749.77,1750.78,6.37,0.37%,1737.99,1774.32,99765200,15259070.0,-
2024-01-10,1741.13,1743.2,-7.58,-0.43%,1726.56,1771.68,98601944,14509969.0,-
2024-01-11,1744.3,1777.27,34.07,1.95%,1739.16,1790.33,104955360,16390455.0,-
2024-01-12,1770.97,1761.16,-16.11,-0.91%,1760.88,1785.51,102317744,15297854.0,-
2024-01-15,1751.52,1745.61,-15.55,-0.88%,1738.54,1766.26,86196856,13038688.0,-
2024-01-16,1741.37,1752.23,6.62,0.38%,1724.64,1755.38,96260256,14524842.0,-
2024-01-17,1747.77,1699.62,-52.61,-3.00%,1699.62,1747.77,86299640,13283255.0,-
2024-01-18,1685.94,1732.36,32.74,1.93%,1678.43,1735.09,120941232,18220902.0,-
2024-01-19,1726.55,1715.44,-16.92,-0.98%,1714.51,1743.3,94103272,14854940.0,-
2024-01-22,1710.29,1666.88,-48.56,-2.83%,1657.35,1714.93,117732600,17468906.0,-
2024-01-23,1663.98,1687.61,20.73,1.24%,1655.2,1700.57,106465504,15910909.0,-
2024-01-24,1696.56,1696.19,8.58,0.51%,1642.16,1700.77,114237800,16285358.0,-
2024-01-25,1686.55,1720.78,24.59,1.45%,1672.07,1720.85,122868144,18154558.0,-
2024-01-26,1703.47,1682.48,-38.3,-2.23%,1679.34,1714.53,117351752,17049140.0,-
2024-01-29,1680.15,1623.81,-58.67,-3.49%,1623.81,1685.6,110529712,16272667.0,-
2024-01-30,1613.46,1583.77,-40.04,-2.47%,1582.42,1631.53,95337144,13110340.0,-
2024-01-31,1585.21,1573.37,-10.4,-0.66%,1573.16,1601.89,130116288,16657243.0,-
2024-02-01,1567.83,1589.04,15.67,1.00%,1563.38,1616.4,118663096,15046571.0,-
2024-02-02,1585.96,1550.37,-38.67,-2.43%,1512.06,1595.98,139680976,16587791.0,-
2024-02-05,1534.19,1562.61,12.24,0.79%,1482.99,1600.33,184791328,19617288.0,-
2024-02-06,1544.96,1667.45,104.84,6.71%,1544.5,1668.89,183716128,19849986.0,-
2024-02-07,1663.18,1707.02,39.58,2.37%,1658.46,1711.42,189088128,21068722.0,-
2024-02-08,1716.63,1726.86,19.84,1.16%,1713.77,1764.39,192337872,21953502.0,-
2024-02-19,1752.86,1746.42,19.56,1.13%,1722.84,1752.86,182448832,22197252.0,-
2024-02-20,1739.04,1746.18,-0.24,-0.01%,1722.49,1749.27,147868144,19627050.0,-
2024-02-21,1728.45,1752.48,6.3,0.36%,1724.29,1783.81,177509088,22765246.0,-
2024-02-22,1752.79,1757.87,5.39,0.31%,1742.15,1761.12,156242224,20412566.0,-
2024-02-23,1766.96,1758.19,0.32,0.02%,1742.49,1767.26,184459760,24308424.0,-
2024-02-26,1752.76,1751.7,-6.49,-0.37%,1738.33,1768.09,192437456,25430914.0,-
2024-02-27,1743.49,1793.98,42.28,2.41%,1740.83,1793.98,186627360,26473602.0,-
2024-02-28,1799.61,1748.97,-45.01,-2.51%,1748.97,1829.14,261460928,34760476.0,-
2024-02-29,1739.97,1807.03,58.06,3.32%,1739.97,1809.66,186859824,25716334.0,-
2024-03-01,1808.2,1824.04,17.01,0.94%,1795.85,1830.94,179223168,26574442.0,-
2024-03-04,1827.13,1834.83,10.79,0.59%,1817.66,1847.25,179182128,26780910.0,-
2024-03-05,1818.59,1833.66,-1.17,-0.06%,1813.27,1843.08,170275840,26592576.0,-
2024-03-06,1822.54,1832.58,-1.08,-0.06%,1810.9,1855.61,150306896,22720084.0,-
2024-03-07,1830.26,1789.94,-42.64,-2.33%,1789.87,1838.71,164771024,23894504.0,-
2024-03-08,1793.51,1807.29,17.35,0.97%,1779.77,1813.1,137115120,20785402.0,-
2024-03-11,1817.07,1890.41,83.12,4.60%,1812.79,1890.87,160529888,25613388.0,-
2024-03-12,1896.45,1906.04,15.63,0.83%,1885.64,1915.09,185203808,28064192.0,-
2024-03-13,1911.98,1895.15,-10.89,-0.57%,1890.66,1911.98,181745456,27672550.0,-
2024-03-14,1895.73,1883.02,-12.13,-0.64%,1870.02,1912.11,163976464,24907010.0,-
2024-03-15,1877.57,1884.09,1.07,0.06%,1848.22,1886.95,148672336,23738216.0,-
2024-03-18,1906.12,1926.4,42.31,2.25%,1902.13,1926.4,178792976,28529476.0,-
2024-03-19,1917.92,1906.94,-19.46,-1.01%,1906.94,1925.69,173103424,27745674.0,-
2024-03-20,1898.18,1909.25,2.31,0.12%,1897.6,1915.46,173063472,26981012.0,-
2024-03-21,1912.81,1897.09,-12.15,-0.64%,1897.05,1920.55,188961184,28406890.0,-
2024-03-22,1893.14,1869.18,-27.91,-1.47%,1860.35,1897.31,200894784,29565784.0,-
2024-03-25,1864.53,1833.44,-35.73,-1.91%,1833.1,1871.06,179402176,26869022.0,-
2024-03-26,1832.66,1841.54,8.1,0.44%,1829.48,1856.2,163736928,25321156.0,-
2024-03-27,1840.19,1789.82,-51.72,-2.81%,1789.82,1840.19,160450464,22629556.0,-
2024-03-28,1790.58,1806.9,17.08,0.95%,1787.96,1829.47,166557232,23757502.0,-
2024-03-29,1806.67,1818.2,11.3,0.63%,1800.2,1822.75,154791280,21725230.0,-
2024-04-01,1833.49,1872.12,53.92,2.97%,1833.49,1872.12,162047392,24042070.0,-
2024-04-02,1869.32,1860.49,-11.63,-0.62%,1851.25,1869.96,168030848,24422980.0,-
2024-04-03,1853.56,1840.41,-20.08,-1.08%,1839.21,1853.87,152065568,21801456.0,-
2024-04-08,1834.45,1807.05,-33.36,-1.81%,1807.05,1840.55,141326016,20292302.0,-
2024-04-09,1807.48,1827.58,20.53,1.14%,1801.71,1827.68,123544616,18311536.0,-
2024-04-10,1818.41,1789.94,-37.64,-2.06%,1781.13,1818.73,134716464,18866818.0,-
2024-04-11,1777.2,1782.09,-7.85,-0.44%,1775.66,1799.86,126469152,18013914.0,-
2024-04-12,1780.99,1762.88,-19.2,-1.08%,1760.94,1789.27,124825304,18193520.0,-
2024-04-15,1770.17,1795.52,32.64,1.85%,1770.17,1807.95,168221712,21730426.0,-
2024-04-16,1783.57,1760.2,-35.32,-1.97%,1759.51,1791.3,172826400,20982522.0,-
2024-04-17,1765.29,1797.31,37.11,2.11%,1765.29,1797.55,159990224,20700282.0,-
2024-04-18,1784.78,1787.49,-9.82,-0.55%,1765.7,1807.79,149372896,20537864.0,-
2024-04-19,1772.18,1756.0,-31.49,-1.76%,1740.4,1775.38,139553552,19199120.0,-
2024-04-22,1739.01,1750.46,-5.54,-0.32%,1735.28,1766.25,132054552,17869650.0,-
2024-04-23,1753.58,1753.16,2.7,0.15%,1740.79,1764.77,129549200,17848906.0,-
2024-04-24,1757.31,1765.41,12.25,0.70%,1744.36,1768.24,150216624,20874132.0,-
2024-04-25,1753.12,1764.73,-0.68,-0.04%,1747.82,1778.8,151405728,20630178.0,-
2024-04-26,1767.72,1823.74,59.01,3.34%,1767.72,1826.49,184375664,26359282.0,-
2024-04-29,1831.44,1887.57,63.83,3.50%,1831.44,1904.92,186745472,27757652.0,-
2024-04-30,1874.68,1858.39,-29.18,-1.55%,1857.76,1878.83,162180720,21903900.0,-
2024-05-06,1896.84,1895.21,36.82,1.98%,1889.78,1907.02,161040464,23573618.0,-
2024-05-07,1896.72,1892.54,-2.67,-0.14%,1888.26,1900.94,164718672,23676458.0,-
2024-05-08,1887.82,1865.11,-27.43,-1.45%,1863.22,1887.82,165941536,22552508.0,-
2024-05-09,1872.7,1900.01,34.9,1.87%,1872.7,1903.11,158275824,22808426.0,-
2024-05-10,1899.05,1878.17,-21.84,-1.15%,1872.07,1900.1,163497200,22506900.0,-
2024-05-13,1859.34,1860.37,-17.8,-0.95%,1851.26,1876.17,148801984,20635134.0,-
2024-05-14,1864.39,1855.6,-4.77,-0.26%,1851.39,1873.14,147873920,19234118.0,-
2024-05-15,1857.58,1838.89,-16.71,-0.90%,1837.54,1866.41,140058752,17989638.0,-
2024-05-16,1846.98,1844.21,5.32,0.29%,1837.02,1861.38,147068864,19038084.0,-
2024-05-17,1838.98,1864.94,20.73,1.12%,1833.43,1865.9,149789568,20818742.0,-
2024-05-20,1869.55,1875.93,10.99,0.59%,1865.88,1887.05,156277552,21724008.0,-
2024-05-21,1871.78,1861.48,-14.45,-0.77%,1855.44,1873.09,139081424,18684618.0,-
2024-05-22,1863.14,1877.93,16.45,0.88%,1855.25,1883.17,138468864,20413164.0,-
2024-05-23,1876.56,1852.07,-25.86,-1.38%,1847.69,1879.62,152265216,21839640.0,-
2024-05-24,1845.01,1818.56,-33.51,-1.81%,1818.14,1861.93,139625328,20369280.0,-
2024-05-27,1824.17,1830.96,12.4,0.68%,1802.77,1832.82,136433216,19036124.0,-
2024-05-28,1824.09,1806.26,-24.7,-1.35%,1805.65,1827.74,134487616,19030768.0,-
2024-05-29,1808.48,1811.07,4.82,0.27%,1804.11,1832.71,131865608,18522372.0,-
2024-05-30,1810.66,1813.16,2.09,0.12%,1805.35,1820.29,129004864,17977018.0,-
2024-05-31,1812.61,1805.11,-8.04,-0.44%,1805.11,1831.71,140767248,19801104.0,-
2024-06-03,1806.41,1819.46,14.35,0.80%,1800.2,1823.51,151953408,21581968.0,-
2024-06-04,1816.37,1843.59,24.14,1.33%,1815.07,1848.56,148829488,20192404.0,-
2024-06-05,1840.08,1833.55,-10.04,-0.54%,1833.55,1858.69,135998896,18217528.0,-
2024-06-06,1840.25,1820.45,-13.1,-0.71%,1815.28,1845.55,172431872,21637428.0,-
2024-06-07,1812.46,1781.07,-39.38,-2.16%,1764.84,1820.74,133117040,18241590.0,-
2024-06-11,1766.92,1787.3,6.23,0.35%,1761.58,1791.0,122648144,16804154.0,-
2024-06-12,1779.32,1779.42,-7.88,-0.44%,1778.13,1789.41,126999544,17496548.0,-
2024-06-13,1786.1,1777.79,-1.63,-0.09%,1776.08,1799.09,128656664,19067604.0,-
2024-06-14,1777.28,1791.36,13.57,0.76%,1758.89,1792.81,129081816,21260800.0,-
2024-06-17,1780.94,1806.19,14.83,0.83%,1780.51,1811.0,121762040,19065232.0,-
2024-06-18,1805.16,1811.37,5.18,0.29%,1802.63,1822.11,135486704,20016404.0,-
2024-06-19,1816.06,1788.5,-22.86,-1.26%,1788.17,1816.06,139592576,20031006.0,-
2024-06-20,1787.24,1762.7,-25.8,-1.44%,1761.65,1793.71,140965488,19627886.0,-
2024-06-21,1756.67,1755.88,-6.82,-0.39%,1742.47,1762.43,112781936,16158250.0,-
2024-06-24,1745.93,1731.52,-24.36,-1.39%,1729.1,1755.52,132205528,17432898.0,-
2024-06-25,1724.64,1700.03,-31.48,-1.82%,1691.02,1729.21,120861144,16444868.0,-
2024-06-26,1700.95,1730.64,30.61,1.80%,1696.12,1733.79,134782736,17794804.0,-
2024-06-27,1719.78,1703.2,-27.44,-1.59%,1702.24,1721.0,131177952,17683906.0,-
2024-06-28,1696.94,1683.43,-19.77,-1.16%,1680.42,1720.94,137729552,18908816.0,-
2024-07-01,1679.66,1682.69,-0.74,-0.04%,1652.01,1689.55,122445456,16988742.0,-
2024-07-02,1677.67,1665.04,-17.65,-1.05%,1660.32,1683.85,133822624,17214862.0,-
2024-07-03,1664.99,1660.12,-4.92,-0.30%,1648.24,1675.65,133000448,15796725.0,-
2024-07-04,1666.39,1647.22,-12.9,-0.78%,1647.22,1674.75,128235712,15277308.0,-
2024-07-05,1648.74,1655.59,8.37,0.51%,1631.89,1662.32,121922536,14393183.0,-
2024-07-08,1651.64,1628.76,-26.83,-1.62%,1624.55,1652.19,121049264,14275050.0,-
2024-07-09,1625.52,1652.12,23.36,1.43%,1614.61,1660.33,141129344,18188848.0,-
2024-07-10,1642.86,1651.11,-1.01,-0.06%,1641.84,1668.09,127813016,16898778.0,-
2024-07-11,1673.54,1685.12,34.01,2.06%,1658.96,1694.78,151461808,19977836.0,-
2024-07-12,1680.14,1683.63,-1.49,-0.09%,1672.67,1692.89,127441224,17343836.0,-
2024-07-15,1674.89,1673.01,-10.62,-0.63%,1665.34,1679.88,114052904,14798532.0,-
2024-07-16,1671.92,1696.34,23.33,1.39%,1671.31,1697.14,112190416,16320578.0,-
2024-07-17,1691.95,1696.45,0.11,0.01%,1684.94,1707.61,119066048,16655994.0,-
2024-07-18,1680.34,1717.71,21.26,1.25%,1678.56,1718.82,123457648,17620508.0,-
2024-07-19,1706.84,1725.49,7.78,0.45%,1706.58,1731.13,113026656,16335564.0,-
2024-07-22,1729.28,1723.91,-1.58,-0.09%,1713.37,1735.6,116787608,15954218.0,-
2024-07-23,1721.94,1671.44,-52.47,-3.04%,1671.44,1722.08,129263368,16604638.0,-
2024-07-24,1666.62,1650.91,-20.53,-1.23%,1645.75,1682.96,125667976,16053682.0,-
2024-07-25,1641.68,1644.45,-6.46,-0.39%,1638.54,1658.14,113241184,14905477.0,-
2024-07-26,1649.34,1659.53,15.08,0.92%,1646.63,1670.21,120675008,15276132.0,-
2024-07-29,1653.39,1635.68,-23.85,-1.44%,1634.51,1653.39,125779960,15724744.0,-
2024-07-30,1629.18,1630.95,-4.72,-0.29%,1621.94,1637.21,127732992,15546991.0,-
2024-07-31,1623.04,1688.14,57.19,3.51%,1623.04,1689.49,176722512,22393618.0,-
2024-08-01,1690.22,1665.97,-22.17,-1.31%,1663.07,1694.59,152988016,19901664.0,-
2024-08-02,1649.84,1638.3,-27.67,-1.66%,1635.44,1671.36,152571440,19204464.0,-
2024-08-05,1621.19,1607.29,-31.01,-1.89%,1607.24,1656.09,160975520,19199716.0,-
2024-08-06,1628.12,1627.36,20.07,1.25%,1612.0,1638.48,135072720,15606699.0,-
2024-08-07,1624.06,1620.33,-7.03,-0.43%,1618.39,1632.65,127274048,14903394.0,-
2024-08-08,1611.26,1611.51,-8.82,-0.54%,1598.68,1628.67,140737680,15575458.0,-
2024-08-09,1621.84,1595.64,-15.87,-0.98%,1595.64,1628.53,125398160,13875865.0,-
2024-08-12,1596.41,1592.39,-3.25,-0.20%,1589.09,1601.85,124201840,12920923.0,-
2024-08-13,1592.05,1607.19,14.8,0.93%,1587.52,1607.26,112275496,12189630.0,-
2024-08-14,1606.44,1584.33,-22.86,-1.42%,1584.33,1606.44,123258592,12927001.0,-
2024-08-15,1581.15,1592.71,8.38,0.53%,1581.05,1608.95,161888000,15930758.0,-
2024-08-16,1594.51,1591.46,-1.25,-0.08%,1587.41,1603.43,172590176,17568116.0,-
2024-08-19,1589.21,1589.29,-2.17,-0.14%,1588.22,1608.27,163609104,16734909.0,-
2024-08-20,1590.17,1567.97,-21.32,-1.34%,1565.43,1591.88,163251088,15688584.0,-
2024-08-21,1561.24,1558.51,-9.46,-0.60%,1556.93,1572.47,146118096,14870521.0,-
2024-08-22,1559.68,1546.63,-11.88,-0.76%,1544.91,1563.37,149584976,15446168.0,-
2024-08-23,1540.52,1546.9,0.27,0.02%,1537.78,1555.01,140019728,14471476.0,-
2024-08-26,1550.05,1545.31,-1.59,-0.10%,1540.52,1557.91,136719344,14906397.0,-
2024-08-27,1537.81,1530.74,-14.57,-0.94%,1526.61,1541.93,133754744,13979836.0,-
2024-08-28,1526.67,1531.45,0.71,0.05%,1522.48,1534.54,123543080,12923802.0,-
2024-08-29,1512.37,1541.4,9.95,0.65%,1512.17,1551.54,143849680,16539709.0,-
2024-08-30,1543.89,1580.46,39.06,2.53%,1543.89,1601.16,201726848,22796594.0,-
2024-09-02,1577.44,1536.95,-43.51,-2.75%,1536.53,1581.87,161414592,17680516.0,-
2024-09-03,1533.57,1556.32,19.37,1.26%,1533.46,1561.86,138750336,14896541.0,-
2024-09-04,1541.9,1554.64,-1.68,-0.11%,1540.17,1569.89,137451392,15405415.0,-
2024-09-05,1554.88,1564.72,10.08,0.65%,1554.88,1576.03,137123472,14794447.0,-
2024-09-06,1564.32,1538.07,-26.65,-1.70%,1537.38,1566.57,139270896,14629460.0,-
2024-09-09,1528.65,1539.04,0.97,0.06%,1526.23,1547.73,117873664,12353285.0,-
2024-09-10,1540.21,1539.98,0.94,0.06%,1522.88,1551.61,126680536,13554227.0,-
2024-09-11,1539.85,1558.33,18.35,1.19%,1535.62,1563.09,112826584,12657139.0,-
2024-09-12,1566.4,1551.81,-6.52,-0.42%,1551.03,1577.17,125330168,13680919.0,-
2024-09-13,1552.28,1535.17,-16.64,-1.07%,1535.17,1556.66,125952976,13380483.0,-
2024-09-18,1533.38,1533.47,-1.7,-0.11%,1522.54,1540.07,114234688,11305113.0,-
2024-09-19,1543.32,1546.47,13.0,0.85%,1520.72,1565.21,133867088,14414776.0,-
2024-09-20,1546.78,1536.6,-9.87,-0.64%,1525.68,1546.78,130056808,13863335.0,-
2024-09-23,1538.06,1530.51,-6.09,-0.40%,1528.94,1548.41,122125592,13556639.0,-
2024-09-24,1545.9,1615.32,84.81,5.54%,1532.52,1616.07,195898368,23000504.0,-
2024-09-25,1652.83,1641.54,26.22,1.62%,1639.68,1679.64,237541072,27772352.0,-
2024-09-26,1638.53,1714.14,72.6,4.42%,1625.66,1716.01,226173056,27072382.0,-
2024-09-27,1751.33,1885.49,171.35,10.00%,1751.33,1919.79,331881728,43946440.0,-
2024-09-30,1994.26,2175.09,289.6,15.36%,1966.34,2182.39,478321408,67472624.0,-
2024-10-08,2576.22,2550.28,375.19,17.25%,2336.44,2576.22,568395200,96872608.0,-
2024-10-09,2426.75,2280.1,-270.18,-10.59%,2278.82,2514.29,517017792,92541760.0,-
2024-10-10,2291.22,2212.91,-67.19,-2.95%,2181.08,2327.6,370748032,63325220.0,-
2024-10-11,2173.71,2100.87,-112.04,-5.06%,2066.58,2191.4,308048416,48912560.0,-
2024-10-14,2119.39,2155.4,54.53,2.60%,2062.45,2163.27,304822016,50181696.0,-
2024-10-15,2139.65,2085.99,-69.41,-3.22%,2085.82,2175.95,340562176,58066156.0,-
2024-10-16,2037.74,2039.95,-46.04,-2.21%,2026.52,2081.32,279261280,46744340.0,-
2024-10-17,2057.96,2033.49,-6.46,-0.32%,2031.99,2081.09,311792000,52553596.0,-
2024-10-18,2027.65,2195.1,161.62,7.95%,2027.65,2273.0,394063776,72322056.0,-
2024-10-21,2211.4,2210.34,15.24,0.69%,2182.23,2266.6,422190720,77979040.0,-
2024-10-22,2205.4,2216.99,6.66,0.30%,2180.0,2226.93,393491040,68128344.0,-
2024-10-23,2202.82,2205.3,-11.69,-0.53%,2186.18,2252.52,364039648,63653008.0,-
2024-10-24,2187.24,2175.1,-30.2,-1.37%,2168.24,2203.02,281831008,49824012.0,-
2024-10-25,2190.39,2238.9,63.8,2.93%,2180.22,2277.17,322255616,58375420.0,-
2024-10-28,2228.08,2229.12,-9.78,-0.44%,2198.89,2236.47,346139456,57560320.0,-
2024-10-29,2231.82,2177.31,-51.81,-2.32%,2175.81,2239.26,371919392,63163924.0,-
2024-10-30,2156.28,2151.52,-25.79,-1.18%,2127.63,2179.94,327522144,55647084.0,-
2024-10-31,2145.66,2164.46,12.95,0.60%,2130.27,2204.86,371664768,64885740.0,-
2024-11-01,2149.94,2123.74,-40.72,-1.88%,2120.73,2166.52,372803872,60061824.0,-
2024-11-04,2122.98,2185.98,62.24,2.93%,2122.98,2187.38,254734112,43257104.0,-
2024-11-05,2184.91,2289.84,103.86,4.75%,2172.52,2302.0,350837120,63879512.0,-
2024-11-06,2290.67,2265.83,-24.01,-1.05%,2247.04,2360.88,403030176,72892856.0,-
2024-11-07,2244.96,2350.76,84.93,3.75%,2240.25,2350.76,405904224,67813864.0,-
2024-11-08,2396.87,2321.59,-29.17,-1.24%,2317.51,2402.38,413769184,74760904.0,-
2024-11-11,2298.62,2392.44,70.85,3.05%,2296.32,2393.58,377529600,70676352.0,-
2024-11-12,2416.21,2390.8,-1.64,-0.07%,2362.57,2448.2,378754176,70726064.0,-
2024-11-13,2367.16,2417.25,26.45,1.11%,2345.06,2427.16,299809056,56127808.0,-
2024-11-14,2411.29,2334.96,-82.29,-3.40%,2331.68,2419.69,270788704,49448488.0,-
2024-11-15,2318.94,2243.62,-91.34,-3.91%,2243.62,2338.56,289330880,51861020.0,-
2024-11-18,2244.32,2190.95,-52.67,-2.35%,2173.18,2254.92,283518400,46611528.0,-
2024-11-19,2200.13,2256.61,65.66,3.00%,2173.45,2261.59,244199504,40915788.0,-
2024-11-20,2242.6,2267.86,11.25,0.50%,2239.77,2283.75,288681248,46581176.0,-
2024-11-21,2254.27,2265.87,-1.99,-0.09%,2248.38,2281.16,282320640,46356524.0,-
2024-11-22,2257.95,2175.57,-90.3,-3.99%,2175.57,2269.26,301571712,48900176.0,-
2024-11-25,2184.1,2175.18,-0.39,-0.02%,2140.48,2193.68,251575904,39847124.0,-
2024-11-26,2163.37,2150.1,-25.08,-1.15%,2148.14,2187.12,233179808,36045712.0,-
2024-11-27,2136.71,2208.78,58.68,2.73%,2119.53,2209.16,258006976,40133016.0,-
2024-11-28,2204.49,2169.8,-38.98,-1.76%,2165.53,2206.85,276399808,41981328.0,-
2024-11-29,2162.52,2224.0,54.2,2.50%,2162.52,2264.68,302880288,50136528.0,-
2024-12-02,2212.36,2255.5,31.5,1.42%,2210.86,2261.14,311350080,50596944.0,-
2024-12-03,2252.75,2245.5,-10.0,-0.44%,2224.69,2261.39,306481120,48223580.0,-
2024-12-04,2237.65,2213.41,-32.09,-1.43%,2204.39,2246.04,289942112,45931500.0,-
2024-12-05,2207.5,2221.46,8.05,0.36%,2207.5,2237.09,270063840,44034344.0,-
2024-12-06,2219.91,2267.06,45.6,2.05%,2213.32,2289.81,315853920,50991608.0,-
2024-12-09,2265.19,2248.63,-18.43,-0.81%,2229.51,2273.08,275288768,44166868.0,-
2024-12-10,2358.29,2264.05,15.42,0.69%,2258.02,2358.49,368365376,63330280.0,-
2024-12-11,2260.7,2261.58,-2.47,-0.11%,2251.35,2278.79,294926752,48839248.0,-
2024-12-12,2257.31,2292.15,30.57,1.35%,2256.06,2302.64,308420576,51049544.0,-
2024-12-13,2272.27,2235.26,-56.88,-2.48%,2234.17,2276.13,328537984,56135796.0,-
2024-12-16,2232.62,2201.53,-33.73,-1.51%,2192.25,2234.19,273787936,45027476.0,-
2024-12-17,2197.13,2201.18,-0.35,-0.02%,2197.13,2233.17,248753472,39726528.0,-
2024-12-18,2207.18,2202.14,0.96,0.04%,2192.6,2216.0,216481488,35489600.0,-
2024-12-19,2178.46,2213.54,11.4,0.52%,2174.94,2220.43,221719264,37578444.0,-
2024-12-20,2209.38,2209.66,-3.88,-0.18%,2201.94,2234.13,230049280,42724792.0,-
2024-12-23,2205.69,2187.95,-21.71,-0.98%,2185.35,2223.64,245538768,40961036.0,-
2024-12-24,2190.47,2213.55,25.61,1.17%,2187.78,2215.19,200966416,34940240.0,-
2024-12-25,2215.61,2201.3,-12.25,-0.55%,2187.0,2216.36,203868096,33746028.0,-
2024-12-26,2200.32,2209.85,8.55,0.39%,2193.59,2219.69,184436464,34729344.0,-
2024-12-27,2209.71,2204.9,-4.95,-0.22%,2196.29,2235.56,207513536,38589820.0,-
2024-12-30,2198.86,2206.29,1.39,0.06%,2198.12,2218.74,187201456,34220572.0,-
2024-12-31,2202.18,2141.6,-64.69,-2.93%,2141.6,2207.31,199428416,35219948.0,-
2025-01-02,2136.92,2060.44,-81.16,-3.79%,2040.38,2137.66,196587392,34243964.0,-
2025-01-03,2062.4,2015.97,-44.47,-2.16%,2015.96,2067.41,206064912,32493286.0,-
2025-01-06,2018.25,2014.19,-1.78,-0.09%,2000.86,2033.27,169375616,26060878.0,-
2025-01-07,1996.0,2028.36,14.17,0.70%,1988.42,2028.75,168570528,27778642.0,-
2025-01-08,2011.75,2008.44,-19.92,-0.98%,1963.81,2029.02,195527840,31654822.0,-
2025-01-09,1994.81,2010.66,2.22,0.11%,1994.7,2025.31,174244800,28745352.0,-
2025-01-10,2006.55,1975.31,-35.35,-1.76%,1975.31,2024.43,178384016,29534068.0,-
2025-01-13,1953.89,1982.46,7.16,0.36%,1953.82,1998.5,152288464,24566916.0,-
2025-01-14,1989.39,2075.76,93.3,4.71%,1979.14,2076.96,227021072,38616556.0,-
2025-01-15,2064.48,2037.93,-37.83,-1.82%,2032.57,2064.48,195449280,32902394.0,-
2025-01-16,2051.09,2051.35,13.42,0.66%,2029.82,2084.23,203899552,35478952.0,-
2025-01-17,2041.71,2067.28,15.93,0.78%,2041.58,2083.2,170885952,31026578.0,-
2025-01-20,2090.14,2104.73,37.45,1.81%,2090.07,2118.74,177274288,32397676.0,-
2025-01-21,2125.07,2112.39,7.66,0.36%,2090.32,2125.07,182508848,33150164.0,-
2025-01-22,2103.83,2101.04,-11.35,-0.54%,2081.07,2110.9,165662672,32148792.0,-
2025-01-23,2125.29,2093.31,-7.72,-0.37%,2093.31,2151.48,210268256,38783432.0,-
2025-01-24,2084.13,2121.84,28.53,1.36%,2084.13,2131.55,200051424,36078324.0,-
2025-01-27,2119.17,2063.82,-58.02,-2.73%,2063.82,2123.15,177520128,32401352.0,-
2025-02-05,2082.99,2062.92,-0.9,-0.04%,2054.37,2083.01,204368032,37866628.0,-
2025-02-06,2059.45,2120.75,57.83,2.80%,2056.18,2120.79,248973904,46494932.0,-
2025-02-07,2127.14,2174.35,53.6,2.53%,2122.35,2200.1,308397984,58980872.0,-
2025-02-10,2183.78,2183.88,9.53,0.44%,2156.75,2188.13,279950656,51222732.0,-
2025-02-11,2182.91,2152.73,-31.15,-1.43%,2150.47,2182.91,266477056,48781548.0,-
2025-02-12,2144.73,2191.76,39.03,1.81%,2142.05,2194.1,258849280,49403108.0,-
2025-02-13,2186.14,2176.16,-15.6,-0.71%,2175.42,2203.64,284591872,51891600.0,-
2025-02-14,2176.32,2215.3,39.14,1.80%,2176.21,2223.39,286996256,51564600.0,-
2025-02-17,2243.66,2226.62,11.32,0.51%,2208.77,2245.37,326355456,59494132.0,-
2025-02-18,2223.48,2182.57,-44.05,-1.98%,2173.54,2231.27,294210592,53299392.0,-
2025-02-19,2174.96,2226.98,44.41,2.03%,2174.01,2228.48,260631344,50733944.0,-
2025-02-20,2222.37,2225.58,-1.4,-0.06%,2204.64,2233.98,280378848,53732216.0,-
2025-02-21,2228.92,2281.51,55.93,2.51%,2228.92,2284.04,333039968,66930876.0,-
2025-02-24,2277.15,2266.24,-15.27,-0.67%,2245.61,2283.79,314290016,61940556.0,-
2025-02-25,2227.29,2240.59,-25.65,-1.13%,2224.46,2265.91,292711328,56187224.0,-
2025-02-26,2246.95,2268.22,27.63,1.23%,2232.31,2268.57,297225024,58693696.0,-
2025-02-27,2268.5,2256.51,-11.71,-0.52%,2225.53,2279.39,307273312,59646704.0,-
2025-02-28,2238.34,2170.39,-86.12,-3.82%,2163.69,2240.78,281464512,53090204.0,-
2025-03-03,2176.82,2196.53,26.14,1.20%,2161.36,2232.2,247920944,47269624.0,-
2025-03-04,2170.99,2190.08,-6.45,-0.29%,2161.06,2193.53,225876176,42787568.0,-
2025-03-05,2190.58,2190.36,0.28,0.01%,2173.9,2200.87,233260688,44227056.0,-
2025-03-06,2204.25,2234.69,44.33,2.02%,2202.01,2243.28,306910784,59229712.0,-
2025-03-07,2221.91,2205.31,-29.38,-1.31%,2195.13,2226.0,287065088,55184112.0,-
2025-03-10,2211.1,2199.88,-5.43,-0.25%,2182.58,2217.77,231584304,43859252.0,-
2025-03-11,2172.18,2204.03,4.15,0.19%,2171.27,2204.03,220927840,41378716.0,-
2025-03-12,2211.15,2191.27,-12.76,-0.58%,2191.1,2214.97,266044496,49741216.0,-
2025-03-13,2189.47,2166.0,-25.27,-1.15%,2154.95,2200.91,250422736,45745924.0,-
2025-03-14,2165.53,2226.72,60.72,2.80%,2161.89,2233.83,265860096,50750600.0,-
2025-03-17,2230.85,2215.13,-11.59,-0.52%,2212.02,2233.33,245505168,46167676.0,-
2025-03-18,2225.2,2228.64,13.51,0.61%,2215.37,2242.22,238408416,46163144.0,-
2025-03-19,2221.6,2222.35,-6.29,-0.28%,2208.26,2237.95,229680944,44064652.0,-
2025-03-20,2220.5,2200.03,-22.32,-1.00%,2198.38,2221.61,235839552,41693228.0,-
2025-03-21,2193.36,2152.28,-47.75,-2.17%,2149.09,2201.42,260886432,43384688.0,-
2025-03-24,2154.67,2152.56,0.28,0.01%,2125.13,2160.46,243858784,40022532.0,-
2025-03-25,2154.2,2145.48,-7.08,-0.33%,2136.61,2165.01,198697312,34710436.0,-
2025-03-26,2143.12,2139.9,-5.58,-0.26%,2139.9,2157.78,184203184,30761232.0,-
2025-03-27,2130.49,2145.1,5.2,0.24%,2117.75,2165.16,191716880,32472350.0,-
2025-03-28,2140.07,2128.21,-16.89,-0.79%,2128.21,2152.4,179554624,29947010.0,-
2025-03-31,2117.89,2103.7,-24.51,-1.15%,2087.13,2123.87,186061392,32133078.0,-
2025-04-01,2108.46,2101.88,-1.82,-0.09%,2100.3,2127.54,171368256,30371696.0,-
2025-04-02,2103.39,2104.63,2.75,0.13%,2097.82,2121.55,151329120,26507252.0,-
2025-04-03,2078.15,2065.4,-39.23,-1.86%,2057.63,2097.67,163979248,29899002.0,-
2025-04-07,1925.64,1807.21,-258.19,-12.50%,1756.64,1939.27,304075584,46467264.0,-
2025-04-08,1837.54,1840.31,33.1,1.83%,1812.13,1877.44,256682144,39033376.0,-
2025-04-09,1805.46,1858.36,18.05,0.98%,1777.25,1872.93,279452288,41889040.0,-
2025-04-10,1920.64,1900.53,42.17,2.27%,1897.33,1944.1,256686864,42515656.0,-
2025-04-11,1885.85,1926.37,25.84,1.36%,1884.6,1943.44,202378240,34888252.0,-
2025-04-14,1954.05,1932.91,6.54,0.34%,1928.63,1956.16,191935056,32318400.0,-
2025-04-15,1933.89,1930.4,-2.51,-0.13%,1918.44,1940.75,168422560,27374310.0,-
2025-04-16,1918.03,1907.11,-23.29,-1.21%,1879.78,1919.09,170499712,27304080.0,-
2025-04-17,1893.02,1908.78,1.67,0.09%,1892.47,1923.53,150012832,24828000.0,-
2025-04-18,1904.99,1913.97,5.19,0.27%,1898.78,1917.59,146860960,23412028.0,-
2025-04-21,1910.9,1944.32,30.35,1.59%,1901.81,1947.56,167432544,27726158.0,-
2025-04-22,1933.83,1928.43,-15.89,-0.82%,1923.37,1939.69,171458144,28108588.0,-
2025-04-23,1950.44,1949.16,20.73,1.07%,1935.68,1962.68,199995888,34646080.0,-
2025-04-24,1946.23,1935.86,-13.3,-0.68%,1930.9,1958.22,181545888,30585920.0,-
2025-04-25,1941.81,1947.19,11.33,0.59%,1937.71,1960.63,169975504,29163428.0,-
2025-04-28,1951.16,1934.46,-12.73,-0.65%,1930.06,1951.16,163721216,26311630.0,-
2025-04-29,1929.27,1931.94,-2.52,-0.13%,1923.86,1941.18,160186496,27073712.0,-
2025-04-30,1936.12,1948.03,16.09,0.83%,1931.84,1954.62,166717936,29339514.0,-
2025-05-06,1966.97,1986.41,38.38,1.97%,1964.46,1988.05,204808240,36252548.0,-
2025-05-07,2024.3,1996.51,10.1,0.51%,1982.37,2035.47,236777344,41502584.0,-
2025-05-08,1994.05,2029.45,32.94,1.65%,1991.66,2036.1,208336592,37581788.0,-
2025-05-09,2028.43,2011.77,-17.68,-0.87%,2004.48,2028.43,192198640,33603164.0,-
2025-05-12,2042.9,2064.71,52.94,2.63%,2038.34,2066.31,194979488,36815584.0,-
2025-05-13,2091.35,2062.26,-2.45,-0.12%,2058.74,2091.35,197820032,36823048.0,-
2025-05-14,2062.27,2083.14,20.88,1.01%,2051.82,2103.37,193513312,36947332.0,-
2025-05-15,2076.04,2043.25,-39.89,-1.91%,2043.1,2076.04,176851872,31581894.0,-
2025-05-16,2035.86,2039.45,-3.8,-0.19%,2035.86,2050.89,163436416,29845988.0,-
2025-05-19,2038.05,2032.76,-6.68,-0.33%,2017.17,2038.05,166217008,29026884.0,-
2025-05-20,2041.5,2048.46,15.7,0.77%,2025.85,2059.52,185563488,32423480.0,-
2025-05-21,2052.0,2065.39,16.93,0.83%,2050.21,2077.48,175956464,31605214.0,-
2025-05-22,2065.41,2045.57,-19.82,-0.96%,2043.89,2065.41,169780256,29406312.0,-
2025-05-23,2043.2,2021.5,-24.07,-1.18%,2021.5,2060.09,178391648,31286834.0,-
2025-05-26,2016.37,2005.26,-16.24,-0.80%,1991.79,2023.49,147787120,26869638.0,-
2025-05-27,2001.62,1991.64,-13.62,-0.68%,1983.9,2001.62,150972272,26361254.0,-
2025-05-28,1996.49,1985.38,-6.26,-0.31%,1981.67,2001.95,160736608,27220702.0,-
2025-05-29,1988.32,2012.55,27.17,1.37%,1986.63,2016.21,196153776,33664528.0,-
2025-05-30,2002.73,1993.19,-19.36,-0.96%,1988.19,2004.5,192070848,32104124.0,-
2025-06-03,1986.54,2002.7,9.51,0.48%,1985.57,2012.24,185115744,30712680.0,-
2025-06-04,2009.37,2024.93,22.23,1.11%,2009.37,2030.92,185041488,31949374.0,-
2025-06-05,2026.63,2048.62,23.69,1.17%,2014.44,2053.56,208483792,37001588.0,-
2025-06-06,2047.87,2039.44,-9.18,-0.45%,2034.1,2051.91,178108992,32293158.0,-
2025-06-09,2046.43,2061.29,21.86,1.07%,2045.64,2075.58,202827472,36824700.0,-
2025-06-10,2057.97,2037.27,-24.02,-1.17%,2023.17,2063.87,237687808,41180108.0,-
2025-06-11,2044.28,2061.87,24.6,1.21%,2044.28,2076.91,208455824,36048516.0,-
2025-06-12,2057.2,2067.15,5.28,0.26%,2051.24,2076.84,214021328,37857180.0,-
2025-06-13,2054.97,2043.82,-23.33,-1.13%,2036.96,2065.87,241780960,41050620.0,-
2025-06-16,2038.7,2057.32,13.5,0.66%,2038.7,2062.42,203702624,35764668.0,-
2025-06-17,2061.47,2049.94,-7.38,-0.36%,2045.05,2063.08,216853520,37299172.0,-
2025-06-18,2046.69,2054.73,4.79,0.23%,2039.25,2059.38,211304448,37184768.0,-
2025-06-19,2049.18,2026.82,-27.91,-1.36%,2021.18,2057.76,221788480,38686076.0,-
2025-06-20,2026.88,2009.89,-16.93,-0.84%,2007.51,2036.02,190308032,32638556.0,-
2025-06-23,1996.96,2017.63,7.74,0.38%,1996.96,2021.76,200250352,34032840.0,-
2025-06-24,2024.7,2064.14,46.51,2.30%,2024.7,2065.84,247840304,44166004.0,-
2025-06-25,2073.26,2128.39,64.25,3.11%,2072.87,2133.03,267537200,51842104.0,-
2025-06-26,2128.86,2114.43,-13.96,-0.66%,2113.14,2142.21,269411200,51018248.0,-
2025-06-27,2125.85,2124.35,9.93,0.47%,2112.75,2146.04,242281232,46456208.0,-
2025-06-30,2132.93,2153.01,28.66,1.35%,2128.78,2154.0,239110144,46215700.0,-
2025-07-01,2149.22,2147.92,-5.09,-0.24%,2134.57,2152.92,248855792,44449640.0,-
2025-07-02,2140.14,2123.72,-24.2,-1.13%,2118.55,2140.14,234471200,39378512.0,-
2025-07-03,2130.74,2164.09,40.37,1.90%,2130.74,2168.61,219509968,38200560.0,-
2025-07-04,2168.35,2156.23,-7.86,-0.36%,2153.62,2187.88,232373616,42045356.0,-
2025-07-07,2148.93,2130.19,-26.04,-1.21%,2126.32,2155.69,188950368,34651136.0,-
2025-07-08,2129.49,2181.08,50.89,2.39%,2129.49,2183.06,228401520,43654356.0,-
2025-07-09,2179.32,2184.68,3.6,0.17%,2179.11,2204.64,233738512,43550948.0,-
2025-07-10,2192.99,2189.58,4.91,0.22%,2174.21,2199.71,220663568,41945532.0,-
2025-07-11,2190.01,2207.1,17.52,0.80%,2181.19,2223.3,238746384,46001628.0,-
2025-07-14,2207.54,2197.07,-10.03,-0.45%,2189.08,2208.08,202311824,38727980.0,-
2025-07-15,2211.41,2235.05,37.98,1.73%,2209.9,2245.44,225037600,44744368.0,-
2025-07-16,2241.21,2230.19,-4.86,-0.22%,2227.82,2259.64,205254464,42901936.0,-
2025-07-17,2228.52,2269.33,39.14,1.75%,2228.52,2269.67,213664608,44312292.0,-
2025-07-18,2279.67,2277.15,7.82,0.34%,2263.97,2296.91,212360272,43250352.0,-
2025-07-21,2285.41,2296.88,19.73,0.87%,2273.81,2297.14,225424064,44401664.0,-
2025-07-22,2295.36,2310.86,13.98,0.61%,2290.38,2313.46,242464640,48125816.0,-
2025-07-23,2308.11,2310.67,-0.19,-0.01%,2304.63,2333.31,234159568,44873804.0,-
2025-07-24,2319.25,2345.37,34.7,1.50%,2318.42,2345.37,233231968,45823728.0,-
2025-07-25,2348.28,2340.06,-5.31,-0.23%,2332.02,2350.06,233830400,43587340.0,-
2025-07-28,2346.38,2362.6,22.54,0.96%,2334.16,2366.51,224563520,45438932.0,-
2025-07-29,2362.77,2406.6,44.0,1.86%,2355.38,2406.59,237563456,49577512.0,-
2025-07-30,2395.86,2367.68,-38.91,-1.62%,2349.18,2395.89,257326944,50331884.0,-
2025-07-31,2382.97,2328.31,-39.37,-1.66%,2321.72,2394.22,258986848,54439092.0,-
2025-08-01,2323.92,2322.63,-5.68,-0.24%,2304.39,2348.01,234090208,46821956.0,-
2025-08-04,2307.37,2334.32,11.69,0.50%,2304.48,2334.43,217291936,43770044.0,-
2025-08-05,2349.44,2343.38,9.06,0.39%,2323.74,2351.0,230759424,47848112.0,-
2025-08-06,2335.95,2358.96,15.58,0.67%,2335.95,2359.82,261527088,52517304.0,-
2025-08-07,2359.42,2342.86,-16.09,-0.68%,2322.8,2372.68,266846720,55215088.0,-
2025-08-08,2338.25,2333.96,-8.9,-0.38%,2330.01,2353.99,250831040,50414620.0,-
2025-08-11,2336.93,2379.82,45.86,1.96%,2336.93,2384.86,252350048,53598524.0,-
2025-08-12,2381.16,2409.4,29.58,1.24%,2368.81,2409.4,251971536,55013868.0,-
2025-08-13,2417.47,2496.5,87.1,3.62%,2414.48,2497.86,279783168,63682752.0,-
2025-08-14,2496.63,2469.66,-26.84,-1.08%,2463.86,2513.37,303365376,65132824.0,-
2025-08-15,2464.67,2534.22,64.56,2.61%,2464.67,2541.89,289189760,66016988.0,-
2025-08-18,2549.55,2606.2,71.98,2.84%,2529.25,2633.86,373626880,83968144.0,-
2025-08-19,2596.58,2601.74,-4.46,-0.17%,2586.95,2634.6,334428704,76311184.0,-
2025-08-20,2572.0,2607.65,5.91,0.23%,2547.44,2608.0,292612000,65053680.0,-
2025-08-21,2614.92,2595.47,-12.18,-0.47%,2582.05,2626.37,303848128,65637484.0,-
2025-08-22,2587.53,2682.55,87.08,3.36%,2587.53,2683.9,303427104,69774040.0,-
2025-08-25,2720.28,2762.99,80.44,3.00%,2700.28,2782.01,362601504,87497504.0,-
2025-08-26,2747.11,2742.13,-20.86,-0.76%,2726.72,2773.24,318782144,75006800.0,-
2025-08-27,2747.5,2723.2,-18.93,-0.69%,2723.2,2822.27,377278336,88806496.0,-
2025-08-28,2707.34,2827.17,103.97,3.82%,2707.34,2827.17,353545856,83976752.0,-
2025-08-29,2828.01,2890.13,62.96,2.23%,2809.32,2933.99,293731744,77106784.0,-
2025-09-01,2914.64,2956.38,66.25,2.29%,2886.73,2958.14,283862912,73272504.0,-
2025-09-02,2951.03,2872.22,-84.16,-2.85%,2839.92,2979.74,309356640,80384416.0,-
2025-09-03,2882.84,2899.37,27.15,0.95%,2859.51,2926.78,250916512,65757132.0,-
2025-09-04,2933.68,2776.25,-123.12,-4.25%,2741.08,2956.41,262998432,71631720.0,-
2025-09-05,2789.91,2958.18,181.93,6.55%,2775.17,2962.47,247717280,67608496.0,-
2025-09-08,2964.43,2933.25,-24.93,-0.84%,2883.26,2964.43,253293728,69895376.0,-
2025-09-09,2901.29,2867.97,-65.28,-2.23%,2843.67,2924.57,222348592,57233744.0,-
2025-09-10,2890.05,2904.27,36.3,1.27%,2860.26,2926.16,207777648,56725276.0,-
2025-09-11,2917.77,3053.75,149.48,5.15%,2899.83,3053.75,254479408,70426136.0,-
2025-09-12,3024.1,3020.42,-33.33,-1.09%,3009.9,3056.53,251507216,68031536.0,-
2025-09-15,3052.06,3066.18,45.76,1.51%,3044.69,3106.88,232238384,62084148.0,-
2025-09-16,3072.3,3087.04,20.86,0.68%,3020.63,3089.78,248549056,64190336.0,-
2025-09-17,3085.71,3147.35,60.31,1.95%,3064.77,3152.31,251111008,66828244.0,-
2025-09-18,3119.77,3095.85,-51.49,-1.64%,3051.3,3168.68,318944352,83505824.0,-
2025-09-19,3098.28,3091.0,-4.85,-0.16%,3072.76,3128.38,234774688,60365588.0,-
2025-09-22,3093.97,3107.89,16.89,0.55%,3053.35,3107.89,207186304,54749108.0,-
2025-09-23,3139.5,3114.55,6.66,0.21%,3041.46,3157.02,257912096,67031788.0,-
2025-09-24,3089.9,3185.57,71.02,2.28%,3085.7,3185.84,228593024,63210796.0,-
2025-09-25,3167.75,3235.77,50.2,1.58%,3161.08,3266.0,233199296,66305308.0,-
2025-09-26,3222.19,3151.53,-84.23,-2.60%,3150.84,3251.88,214826624,57023544.0,-
2025-09-29,3165.06,3238.01,86.48,2.74%,3164.8,3259.42,207295728,57468152.0,-
2025-09-30,3239.33,3238.16,0.15,0.00%,3218.69,3279.02,202434400,58396108.0,-
2025-10-09,3251.04,3261.82,23.66,0.73%,3243.71,3322.44,237037616,65820984.0,-
2025-10-10,3230.46,3113.26,-148.56,-4.55%,3097.64,3235.85,225512176,62094692.0,-
2025-10-13,2975.03,3078.76,-34.5,-1.11%,2975.03,3096.4,218736880,57801224.0,-
2025-10-14,3121.0,2955.98,-122.78,-3.99%,2943.58,3124.83,223204208,60683844.0,-
2025-10-15,2964.52,3025.87,69.89,2.36%,2927.51,3030.59,186015232,49177292.0,-
2025-10-16,3008.37,3037.44,11.57,0.38%,3001.1,3068.84,181947856,47755944.0,-
2025-10-17,3026.4,2935.37,-102.07,-3.36%,2932.68,3042.29,185613728,46567992.0,-
2025-10-20,3007.21,2993.46,58.09,1.98%,2970.19,3042.2,161809760,43809584.0,-
2025-10-21,3017.77,3083.72,90.27,3.02%,2994.76,3101.93,178104672,47886000.0,-
2025-10-22,3061.27,3059.32,-24.4,-0.79%,3044.04,3089.76,164946528,41649360.0,-
2025-10-23,3050.74,3062.16,2.84,0.09%,3003.34,3066.46,168698048,40794916.0,-
2025-10-24,3087.63,3171.57,109.41,3.57%,3082.06,3171.57,189617312,52969040.0,-
2025-10-27,3227.18,3234.46,62.89,1.98%,3179.62,3241.95,213860992,61542132.0,-
2025-10-28,3205.44,3229.58,-4.88,-0.15%,3205.05,3282.33,208601024,57326628.0,-
2025-10-29,3263.98,3324.27,94.69,2.93%,3258.69,3324.27,214062880,62073368.0,-
2025-10-30,3313.79,3263.02,-61.25,-1.84%,3259.21,3331.86,224015728,64529916.0,-
2025-10-31,3260.26,3187.53,-75.49,-2.31%,3187.53,3281.66,220275648,59534988.0,-
2025-11-03,3179.3,3196.87,9.34,0.29%,3120.85,3199.4,217595264,54037176.0,-
2025-11-04,3190.4,3134.09,-62.78,-1.96%,3111.02,3207.1,200445072,48131524.0,-
2025-11-05,3068.95,3166.23,32.14,1.03%,3068.95,3179.93,207545776,47738316.0,-
2025-11-06,3185.13,3224.62,58.39,1.84%,3177.6,3236.68,202215808,50455628.0,-
2025-11-07,3201.26,3208.21,-16.41,-0.51%,3178.8,3240.34,206879664,50238240.0,-
2025-11-10,3221.93,3178.83,-29.38,-0.92%,3138.3,3236.6,213869040,52323424.0,-
2025-11-11,3197.12,3134.32,-44.51,-1.40%,3130.57,3209.89,213092432,51196728.0,-
2025-11-12,3122.58,3122.03,-12.29,-0.39%,3078.64,3137.58,209841200,49293700.0,-
2025-11-13,3119.09,3201.75,79.72,2.55%,3107.62,3209.7,217420336,52867208.0,-
2025-11-14,3145.92,3111.51,-90.24,-2.82%,3111.51,3167.1,221877904,49432664.0,-
2025-11-17,3097.33,3105.2,-6.31,-0.20%,3082.23,3120.74,225562464,49370072.0,-
2025-11-18,3089.38,3069.22,-35.98,-1.16%,3052.64,3115.31,238200000,50884108.0,-
2025-11-19,3065.17,3076.85,7.63,0.25%,3061.96,3113.22,226250384,46365036.0,-
2025-11-20,3131.84,3042.34,-34.51,-1.12%,3039.38,3137.06,208791392,45205148.0,-
2025-11-21,2979.37,2920.08,-122.26,-4.02%,2920.04,2996.79,261516448,53743764.0,-
2025-11-24,2946.46,2929.04,8.96,0.31%,2892.27,2951.43,231619360,48229892.0,-
2025-11-25,2970.73,2980.93,51.89,1.77%,2961.93,3027.83,240244352,52815916.0,-
2025-11-26,2976.71,3044.7,63.77,2.14%,2962.99,3081.49,223349760,52902712.0,-
2025-11-27,3041.21,3031.3,-13.39,-0.44%,3027.3,3113.44,203878160,49910620.0,-
2025-11-28,3029.98,3052.59,21.29,0.70%,3013.49,3067.76,195152688,46062004.0,-
2025-12-01,3060.56,3092.5,39.91,1.31%,3037.69,3093.96,219343136,52288448.0,-
2025-12-02,3091.37,3071.15,-21.35,-0.69%,3056.36,3094.18,201291472,45181288.0,-
2025-12-03,3078.86,3036.79,-34.36,-1.12%,3028.7,3105.3,204220768,47065668.0,-
2025-12-04,3037.05,3067.48,30.69,1.01%,3016.58,3075.46,185603504,41617656.0,-
2025-12-05,3084.22,3109.3,41.82,1.36%,3048.94,3115.81,197406944,47695344.0,-
2025-12-08,3119.15,3190.27,80.97,2.60%,3119.15,3214.48,222726848,59013176.0,-
2025-12-09,3183.61,3209.6,19.33,0.61%,3175.51,3235.54,204692704,53503376.0,-
2025-12-10,3201.38,3209.0,-0.6,-0.02%,3143.42,3220.24,194187904,49561832.0,-
2025-12-11,3210.55,3163.68,-45.32,-1.41%,3163.68,3246.32,202315264,51874928.0,-
2025-12-12,3172.73,3194.36,30.68,0.97%,3137.62,3203.25,211247056,56629060.0,-
2025-12-15,3157.32,3137.8,-56.56,-1.77%,3135.66,3184.62,188057376,47207884.0,-
2025-12-16,3130.43,3071.76,-66.04,-2.10%,3058.79,3141.58,190119280,45334736.0,-
2025-12-17,3072.62,3175.91,104.15,3.39%,3072.62,3181.69,195283904,49511448.0,-
2025-12-18,3138.66,3107.07,-68.84,-2.17%,3107.06,3154.07,177286384,44985520.0,-
2025-12-19,3134.8,3122.24,15.18,0.49%,3112.03,3157.29,185864912,44470364.0,-
2025-12-22,3153.75,3191.99,69.75,2.23%,3153.75,3197.94,184291008,48830076.0,-
2025-12-23,3196.31,3205.01,13.03,0.41%,3184.53,3227.07,191738352,49864220.0,-
2025-12-24,3207.41,3229.58,24.57,0.77%,3193.97,3235.0,191381872,50898524.0,-
2025-12-25,3232.97,3239.34,9.76,0.30%,3200.49,3249.1,202063808,53266352.0,-
2025-12-26,3232.41,3243.88,4.54,0.14%,3219.13,3268.7,219182544,57872744.0,-
2025-12-29,3237.77,3222.61,-21.27,-0.66%,3208.08,3250.09,203806960,54395144.0,-
2025-12-30,3208.32,3242.91,20.3,0.63%,3207.73,3251.13,218126624,56591004.0,-
2025-12-31,3247.74,3203.17,-39.73,-1.23%,3198.25,3254.89,215247360,54912580.0,-
2026-01-05,3229.93,3294.55,91.38,2.85%,3229.93,3295.29,271932800,70206064.0,-
2026-01-06,3279.81,3319.29,24.74,0.75%,3265.73,3321.44,287216000,76347528.0,-
2026-01-07,3331.34,3329.69,10.4,0.31%,3298.55,3351.22,280159808,76325056.0,-
2026-01-08,3308.74,3302.31,-27.38,-0.82%,3285.16,3328.96,289751040,75565096.0,-
2026-01-09,3279.38,3327.81,25.5,0.77%,3269.99,3330.01,343906912,87890104.0,-
2026-01-12,3323.64,3388.34,60.53,1.82%,3282.39,3398.05,421073536,109621880.0,-
2026-01-13,3390.69,3321.89,-66.45,-1.96%,3307.63,3416.84,433839424,108692224.0,-
2026-01-14,3333.17,3349.14,27.25,0.82%,3308.63,3403.95,457478912,116515704.0,-
2026-01-15,3318.11,3367.92,18.78,0.56%,3309.06,3372.47,320578464,84971352.0,-
2026-01-16,3394.35,3361.02,-6.9,-0.20%,3354.65,3407.86,312079456,84635616.0,-
2026-01-19,3340.94,3337.61,-23.41,-0.70%,3326.13,3383.79,266213504,71506352.0,-
2026-01-20,3340.46,3277.98,-59.63,-1.79%,3257.44,3347.94,271654080,70927296.0,-
2026-01-21,3270.13,3295.52,17.54,0.54%,3270.13,3329.5,239488784,65611700.0,-
2026-01-22,3312.75,3328.65,33.13,1.01%,3280.32,3337.27,244048576,68617576.0,-
2026-01-23,3334.02,3349.5,20.85,0.63%,3316.65,3349.5,304128640,82262672.0,-
2026-01-26,3365.61,3319.15,-30.35,-0.91%,3304.36,3367.99,326114080,84521120.0,-
2026-01-27,3316.02,3342.6,23.45,0.71%,3277.26,3366.68,275879520,75037176.0,-
2026-01-28,3359.79,3323.56,-19.04,-0.57%,3301.05,3361.14,267660992,74931848.0,-
2026-01-29,3322.48,3304.51,-19.05,-0.57%,3298.59,3356.49,304722688,79563008.0,-
2026-01-30,3301.54,3346.36,41.85,1.27%,3255.65,3369.25,270277312,73096408.0,-
2026-02-02,3368.14,3264.11,-82.25,-2.46%,3262.12,3390.3,245886880,68186568.0,-
2026-02-03,3318.06,3324.89,60.78,1.86%,3249.06,3332.48,236713744,68173760.0,-
2026-02-04,3298.32,3311.52,-13.37,-0.40%,3244.71,3318.9,245288720,68087256.0,-
2026-02-05,3277.72,3260.28,-51.23,-1.55%,3238.78,3288.38,215234096,55891572.0,-
2026-02-06,3222.88,3236.46,-23.82,-0.73%,3199.14,3288.03,218119520,56654668.0,-
2026-02-09,3299.6,3332.77,96.31,2.98%,3276.57,3340.33,242919648,64448576.0,-
2026-02-10,3321.88,3320.54,-12.23,-0.37%,3320.54,3348.48,247658448,59712896.0,-
2026-02-11,3312.64,3284.74,-35.8,-1.08%,3284.24,3324.18,228686800,56522832.0,-
2026-02-12,3294.57,3328.06,43.33,1.32%,3292.68,3334.35,233849776,61812632.0,-
2026-02-13,3309.43,3275.96,-52.1,-1.57%,3275.29,3323.37,213034288,54608160.0,-
2026-02-24,3331.79,3308.27,32.31,0.99%,3292.5,3343.24,228065488,59700392.0,-
2026-02-25,3313.09,3354.82,46.55,1.41%,3302.76,3363.18,239093904,62685144.0,-
2026-02-26,3346.74,3344.98,-9.84,-0.29%,3310.55,3351.57,258474720,69712648.0,-
2026-02-27,3303.98,3310.31,-34.67,-1.04%,3292.89,3326.58,246313056,66707508.0,-
2026-03-02,3257.05,3294.16,-16.14,-0.49%,3257.05,3319.91,281293728,74371944.0,-
2026-03-03,3316.63,3209.48,-84.68,-2.57%,3206.61,3331.26,294310272,75575832.0,-
2026-03-04,3171.19,3164.37,-45.11,-1.41%,3149.41,3217.11,222271712,54415728.0,-
2026-03-05,3236.15,3216.94,52.57,1.66%,3194.96,3264.8,246635600,61218148.0,-
2026-03-06,3197.67,3229.3,12.36,0.38%,3177.87,3248.9,227445984,54351268.0,-
2026-03-09,3152.72,3208.58,-20.72,-0.64%,3111.88,3220.01,260338048,65375608.0,-
2026-03-10,3281.94,3306.14,97.56,3.04%,3272.99,3308.75,241663472,64871532.0,-
2026-03-11,3318.41,3349.53,43.39,1.31%,3318.41,3388.1,240926112,66314412.0,-
2026-03-12,3357.03,3317.52,-32.01,-0.96%,3286.77,3358.77,230926352,59974432.0,-
2026-03-13,3296.5,3310.28,-7.24,-0.22%,3296.11,3342.85,231741936,57996568.0,-
2026-03-16,3323.98,3357.02,46.74,1.41%,3284.05,3360.35,213329088,55913756.0,-
2026-03-17,3385.71,3280.06,-76.96,-2.29%,3279.88,3390.02,213048320,56382540.0,-
2026-03-18,3307.82,3346.37,66.31,2.02%,3274.26,3350.56,198278528,54297960.0,-
2026-03-19,3311.45,3309.1,-37.27,-1.11%,3295.45,3361.22,204201200,54520864.0,-
2026-03-20,3362.07,3352.1,43.0,1.30%,3348.7,3426.61,232187616,66330452.0,-
2026-03-23,3300.56,3235.22,-116.88,-3.49%,3214.82,3334.46,247330720,61709260.0,-
2026-03-24,3266.93,3251.55,16.33,0.50%,3155.27,3270.19,211205984,51897980.0,-
2026-03-25,3287.17,3316.97,65.42,2.01%,3278.73,3325.26,211728528,55817200.0,-
2026-03-26,3299.03,3272.49,-44.48,-1.34%,3264.0,3347.23,190422320,49257028.0,-
2026-03-27,3236.37,3295.88,23.39,0.71%,3228.41,3323.33,174126368,46358748.0,-
2026-03-30,3254.43,3273.36,-22.52,-0.68%,3224.6,3281.39,177208448,45702172.0,-
2026-03-31,3247.28,3184.95,-88.41,-2.70%,3184.95,3280.48,185740896,47780692.0,-
2026-04-01,3255.26,3247.52,62.57,1.96%,3206.8,3255.26,186799104,51394396.0,-
2026-04-02,3229.6,3172.65,-74.87,-2.31%,3155.13,3229.68,180448848,45715832.0,-
2026-04-03,3197.77,3149.6,-23.05,-0.73%,3149.15,3199.44,168154160,43745984.0,-
2026-04-07,3162.82,3160.82,11.22,0.36%,3133.78,3181.35,152437344,39719448.0,-
2026-04-08,3257.91,3347.61,186.79,5.91%,3243.78,3348.39,233353712,65918080.0,-
2026-04-09,3316.29,3323.3,-24.31,-0.73%,3301.65,3340.3,201677616,57483912.0,-
2026-04-10,3355.07,3448.79,125.49,3.78%,3354.76,3470.72,211593360,65156368.0,-
2026-04-13,3434.32,3476.44,27.65,0.80%,3434.32,3492.48,186067760,56869984.0,-
2026-04-14,3507.11,3558.53,82.09,2.36%,3493.37,3560.3,207676368,66031156.0,-
2026-04-15,3596.08,3514.96,-43.57,-1.22%,3491.45,3599.98,209895104,65045856.0,-
2026-04-16,3531.26,3626.27,111.31,3.17%,3518.36,3629.42,218759984,66661632.0,-
2026-04-17,3643.15,3678.29,52.02,1.43%,3620.33,3685.1,219975616,68872520.0,-
2026-04-20,3657.35,3677.58,-0.71,-0.02%,3642.81,3696.26,221537552,70243264.0,-
2026-04-21,3662.26,3688.94,11.36,0.31%,3619.49,3695.74,202432592,63777852.0,-
2026-04-22,3660.42,3752.76,63.82,1.73%,3660.08,3755.75,214499344,69524504.0,-
2026-04-23,3769.02,3720.25,-32.51,-0.87%,3681.57,3785.23,240499008,74589592.0,-
2026-04-24,3682.5,3667.79,-52.46,-1.41%,3625.0,3699.94,233839008,73317856.0,-
2026-04-27,3677.89,3648.79,-19.0,-0.52%,3640.11,3686.94,222383328,67795176.0,-
2026-04-28,3623.49,3596.71,-52.08,-1.43%,3580.39,3636.93,224411088,66838868.0,-
2026-04-29,3578.42,3687.17,90.46,2.52%,3578.42,3692.21,220640416,68272960.0,-
2026-04-30,3704.11,3677.15,-10.02,-0.27%,3660.22,3718.4,207981808,64172412.0,-
2026-05-06,3760.67,3778.16,101.01,2.75%,3724.53,3815.07,256344208,84226928.0,-
2026-05-07,3807.99,3833.06,54.9,1.45%,3761.23,3840.05,258151808,84338152.0,-
2026-05-08,3792.04,3796.13,-36.93,-0.96%,3787.17,3840.16,249242928,78734016.0,-
2026-05-11,3829.61,3928.97,132.84,3.50%,3797.5,3937.87,279245664,93159072.0,-
2026-05-12,3947.14,3934.88,5.91,0.15%,3897.82,3954.99,260039120,84561344.0,-
2026-05-13,3900.74,4038.33,103.45,2.63%,3893.8,4041.99,259133456,86697984.0,-
2026-05-14,4087.85,3951.14,-87.19,-2.16%,3937.6,4090.42,262200768,89393080.0,-
2026-05-15,3957.74,3929.06,-22.08,-0.56%,3870.37,4002.73,256835648,88259880.0,-
2026-05-18,3895.07,3914.88,-14.18,-0.36%,3883.41,3961.16,227942304,76283088.0,-
2026-05-19,3894.0,3908.44,-6.43,-0.16%,3808.47,3918.31,234560064,76849376.0,-
2026-05-20,3889.68,3921.79,13.35,0.34%,3887.16,3947.22,232712976,76185368.0,-
2026-05-21,3962.3,3829.78,-92.01,-2.35%,3827.52,4017.81,276039808,90216032.0,-
2026-05-22,3875.81,3938.5,108.72,2.84%,3856.21,3948.99,221842496,79199584.0,-
