日期,开盘,收盘,涨跌额,涨跌幅,最低,最高,成交量(手),成交金额(万),换手率
2006-08-14,1275.14,1245.72,-29.93,-2.35%,1241.95,1279.31,16444468,987053.06,-
2006-08-15,1243.16,1265.86,20.14,1.62%,1239.91,1265.86,14319360,859250.38,-
2006-08-16,1266.82,1283.57,17.7,1.40%,1262.54,1283.57,20802744,1226702.0,-
2006-08-17,1280.28,1271.63,-11.94,-0.93%,1263.93,1280.28,15457905,884386.62,-
2006-08-18,1270.22,1267.87,-3.76,-0.30%,1265.82,1280.83,13964524,795134.12,-
2006-08-21,1235.43,1270.56,2.7,0.21%,1229.17,1270.67,15064765,866163.12,-
2006-08-22,1270.1,1285.27,14.71,1.16%,1269.1,1289.02,17200942,1122412.12,-
2006-08-23,1284.82,1285.68,0.41,0.03%,1282.84,1294.82,19092876,1221559.12,-
2006-08-24,1284.83,1292.4,6.72,0.52%,1274.56,1292.4,15081306,941660.56,-
2006-08-25,1293.5,1295.44,3.04,0.23%,1292.45,1301.75,18557936,1158628.0,-
2006-08-28,1298.46,1325.89,30.46,2.35%,1298.36,1325.89,26183290,1664098.62,-
2006-08-29,1328.61,1330.16,4.26,0.32%,1327.0,1349.2,31766376,2055859.88,-
2006-08-30,1328.37,1334.67,4.52,0.34%,1319.82,1336.39,21139948,1299458.25,-
2006-08-31,1335.59,1338.69,4.02,0.30%,1331.29,1342.79,23188276,1393200.12,-
2006-09-01,1339.31,1318.1,-20.59,-1.54%,1314.57,1340.12,25033688,1483225.25,-
2006-09-04,1315.71,1337.24,19.14,1.45%,1315.61,1337.24,21095340,1247037.38,-
2006-09-05,1339.59,1340.68,3.44,0.26%,1334.72,1345.71,26868108,1595967.0,-
2006-09-06,1341.4,1346.37,5.68,0.42%,1331.85,1346.37,23153112,1379960.38,-
2006-09-07,1348.17,1328.38,-17.99,-1.34%,1323.98,1348.28,21886448,1305500.0,-
2006-09-08,1327.56,1332.15,3.78,0.28%,1326.25,1334.73,17230274,1015779.44,-
2006-09-11,1331.89,1338.76,6.6,0.50%,1319.21,1338.76,20947266,1283928.62,-
2006-09-12,1338.81,1347.64,8.88,0.66%,1337.3,1350.53,27301890,1578725.75,-
2006-09-13,1348.85,1338.39,-9.25,-0.69%,1337.46,1356.86,32821192,1870175.0,-
2006-09-14,1338.35,1338.28,-0.11,-0.01%,1323.8,1345.59,22217286,1367951.75,-
2006-09-15,1338.41,1362.32,24.04,1.80%,1338.14,1362.4,36057148,1959462.88,-
2006-09-18,1367.65,1375.56,13.24,0.97%,1362.14,1375.58,31454850,1818762.25,-
2006-09-19,1377.72,1378.31,2.75,0.20%,1371.43,1385.62,26648302,1594286.12,-
2006-09-20,1376.12,1378.46,0.15,0.01%,1365.72,1381.81,23445880,1401724.0,-
2006-09-21,1378.46,1387.37,8.91,0.65%,1378.46,1390.62,26094120,1602613.12,-
2006-09-22,1389.87,1374.85,-12.52,-0.90%,1373.94,1393.53,28265042,1817317.0,-
2006-09-25,1372.81,1372.4,-2.45,-0.18%,1361.61,1383.77,24584780,1549380.38,-
2006-09-26,1370.86,1357.65,-14.75,-1.07%,1351.18,1371.58,19703278,1195375.88,-
2006-09-27,1357.28,1371.12,13.47,0.99%,1355.39,1371.12,17580322,1089780.5,-
2006-09-28,1372.13,1387.0,15.89,1.16%,1369.4,1389.56,21687792,1407085.38,-
2006-09-29,1389.07,1403.27,16.26,1.17%,1389.04,1405.56,27166744,1734763.88,-
2006-10-09,1420.36,1436.07,32.81,2.34%,1418.21,1436.07,39191860,2376225.0,-
2006-10-10,1437.69,1437.24,1.17,0.08%,1426.97,1443.5,38400488,2402474.75,-
2006-10-11,1436.68,1435.91,-1.34,-0.09%,1421.81,1440.21,31617986,1859201.25,-
2006-10-12,1436.2,1426.5,-9.41,-0.66%,1423.63,1438.8,37956236,2104827.0,-
2006-10-13,1424.3,1430.88,4.38,0.31%,1420.96,1436.1,28295156,1677080.38,-
2006-10-16,1432.31,1418.52,-12.36,-0.86%,1415.49,1434.53,28492186,1734129.0,-
2006-10-17,1416.95,1414.45,-4.07,-0.29%,1410.67,1426.29,24224402,1515111.62,-
2006-10-18,1413.91,1437.59,23.15,1.64%,1413.55,1437.59,24290310,1501540.5,-
2006-10-19,1438.84,1439.38,1.78,0.12%,1433.94,1445.62,23820268,1444118.12,-
2006-10-20,1440.67,1440.18,0.81,0.06%,1436.65,1447.95,26560144,1652664.88,-
2006-10-23,1439.54,1408.71,-31.47,-2.18%,1403.01,1444.92,28950376,1771077.62,-
2006-10-24,1408.58,1440.05,31.34,2.22%,1408.58,1440.05,26189972,1615123.25,-
2006-10-25,1443.11,1446.82,6.77,0.47%,1434.81,1459.73,32204894,2117715.25,-
2006-10-26,1447.09,1456.09,9.27,0.64%,1435.28,1457.37,38466364,2130029.25,-
2006-10-27,1455.98,1439.05,-17.05,-1.17%,1433.35,1460.45,37379304,2149619.0,-
2006-10-30,1436.66,1446.24,7.19,0.50%,1428.33,1446.24,35320452,1987445.5,-
2006-10-31,1447.06,1464.47,18.23,1.26%,1447.06,1464.48,36952284,2146361.75,-
2006-11-01,1465.67,1479.41,14.94,1.02%,1461.32,1479.41,38926924,2351843.0,-
2006-11-02,1480.55,1479.66,0.25,0.02%,1464.6,1480.55,42373136,2475796.25,-
2006-11-03,1481.58,1488.29,8.64,0.58%,1480.77,1497.47,39372028,2331928.25,-
2006-11-06,1477.44,1507.89,19.6,1.32%,1472.0,1507.97,42033512,2522168.0,-
2006-11-07,1512.65,1516.1,8.21,0.54%,1491.33,1516.8,43038324,2789455.0,-
2006-11-08,1512.36,1498.17,-17.93,-1.18%,1497.01,1513.04,28722404,1914030.75,-
2006-11-09,1491.8,1524.71,26.54,1.77%,1489.2,1527.38,34030132,2228303.75,-
2006-11-10,1525.23,1504.06,-20.65,-1.35%,1493.2,1535.2,53922868,3193118.5,-
2006-11-13,1498.06,1475.78,-28.28,-1.88%,1465.63,1512.95,41653300,2517622.25,-
2006-11-14,1475.44,1493.78,18.0,1.22%,1453.26,1493.88,36307888,2202930.75,-
2006-11-15,1494.11,1534.76,40.99,2.74%,1490.87,1534.85,40589216,2613556.75,-
2006-11-16,1540.26,1533.29,-1.47,-0.10%,1531.29,1558.41,57760948,3412731.0,-
2006-11-17,1528.01,1562.08,28.8,1.88%,1521.55,1562.24,44446192,2695044.5,-
2006-11-20,1567.34,1593.16,31.07,1.99%,1567.34,1593.19,53412356,3299061.25,-
2006-11-21,1591.47,1612.25,19.09,1.20%,1568.95,1612.46,48601840,3262858.0,-
2006-11-22,1610.05,1624.03,11.78,0.73%,1600.38,1639.41,57065492,3806526.25,-
2006-11-23,1623.71,1634.91,10.89,0.67%,1618.04,1642.81,51360680,3147440.5,-
2006-11-24,1629.89,1636.58,1.67,0.10%,1611.55,1640.75,49712096,3239804.5,-
2006-11-27,1632.66,1651.8,15.22,0.93%,1627.92,1651.8,47267272,3205782.0,-
2006-11-28,1649.68,1644.01,-7.79,-0.47%,1629.82,1656.19,44762916,2950297.5,-
2006-11-29,1617.69,1667.14,23.13,1.41%,1604.81,1672.91,45578408,3089501.25,-
2006-11-30,1671.67,1714.36,47.22,2.83%,1671.67,1714.49,60216088,3986904.75,-
2006-12-01,1719.28,1729.22,14.87,0.87%,1715.79,1741.8,58413584,4104522.25,-
2006-12-04,1731.9,1780.74,51.51,2.98%,1731.9,1780.8,71434336,4694758.0,-
2006-12-05,1785.44,1794.23,13.49,0.76%,1777.43,1811.66,67202576,4725577.5,-
2006-12-06,1794.26,1779.41,-14.82,-0.83%,1717.72,1806.65,81276696,5338329.0,-
2006-12-07,1774.19,1775.71,-3.7,-0.21%,1770.57,1820.72,80487504,5138801.0,-
2006-12-08,1752.77,1711.58,-64.13,-3.61%,1710.0,1772.16,66257744,4198024.0,-
2006-12-11,1705.91,1789.92,78.34,4.58%,1705.91,1790.11,51335976,3316936.0,-
2006-12-12,1798.46,1802.79,12.86,0.72%,1772.11,1819.8,57833544,3870247.0,-
2006-12-13,1805.42,1803.86,1.07,0.06%,1779.56,1813.28,48004460,3315439.25,-
2006-12-14,1807.08,1836.14,32.29,1.79%,1805.2,1836.19,47206224,3332393.25,-
2006-12-15,1842.88,1867.64,31.49,1.72%,1832.51,1867.78,49414440,3695741.0,-
2006-12-18,1875.01,1916.11,48.47,2.60%,1875.01,1918.29,61892992,4653016.5,-
2006-12-19,1924.8,1921.44,5.34,0.28%,1882.54,1936.75,67788936,4896982.0,-
2006-12-20,1912.9,1936.55,15.1,0.79%,1893.42,1936.8,56348504,3974536.0,-
2006-12-21,1935.78,1908.98,-27.56,-1.42%,1905.72,1945.47,60225164,4343777.5,-
2006-12-22,1896.48,1895.64,-13.34,-0.70%,1880.57,1918.49,46230504,3487078.0,-
2006-12-25,1898.82,1939.1,43.46,2.29%,1898.82,1957.47,56251740,4195157.5,-
2006-12-26,1941.8,1938.24,-0.87,-0.04%,1914.97,1959.98,56967384,3910690.0,-
2006-12-27,1940.41,1982.88,44.64,2.30%,1939.55,1983.11,56005648,3896168.75,-
2006-12-28,1988.02,1979.93,-2.94,-0.15%,1964.97,2010.37,63192832,4522433.0,-
2006-12-29,1991.88,2041.05,61.11,3.09%,1991.88,2052.86,73851944,5571639.0,-
2007-01-04,2073.25,2067.09,26.05,1.28%,2054.24,2139.49,106719704,8238107.0,-
2007-01-05,2051.15,2072.88,5.79,0.28%,2030.76,2083.4,92743448,6802606.0,-
2007-01-08,2072.0,2131.56,58.67,2.83%,2071.72,2131.74,84767904,6630393.5,-
2007-01-09,2137.49,2200.09,68.53,3.22%,2128.06,2201.36,81577632,6545619.5,-
2007-01-10,2210.76,2255.97,55.88,2.54%,2194.77,2255.97,84904984,6882262.0,-
2007-01-11,2257.01,2231.63,-24.34,-1.08%,2224.37,2289.95,86276544,6873001.0,-
2007-01-12,2215.86,2173.75,-57.88,-2.59%,2159.77,2249.54,76525720,6174283.0,-
2007-01-15,2170.94,2287.34,113.6,5.23%,2170.94,2287.68,66403096,5704345.0,-
2007-01-16,2310.96,2353.87,66.53,2.91%,2297.24,2354.43,76364256,6784343.0,-
2007-01-17,2360.41,2308.93,-44.94,-1.91%,2266.34,2393.22,89015544,8000890.5,-
2007-01-18,2292.17,2317.09,8.16,0.35%,2240.21,2325.53,78648608,6989497.0,-
2007-01-19,2320.87,2396.09,79.0,3.41%,2320.87,2396.09,83334024,7353887.0,-
2007-01-22,2424.81,2491.31,95.22,3.97%,2424.81,2491.71,93893000,8187049.0,-
2007-01-23,2508.26,2508.13,16.82,0.68%,2415.11,2516.59,102337616,9281287.0,-
2007-01-24,2508.52,2536.43,28.3,1.13%,2489.93,2556.1,84433696,8027749.5,-
2007-01-25,2512.46,2452.83,-83.6,-3.30%,2449.05,2529.43,81055152,7724172.0,-
2007-01-26,2415.75,2512.92,60.09,2.45%,2356.98,2524.24,78654008,7327568.0,-
2007-01-29,2529.94,2576.92,63.99,2.55%,2521.5,2582.41,85452080,7954486.0,-
2007-01-30,2586.52,2551.88,-25.03,-0.97%,2531.78,2599.45,78211528,7348501.0,-
2007-01-31,2544.3,2385.33,-166.55,-6.53%,2367.67,2548.18,80909136,7194503.5,-
2007-02-01,2350.6,2395.17,9.84,0.41%,2310.57,2410.42,65078092,5757810.5,-
2007-02-02,2397.06,2298.0,-97.17,-4.06%,2293.28,2403.62,59377152,5353511.5,-
2007-02-05,2282.77,2271.8,-26.21,-1.14%,2247.93,2304.32,47587508,4235801.0,-
2007-02-06,2271.37,2316.04,44.24,1.95%,2198.9,2316.7,67010648,6120650.5,-
2007-02-07,2330.43,2369.79,53.75,2.32%,2330.43,2390.87,70106392,6620334.5,-
2007-02-08,2376.63,2410.6,40.81,1.72%,2354.7,2415.96,62656536,5836750.5,-
2007-02-09,2412.64,2397.25,-13.36,-0.55%,2376.02,2417.64,55515532,5130293.0,-
2007-02-12,2397.85,2485.39,88.15,3.68%,2396.79,2485.76,54992324,5170943.5,-
2007-02-13,2498.34,2522.63,37.24,1.50%,2489.66,2526.23,51528864,4822786.5,-
2007-02-14,2527.56,2588.35,65.72,2.61%,2520.53,2594.66,62777276,5846227.0,-
2007-02-15,2607.63,2668.63,80.28,3.10%,2607.63,2669.18,71631328,6741568.5,-
2007-02-16,2692.67,2676.74,8.1,0.30%,2660.49,2717.57,75908784,7159758.0,-
2007-02-26,2679.26,2707.68,30.94,1.16%,2641.12,2710.3,74531560,7098161.5,-
2007-02-27,2717.81,2457.49,-250.18,-9.24%,2454.92,2719.52,107736808,10110276.0,-
2007-02-28,2413.42,2544.57,87.08,3.54%,2413.33,2554.23,82822568,7714825.0,-
2007-03-01,2550.26,2473.54,-71.03,-2.79%,2439.5,2550.33,82159656,7429958.0,-
2007-03-02,2468.67,2508.73,35.19,1.42%,2455.82,2523.86,57946804,5422210.0,-
2007-03-05,2503.82,2475.61,-33.12,-1.32%,2409.72,2541.82,68517488,6307175.5,-
2007-03-06,2467.74,2520.29,44.69,1.81%,2452.14,2539.45,52633156,5026131.5,-
2007-03-07,2532.98,2589.44,69.14,2.74%,2532.15,2594.46,59720948,5762324.0,-
2007-03-08,2597.72,2627.63,38.19,1.47%,2565.11,2628.45,55386556,5390762.0,-
2007-03-09,2632.8,2611.39,-16.24,-0.62%,2587.49,2643.81,70411328,6793304.5,-
2007-03-12,2612.96,2616.17,4.78,0.18%,2563.37,2619.5,62468920,6043819.5,-
2007-03-13,2620.72,2640.17,24.0,0.92%,2605.23,2641.63,65788908,6206119.0,-
2007-03-14,2609.93,2597.36,-42.81,-1.62%,2546.65,2625.12,68952088,6658194.0,-
2007-03-15,2595.54,2645.55,48.19,1.86%,2595.54,2645.88,63778488,6326678.0,-
2007-03-16,2656.01,2604.23,-41.32,-1.56%,2576.32,2665.39,75331848,7477702.5,-
2007-03-19,2533.71,2659.41,55.19,2.12%,2523.3,2674.8,73983568,7294366.5,-
2007-03-20,2669.64,2672.77,13.36,0.50%,2645.25,2674.47,61249724,6174148.0,-
2007-03-21,2685.93,2702.6,29.83,1.12%,2666.89,2703.0,64612956,6836931.5,-
2007-03-22,2720.46,2711.32,8.73,0.32%,2702.41,2740.28,83308072,8603628.0,-
2007-03-23,2710.36,2716.27,4.94,0.18%,2653.79,2726.62,73911920,7630449.0,-
2007-03-26,2725.4,2764.03,47.77,1.76%,2713.93,2764.4,76074776,7779610.0,-
2007-03-27,2770.35,2784.02,19.99,0.72%,2753.02,2789.97,80725128,8401840.0,-
2007-03-28,2787.24,2797.65,13.63,0.49%,2689.11,2806.08,112209968,11214608.0,-
2007-03-29,2802.38,2783.3,-14.34,-0.51%,2782.93,2830.08,106567240,11323344.0,-
2007-03-30,2768.71,2781.78,-1.52,-0.05%,2753.15,2801.95,62950708,6653697.0,-
2007-04-02,2793.96,2850.11,68.32,2.46%,2793.96,2850.15,69247880,7668051.0,-
2007-04-03,2861.9,2888.11,38.01,1.33%,2852.57,2888.33,77014496,8709186.0,-
2007-04-04,2893.38,2911.82,23.71,0.82%,2875.69,2924.68,75506656,8845607.0,-
2007-04-05,2909.5,2945.04,33.22,1.14%,2895.42,2950.66,74138992,8519560.0,-
2007-04-06,2921.73,2972.01,26.96,0.92%,2911.05,2977.46,79102328,9304957.0,-
2007-04-09,2988.38,3038.17,66.16,2.23%,2988.38,3043.06,90901712,10621879.0,-
2007-04-10,3053.35,3081.57,43.4,1.43%,2993.11,3081.62,100888344,11970222.0,-
2007-04-11,3092.08,3121.32,39.75,1.29%,3059.28,3121.54,101669936,12421893.0,-
2007-04-12,3129.25,3176.44,55.12,1.77%,3114.91,3176.69,92535184,11843411.0,-
2007-04-13,3182.78,3169.23,-7.2,-0.23%,3154.11,3211.61,100653120,12972836.0,-
2007-04-16,3177.3,3256.0,86.76,2.74%,3177.29,3256.57,87928944,11270659.0,-
2007-04-17,3273.43,3283.6,27.61,0.85%,3182.95,3288.17,105307104,13382342.0,-
2007-04-18,3294.21,3304.5,20.9,0.64%,3244.93,3311.98,101426712,12924225.0,-
2007-04-19,3297.95,3150.3,-154.2,-4.67%,3065.28,3297.95,115270008,14383032.0,-
2007-04-20,3165.67,3289.28,138.98,4.41%,3165.67,3297.41,94469864,11862047.0,-
2007-04-23,3330.8,3431.32,142.04,4.32%,3330.8,3433.52,109958992,13758344.0,-
2007-04-24,3462.48,3445.2,13.88,0.40%,3418.3,3490.81,114643008,14941230.0,-
2007-04-25,3432.02,3448.28,3.09,0.09%,3376.08,3467.83,100580672,12908918.0,-
2007-04-26,3465.11,3493.58,45.3,1.31%,3438.88,3493.91,78997688,10780705.0,-
2007-04-27,3499.94,3470.52,-23.06,-0.66%,3436.0,3503.89,80698632,11372281.0,-
2007-04-30,3487.36,3558.71,88.19,2.54%,3478.93,3568.68,94302864,13808137.0,-
2007-05-08,3643.81,3686.03,127.32,3.58%,3618.78,3699.37,106788728,15367741.0,-
2007-05-09,3699.3,3701.28,15.25,0.41%,3556.61,3717.34,140648352,18906048.0,-
2007-05-10,3703.52,3724.51,23.23,0.63%,3671.81,3742.23,115419928,15315922.0,-
2007-05-11,3696.29,3702.61,-21.9,-0.59%,3629.71,3715.37,88961760,13377392.0,-
2007-05-14,3648.27,3734.42,31.81,0.86%,3620.86,3769.16,91098048,13715673.0,-
2007-05-15,3739.05,3604.64,-129.78,-3.48%,3600.21,3751.64,93578568,13822019.0,-
2007-05-16,3598.0,3700.29,95.65,2.65%,3557.2,3700.65,86229272,12669381.0,-
2007-05-17,3716.44,3778.6,78.32,2.12%,3705.27,3794.16,90256480,13545910.0,-
2007-05-18,3771.27,3776.63,-1.98,-0.05%,3746.24,3805.21,82418896,12074177.0,-
2007-05-21,3650.8,3831.44,54.81,1.45%,3643.08,3843.84,98478656,14512980.0,-
2007-05-22,3849.04,3870.49,39.05,1.02%,3849.04,3893.19,109618184,16132337.0,-
2007-05-23,3879.76,3938.95,68.46,1.77%,3853.91,3939.49,98523168,14749447.0,-
2007-05-24,3953.89,3919.75,-19.2,-0.49%,3858.51,3972.58,113814264,17237422.0,-
2007-05-25,3907.73,3985.25,65.5,1.67%,3888.31,3996.85,95416616,15080905.0,-
2007-05-28,4033.92,4072.58,87.33,2.19%,4027.36,4091.94,114041856,18321294.0,-
2007-05-29,4090.9,4168.29,95.71,2.35%,4079.87,4168.53,113267232,17947670.0,-
2007-05-30,3906.04,3886.46,-281.83,-6.76%,3849.7,4104.2,132739144,21031890.0,-
2007-05-31,3828.92,3927.95,41.49,1.07%,3683.56,3991.73,126078248,19367198.0,-
2007-06-01,3953.1,3803.95,-124.0,-3.16%,3780.03,4014.15,119937936,19398026.0,-
2007-06-04,3804.96,3511.43,-292.52,-7.69%,3503.94,3822.41,90531024,13129620.0,-
2007-06-05,3407.0,3634.63,123.2,3.51%,3246.73,3635.15,113768040,15076493.0,-
2007-06-06,3652.89,3677.58,42.95,1.18%,3550.74,3712.53,95951512,13593847.0,-
2007-06-07,3694.55,3802.3,124.72,3.39%,3684.46,3802.3,94190584,13722858.0,-
2007-06-08,3814.19,3837.87,35.56,0.94%,3769.15,3861.21,89074736,13665065.0,-
2007-06-11,3876.07,3931.86,94.0,2.45%,3870.23,3937.79,90982280,14051910.0,-
2007-06-12,3953.96,4036.11,104.25,2.65%,3834.02,4036.35,99389776,15810239.0,-
2007-06-13,4071.74,4118.27,82.16,2.04%,4064.15,4146.52,109452944,16590886.0,-
2007-06-14,4103.52,4075.82,-42.45,-1.03%,4022.78,4132.0,86609184,13379227.0,-
2007-06-15,4043.11,4099.38,23.56,0.58%,4025.1,4115.73,68779600,10923427.0,-
2007-06-18,4178.76,4227.57,128.19,3.13%,4177.19,4246.4,87872912,14184833.0,-
2007-06-19,4227.59,4253.0,25.43,0.60%,4186.18,4254.71,81540472,13052328.0,-
2007-06-20,4268.65,4157.6,-95.4,-2.24%,4138.33,4292.2,86863008,14106075.0,-
2007-06-21,4140.69,4197.28,39.68,0.95%,4110.96,4208.87,73739472,12178310.0,-
2007-06-22,4203.13,4051.43,-145.85,-3.47%,3970.35,4220.92,79552376,12774767.0,-
2007-06-25,4066.45,3877.59,-173.84,-4.29%,3850.84,4105.99,70031040,11343270.0,-
2007-06-26,3804.41,3928.21,50.62,1.31%,3752.93,3929.37,58885116,8786774.0,-
2007-06-27,3946.88,4040.48,112.27,2.86%,3912.2,4053.41,65290520,10213162.0,-
2007-06-28,4038.38,3858.52,-181.96,-4.50%,3857.85,4067.81,66857980,9837205.0,-
2007-06-29,3769.33,3764.08,-94.44,-2.45%,3718.16,3867.75,58920868,8852759.0,-
2007-07-02,3746.18,3757.66,-6.42,-0.17%,3644.19,3801.9,49747308,7199586.5,-
2007-07-03,3782.78,3832.23,74.57,1.98%,3744.01,3835.29,46409124,6888749.5,-
2007-07-04,3840.41,3743.58,-88.64,-2.31%,3727.56,3848.08,38233716,5905565.0,-
2007-07-05,3688.31,3537.44,-206.15,-5.51%,3535.04,3706.6,43225528,6132405.5,-
2007-07-06,3517.6,3710.28,172.85,4.89%,3475.27,3712.74,51366512,7189499.0,-
2007-07-09,3743.87,3821.3,111.02,2.99%,3722.23,3840.99,54073112,7927098.5,-
2007-07-10,3832.76,3775.62,-45.68,-1.20%,3764.25,3852.93,51907864,7718456.5,-
2007-07-11,3751.49,3789.87,14.25,0.38%,3732.29,3797.81,33628908,5153228.5,-
2007-07-12,3799.19,3816.92,27.05,0.71%,3780.03,3839.21,31368118,4596804.5,-
2007-07-13,3825.03,3820.12,3.2,0.08%,3773.93,3829.68,26893242,3861551.5,-
2007-07-16,3824.91,3697.97,-122.16,-3.20%,3697.22,3830.37,29931858,4446295.0,-
2007-07-17,3684.33,3789.65,91.68,2.48%,3650.25,3812.25,32553850,5015822.5,-
2007-07-18,3776.94,3807.57,17.92,0.47%,3756.7,3861.51,45975824,6946783.0,-
2007-07-19,3796.92,3807.0,-0.58,-0.02%,3778.51,3836.39,30258468,4572849.0,-
2007-07-20,3808.08,3971.88,164.89,4.33%,3808.08,3971.89,55271120,8155622.0,-
2007-07-23,4009.06,4156.72,184.84,4.65%,4009.06,4157.39,85276184,12582418.0,-
2007-07-24,4187.33,4161.35,4.63,0.11%,4143.59,4241.58,76090736,11202489.0,-
2007-07-25,4163.36,4255.46,94.11,2.26%,4163.35,4256.05,64597764,10177176.0,-
2007-07-26,4282.68,4303.19,47.72,1.12%,4244.08,4325.93,65490244,10398660.0,-
2007-07-27,4277.55,4307.14,3.96,0.09%,4225.03,4318.34,65021108,10591007.0,-
2007-07-30,4305.18,4410.3,103.15,2.39%,4303.73,4426.31,75441584,12108350.0,-
2007-07-31,4402.52,4460.56,50.27,1.14%,4359.59,4467.65,71375040,11885859.0,-
2007-08-01,4479.3,4290.48,-170.09,-3.81%,4271.06,4496.25,79361664,12891122.0,-
2007-08-02,4311.6,4436.19,145.71,3.40%,4303.98,4449.4,62887536,10835797.0,-
2007-08-03,4472.89,4598.38,162.19,3.66%,4472.89,4599.25,78190472,14128752.0,-
2007-08-06,4642.78,4703.98,105.61,2.30%,4623.49,4704.19,76164272,13659902.0,-
2007-08-07,4715.39,4724.55,20.56,0.44%,4634.87,4771.58,83847136,15463812.0,-
2007-08-08,4680.07,4668.09,-56.46,-1.20%,4579.4,4741.45,88988000,13547663.0,-
2007-08-09,4666.42,4777.29,109.2,2.34%,4666.2,4779.14,72025784,11719134.0,-
2007-08-10,4765.85,4726.68,-50.6,-1.06%,4631.04,4771.61,74962880,12359827.0,-
2007-08-13,4724.52,4721.19,-5.49,-0.12%,4663.2,4767.08,85763168,13718954.0,-
2007-08-14,4721.45,4795.57,74.38,1.58%,4704.15,4803.57,61157908,10553684.0,-
2007-08-15,4804.68,4798.75,3.18,0.07%,4697.97,4836.59,63466428,10990291.0,-
2007-08-16,4772.36,4721.94,-76.81,-1.60%,4665.21,4772.97,63594792,11021470.0,-
2007-08-17,4694.2,4626.58,-95.36,-2.02%,4616.97,4774.99,63652120,11156522.0,-
2007-08-20,4749.2,4885.43,258.84,5.59%,4747.27,4885.83,67812200,11925935.0,-
2007-08-21,4915.52,4972.71,87.28,1.79%,4909.84,4995.53,74440592,13290240.0,-
2007-08-22,4899.93,5051.69,78.98,1.59%,4887.14,5075.89,74028920,13872228.0,-
2007-08-23,5075.51,5135.93,84.24,1.67%,5028.12,5154.85,68051880,13087321.0,-
2007-08-24,5161.15,5217.58,81.65,1.59%,5158.03,5231.15,73769880,13454610.0,-
2007-08-27,5250.62,5243.15,25.57,0.49%,5191.28,5296.57,82631456,14937548.0,-
2007-08-28,5220.64,5251.77,8.62,0.16%,5136.61,5270.3,75066784,14041966.0,-
2007-08-29,5215.65,5171.82,-79.95,-1.52%,5138.34,5283.33,72929456,13898356.0,-
2007-08-30,5193.73,5241.23,69.41,1.34%,5176.0,5247.57,67298488,12382018.0,-
2007-08-31,5255.09,5296.81,55.58,1.06%,5219.99,5307.42,66780356,12286240.0,-
2007-09-03,5335.05,5419.17,122.36,2.31%,5335.05,5433.75,82849168,14961243.0,-
2007-09-04,5421.25,5360.33,-58.84,-1.09%,5333.49,5429.21,79914832,14768667.0,-
2007-09-05,5357.55,5363.25,2.92,0.05%,5265.06,5389.33,65364900,12274070.0,-
2007-09-06,5389.49,5412.04,48.79,0.91%,5365.5,5448.84,70608576,12858102.0,-
2007-09-07,5382.91,5294.79,-117.24,-2.17%,5284.65,5402.71,79298880,14593044.0,-
2007-09-10,5226.74,5377.22,82.43,1.56%,5182.1,5380.46,65095668,11676898.0,-
2007-09-11,5384.56,5124.09,-253.13,-4.71%,5104.35,5414.0,68806688,12724965.0,-
2007-09-12,5102.58,5202.86,78.76,1.54%,5059.46,5212.65,61572256,11377391.0,-
2007-09-13,5230.65,5349.97,147.11,2.83%,5212.03,5351.58,59746928,11893472.0,-
2007-09-14,5362.46,5397.28,47.31,0.88%,5274.22,5405.85,60295624,11873916.0,-
2007-09-17,5389.5,5498.91,101.63,1.88%,5387.68,5504.77,69403128,13140229.0,-
2007-09-18,5524.1,5476.84,-22.07,-0.40%,5405.18,5533.53,71621808,14026303.0,-
2007-09-19,5487.38,5419.27,-57.57,-1.05%,5385.42,5498.59,55880064,11013278.0,-
2007-09-20,5436.64,5494.92,75.65,1.40%,5430.31,5501.4,56712136,11372579.0,-
2007-09-21,5508.5,5468.1,-26.82,-0.49%,5357.5,5516.11,61106356,12112587.0,-
2007-09-24,5481.38,5513.9,45.8,0.84%,5400.68,5541.13,54184816,11667846.0,-
2007-09-25,5524.02,5454.62,-59.28,-1.08%,5423.52,5540.87,45326228,9549483.0,-
2007-09-26,5433.63,5361.02,-93.59,-1.72%,5338.31,5489.86,39171156,8407777.0,-
2007-09-27,5364.53,5427.66,66.64,1.24%,5338.04,5429.05,33759056,7156951.5,-
2007-09-28,5479.85,5580.81,153.16,2.82%,5479.85,5590.85,48514620,10422427.0,-
2007-10-08,5703.28,5653.14,72.32,1.30%,5617.1,5715.91,66449704,12870914.0,-
2007-10-09,5638.63,5675.93,22.79,0.40%,5582.77,5682.97,53633488,10759406.0,-
2007-10-10,5694.99,5685.76,9.83,0.17%,5653.79,5776.21,63994456,12850610.0,-
2007-10-11,5695.13,5760.08,74.32,1.31%,5650.1,5761.22,65141100,13742890.0,-
2007-10-12,5777.9,5737.22,-22.86,-0.40%,5485.56,5796.28,78001064,16058874.0,-
2007-10-15,5761.87,5821.45,84.23,1.47%,5690.07,5824.98,70682112,15505208.0,-
2007-10-16,5851.54,5877.2,55.76,0.96%,5815.61,5885.48,64692048,13509235.0,-
2007-10-17,5862.38,5824.12,-53.08,-0.90%,5797.61,5891.72,48869772,10832840.0,-
2007-10-18,5813.24,5615.75,-208.37,-3.58%,5593.99,5813.24,48595632,10649480.0,-
2007-10-19,5651.03,5614.06,-1.69,-0.03%,5563.78,5711.5,38466456,8497154.0,-
2007-10-22,5543.79,5472.68,-141.38,-2.52%,5465.85,5594.5,35867500,7473040.5,-
2007-10-23,5467.83,5540.09,67.41,1.23%,5373.05,5541.96,41896800,9001431.0,-
2007-10-24,5564.48,5588.01,47.92,0.87%,5553.33,5644.97,44661236,9944996.0,-
2007-10-25,5549.66,5333.79,-254.22,-4.55%,5312.85,5556.55,50821704,10389071.0,-
2007-10-26,5279.1,5394.81,61.01,1.14%,5266.37,5428.58,35895964,7728375.5,-
2007-10-29,5428.68,5508.36,113.55,2.10%,5428.68,5509.35,35233976,7235386.5,-
2007-10-30,5529.96,5596.07,87.71,1.59%,5467.52,5597.27,39193920,7972798.5,-
2007-10-31,5663.76,5688.54,92.47,1.65%,5590.54,5691.87,50329468,10378229.0,-
2007-11-01,5701.49,5605.23,-83.31,-1.46%,5604.79,5702.21,46612480,9634275.0,-
2007-11-02,5514.85,5472.93,-132.3,-2.36%,5448.99,5565.66,43289496,9367108.0,-
2007-11-05,5438.81,5360.31,-112.62,-2.06%,5333.38,5494.62,33695016,7419019.5,-
2007-11-06,5331.31,5317.55,-42.76,-0.80%,5295.79,5406.1,27057854,5649153.0,-
2007-11-07,5348.56,5350.63,33.08,0.62%,5231.61,5388.64,30061348,5963921.0,-
2007-11-08,5321.86,5093.67,-256.96,-4.80%,5090.96,5321.86,36054896,7297874.5,-
2007-11-09,5042.76,5040.52,-53.14,-1.04%,4962.3,5129.11,34583824,6796865.0,-
2007-11-12,4916.82,4978.25,-62.27,-1.24%,4795.43,5018.11,38413920,7590104.5,-
2007-11-13,5024.52,4939.24,-39.01,-0.78%,4866.16,5082.64,36862080,7471482.5,-
2007-11-14,5013.78,5145.89,206.64,4.18%,4924.82,5147.01,35231540,7344966.0,-
2007-11-15,5129.81,5081.11,-64.78,-1.26%,5069.52,5170.97,31759464,6660904.5,-
2007-11-16,4999.84,5007.66,-73.45,-1.45%,4917.49,5021.71,23310992,4707925.0,-
2007-11-19,5017.4,4994.42,-13.25,-0.26%,4968.73,5033.95,25548102,4896999.5,-
2007-11-20,4964.56,5069.38,74.97,1.50%,4916.47,5099.52,33562712,6653613.5,-
2007-11-21,5087.25,4997.62,-71.76,-1.42%,4993.29,5135.25,26803124,5305945.5,-
2007-11-22,4902.63,4772.62,-225.0,-4.50%,4759.91,4949.33,26507718,5371412.5,-
2007-11-23,4733.37,4856.16,83.54,1.75%,4711.79,4857.05,20146306,4117411.0,-
2007-11-26,4931.6,4800.08,-56.08,-1.15%,4795.35,4954.18,23622278,4842704.5,-
2007-11-27,4759.01,4711.15,-88.93,-1.85%,4708.8,4806.83,20886840,4483191.0,-
2007-11-28,4724.47,4648.75,-62.4,-1.32%,4619.51,4760.66,22482368,4516730.5,-
2007-11-29,4708.38,4842.07,193.32,4.16%,4637.48,4847.58,36872992,7289575.0,-
2007-11-30,4841.08,4737.41,-104.66,-2.16%,4723.79,4841.08,29383696,5740298.0,-
2007-12-03,4714.92,4772.67,35.27,0.74%,4689.52,4809.27,22255934,4369830.0,-
2007-12-04,4786.64,4829.21,56.54,1.18%,4786.64,4886.58,22643592,4392703.0,-
2007-12-05,4829.95,4965.95,136.73,2.83%,4815.61,4970.17,31769164,6109018.0,-
2007-12-06,4986.25,4971.06,5.11,0.10%,4928.13,4999.93,23711590,4743627.0,-
2007-12-07,4979.84,5041.35,70.29,1.41%,4977.87,5041.78,27198224,5038040.5,-
2007-12-10,4961.67,5133.56,92.21,1.83%,4944.83,5138.69,42780688,8289816.0,-
2007-12-11,5162.09,5140.0,6.44,0.13%,5068.03,5181.41,40586456,8203438.5,-
2007-12-12,5108.58,5077.39,-62.61,-1.22%,5033.72,5130.72,39828252,8375350.0,-
2007-12-13,5051.78,4884.3,-193.09,-3.80%,4881.34,5067.39,36819588,7712515.0,-
2007-12-14,4827.39,4977.65,93.35,1.91%,4800.24,4979.19,30727926,6116257.0,-
2007-12-17,4976.24,4857.29,-120.36,-2.42%,4855.17,4977.57,37014524,7693538.0,-
2007-12-18,4827.26,4829.91,-27.38,-0.56%,4799.0,4883.0,22930076,4744735.0,-
2007-12-19,4877.77,4946.29,116.38,2.41%,4865.35,4961.59,32101858,6037985.5,-
2007-12-20,4968.03,5037.19,90.91,1.84%,4935.4,5048.06,31319918,5992750.0,-
2007-12-21,5016.46,5101.85,64.66,1.28%,5014.7,5103.77,37251496,7354981.0,-
2007-12-24,5142.16,5207.13,105.28,2.06%,5129.6,5239.22,50319968,10396976.0,-
2007-12-25,5217.56,5216.81,9.68,0.19%,5180.59,5244.03,38973708,7933366.5,-
2007-12-26,5231.97,5265.03,48.21,0.92%,5194.75,5273.14,41468112,8369491.0,-
2007-12-27,5286.98,5367.53,102.5,1.95%,5260.1,5367.53,52345016,10921683.0,-
2007-12-28,5379.52,5338.27,-29.25,-0.55%,5323.82,5391.67,45361412,9505666.0,-
2008-01-02,5349.76,5385.1,46.83,0.88%,5283.45,5404.93,45668712,9888643.0,-
2008-01-03,5381.15,5422.03,36.93,0.69%,5315.95,5422.67,64645876,13598336.0,-
2008-01-04,5430.63,5483.65,61.62,1.14%,5422.46,5499.08,51746420,11886623.0,-
2008-01-07,5480.44,5556.59,72.94,1.33%,5455.5,5569.15,53485408,12318955.0,-
2008-01-08,5575.95,5528.05,-28.54,-0.51%,5485.23,5630.62,64899504,14797575.0,-
2008-01-09,5507.12,5613.76,85.7,1.55%,5490.31,5614.68,46796872,10836810.0,-
2008-01-10,5631.65,5672.15,58.4,1.04%,5602.59,5707.67,64229892,14431645.0,-
2008-01-11,5688.56,5699.15,26.99,0.48%,5629.64,5702.57,56167080,12224153.0,-
2008-01-14,5717.52,5731.76,32.61,0.57%,5679.29,5756.92,49846012,10935640.0,-
2008-01-15,5743.43,5696.45,-35.31,-0.62%,5652.04,5754.11,50886608,11967314.0,-
2008-01-16,5642.57,5505.72,-190.73,-3.35%,5498.39,5642.57,55774468,12663498.0,-
2008-01-17,5445.8,5365.62,-140.09,-2.54%,5226.64,5533.65,61936932,13605242.0,-
2008-01-18,5358.18,5414.47,48.84,0.91%,5307.5,5419.57,43913008,9508087.0,-
2008-01-21,5424.64,5145.73,-268.73,-4.96%,5122.46,5434.35,47833616,10154005.0,-
2008-01-22,5015.43,4753.87,-391.87,-7.62%,4708.39,5032.25,60772688,12602934.0,-
2008-01-23,4787.17,4975.11,221.24,4.65%,4751.5,4976.27,55776384,11100613.0,-
2008-01-24,5034.53,5027.21,52.1,1.05%,4926.37,5079.8,56605988,11416908.0,-
2008-01-25,5022.9,5077.43,50.22,1.00%,4966.52,5121.41,47142108,10068007.0,-
2008-01-28,5038.51,4731.88,-345.55,-6.81%,4711.28,5038.51,41425284,8146074.0,-
2008-01-29,4742.9,4762.08,30.2,0.64%,4688.73,4845.66,29062256,5804061.5,-
2008-01-30,4817.16,4710.65,-51.43,-1.08%,4606.14,4858.1,34098976,7221923.0,-
2008-01-31,4693.61,4620.4,-90.25,-1.92%,4614.28,4733.7,30852580,6431167.0,-
2008-02-01,4623.62,4571.94,-48.46,-1.05%,4414.12,4660.99,35125528,6794147.0,-
2008-02-04,4695.55,4950.12,378.18,8.27%,4695.55,4951.25,40953144,8566039.0,-
2008-02-05,4942.88,4921.83,-28.3,-0.57%,4878.12,4995.57,32796358,7062610.0,-
2008-02-13,4858.81,4816.08,-105.75,-2.15%,4785.8,4883.24,21475658,4327170.0,-
2008-02-14,4858.85,4880.25,64.17,1.33%,4842.85,4913.32,19837790,4015282.25,-
2008-02-15,4846.02,4813.31,-66.94,-1.37%,4742.1,4846.02,24262602,4729876.5,-
2008-02-18,4875.21,4910.99,97.68,2.03%,4845.31,4944.88,30590078,6184463.0,-
2008-02-19,4926.84,5020.75,109.76,2.24%,4885.69,5020.75,36176964,7420777.5,-
2008-02-20,5032.78,4908.72,-112.04,-2.23%,4901.66,5062.26,39557720,8498086.0,-
2008-02-21,4878.57,4876.03,-32.69,-0.67%,4796.1,4924.45,33403618,6793211.5,-
2008-02-22,4850.88,4702.24,-173.79,-3.56%,4649.81,4850.88,37918628,7711034.5,-
2008-02-25,4704.32,4519.78,-182.46,-3.88%,4510.69,4722.64,33652000,6532366.0,-
2008-02-26,4637.6,4515.53,-4.25,-0.09%,4394.59,4668.83,33276390,6762596.5,-
2008-02-27,4543.1,4639.77,124.24,2.75%,4500.89,4660.41,29592394,6031146.0,-
2008-02-28,4651.16,4622.06,-17.71,-0.38%,4582.82,4670.17,25398172,5033255.5,-
2008-02-29,4616.24,4674.55,52.49,1.14%,4597.63,4683.16,23350858,4727505.0,-
2008-03-03,4648.73,4790.74,116.19,2.49%,4611.7,4803.9,39258412,7968496.0,-
2008-03-04,4813.4,4671.15,-119.6,-2.50%,4657.38,4836.66,45129780,8855768.0,-
2008-03-05,4650.52,4628.72,-42.42,-0.91%,4519.74,4689.97,39417996,7347959.5,-
2008-03-06,4645.07,4685.03,56.31,1.22%,4592.62,4746.58,44402268,8571063.0,-
2008-03-07,4641.75,4621.69,-63.35,-1.35%,4597.01,4693.21,28690944,6055244.5,-
2008-03-10,4588.73,4431.59,-190.1,-4.11%,4406.23,4588.77,31780354,6114738.0,-
2008-03-11,4393.28,4441.18,9.6,0.22%,4315.18,4441.18,26276592,5234431.0,-
2008-03-12,4534.81,4309.65,-131.54,-2.96%,4308.35,4553.34,27145644,5570263.5,-
2008-03-13,4266.27,4198.96,-110.69,-2.57%,4121.27,4296.36,34451308,6576947.0,-
2008-03-14,4179.44,4157.87,-41.09,-0.98%,4092.79,4212.41,23427886,4556425.0,-
2008-03-17,4138.88,3965.28,-192.59,-4.63%,3958.29,4138.88,28180962,5237609.0,-
2008-03-18,3924.87,3763.95,-201.33,-5.08%,3700.35,3996.96,34523752,5845948.0,-
2008-03-19,3837.6,3888.86,124.91,3.32%,3776.3,3954.47,37898480,6882371.0,-
2008-03-20,3833.21,4001.83,112.97,2.90%,3658.04,4044.69,46212944,8243260.0,-
2008-03-21,3998.2,4037.83,36.0,0.90%,3958.97,4083.16,42615164,7498540.5,-
2008-03-24,4086.07,3857.09,-180.74,-4.48%,3857.09,4103.57,35842436,6394357.0,-
2008-03-25,3780.46,3905.77,48.68,1.26%,3747.02,3937.67,32245862,5829242.0,-
2008-03-26,3926.86,3914.37,8.6,0.22%,3888.02,4001.55,28036764,5202606.0,-
2008-03-27,3847.44,3748.92,-165.45,-4.23%,3745.88,3873.61,32000668,5515141.0,-
2008-03-28,3712.98,3918.16,169.24,4.51%,3661.38,3925.86,42096780,7272608.5,-
2008-03-31,3802.21,3790.53,-127.63,-3.26%,3780.12,3891.66,29440842,5116660.0,-
2008-04-01,3776.27,3582.85,-207.68,-5.48%,3566.21,3815.16,35303464,5896208.0,-
2008-04-02,3621.39,3547.98,-34.88,-0.97%,3493.18,3698.53,42765884,7010276.0,-
2008-04-03,3518.22,3650.7,102.72,2.90%,3457.62,3665.65,32989494,5423390.5,-
2008-04-07,3611.96,3845.82,195.12,5.34%,3578.38,3854.07,40484980,7052592.5,-
2008-04-08,3852.01,3891.06,45.24,1.18%,3820.1,3935.33,44067920,7648592.0,-
2008-04-09,3857.27,3688.12,-202.93,-5.22%,3687.6,3911.7,38997168,6455576.5,-
2008-04-10,3641.66,3754.72,66.59,1.81%,3608.32,3754.72,28804396,4715226.0,-
2008-04-11,3794.3,3783.73,29.01,0.77%,3755.01,3825.29,26328588,4441899.5,-
2008-04-14,3699.14,3536.33,-247.4,-6.54%,3525.19,3710.79,33427046,5463741.5,-
2008-04-15,3513.07,3583.3,46.97,1.33%,3417.25,3583.86,30656886,4899712.5,-
2008-04-16,3573.66,3494.02,-89.28,-2.49%,3483.19,3583.81,26528120,4208771.5,-
2008-04-17,3493.24,3386.63,-107.39,-3.07%,3340.88,3559.1,29530618,4682995.5,-
2008-04-18,3356.56,3272.5,-114.13,-3.37%,3248.53,3390.55,27888162,4218412.0,-
2008-04-21,3516.43,3267.55,-4.95,-0.15%,3223.89,3516.43,41362308,6465768.5,-
2008-04-22,3207.88,3296.28,28.72,0.88%,3122.39,3301.55,32537968,4770644.5,-
2008-04-23,3267.36,3453.73,157.45,4.78%,3245.3,3467.43,44272552,6771861.5,-
2008-04-24,3739.32,3774.5,320.78,9.29%,3659.73,3781.48,96574896,14939457.0,-
2008-04-25,3781.91,3803.07,28.57,0.76%,3737.98,3915.84,84814488,14709832.0,-
2008-04-28,3740.95,3729.15,-73.92,-1.94%,3711.19,3791.77,48831236,8507065.0,-
2008-04-29,3704.93,3776.94,47.79,1.28%,3702.02,3797.53,44540440,7889582.5,-
2008-04-30,3793.85,3959.12,182.18,4.82%,3793.85,3970.57,69909776,12263722.0,-
2008-05-05,4015.21,4055.78,96.66,2.44%,3972.56,4061.47,62534072,11100439.0,-
2008-05-06,4021.07,4010.89,-44.89,-1.11%,3961.34,4075.57,58459280,10619841.0,-
2008-05-07,3986.13,3821.32,-189.57,-4.73%,3821.11,4042.41,54457708,9846532.0,-
2008-05-08,3774.04,3925.04,103.72,2.71%,3761.28,3926.0,44055668,7783910.5,-
2008-05-09,3960.89,3878.92,-46.12,-1.17%,3806.52,3973.06,53655932,9637786.0,-
2008-05-12,3804.99,3904.92,26.0,0.67%,3766.58,3952.79,45382660,8169148.5,-
2008-05-13,3786.53,3851.69,-53.23,-1.36%,3778.72,3923.17,50338012,7984732.0,-
2008-05-14,3843.47,3975.78,124.1,3.22%,3843.47,3975.79,50606900,8523088.0,-
2008-05-15,4006.66,3948.09,-27.69,-0.70%,3948.06,4038.85,50772976,8179587.5,-
2008-05-16,3948.03,3936.12,-11.97,-0.30%,3882.9,3982.22,39721752,6627936.5,-
2008-05-19,3926.31,3914.07,-22.05,-0.56%,3865.5,3936.28,29709580,4975565.0,-
2008-05-20,3911.1,3710.82,-203.25,-5.19%,3698.55,3946.44,39702628,6457203.0,-
2008-05-21,3668.18,3783.05,72.23,1.95%,3591.57,3801.07,43596160,6917911.5,-
2008-05-22,3732.64,3711.44,-71.61,-1.89%,3704.16,3783.85,40742716,6628121.5,-
2008-05-23,3697.89,3675.15,-36.3,-0.98%,3629.01,3741.06,33440430,5253076.0,-
2008-05-26,3643.01,3559.22,-115.93,-3.15%,3555.76,3643.01,28180190,4552437.5,-
2008-05-27,3549.99,3576.2,16.98,0.48%,3533.47,3594.66,24762694,3985628.0,-
2008-05-28,3583.28,3676.23,100.03,2.80%,3561.73,3698.0,31034914,4999477.0,-
2008-05-29,3666.2,3580.87,-95.36,-2.59%,3578.73,3677.02,29422740,4658902.0,-
2008-05-30,3585.6,3611.33,30.46,0.85%,3552.66,3620.23,28590848,4688668.5,-
2008-06-02,3600.23,3625.83,14.5,0.40%,3580.58,3650.48,28253358,4196689.5,-
2008-06-03,3624.57,3614.11,-11.72,-0.32%,3585.12,3641.43,34735140,4879640.5,-
2008-06-04,3601.54,3546.92,-67.19,-1.86%,3513.64,3605.06,29417654,4296371.5,-
2008-06-05,3529.98,3512.14,-34.78,-0.98%,3487.79,3542.24,23989278,3656591.25,-
2008-06-06,3519.12,3489.5,-22.64,-0.64%,3470.56,3532.3,20944230,3029859.5,-
2008-06-10,3344.45,3206.56,-282.94,-8.11%,3188.8,3352.32,32949962,4581826.5,-
2008-06-11,3155.94,3140.3,-66.26,-2.07%,3097.4,3181.82,29409736,4059653.25,-
2008-06-12,3123.64,3084.63,-55.67,-1.77%,3022.88,3148.74,31454108,4281739.0,-
2008-06-13,3087.34,2979.12,-105.52,-3.42%,2975.66,3108.99,25319836,3319399.5,-
2008-06-16,2981.08,2952.24,-26.88,-0.90%,2900.07,3012.99,26813794,3373183.5,-
2008-06-17,2950.4,2842.68,-109.57,-3.71%,2820.64,2977.89,26463778,3203125.75,-
2008-06-18,2820.24,2991.27,148.6,5.23%,2759.11,3007.18,42560096,5282665.5,-
2008-06-19,2967.4,2773.08,-218.2,-7.29%,2768.23,2967.4,36319040,4526491.0,-
2008-06-20,2795.47,2849.67,76.59,2.76%,2691.87,2946.94,51675904,6525957.0,-
2008-06-23,2798.43,2789.94,-59.73,-2.10%,2771.36,2845.48,26631494,3238238.0,-
2008-06-24,2775.69,2851.92,61.97,2.22%,2770.99,2865.9,31792456,3888576.0,-
2008-06-25,2844.92,2969.54,117.62,4.12%,2834.95,2973.17,42425264,5161934.5,-
2008-06-26,2964.52,2980.91,11.37,0.38%,2922.79,3010.28,42599312,5250856.0,-
2008-06-27,2886.18,2816.02,-164.89,-5.53%,2787.25,2899.84,40886556,4932484.5,-
2008-06-30,2782.84,2791.82,-24.2,-0.86%,2747.61,2834.27,25295406,3150244.75,-
2008-07-01,2799.2,2698.35,-93.47,-3.35%,2690.18,2809.38,28851584,3524255.25,-
2008-07-02,2702.63,2699.6,1.25,0.05%,2670.06,2745.94,27916364,3512624.75,-
2008-07-03,2654.48,2760.61,61.01,2.26%,2617.26,2807.68,45660304,5880814.5,-
2008-07-04,2751.21,2741.85,-18.76,-0.68%,2716.02,2783.85,37905012,4736359.0,-
2008-07-07,2747.61,2882.76,140.91,5.14%,2747.61,2890.99,52732020,6328478.0,-
2008-07-08,2900.57,2901.84,19.08,0.66%,2841.07,2939.14,54248080,6788715.0,-
2008-07-09,2927.0,3015.13,113.29,3.90%,2927.0,3015.27,69356968,8584625.0,-
2008-07-10,2970.98,2973.73,-41.4,-1.37%,2950.2,3056.91,61649556,7764354.5,-
2008-07-11,2962.86,2953.5,-20.23,-0.68%,2913.87,2988.2,44287100,5508536.0,-
2008-07-14,2927.24,2975.87,22.38,0.76%,2917.02,2996.59,34575044,4392056.0,-
2008-07-15,2987.06,2852.98,-122.89,-4.13%,2849.2,2997.67,47292760,5711825.5,-
2008-07-16,2818.76,2745.6,-107.38,-3.76%,2702.66,2824.88,39403116,4536133.0,-
2008-07-17,2790.26,2718.07,-27.53,-1.00%,2705.81,2812.99,32687334,3805436.25,-
2008-07-18,2746.54,2815.46,97.39,3.58%,2690.07,2818.06,40203404,4721330.0,-
2008-07-21,2792.83,2911.05,95.59,3.40%,2780.28,2915.29,45119576,5493805.5,-
2008-07-22,2905.28,2904.74,-6.31,-0.22%,2890.25,2931.45,38814976,4778161.5,-
2008-07-23,2923.05,2883.32,-21.42,-0.74%,2879.19,2941.97,38821232,4694954.5,-
2008-07-24,2905.04,2977.36,94.04,3.26%,2902.98,2979.75,48538664,6025566.0,-
2008-07-25,2939.32,2939.2,-38.16,-1.28%,2916.68,2967.72,40571084,4770618.5,-
2008-07-28,2959.11,2960.85,21.65,0.74%,2946.49,2997.6,39308640,4708942.0,-
2008-07-29,2921.25,2905.63,-55.22,-1.87%,2881.05,2921.25,36036276,4219202.5,-
2008-07-30,2940.02,2884.38,-21.25,-0.73%,2866.03,2949.94,29810800,3422391.25,-
2008-07-31,2894.25,2805.21,-79.17,-2.74%,2804.7,2899.07,27940966,3117920.75,-
2008-08-01,2786.12,2840.79,35.58,1.27%,2748.75,2868.68,34031492,3974840.75,-
2008-08-04,2816.94,2773.15,-67.64,-2.38%,2767.53,2832.9,22782324,2744027.25,-
2008-08-05,2780.76,2703.08,-70.07,-2.53%,2695.37,2792.74,30469236,3477082.0,-
2008-08-06,2723.52,2721.69,18.61,0.69%,2679.66,2749.1,27404022,3174460.0,-
2008-08-07,2717.66,2720.44,-1.25,-0.05%,2683.41,2747.88,23370440,2666101.0,-
2008-08-08,2719.38,2591.46,-128.98,-4.74%,2581.81,2719.38,30894582,3361769.5,-
2008-08-11,2579.8,2456.81,-134.65,-5.20%,2442.79,2580.72,32120204,3245453.25,-
2008-08-12,2431.38,2444.16,-12.66,-0.52%,2413.6,2474.32,24191944,2445963.0,-
2008-08-13,2427.5,2444.67,0.52,0.02%,2369.58,2466.09,27551710,2748061.5,-
2008-08-14,2429.98,2443.51,-1.16,-0.05%,2410.49,2461.24,20157236,2115617.75,-
2008-08-15,2440.39,2447.61,4.1,0.17%,2412.95,2479.15,20422260,2129693.75,-
2008-08-18,2451.31,2313.4,-134.21,-5.48%,2312.95,2452.63,23623106,2266287.0,-
2008-08-19,2285.51,2348.47,35.07,1.52%,2273.89,2356.19,19477106,1840757.75,-
2008-08-20,2332.39,2532.94,184.47,7.85%,2312.18,2533.3,45043416,4456442.5,-
2008-08-21,2494.26,2443.98,-88.96,-3.51%,2438.86,2535.86,37518040,3965132.75,-
2008-08-22,2421.25,2404.93,-39.05,-1.60%,2362.63,2437.43,26298240,2618385.0,-
2008-08-25,2408.03,2400.55,-4.38,-0.18%,2373.76,2439.91,18643190,1896520.25,-
2008-08-26,2370.53,2331.53,-69.02,-2.88%,2306.94,2390.66,23741936,2226289.75,-
2008-08-27,2322.54,2325.29,-6.24,-0.27%,2291.35,2367.72,23862584,2357997.25,-
2008-08-28,2325.26,2335.86,10.57,0.45%,2316.68,2363.56,20400290,2171109.25,-
2008-08-29,2347.4,2391.64,55.78,2.39%,2339.52,2418.05,28877844,2900090.0,-
2008-09-01,2372.64,2309.17,-82.47,-3.45%,2297.02,2372.64,21152802,2138488.25,-
2008-09-02,2292.69,2285.41,-23.76,-1.03%,2268.0,2309.21,18440498,1864502.88,-
2008-09-03,2279.6,2245.96,-39.45,-1.73%,2219.56,2296.03,23749474,2406662.5,-
2008-09-04,2238.65,2251.15,5.18,0.23%,2216.11,2270.41,18984780,1854858.0,-
2008-09-05,2193.04,2183.43,-67.71,-3.01%,2172.94,2221.09,21654480,1970956.75,-
2008-09-08,2189.82,2126.52,-56.91,-2.61%,2119.12,2198.76,22186554,2011413.12,-
2008-09-09,2135.22,2139.15,12.63,0.59%,2111.4,2150.99,17624298,1548063.25,-
2008-09-10,2124.97,2143.18,4.03,0.19%,2099.23,2181.25,22057844,2030709.5,-
2008-09-11,2135.45,2072.13,-71.05,-3.32%,2067.25,2142.0,22176780,2067801.12,-
2008-09-12,2071.06,2077.85,5.72,0.28%,2066.44,2102.98,19197020,1765232.38,-
2008-09-16,2050.32,2000.65,-77.19,-3.72%,1987.3,2050.32,33563260,2876930.0,-
2008-09-17,1981.25,1929.14,-71.52,-3.57%,1923.55,2003.91,32862242,2698861.5,-
2008-09-18,1876.96,1895.99,-33.15,-1.72%,1804.77,1936.73,47820264,3684492.5,-
2008-09-19,2065.78,2073.11,177.12,9.34%,2046.22,2073.11,36525404,3210472.0,-
2008-09-22,2228.37,2207.61,134.5,6.49%,2130.31,2258.42,101993872,9841558.0,-
2008-09-23,2141.6,2123.48,-84.14,-3.81%,2118.92,2180.37,78365616,6951668.0,-
2008-09-24,2072.65,2138.85,15.38,0.72%,2050.97,2139.22,45328180,4018363.5,-
2008-09-25,2143.73,2223.53,84.68,3.96%,2139.62,2256.27,74237912,7175827.5,-
2008-09-26,2234.46,2243.66,20.12,0.91%,2192.13,2257.16,59429944,5951809.5,-
2008-10-06,2206.56,2128.7,-114.96,-5.12%,2128.27,2206.56,45575264,4182734.5,-
2008-10-07,2043.92,2102.45,-26.25,-1.23%,2024.65,2136.12,43065324,4151200.25,-
2008-10-08,2041.99,2022.88,-79.57,-3.78%,2000.52,2073.07,36874700,3468989.75,-
2008-10-09,2059.58,1995.3,-27.58,-1.36%,1993.01,2063.3,33582312,3176028.5,-
2008-10-10,1913.27,1906.96,-88.34,-4.43%,1881.67,1938.21,39151592,3292410.75,-
2008-10-13,1889.75,1985.49,78.53,4.12%,1841.53,1985.63,43538120,3760642.5,-
2008-10-14,2054.41,1934.62,-50.87,-2.56%,1934.46,2060.49,54331944,4897512.0,-
2008-10-15,1911.03,1914.36,-20.26,-1.05%,1892.02,1930.63,31892398,2655589.25,-
2008-10-16,1833.48,1820.9,-93.45,-4.88%,1818.93,1866.9,40529648,3249384.75,-
2008-10-17,1837.91,1833.26,12.36,0.68%,1805.67,1851.33,28715420,2301743.5,-
2008-10-20,1828.41,1896.73,63.47,3.46%,1802.09,1899.35,33277154,2843544.75,-
2008-10-21,1901.24,1881.41,-15.33,-0.81%,1880.52,1928.19,38908396,3358899.5,-
2008-10-22,1854.6,1833.32,-48.08,-2.56%,1832.45,1887.31,32968570,2656283.75,-
2008-10-23,1794.68,1834.78,1.46,0.08%,1779.13,1836.41,35758652,2907880.25,-
2008-10-24,1831.46,1781.6,-53.18,-2.90%,1769.11,1840.88,32980666,2710101.25,-
2008-10-27,1746.67,1654.67,-126.93,-7.12%,1652.79,1746.67,36441844,2786751.75,-
2008-10-28,1614.62,1705.82,51.15,3.09%,1607.67,1716.31,46792808,3643587.5,-
2008-10-29,1723.23,1658.22,-47.6,-2.79%,1657.65,1731.26,38869488,3122426.5,-
2008-10-30,1669.97,1697.66,39.43,2.38%,1646.34,1723.93,41284292,3216580.5,-
2008-10-31,1688.09,1663.66,-34.0,-2.00%,1655.09,1696.65,28314534,2128190.25,-
2008-11-03,1648.56,1653.54,-10.12,-0.61%,1643.42,1684.56,25381096,1951401.0,-
2008-11-04,1646.2,1627.76,-25.78,-1.56%,1606.73,1648.45,26100166,1898476.12,-
2008-11-05,1641.26,1691.42,63.66,3.91%,1641.26,1714.66,42418208,3150041.5,-
2008-11-06,1648.13,1649.78,-41.64,-2.46%,1638.34,1661.44,30784180,2154704.5,-
2008-11-07,1618.75,1677.83,28.05,1.70%,1612.74,1690.1,31521590,2362046.5,-
2008-11-10,1714.12,1801.67,123.84,7.38%,1714.12,1803.12,63948860,4732229.0,-
2008-11-11,1795.3,1781.36,-20.3,-1.13%,1778.33,1824.93,66072852,4919427.5,-
2008-11-12,1758.48,1801.82,20.46,1.15%,1754.29,1806.23,44087960,3445379.0,-
2008-11-13,1777.03,1874.08,72.26,4.01%,1765.64,1891.94,83234552,6498876.0,-
2008-11-14,1893.31,1943.65,69.57,3.71%,1874.93,1943.65,91168720,7342958.0,-
2008-11-17,1934.74,1987.22,43.57,2.24%,1919.97,1987.22,87836632,7091918.5,-
2008-11-18,1974.38,1839.82,-147.41,-7.42%,1831.76,1994.82,97278352,7616575.0,-
2008-11-19,1831.6,1953.16,113.34,6.16%,1823.27,1959.52,82117408,6483811.5,-
2008-11-20,1916.7,1932.43,-20.74,-1.06%,1900.27,1976.95,83187040,6691904.0,-
2008-11-21,1872.27,1920.73,-11.69,-0.61%,1835.09,1968.89,83049328,6612427.5,-
2008-11-24,1913.99,1837.64,-83.09,-4.33%,1835.86,1923.93,50561516,3979461.75,-
2008-11-25,1870.06,1834.29,-3.35,-0.18%,1801.56,1883.1,42814588,3462965.25,-
2008-11-26,1832.11,1843.49,9.2,0.50%,1815.02,1865.65,45565636,3473230.25,-
2008-11-27,1961.89,1870.47,26.98,1.46%,1870.05,1969.02,88008328,7175336.0,-
2008-11-28,1851.1,1829.92,-40.55,-2.17%,1815.45,1866.26,51590660,4064851.5,-
2008-12-01,1823.77,1864.2,34.28,1.87%,1799.84,1864.3,48386336,3823716.0,-
2008-12-02,1821.54,1868.63,4.43,0.24%,1814.9,1891.13,61350236,4815192.5,-
2008-12-03,1884.6,1952.67,84.04,4.50%,1884.6,1952.67,85019144,6739327.5,-
2008-12-04,1980.44,1982.93,30.26,1.55%,1978.14,2046.47,119183440,9858022.0,-
2008-12-05,1969.74,2013.18,30.25,1.53%,1965.09,2014.2,74366328,5995069.0,-
2008-12-08,2040.47,2095.04,81.86,4.07%,2033.98,2095.47,107607136,8917605.0,-
2008-12-09,2104.12,2040.85,-54.19,-2.59%,2038.07,2107.6,92509816,7754669.5,-
2008-12-10,2028.51,2096.39,55.55,2.72%,2014.28,2096.39,83271064,7075139.0,-
2008-12-11,2087.43,2046.34,-50.06,-2.39%,2043.62,2107.29,73556232,6377770.0,-
2008-12-12,2027.07,1960.38,-85.96,-4.20%,1936.28,2038.19,67387264,5486655.0,-
2008-12-15,1991.55,1975.03,14.65,0.75%,1941.05,2006.22,50451096,4075644.5,-
2008-12-16,1956.99,1994.45,19.42,0.98%,1919.87,1994.96,47924880,3855224.75,-
2008-12-17,2002.03,2001.42,6.97,0.35%,1995.65,2030.39,58685148,4912018.0,-
2008-12-18,2001.05,2045.1,43.68,2.18%,1982.43,2045.94,58429224,4845515.0,-
2008-12-19,2037.37,2052.11,7.01,0.34%,2033.11,2075.38,63311228,5341039.5,-
2008-12-22,2050.77,2017.55,-34.56,-1.68%,1993.33,2055.37,52949464,4384346.0,-
2008-12-23,2019.23,1918.95,-98.59,-4.89%,1918.43,2019.23,63590460,5082576.5,-
2008-12-24,1893.22,1887.07,-31.88,-1.66%,1872.65,1912.78,44201832,3421052.75,-
2008-12-25,1891.53,1870.77,-16.31,-0.86%,1848.71,1902.71,39916832,3080599.75,-
2008-12-26,1868.34,1862.1,-8.67,-0.46%,1850.5,1881.08,34560888,2853631.5,-
2008-12-29,1852.41,1854.76,-7.34,-0.39%,1816.06,1861.3,35986872,2932956.25,-
2008-12-30,1852.95,1833.44,-21.32,-1.15%,1824.53,1867.41,37584628,2962850.5,-
2008-12-31,1835.1,1817.72,-15.71,-0.86%,1813.73,1844.42,35631356,2729191.5,-
2009-01-05,1848.33,1882.96,65.24,3.59%,1837.84,1882.96,48187020,3921707.75,-
2009-01-06,1880.67,1942.8,59.84,3.18%,1873.01,1948.49,70974096,5926217.0,-
2009-01-07,1942.67,1931.18,-11.62,-0.60%,1930.87,1959.25,59702164,5014341.5,-
2009-01-08,1894.66,1887.99,-43.19,-2.24%,1873.65,1902.8,53446492,4721080.5,-
2009-01-09,1886.49,1918.36,30.37,1.61%,1886.49,1923.42,47407216,4151121.0,-
2009-01-12,1911.74,1920.69,2.32,0.12%,1905.62,1947.08,54234160,4698149.5,-
2009-01-13,1892.66,1876.19,-44.5,-2.32%,1874.97,1908.2,49818136,4020146.5,-
2009-01-14,1873.63,1955.24,79.06,4.21%,1873.63,1955.24,59283232,5265899.5,-
2009-01-15,1935.39,1954.87,-0.37,-0.02%,1930.3,1977.19,78943648,6714477.5,-
2009-01-16,1965.44,1990.21,35.34,1.81%,1965.44,2026.65,96538632,8471765.0,-
2009-01-19,2010.58,2012.46,22.25,1.12%,1993.95,2052.19,81948176,6978552.5,-
2009-01-20,2006.53,2025.19,12.72,0.63%,1986.06,2025.19,53259264,4564012.5,-
2009-01-21,1993.67,2021.71,-3.48,-0.17%,1988.24,2047.1,64117428,5991419.0,-
2009-01-22,2034.29,2044.55,22.84,1.13%,2012.74,2048.48,58861948,5343913.0,-
2009-01-23,2039.52,2032.68,-11.87,-0.58%,2025.19,2054.33,57504108,4988783.0,-
2009-02-02,2052.44,2057.06,24.38,1.20%,2029.72,2059.34,51453904,4612654.5,-
2009-02-03,2056.79,2108.91,51.85,2.52%,2049.89,2108.94,87640296,7555409.5,-
2009-02-04,2118.56,2166.41,57.5,2.73%,2117.02,2166.41,100888432,8719216.0,-
2009-02-05,2164.55,2150.97,-15.44,-0.71%,2135.67,2211.18,115100120,10171245.0,-
2009-02-06,2158.08,2237.28,86.31,4.01%,2158.08,2240.02,106664912,9564006.0,-
2009-02-09,2271.59,2296.67,59.39,2.65%,2257.49,2307.91,129523672,11988679.0,-
2009-02-10,2288.07,2326.75,30.08,1.31%,2263.53,2327.1,116294544,10789160.0,-
2009-02-11,2287.23,2331.14,4.38,0.19%,2275.57,2381.19,147576640,14458810.0,-
2009-02-12,2335.4,2318.34,-12.8,-0.55%,2248.48,2344.66,119826216,11605022.0,-
2009-02-13,2321.56,2399.06,80.72,3.48%,2307.09,2402.44,140409904,13447108.0,-
2009-02-16,2421.19,2462.25,63.18,2.63%,2397.18,2462.39,152346672,14738037.0,-
2009-02-17,2460.57,2385.29,-76.95,-3.13%,2384.79,2470.62,141014992,13797130.0,-
2009-02-18,2331.66,2275.84,-109.45,-4.59%,2272.5,2369.05,115422064,11245568.0,-
2009-02-19,2295.65,2298.41,22.57,0.99%,2259.59,2324.68,90853928,8839886.0,-
2009-02-20,2300.81,2344.32,45.91,2.00%,2276.3,2344.77,86632072,8524721.0,-
2009-02-23,2333.81,2410.48,66.16,2.82%,2307.92,2419.53,109465408,10937977.0,-
2009-02-24,2376.7,2301.85,-108.63,-4.51%,2294.52,2411.91,127017552,12713116.0,-
2009-02-25,2325.04,2304.25,2.4,0.10%,2226.44,2337.42,107877528,10887806.0,-
2009-02-26,2295.43,2190.19,-114.07,-4.95%,2167.15,2332.35,102200384,10179539.0,-
2009-02-27,2164.54,2140.49,-49.7,-2.27%,2117.06,2186.82,87076416,8033745.5,-
2009-03-02,2123.37,2164.67,24.18,1.13%,2112.34,2177.29,62746180,6087795.5,-
2009-03-03,2109.84,2142.15,-22.51,-1.04%,2100.64,2168.22,66167316,6410964.0,-
2009-03-04,2150.24,2285.15,143.0,6.68%,2150.24,2290.94,110750032,10587209.0,-
2009-03-05,2314.08,2304.92,19.77,0.87%,2259.8,2340.37,131987344,12886665.0,-
2009-03-06,2260.76,2286.58,-18.34,-0.80%,2255.82,2313.2,85965448,8549532.0,-
2009-03-09,2302.01,2202.53,-84.05,-3.68%,2198.54,2333.98,86555944,8375890.5,-
2009-03-10,2175.31,2240.78,38.26,1.74%,2168.32,2241.24,56660448,5505810.0,-
2009-03-11,2288.05,2220.38,-20.4,-0.91%,2212.88,2292.4,70838680,7058912.0,-
2009-03-12,2208.04,2215.7,-4.68,-0.21%,2156.6,2220.3,55700112,5384390.0,-
2009-03-13,2229.25,2205.42,-10.28,-0.46%,2200.97,2250.24,54083092,5463625.0,-
2009-03-16,2197.25,2241.61,36.19,1.64%,2180.05,2247.11,48773852,4812830.5,-
2009-03-17,2244.11,2322.4,80.79,3.60%,2239.67,2329.3,92980528,9402869.0,-
2009-03-18,2335.42,2332.65,10.25,0.44%,2328.86,2370.56,101870072,10361959.0,-
2009-03-19,2337.52,2382.56,49.91,2.14%,2331.26,2386.23,97318768,10134843.0,-
2009-03-20,2389.89,2379.84,-2.73,-0.11%,2343.27,2397.21,109396736,11478651.0,-
2009-03-23,2384.67,2439.4,59.56,2.50%,2375.52,2448.35,116313048,12779404.0,-
2009-03-24,2477.57,2451.78,12.39,0.51%,2440.53,2483.83,111993528,12159336.0,-
2009-03-25,2435.63,2401.33,-50.46,-2.06%,2401.05,2472.94,95816664,10540623.0,-
2009-03-26,2407.76,2479.79,78.46,3.27%,2379.95,2479.83,113249456,11804878.0,-
2009-03-27,2501.0,2498.93,19.14,0.77%,2481.69,2516.38,135368544,13414008.0,-
2009-03-30,2501.31,2484.49,-14.44,-0.58%,2471.37,2508.14,94151672,10000347.0,-
2009-03-31,2436.78,2507.79,23.3,0.94%,2423.57,2507.9,95461752,10663123.0,-
2009-04-01,2519.89,2548.22,40.43,1.61%,2519.89,2566.54,126307624,13711756.0,-
2009-04-02,2558.77,2576.4,28.18,1.11%,2558.26,2599.25,135146800,14370898.0,-
2009-04-03,2597.92,2570.5,-5.9,-0.23%,2555.61,2612.37,123655216,13107573.0,-
2009-04-07,2570.62,2576.95,6.45,0.25%,2543.65,2597.06,86083256,9391912.0,-
2009-04-08,2563.72,2479.35,-97.6,-3.79%,2479.35,2573.09,99328096,10714442.0,-
2009-04-09,2477.42,2517.67,38.32,1.55%,2457.42,2517.74,74593704,8286099.0,-
2009-04-10,2540.11,2595.53,77.86,3.09%,2530.62,2595.6,104144408,12185985.0,-
2009-04-13,2621.98,2656.52,60.99,2.35%,2619.37,2668.28,139014544,15680197.0,-
2009-04-14,2651.2,2676.87,20.35,0.77%,2637.38,2682.91,110491296,12683987.0,-
2009-04-15,2662.73,2686.99,10.12,0.38%,2627.81,2690.64,120665296,13358613.0,-
2009-04-16,2690.51,2687.11,0.12,0.00%,2643.32,2706.62,123729616,13160972.0,-
2009-04-17,2675.67,2650.69,-36.42,-1.36%,2628.62,2693.29,101528808,11618484.0,-
2009-04-20,2643.73,2707.67,56.98,2.15%,2640.99,2708.45,95903696,10508150.0,-
2009-04-21,2670.28,2675.44,-32.22,-1.19%,2634.53,2697.72,108185248,11847395.0,-
2009-04-22,2687.86,2576.28,-99.16,-3.71%,2563.36,2713.3,124046416,13194528.0,-
2009-04-23,2555.53,2593.56,17.28,0.67%,2543.91,2604.16,80887944,8479565.0,-
2009-04-24,2605.7,2572.89,-20.68,-0.80%,2570.38,2609.87,73360968,8195659.5,-
2009-04-27,2566.92,2513.29,-59.6,-2.32%,2499.44,2576.52,72039392,7504061.0,-
2009-04-28,2490.53,2518.53,5.24,0.21%,2485.8,2531.54,59264984,6624749.0,-
2009-04-29,2518.85,2605.37,86.84,3.45%,2514.14,2615.81,81885008,9149680.0,-
2009-04-30,2616.49,2622.93,17.56,0.67%,2604.45,2640.02,85809344,9690368.0,-
2009-05-04,2635.13,2714.3,91.38,3.48%,2632.3,2715.19,102916568,11335110.0,-
2009-05-05,2733.11,2727.01,12.71,0.47%,2713.23,2751.25,102313720,11264188.0,-
2009-05-06,2721.82,2764.98,37.96,1.39%,2713.54,2771.21,105806656,11823208.0,-
2009-05-07,2783.58,2767.08,2.1,0.08%,2731.8,2797.47,122101168,13696582.0,-
2009-05-08,2751.5,2789.22,22.14,0.80%,2733.33,2800.22,106724984,12087317.0,-
2009-05-11,2808.14,2725.32,-63.9,-2.29%,2725.27,2839.61,125364448,14045576.0,-
2009-05-12,2702.74,2788.56,63.25,2.32%,2699.95,2788.61,88695944,9342146.0,-
2009-05-13,2792.42,2814.0,25.44,0.91%,2775.57,2822.71,107112856,12363796.0,-
2009-05-14,2781.05,2792.6,-21.41,-0.76%,2757.54,2804.48,82639328,9615610.0,-
2009-05-15,2800.57,2796.12,3.52,0.13%,2773.32,2815.46,64931432,7497303.5,-
2009-05-18,2782.58,2810.57,14.46,0.52%,2740.92,2813.76,74835784,8847909.0,-
2009-05-19,2836.34,2840.08,29.51,1.05%,2821.95,2849.63,97703616,11654319.0,-
2009-05-20,2843.54,2812.86,-27.22,-0.96%,2812.6,2849.64,87939216,10514616.0,-
2009-05-21,2795.83,2750.01,-62.86,-2.23%,2735.77,2808.29,85535392,10287582.0,-
2009-05-22,2733.02,2740.68,-9.33,-0.34%,2719.12,2762.74,61499012,7440720.0,-
2009-05-25,2684.21,2752.72,12.04,0.44%,2675.28,2761.39,74091672,9104881.0,-
2009-05-26,2757.31,2719.76,-32.95,-1.20%,2718.55,2762.81,72316008,8889490.0,-
2009-05-27,2734.42,2759.71,39.95,1.47%,2715.82,2768.57,67976640,7860225.0,-
2009-06-01,2798.93,2858.34,98.63,3.57%,2798.93,2864.47,108564880,13296778.0,-
2009-06-02,2878.53,2865.1,6.76,0.24%,2855.06,2892.78,108338400,13013178.0,-
2009-06-03,2865.73,2939.39,74.29,2.59%,2864.71,2939.39,112073312,13160659.0,-
2009-06-04,2924.27,2953.75,14.36,0.49%,2899.67,2961.04,130127712,15377074.0,-
2009-06-05,2966.06,2939.31,-14.44,-0.49%,2937.18,2975.18,108476320,13134799.0,-
2009-06-08,2937.64,2948.48,9.17,0.31%,2912.49,2978.23,96116368,11453894.0,-
2009-06-09,2948.95,2960.56,12.08,0.41%,2892.72,2960.9,91989880,10874742.0,-
2009-06-10,2972.42,2989.59,29.04,0.98%,2966.58,2995.7,101790032,11645549.0,-
2009-06-11,2982.97,2961.63,-27.97,-0.94%,2951.27,3000.86,87116000,10189029.0,-
2009-06-12,2955.57,2906.29,-55.34,-1.87%,2883.32,2976.86,80067064,9213556.0,-
2009-06-15,2911.42,2966.19,59.91,2.06%,2898.07,2967.1,74352096,9268964.0,-
2009-06-16,2936.51,2961.22,-4.97,-0.17%,2929.04,2979.41,70179240,8992838.0,-
2009-06-17,2957.58,3010.59,49.37,1.67%,2930.49,3017.41,77293120,9994553.0,-
2009-06-18,3014.44,3057.43,46.84,1.56%,3014.44,3061.75,96281312,12277712.0,-
2009-06-19,3061.9,3080.0,22.57,0.74%,3047.27,3086.72,102518064,11943448.0,-
2009-06-22,3106.39,3082.56,2.56,0.08%,3072.53,3116.16,103952576,12268510.0,-
2009-06-23,3036.4,3083.9,1.33,0.04%,3028.45,3128.53,111506728,12709478.0,-
2009-06-24,3079.5,3120.73,36.84,1.19%,3068.24,3121.21,109424312,13243117.0,-
2009-06-25,3125.66,3117.92,-2.81,-0.09%,3103.87,3141.17,82806888,10770659.0,-
2009-06-26,3126.23,3128.42,10.5,0.34%,3109.32,3137.08,70500912,8866350.0,-
2009-06-29,3132.11,3179.97,51.55,1.65%,3122.16,3182.42,84997072,10753921.0,-
2009-06-30,3191.64,3166.47,-13.5,-0.42%,3159.63,3195.72,86782352,11892614.0,-
2009-07-01,3153.54,3237.9,71.43,2.26%,3150.65,3238.79,96950568,12983070.0,-
2009-07-02,3248.2,3282.36,44.46,1.37%,3247.57,3285.09,112989296,15259456.0,-
2009-07-03,3254.93,3327.14,44.78,1.36%,3249.11,3327.67,105732584,14253135.0,-
2009-07-06,3333.1,3374.75,47.62,1.43%,3333.1,3378.05,135264048,17585736.0,-
2009-07-07,3368.33,3340.49,-34.26,-1.02%,3327.35,3393.22,129600800,16045059.0,-
2009-07-08,3306.43,3352.27,11.78,0.35%,3261.32,3368.07,113867592,14730306.0,-
2009-07-09,3348.22,3396.3,44.04,1.31%,3334.68,3396.48,113081520,14824954.0,-
2009-07-10,3398.91,3398.31,2.01,0.06%,3375.97,3428.03,106174912,14074585.0,-
2009-07-13,3382.57,3361.01,-37.3,-1.10%,3358.52,3403.74,99619656,13230102.0,-
2009-07-14,3375.87,3454.75,93.74,2.79%,3375.87,3454.75,107520432,14325816.0,-
2009-07-15,3467.13,3493.3,38.55,1.12%,3467.13,3497.51,133483000,17677312.0,-
2009-07-16,3516.78,3501.24,7.94,0.23%,3489.56,3543.02,129313328,17897432.0,-
2009-07-17,3499.51,3519.81,18.57,0.53%,3482.87,3527.47,106549712,14614027.0,-
2009-07-20,3532.52,3591.12,71.31,2.03%,3515.53,3594.87,136468544,18968954.0,-
2009-07-21,3603.4,3539.83,-51.29,-1.43%,3533.16,3610.33,130600960,18493484.0,-
2009-07-22,3532.63,3606.92,67.09,1.90%,3532.38,3607.37,115238544,16887770.0,-
2009-07-23,3613.6,3651.97,45.04,1.25%,3596.36,3653.84,116381616,16098037.0,-
2009-07-24,3672.21,3667.56,15.59,0.43%,3591.88,3687.49,127979360,18220512.0,-
2009-07-27,3680.15,3743.63,76.07,2.07%,3669.51,3744.24,138808048,20082410.0,-
2009-07-28,3745.55,3755.82,12.19,0.33%,3705.04,3756.78,146267888,21047942.0,-
2009-07-29,3741.78,3558.51,-197.31,-5.25%,3453.64,3765.59,167406128,22656026.0,-
2009-07-30,3587.05,3634.82,76.31,2.14%,3511.29,3656.92,134968880,18549378.0,-
2009-07-31,3670.19,3734.62,99.8,2.75%,3635.55,3735.8,132239832,18443188.0,-
2009-08-03,3754.22,3787.03,52.41,1.40%,3716.57,3789.94,136415904,19844090.0,-
2009-08-04,3803.06,3786.61,-0.42,-0.01%,3712.43,3803.06,141035728,20513412.0,-
2009-08-05,3781.4,3740.94,-45.68,-1.21%,3691.98,3789.13,133444456,19401214.0,-
2009-08-06,3707.91,3663.12,-77.82,-2.08%,3602.57,3739.58,118101528,17840640.0,-
2009-08-07,3655.46,3555.09,-108.02,-2.95%,3539.7,3686.54,100575752,14865608.0,-
2009-08-10,3589.72,3544.54,-10.56,-0.30%,3485.36,3613.46,84870680,12656493.0,-
2009-08-11,3558.65,3556.38,11.84,0.33%,3509.72,3569.15,64497200,9531892.0,-
2009-08-12,3546.5,3397.4,-158.98,-4.47%,3390.36,3546.5,92535392,13186796.0,-
2009-08-13,3398.89,3440.82,43.42,1.28%,3338.85,3448.86,87081800,12358407.0,-
2009-08-14,3437.95,3344.46,-96.36,-2.80%,3334.73,3454.95,88248624,12657325.0,-
2009-08-17,3283.44,3140.27,-204.19,-6.11%,3137.48,3319.8,91723896,12124272.0,-
2009-08-18,3110.71,3171.99,31.72,1.01%,3083.2,3186.81,77343040,10069127.0,-
2009-08-19,3178.28,3014.57,-157.42,-4.96%,2982.22,3183.01,81604016,10477874.0,-
2009-08-20,3021.25,3144.39,129.82,4.31%,3021.25,3146.57,79519216,10765632.0,-
2009-08-21,3135.37,3203.62,59.23,1.88%,3113.7,3221.17,86616800,11391078.0,-
2009-08-24,3222.4,3229.6,25.98,0.81%,3178.86,3241.52,80414072,11090792.0,-
2009-08-25,3210.85,3109.83,-119.77,-3.71%,3019.12,3210.85,97530144,12844612.0,-
2009-08-26,3082.68,3172.39,62.56,2.01%,3065.46,3203.79,82036400,10979247.0,-
2009-08-27,3149.57,3156.3,-16.08,-0.51%,3116.89,3212.27,80125200,10360461.0,-
2009-08-28,3152.04,3046.78,-109.52,-3.47%,3030.73,3168.19,84017944,10878728.0,-
2009-08-31,3003.54,2830.27,-216.51,-7.11%,2825.77,3003.54,84517312,10556831.0,-
2009-09-01,2804.58,2843.7,13.43,0.47%,2795.49,2901.28,70535304,8774322.0,-
2009-09-02,2824.64,2890.93,47.23,1.66%,2813.62,2904.79,60843388,7629319.5,-
2009-09-03,2898.45,3051.96,161.04,5.57%,2892.65,3059.99,93157448,11882139.0,-
2009-09-04,3055.35,3077.14,25.18,0.82%,3038.99,3099.39,86984712,11618166.0,-
2009-09-07,3097.79,3104.21,27.07,0.88%,3078.13,3153.23,82790736,11381319.0,-
2009-09-08,3084.2,3170.97,66.76,2.15%,3047.3,3170.97,83965632,11796933.0,-
2009-09-09,3188.31,3194.91,23.94,0.76%,3143.74,3207.39,91191152,13181370.0,-
2009-09-10,3179.19,3162.91,-32.0,-1.00%,3150.17,3204.12,66566004,9146742.0,-
2009-09-11,3152.81,3238.13,75.22,2.38%,3152.69,3253.45,80689656,10898936.0,-
2009-09-14,3248.35,3293.39,55.26,1.71%,3240.53,3298.91,87393888,11706481.0,-
2009-09-15,3298.81,3302.64,9.25,0.28%,3264.95,3325.74,87092176,11641150.0,-
2009-09-16,3290.39,3258.24,-44.41,-1.34%,3212.45,3296.94,88244480,12364148.0,-
2009-09-17,3274.58,3320.1,61.86,1.90%,3274.58,3329.12,91333408,12532600.0,-
2009-09-18,3325.06,3199.69,-120.41,-3.63%,3170.96,3330.43,100488408,13163198.0,-
2009-09-21,3163.51,3208.6,8.92,0.28%,3090.61,3210.64,72801976,9968518.0,-
2009-09-22,3196.01,3131.03,-77.58,-2.42%,3131.02,3237.22,73425104,10163374.0,-
2009-09-23,3130.14,3060.07,-70.96,-2.27%,3041.42,3159.17,66013716,8904956.0,-
2009-09-24,3041.82,3080.93,20.86,0.68%,2989.24,3122.05,65152104,8689131.0,-
2009-09-25,3057.11,3058.53,-22.4,-0.73%,3028.41,3090.07,45820492,6073302.0,-
2009-09-28,3066.37,2972.64,-85.88,-2.81%,2959.74,3088.08,41918352,5459320.0,-
2009-09-29,2975.53,2972.29,-0.36,-0.01%,2923.93,2998.55,45932348,5667442.0,-
2009-09-30,2992.98,3004.8,32.52,1.09%,2988.29,3033.74,42184524,5480361.0,-
2009-10-09,3078.75,3163.71,158.9,5.29%,3071.27,3164.03,56871040,7606166.5,-
2009-10-12,3181.58,3151.63,-12.08,-0.38%,3151.26,3193.59,58961960,8156233.0,-
2009-10-13,3144.02,3198.52,46.88,1.49%,3140.5,3199.92,50713704,6857712.5,-
2009-10-14,3209.06,3227.4,28.88,0.90%,3204.31,3276.55,80978120,11118322.0,-
2009-10-15,3258.55,3239.64,12.24,0.38%,3227.09,3287.63,60562012,8539196.0,-
2009-10-16,3250.1,3241.71,2.07,0.06%,3188.43,3268.43,55636256,7889205.0,-
2009-10-19,3238.85,3329.16,87.45,2.70%,3231.81,3330.79,77683144,11384146.0,-
2009-10-20,3355.36,3377.57,48.42,1.45%,3343.02,3379.63,89426280,12850837.0,-
2009-10-21,3375.03,3369.28,-8.29,-0.25%,3358.55,3414.66,83488944,11744516.0,-
2009-10-22,3364.15,3347.32,-21.96,-0.65%,3341.42,3381.15,60936580,8797852.0,-
2009-10-23,3354.98,3413.25,65.93,1.97%,3354.98,3436.39,86725424,12090900.0,-
2009-10-26,3421.7,3414.24,0.99,0.03%,3385.44,3432.9,68442520,9780098.0,-
2009-10-27,3384.29,3314.72,-99.52,-2.91%,3314.32,3392.1,74209552,10522880.0,-
2009-10-28,3303.77,3329.33,14.6,0.44%,3258.27,3337.17,62594848,8622853.0,-
2009-10-29,3265.19,3247.05,-82.28,-2.47%,3239.0,3291.18,61305356,8441494.0,-
2009-10-30,3305.38,3280.37,33.32,1.03%,3276.32,3329.54,60647060,8422642.0,-
2009-11-02,3205.83,3392.8,112.43,3.43%,3198.31,3394.72,81981160,11067946.0,-
2009-11-03,3402.53,3435.43,42.62,1.26%,3397.25,3447.48,83791096,11593544.0,-
2009-11-04,3443.52,3453.89,18.46,0.54%,3415.22,3476.34,86065272,11778070.0,-
2009-11-05,3458.86,3464.32,10.43,0.30%,3432.26,3471.83,80647784,10353908.0,-
2009-11-06,3491.07,3483.02,18.7,0.54%,3474.36,3506.03,92190312,12413842.0,-
2009-11-09,3487.11,3495.79,12.77,0.37%,3452.61,3495.89,78050904,10891600.0,-
2009-11-10,3520.4,3503.78,7.99,0.23%,3501.5,3532.19,84300992,11607364.0,-
2009-11-11,3500.59,3495.67,-8.1,-0.23%,3468.86,3514.83,72626320,10049440.0,-
2009-11-12,3506.95,3499.99,4.32,0.12%,3487.68,3529.06,79962656,10656950.0,-
2009-11-13,3489.54,3518.72,18.73,0.54%,3445.36,3518.89,91210168,12235658.0,-
2009-11-16,3541.05,3625.8,107.08,3.04%,3541.05,3625.89,123157320,17054480.0,-
2009-11-17,3644.96,3628.35,2.56,0.07%,3619.99,3649.42,97391368,13505868.0,-
2009-11-18,3633.85,3630.23,1.88,0.05%,3612.79,3652.81,89226280,11903489.0,-
2009-11-19,3638.07,3642.44,12.21,0.34%,3604.61,3653.9,94940096,12551432.0,-
2009-11-20,3630.58,3631.01,-11.42,-0.31%,3597.31,3658.21,94750752,12758526.0,-
2009-11-23,3636.53,3665.51,34.5,0.95%,3628.2,3666.27,93990944,13575045.0,-
2009-11-24,3680.75,3548.08,-117.43,-3.20%,3538.86,3698.13,147566816,20372200.0,-
2009-11-25,3541.51,3629.63,81.55,2.30%,3508.06,3630.3,114602336,15703086.0,-
2009-11-26,3635.79,3485.77,-143.86,-3.96%,3472.95,3646.61,127882384,18080938.0,-
2009-11-27,3440.34,3382.51,-103.26,-2.96%,3367.29,3480.93,89294688,12577599.0,-
2009-11-30,3415.08,3511.67,129.16,3.82%,3415.08,3511.76,84415336,11737739.0,-
2009-12-01,3507.56,3560.83,49.16,1.40%,3485.52,3566.78,101518640,13800263.0,-
2009-12-02,3578.87,3597.33,36.5,1.02%,3570.29,3607.56,98052032,13892926.0,-
2009-12-03,3596.95,3590.88,-6.45,-0.18%,3551.48,3603.12,89978576,12856263.0,-
2009-12-04,3581.63,3643.49,52.62,1.47%,3530.06,3646.26,134130904,18884398.0,-
2009-12-07,3644.62,3668.83,25.34,0.70%,3633.45,3672.8,91225552,13199169.0,-
2009-12-08,3670.81,3624.02,-44.81,-1.22%,3590.94,3671.04,82940864,11875086.0,-
2009-12-09,3579.28,3554.48,-69.54,-1.92%,3543.42,3603.7,68521504,9709197.0,-
2009-12-10,3579.83,3577.24,22.76,0.64%,3544.9,3601.29,57563740,8115140.0,-
2009-12-11,3589.41,3575.02,-2.22,-0.06%,3568.51,3614.95,54550912,7428293.5,-
2009-12-14,3572.53,3612.75,37.73,1.06%,3495.64,3623.27,83785024,11344173.0,-
2009-12-15,3594.51,3583.34,-29.41,-0.81%,3578.28,3620.32,69186496,9878363.0,-
2009-12-16,3568.28,3560.72,-22.62,-0.63%,3550.67,3610.69,56963912,8134090.0,-
2009-12-17,3571.05,3480.15,-80.57,-2.26%,3475.84,3582.44,63286200,8675666.0,-
2009-12-18,3450.04,3391.74,-88.42,-2.54%,3385.68,3453.35,66111016,8913768.0,-
2009-12-21,3386.33,3396.62,4.89,0.14%,3354.65,3404.64,48329804,6905578.5,-
2009-12-22,3402.23,3305.54,-91.08,-2.68%,3296.76,3404.75,53942688,7549851.0,-
2009-12-23,3303.73,3336.48,30.94,0.94%,3296.29,3342.99,48064500,6794826.5,-
2009-12-24,3346.76,3438.82,102.34,3.07%,3339.3,3445.7,64377824,9481163.0,-
2009-12-25,3434.33,3424.78,-14.03,-0.41%,3410.67,3441.96,46914576,6870183.5,-
2009-12-28,3432.82,3478.43,53.65,1.57%,3432.82,3489.57,55375392,7896600.0,-
2009-12-29,3481.9,3500.74,22.3,0.64%,3451.18,3501.25,55535764,7805367.0,-
2009-12-30,3503.82,3558.86,58.12,1.66%,3498.38,3561.44,88429376,12468457.0,-
2009-12-31,3561.37,3575.68,16.83,0.47%,3542.38,3579.52,69241888,9800403.0,-
2010-01-04,3592.47,3535.23,-40.46,-1.13%,3535.23,3597.75,66101080,9341984.0,-
2010-01-05,3545.19,3564.04,28.81,0.81%,3497.66,3577.53,85809640,12830244.0,-
2010-01-06,3558.7,3541.73,-22.31,-0.63%,3541.17,3588.83,78473120,12104599.0,-
2010-01-07,3543.16,3471.46,-70.27,-1.98%,3452.77,3558.56,80350040,12043616.0,-
2010-01-08,3456.91,3480.13,8.67,0.25%,3426.7,3482.08,60790252,9019096.0,-
2010-01-11,3593.11,3482.05,1.92,0.06%,3465.32,3594.53,89980168,13411400.0,-
2010-01-12,3477.84,3534.92,52.86,1.52%,3437.66,3535.41,93743280,13407142.0,-
2010-01-13,3448.29,3421.14,-113.77,-3.22%,3415.69,3490.11,112457904,15986039.0,-
2010-01-14,3433.47,3469.05,47.91,1.40%,3411.81,3470.32,83353248,11810787.0,-
2010-01-15,3472.52,3482.74,13.69,0.39%,3448.66,3500.07,72543104,10403517.0,-
2010-01-18,3471.78,3500.68,17.95,0.52%,3458.04,3501.26,82854304,11788426.0,-
2010-01-19,3506.81,3507.48,6.8,0.19%,3497.09,3528.39,74883232,10802353.0,-
2010-01-20,3512.25,3394.43,-113.05,-3.22%,3387.82,3515.45,92495144,12841616.0,-
2010-01-21,3397.04,3408.57,14.14,0.42%,3364.72,3425.18,70595064,10007661.0,-
2010-01-22,3364.45,3366.2,-42.38,-1.24%,3293.19,3390.8,88933408,11919782.0,-
2010-01-25,3340.01,3328.01,-38.18,-1.13%,3326.27,3372.43,56849172,7662662.5,-
2010-01-26,3328.11,3242.8,-82.89,-2.49%,3222.14,3341.2,61752232,8158606.0,-
2010-01-27,3243.04,3198.57,-44.23,-1.36%,3183.36,3255.12,52691396,7054027.0,-
2010-01-28,3195.29,3206.57,8.0,0.25%,3168.46,3220.31,46990716,6408211.5,-
2010-01-29,3190.31,3204.16,-2.42,-0.08%,3176.92,3249.46,50262616,6801812.0,-
2010-02-01,3198.23,3152.71,-51.45,-1.61%,3116.44,3198.31,57001380,7598215.0,-
2010-02-02,3170.78,3146.19,-6.52,-0.21%,3143.08,3211.94,50130032,6831841.5,-
2010-02-03,3160.71,3230.72,84.53,2.69%,3094.57,3231.1,64798896,8753625.0,-
2010-02-04,3206.43,3218.8,-11.91,-0.37%,3190.44,3242.52,58972728,7546655.5,-
2010-02-05,3147.72,3153.09,-65.72,-2.04%,3129.92,3177.42,59105844,7369313.5,-
2010-02-08,3152.25,3150.99,-2.1,-0.07%,3133.81,3172.31,37355952,4790243.0,-
2010-02-09,3147.76,3169.19,18.2,0.58%,3144.48,3178.95,35953156,4522266.0,-
2010-02-10,3195.14,3214.13,44.94,1.42%,3182.83,3214.46,34219892,4815214.5,-
2010-02-11,3216.69,3220.4,6.27,0.20%,3207.17,3238.35,35791052,4699971.0,-
2010-02-12,3232.88,3251.28,30.88,0.96%,3228.74,3253.2,34058236,4670322.0,-
2010-02-22,3248.95,3233.34,-17.93,-0.55%,3232.78,3261.95,38283772,4998133.5,-
2010-02-23,3225.39,3198.63,-34.71,-1.07%,3152.93,3225.39,42742900,6238608.0,-
2010-02-24,3177.08,3244.48,45.85,1.43%,3165.13,3244.82,49989436,6441409.5,-
2010-02-25,3252.15,3292.13,47.64,1.47%,3249.33,3294.14,67586616,8948580.0,-
2010-02-26,3286.09,3281.67,-10.46,-0.32%,3273.69,3301.15,52107288,7017166.5,-
2010-03-01,3290.01,3324.42,42.76,1.30%,3287.56,3330.38,60504520,8120569.0,-
2010-03-02,3327.1,3311.24,-13.19,-0.40%,3299.69,3339.89,57034372,7623399.0,-
2010-03-03,3313.02,3335.08,23.84,0.72%,3293.92,3335.65,60622732,7844213.5,-
2010-03-04,3338.67,3250.57,-84.51,-2.53%,3244.98,3345.91,69346808,8946292.0,-
2010-03-05,3253.16,3259.76,9.19,0.28%,3239.68,3276.4,45629136,5962118.0,-
2010-03-08,3268.4,3286.18,26.41,0.81%,3258.03,3293.93,41540876,5468655.5,-
2010-03-09,3285.62,3305.86,19.68,0.60%,3255.98,3322.51,54199484,7197130.0,-
2010-03-10,3304.04,3279.69,-26.17,-0.79%,3267.76,3321.08,46421080,6176043.0,-
2010-03-11,3282.2,3276.71,-2.99,-0.09%,3251.7,3303.49,47487756,6373266.0,-
2010-03-12,3277.31,3233.13,-43.58,-1.33%,3232.12,3284.26,39957344,5261121.0,-
2010-03-15,3231.22,3183.18,-49.94,-1.54%,3171.8,3234.82,37844304,4921990.0,-
2010-03-16,3183.77,3203.97,20.79,0.65%,3169.1,3204.29,30847780,4151042.5,-
2010-03-17,3214.22,3273.92,69.94,2.18%,3207.27,3274.0,45800936,6258739.5,-
2010-03-18,3277.88,3267.55,-6.36,-0.19%,3256.59,3295.37,46948016,6250913.0,-
2010-03-19,3270.98,3293.87,26.32,0.81%,3251.14,3296.41,46062188,6211423.0,-
2010-03-22,3297.82,3302.63,8.76,0.27%,3288.51,3313.92,49439464,6565298.0,-
2010-03-23,3305.55,3275.57,-27.06,-0.82%,3272.92,3309.12,46539536,6214553.0,-
2010-03-24,3282.05,3276.67,1.1,0.03%,3271.03,3298.54,44547968,5833030.0,-
2010-03-25,3270.39,3229.13,-47.54,-1.45%,3222.82,3270.39,44984284,5860476.0,-
2010-03-26,3226.8,3275.0,45.87,1.42%,3220.59,3285.39,47444968,6159284.0,-
2010-03-29,3295.76,3358.54,83.54,2.55%,3293.67,3363.6,84724912,11032697.0,-
2010-03-30,3361.35,3366.71,8.17,0.24%,3350.31,3372.26,56436980,7868267.0,-
2010-03-31,3369.19,3345.61,-21.1,-0.63%,3338.75,3369.9,53124284,7212088.5,-
2010-04-01,3349.88,3391.94,46.33,1.38%,3349.88,3392.48,67772664,9236050.0,-
2010-04-02,3400.14,3407.35,15.41,0.45%,3391.81,3412.2,69073456,9904076.0,-
2010-04-06,3422.85,3405.15,-2.2,-0.06%,3386.89,3436.29,65191712,9398588.0,-
2010-04-07,3403.09,3386.95,-18.2,-0.53%,3369.02,3404.58,54011228,7673316.0,-
2010-04-08,3381.31,3346.74,-40.2,-1.19%,3336.16,3381.31,62185324,8931747.0,-
2010-04-09,3348.77,3379.17,32.43,0.97%,3342.47,3379.4,51280568,7559035.5,-
2010-04-12,3388.35,3351.48,-27.69,-0.82%,3330.3,3393.56,74565152,10599661.0,-
2010-04-13,3350.73,3391.72,40.24,1.20%,3324.05,3401.71,79907696,11644034.0,-
2010-04-14,3394.64,3403.71,11.99,0.35%,3377.44,3404.52,60306128,9078757.0,-
2010-04-15,3407.02,3394.57,-9.13,-0.27%,3365.88,3412.94,61051684,8870023.0,-
2010-04-16,3388.29,3356.33,-38.24,-1.13%,3348.78,3388.29,47140368,6723560.0,-
2010-04-19,3313.5,3176.42,-179.91,-5.36%,3175.44,3313.5,88416296,11885597.0,-
2010-04-20,3176.41,3173.37,-3.05,-0.10%,3130.96,3196.65,64137860,8800597.0,-
2010-04-21,3178.88,3236.68,63.3,1.99%,3164.76,3237.54,66928332,9337337.0,-
2010-04-22,3222.68,3201.54,-35.14,-1.09%,3177.73,3231.99,71081688,9897039.0,-
2010-04-23,3198.78,3190.0,-11.54,-0.36%,3172.58,3224.74,61252680,9211567.0,-
2010-04-26,3195.46,3172.0,-18.01,-0.56%,3168.37,3207.72,50894196,7495912.0,-
2010-04-27,3163.1,3108.41,-63.59,-2.00%,3060.85,3163.1,65296572,8805836.0,-
2010-04-28,3080.32,3097.35,-11.06,-0.36%,3062.08,3122.11,45995408,6548492.5,-
2010-04-29,3114.94,3060.06,-37.29,-1.20%,3059.8,3130.7,48260972,6925086.5,-
2010-04-30,3060.12,3067.36,7.3,0.24%,3014.07,3068.13,54477880,7319088.5,-
2010-05-04,3005.49,3019.45,-47.92,-1.56%,2994.92,3056.08,41248608,5455860.5,-
2010-05-05,2981.78,3036.39,16.94,0.56%,2943.36,3036.86,59670440,8083534.0,-
2010-05-06,3014.91,2896.86,-139.54,-4.60%,2895.39,3014.91,58770412,8150226.5,-
2010-05-07,2835.88,2836.79,-60.07,-2.07%,2817.15,2892.53,61119400,7914750.0,-
2010-05-10,2842.37,2858.23,21.44,0.76%,2798.52,2872.31,50209172,6490919.0,-
2010-05-11,2916.33,2800.82,-57.42,-2.01%,2790.7,2922.12,58363488,7389466.5,-
2010-05-12,2781.71,2818.16,17.34,0.62%,2756.42,2832.15,53002272,6469399.0,-
2010-05-13,2818.58,2886.91,68.75,2.44%,2811.66,2886.97,55145780,6748653.5,-
2010-05-14,2865.58,2868.02,-18.89,-0.65%,2849.24,2888.09,42498720,5517529.0,-
2010-05-17,2828.88,2714.72,-153.31,-5.35%,2712.44,2828.88,52166844,6239551.5,-
2010-05-18,2711.41,2771.35,56.63,2.09%,2686.97,2781.84,54509672,6274624.5,-
2010-05-19,2748.95,2762.17,-9.17,-0.33%,2723.3,2803.7,45576224,5465640.0,-
2010-05-20,2739.22,2726.02,-36.15,-1.31%,2721.07,2793.88,42174800,5267791.5,-
2010-05-21,2656.42,2768.79,42.77,1.57%,2647.6,2769.09,54475380,6350181.0,-
2010-05-24,2787.75,2873.47,104.68,3.78%,2787.75,2886.37,74502336,8996188.0,-
2010-05-25,2851.26,2813.94,-59.53,-2.07%,2798.02,2855.33,55168328,6795498.5,-
2010-05-26,2814.44,2813.94,0.0,0.00%,2797.63,2839.03,39858564,4849560.5,-
2010-05-27,2808.05,2859.98,46.04,1.64%,2771.59,2866.86,53445208,6526677.5,-
2010-05-28,2885.86,2850.3,-9.68,-0.34%,2835.07,2893.69,51534992,6434250.5,-
2010-05-31,2835.33,2773.26,-77.04,-2.70%,2772.79,2857.42,46216852,5669580.5,-
2010-06-01,2755.28,2744.16,-29.1,-1.05%,2710.59,2782.29,44851424,5323091.5,-
2010-06-02,2729.33,2757.53,13.36,0.49%,2700.07,2757.91,39587020,4636423.0,-
2010-06-03,2769.1,2736.08,-21.45,-0.78%,2735.7,2787.51,39587260,4714326.5,-
2010-06-04,2721.36,2744.39,8.32,0.30%,2713.09,2748.48,32746292,3985836.5,-
2010-06-07,2692.83,2695.72,-48.68,-1.77%,2673.34,2716.4,39541992,4706270.5,-
2010-06-08,2694.11,2699.34,3.62,0.13%,2672.06,2720.59,35140184,4267710.5,-
2010-06-09,2711.64,2782.13,82.8,3.07%,2687.33,2787.82,60209532,7071008.5,-
2010-06-10,2755.94,2750.02,-32.11,-1.15%,2746.11,2776.26,42906336,5031224.5,-
2010-06-11,2766.2,2758.87,8.84,0.32%,2755.95,2782.09,40558584,4887147.5,-
2010-06-17,2778.53,2742.73,-16.13,-0.58%,2742.64,2784.92,32612358,4029323.25,-
2010-06-18,2739.03,2696.17,-46.57,-1.70%,2686.61,2755.84,41808344,5025635.0,-
2010-06-21,2698.98,2780.66,84.5,3.13%,2686.32,2784.47,55261480,6280919.0,-
2010-06-22,2772.89,2783.72,3.06,0.11%,2766.44,2795.32,39096052,4520721.0,-
2010-06-23,2768.7,2758.5,-25.22,-0.91%,2734.05,2788.22,35600352,4160024.25,-
2010-06-24,2753.71,2757.5,-1.0,-0.04%,2739.81,2783.51,29220682,3377285.75,-
2010-06-25,2744.12,2736.29,-21.21,-0.77%,2715.66,2759.45,30671782,3464917.75,-
2010-06-28,2734.51,2716.78,-19.51,-0.71%,2710.09,2751.46,27710044,3119827.75,-
2010-06-29,2717.47,2592.02,-124.76,-4.59%,2591.69,2724.23,48758552,5063597.0,-
2010-06-30,2572.91,2563.07,-28.95,-1.12%,2546.84,2575.82,35698792,3580989.0,-
2010-07-01,2557.92,2526.07,-37.0,-1.44%,2524.57,2574.1,32857646,3247845.75,-
2010-07-02,2523.03,2534.1,8.03,0.32%,2462.2,2542.12,44914100,4336732.0,-
2010-07-05,2507.35,2512.65,-21.45,-0.85%,2476.49,2529.43,32178572,3092230.0,-
2010-07-06,2504.87,2562.9,50.25,2.00%,2502.93,2563.41,39714764,3897683.5,-
2010-07-07,2561.11,2580.48,17.58,0.69%,2548.56,2580.61,35720908,3705990.0,-
2010-07-08,2591.51,2575.92,-4.56,-0.18%,2564.64,2602.23,34056964,3534875.75,-
2010-07-09,2578.55,2647.1,71.18,2.76%,2557.26,2662.16,58493044,6147007.0,-
2010-07-12,2647.42,2676.22,29.11,1.10%,2636.65,2689.81,58462488,6346226.0,-
2010-07-13,2649.66,2634.59,-41.62,-1.56%,2618.34,2649.66,43228508,4512511.0,-
2010-07-14,2640.93,2653.61,19.02,0.72%,2640.54,2684.62,46688860,4949711.0,-
2010-07-15,2650.33,2608.52,-45.09,-1.70%,2607.79,2680.44,40440460,4144471.25,-
2010-07-16,2597.0,2616.13,7.61,0.29%,2573.79,2621.33,35063300,3542232.75,-
2010-07-19,2592.09,2682.47,66.34,2.54%,2585.01,2691.94,53868068,5982612.5,-
2010-07-20,2685.46,2741.5,59.03,2.20%,2685.46,2746.24,73128344,8095822.0,-
2010-07-21,2744.7,2747.33,5.83,0.21%,2733.72,2766.21,70757096,7373468.5,-
2010-07-22,2738.03,2781.29,33.95,1.24%,2734.07,2783.14,61064808,6357660.5,-
2010-07-23,2787.52,2793.08,11.79,0.42%,2769.44,2806.98,64518564,7042334.0,-
2010-07-26,2798.76,2811.05,17.98,0.64%,2775.78,2811.95,53580028,5984890.5,-
2010-07-27,2803.75,2795.72,-15.33,-0.55%,2785.37,2812.21,49799884,5596399.0,-
2010-07-28,2796.48,2863.72,68.0,2.43%,2784.16,2866.4,79985952,8451685.0,-
2010-07-29,2866.77,2877.98,14.25,0.50%,2852.0,2888.6,95965408,9227823.0,-
2010-07-30,2871.48,2868.85,-9.13,-0.32%,2844.68,2876.14,62575592,6522448.5,-
2010-08-02,2868.28,2917.27,48.43,1.69%,2867.45,2922.61,71743296,7356907.5,-
2010-08-03,2925.25,2865.97,-51.3,-1.76%,2865.76,2929.61,81748360,8687057.0,-
2010-08-04,2858.35,2876.43,10.46,0.37%,2818.25,2876.59,71318040,7567014.5,-
2010-08-05,2874.66,2850.83,-25.6,-0.89%,2833.67,2877.31,67157584,7303845.5,-
2010-08-06,2848.16,2897.66,46.83,1.64%,2821.03,2898.53,74914896,8214515.0,-
2010-08-09,2894.1,2918.24,20.58,0.71%,2888.04,2922.62,74726392,8343198.0,-
2010-08-10,2920.4,2832.64,-85.6,-2.93%,2832.08,2925.3,78435040,8428370.0,-
2010-08-11,2823.15,2850.21,17.57,0.62%,2823.15,2864.36,54979132,5878630.5,-
2010-08-12,2822.79,2816.39,-33.82,-1.19%,2810.1,2860.37,59893228,6582561.0,-
2010-08-13,2818.41,2855.55,39.16,1.39%,2799.22,2856.04,58507720,6292374.5,-
2010-08-16,2851.22,2922.08,66.54,2.33%,2843.02,2927.69,81068040,9142750.0,-
2010-08-17,2927.26,2942.29,20.21,0.69%,2917.83,2949.73,76452912,8670054.0,-
2010-08-18,2945.98,2937.36,-4.93,-0.17%,2924.67,2962.75,70747600,8083236.5,-
2010-08-19,2940.77,2955.4,18.03,0.61%,2928.01,2975.19,76924864,9173459.0,-
2010-08-20,2943.33,2898.33,-57.06,-1.93%,2892.64,2951.96,71663304,8229817.5,-
2010-08-23,2895.71,2896.19,-2.14,-0.07%,2886.66,2920.54,48915516,5777277.5,-
2010-08-24,2892.13,2911.83,15.64,0.54%,2866.8,2933.12,61093796,6503659.0,-
2010-08-25,2893.99,2843.02,-68.8,-2.36%,2842.25,2904.66,63610620,6704822.5,-
2010-08-26,2853.1,2850.09,7.07,0.25%,2836.13,2868.88,48670444,5186292.0,-
2010-08-27,2847.45,2858.57,8.47,0.30%,2833.42,2861.07,40789580,4669934.5,-
2010-08-30,2874.25,2915.01,56.44,1.97%,2872.92,2921.08,65749884,7734161.5,-
2010-08-31,2905.15,2903.19,-11.82,-0.41%,2889.81,2910.06,65766104,7997635.0,-
2010-09-01,2907.66,2884.04,-19.15,-0.66%,2859.17,2931.76,76975584,8793189.0,-
2010-09-02,2917.74,2921.39,37.35,1.30%,2903.03,2931.55,70700848,8892314.0,-
2010-09-03,2926.94,2920.21,-1.19,-0.04%,2891.88,2929.55,72641032,8772483.0,-
2010-09-06,2935.89,2975.09,54.88,1.88%,2935.89,2980.42,93855680,11046611.0,-
2010-09-07,2979.3,2983.11,8.02,0.27%,2959.9,2991.44,73519360,8548820.0,-
2010-09-08,2970.0,2980.97,-2.14,-0.07%,2953.84,2982.72,72872000,9266088.0,-
2010-09-09,2986.87,2926.46,-54.51,-1.83%,2922.2,2986.87,81395552,10324828.0,-
2010-09-10,2928.0,2932.55,6.09,0.21%,2890.03,2940.79,65086704,8374316.0,-
2010-09-13,2933.59,2962.32,29.76,1.01%,2925.42,2977.08,67279896,8753618.0,-
2010-09-14,2971.55,2965.01,2.69,0.09%,2954.51,2984.47,70105904,8720442.0,-
2010-09-15,2965.54,2913.19,-51.82,-1.75%,2905.63,2965.54,71619640,8644597.0,-
2010-09-16,2908.32,2857.79,-55.4,-1.90%,2834.03,2917.85,74074288,8419838.0,-
2010-09-17,2864.72,2861.37,3.58,0.13%,2847.68,2877.08,51938868,6246632.5,-
2010-09-20,2865.04,2849.83,-11.54,-0.40%,2829.76,2872.22,50283104,5758298.5,-
2010-09-21,2859.43,2857.48,7.65,0.27%,2844.12,2869.38,35751884,4474202.5,-
2010-09-27,2869.93,2905.03,47.55,1.66%,2864.21,2905.53,49071820,6261153.5,-
2010-09-28,2900.54,2880.91,-24.12,-0.83%,2875.66,2900.54,58660828,8085975.0,-
2010-09-29,2877.27,2874.81,-6.1,-0.21%,2866.85,2908.73,56782232,7451602.0,-
2010-09-30,2859.06,2935.57,60.76,2.11%,2857.42,2935.59,63000248,8070973.0,-
2010-10-08,2965.65,3044.23,108.66,3.70%,2963.24,3055.84,99994720,13498664.0,-
2010-10-11,3069.19,3132.9,88.66,2.91%,3069.19,3154.2,158734896,21260708.0,-
2010-10-12,3121.64,3172.73,39.83,1.27%,3106.22,3173.85,127361712,17824522.0,-
2010-10-13,3176.89,3217.58,44.85,1.41%,3165.58,3221.65,144607776,19544472.0,-
2010-10-14,3245.13,3224.14,6.56,0.20%,3215.03,3286.02,179611840,22765446.0,-
2010-10-15,3204.72,3327.68,103.54,3.21%,3199.12,3327.68,193414144,24561930.0,-
2010-10-18,3345.8,3306.16,-21.52,-0.65%,3288.78,3390.01,217882048,26788436.0,-
2010-10-19,3300.52,3375.67,69.51,2.10%,3280.0,3375.87,130441792,16548892.0,-
2010-10-20,3304.22,3396.88,21.2,0.63%,3301.01,3439.23,166528464,23537206.0,-
2010-10-21,3404.72,3374.69,-22.19,-0.65%,3344.96,3418.09,123883240,17538370.0,-
2010-10-22,3365.6,3378.66,3.97,0.12%,3346.11,3408.49,116361864,16315363.0,-
2010-10-25,3386.85,3481.08,102.43,3.03%,3366.43,3481.35,145433104,20880942.0,-
2010-10-26,3491.47,3466.08,-15.0,-0.43%,3436.46,3499.82,142636992,20521646.0,-
2010-10-27,3451.43,3403.87,-62.21,-1.79%,3398.09,3490.22,123761568,17707256.0,-
2010-10-28,3390.43,3397.69,-6.18,-0.18%,3371.44,3420.89,98349456,14113589.0,-
2010-10-29,3400.26,3379.98,-17.71,-0.52%,3351.6,3404.6,100458968,14552837.0,-
2010-11-01,3390.41,3473.0,93.01,2.75%,3390.41,3473.0,126269144,18672576.0,-
2010-11-02,3484.23,3463.13,-9.86,-0.28%,3449.72,3522.18,154911440,23397624.0,-
2010-11-03,3462.74,3420.34,-42.79,-1.24%,3419.08,3474.71,126359304,17880332.0,-
2010-11-04,3426.46,3480.5,60.16,1.76%,3419.64,3480.93,116799480,16472139.0,-
2010-11-05,3538.99,3520.8,40.29,1.16%,3498.28,3554.47,137688016,19661804.0,-
2010-11-08,3534.19,3548.57,27.77,0.79%,3506.38,3549.3,126470760,17406758.0,-
2010-11-09,3547.44,3523.95,-24.61,-0.69%,3498.62,3547.44,122454528,17017488.0,-
2010-11-10,3507.2,3499.11,-24.84,-0.70%,3470.97,3508.27,120078584,17652978.0,-
2010-11-11,3490.74,3509.98,10.86,0.31%,3484.89,3557.99,138976240,20912152.0,-
2010-11-12,3484.61,3291.83,-218.14,-6.21%,3284.35,3497.06,160733856,22420078.0,-
2010-11-15,3298.74,3314.89,23.06,0.70%,3241.76,3319.98,102315728,14449295.0,-
2010-11-16,3311.62,3169.54,-145.36,-4.38%,3155.48,3311.62,108307064,15427812.0,-
2010-11-17,3124.11,3103.91,-65.63,-2.07%,3087.51,3168.93,83258080,11898123.0,-
2010-11-18,3134.94,3147.96,44.06,1.42%,3097.39,3158.63,65697292,9447612.0,-
2010-11-19,3168.17,3178.85,30.88,0.98%,3076.21,3178.85,83347656,11467298.0,-
2010-11-22,3148.22,3171.94,-6.9,-0.22%,3137.75,3200.47,83212776,11430298.0,-
2010-11-23,3156.48,3107.18,-64.76,-2.04%,3061.62,3156.48,77399592,10528146.0,-
2010-11-24,3088.99,3177.04,69.87,2.25%,3088.99,3177.41,75332080,10768844.0,-
2010-11-25,3197.97,3223.48,46.44,1.46%,3172.28,3227.05,83442096,11694830.0,-
2010-11-26,3214.13,3194.85,-28.63,-0.89%,3170.36,3224.52,64467824,9622637.0,-
2010-11-29,3183.54,3190.05,-4.8,-0.15%,3159.46,3206.76,58994892,8879908.0,-
2010-11-30,3187.53,3136.99,-53.06,-1.66%,3060.44,3205.78,85762352,12057233.0,-
2010-12-01,3127.26,3136.02,-0.96,-0.03%,3111.65,3150.44,48882668,6947257.5,-
2010-12-02,3185.76,3155.06,19.04,0.61%,3154.32,3194.23,61023908,8976427.0,-
2010-12-03,3161.93,3158.16,3.1,0.10%,3134.42,3171.38,50475356,7138734.0,-
2010-12-06,3168.88,3165.57,7.41,0.23%,3140.55,3185.33,56362628,8004320.5,-
2010-12-07,3152.73,3200.34,34.77,1.10%,3112.22,3214.69,58483652,8554829.0,-
2010-12-08,3194.9,3171.88,-28.46,-0.89%,3166.77,3215.28,59515664,8705611.0,-
2010-12-09,3156.0,3123.37,-48.52,-1.53%,3122.2,3175.05,66152964,8315904.0,-
2010-12-10,3107.38,3161.98,38.61,1.24%,3101.08,3172.16,57108108,7806912.0,-
2010-12-13,3176.33,3261.06,99.08,3.13%,3173.56,3261.34,95713744,13208836.0,-
2010-12-14,3270.2,3269.47,8.41,0.26%,3254.18,3279.36,84104240,11492874.0,-
2010-12-15,3270.78,3247.64,-21.83,-0.67%,3242.52,3282.77,72269784,10479318.0,-
2010-12-16,3246.01,3230.67,-16.98,-0.52%,3224.12,3258.39,56799628,7926237.5,-
2010-12-17,3229.3,3225.66,-5.0,-0.15%,3212.58,3232.84,44919148,6569726.0,-
2010-12-20,3239.02,3178.66,-47.0,-1.46%,3118.0,3249.76,74759696,10752197.0,-
2010-12-21,3184.7,3249.51,70.85,2.23%,3168.89,3251.55,79852424,11246168.0,-
2010-12-22,3253.82,3215.45,-34.06,-1.05%,3201.67,3263.45,69936256,9830903.0,-
2010-12-23,3210.67,3188.61,-26.85,-0.83%,3183.15,3237.64,61315844,8443048.0,-
2010-12-24,3170.64,3162.96,-25.65,-0.80%,3139.45,3187.72,55137768,7298914.0,-
2010-12-27,3176.11,3099.71,-63.25,-2.00%,3092.26,3219.66,70017104,9985547.0,-
2010-12-28,3084.82,3044.93,-54.78,-1.77%,3041.33,3095.36,56325748,7484395.5,-
2010-12-29,3049.93,3061.83,16.9,0.55%,3025.22,3062.56,45192776,6013477.5,-
2010-12-30,3063.05,3064.1,2.27,0.07%,3027.9,3079.91,54281432,7028428.0,-
2010-12-31,3069.05,3128.26,64.16,2.09%,3067.11,3129.45,62566076,9054590.0,-
2011-01-04,3155.56,3189.68,61.42,1.96%,3143.6,3194.36,85410440,12915962.0,-
2011-01-05,3170.18,3175.66,-14.02,-0.44%,3158.87,3193.78,79268808,11694322.0,-
2011-01-06,3177.83,3159.64,-16.02,-0.50%,3152.57,3198.05,59681092,9156845.0,-
2011-01-07,3156.36,3166.62,6.98,0.22%,3141.12,3209.9,84093232,11365125.0,-
2011-01-10,3162.08,3108.19,-58.44,-1.85%,3102.43,3182.78,65494404,8799289.0,-
2011-01-11,3096.25,3124.92,16.74,0.54%,3084.51,3131.29,56985916,7483244.5,-
2011-01-12,3135.18,3142.34,17.42,0.56%,3099.41,3153.43,58498520,7155142.0,-
2011-01-13,3153.99,3141.28,-1.05,-0.03%,3127.16,3157.04,51936988,6692578.5,-
2011-01-14,3129.67,3091.86,-49.42,-1.57%,3083.51,3129.67,53351440,7101210.0,-
2011-01-17,3067.43,2974.35,-117.51,-3.80%,2968.61,3078.88,66807564,8545412.0,-
2011-01-18,2965.42,2977.65,3.3,0.11%,2947.6,2984.47,42964560,5465241.5,-
2011-01-19,2978.46,3044.85,67.2,2.26%,2967.24,3045.6,56571940,7277222.5,-
2011-01-20,3037.86,2944.71,-100.14,-3.29%,2944.5,3037.86,61046640,7644011.5,-
2011-01-21,2935.23,2983.46,38.74,1.32%,2935.14,3030.26,73102968,8515779.0,-
2011-01-24,2986.09,2954.23,-29.22,-0.98%,2943.92,2999.2,65472544,7580523.5,-
2011-01-25,2949.65,2938.65,-15.58,-0.53%,2919.16,2960.59,48982688,5757282.0,-
2011-01-26,2939.77,2978.43,39.78,1.35%,2939.36,2982.32,43374980,5174604.0,-
2011-01-27,2953.59,3026.47,48.04,1.61%,2935.27,3037.16,82585920,9697603.0,-
2011-01-28,3020.12,3036.74,10.27,0.34%,3011.38,3047.27,63013592,7824191.5,-
2011-01-31,3035.42,3076.51,39.77,1.31%,3032.45,3076.55,67105916,8307031.0,-
2011-02-01,3083.49,3077.28,0.78,0.03%,3062.83,3087.23,49862528,6583270.0,-
2011-02-09,3055.4,3040.95,-36.33,-1.18%,3031.75,3087.55,60394144,7814835.5,-
2011-02-10,3034.08,3104.16,63.21,2.08%,3024.35,3105.32,66603664,8696727.0,-
2011-02-11,3100.27,3120.96,16.79,0.54%,3092.58,3133.5,75975552,9900150.0,-
2011-02-14,3123.25,3219.14,98.19,3.15%,3123.25,3227.43,121302336,15582939.0,-
2011-02-15,3223.22,3217.67,-1.47,-0.05%,3215.62,3259.64,109554440,14774723.0,-
2011-02-16,3211.14,3248.53,30.86,0.96%,3195.47,3248.85,91334288,12554960.0,-
2011-02-17,3255.63,3245.91,-2.62,-0.08%,3218.91,3265.26,88964688,12755967.0,-
2011-02-18,3240.05,3211.88,-34.03,-1.05%,3203.12,3242.37,75378680,10474337.0,-
2011-02-21,3192.15,3257.91,46.03,1.43%,3189.85,3258.28,79399776,10805588.0,-
2011-02-22,3267.61,3163.58,-94.33,-2.90%,3161.83,3269.05,107863736,14758861.0,-
2011-02-23,3152.44,3174.74,11.16,0.35%,3145.99,3182.19,71324856,9725143.0,-
2011-02-24,3170.24,3190.94,16.19,0.51%,3157.97,3195.69,66486892,9490828.0,-
2011-02-25,3190.87,3197.62,6.68,0.21%,3159.85,3213.79,61619276,8827590.0,-
2011-02-28,3200.68,3239.56,41.94,1.31%,3178.83,3241.6,76630664,10924997.0,-
2011-03-01,3241.71,3254.89,15.33,0.47%,3235.75,3273.51,88566960,12404076.0,-
2011-03-02,3237.12,3243.3,-11.6,-0.36%,3202.83,3257.42,80910640,11359201.0,-
2011-03-03,3248.16,3221.72,-21.58,-0.67%,3221.04,3271.64,101219992,13121780.0,-
2011-03-04,3223.51,3270.67,48.95,1.52%,3217.48,3273.66,80013920,10740181.0,-
2011-03-07,3287.41,3334.51,63.84,1.95%,3287.41,3337.47,118187192,17040678.0,-
2011-03-08,3335.71,3337.46,2.95,0.09%,3311.72,3342.71,84878656,12630633.0,-
2011-03-09,3344.1,3338.86,1.4,0.04%,3322.7,3355.49,78026360,11353409.0,-
2011-03-10,3330.44,3280.26,-58.6,-1.76%,3279.33,3330.44,78212640,11795263.0,-
2011-03-11,3263.08,3247.38,-32.88,-1.00%,3240.18,3290.7,67208336,10030608.0,-
2011-03-14,3238.91,3262.92,15.54,0.48%,3230.11,3263.91,63689784,9413469.0,-
2011-03-15,3250.59,3203.96,-58.96,-1.81%,3147.96,3250.59,96033976,12960331.0,-
2011-03-16,3204.92,3248.2,44.23,1.38%,3202.93,3250.88,78859520,11182609.0,-
2011-03-17,3216.29,3197.1,-51.1,-1.57%,3185.08,3240.38,85687112,11729573.0,-
2011-03-18,3228.92,3215.69,18.58,0.58%,3205.14,3239.96,61340160,8684520.0,-
2011-03-21,3220.68,3207.11,-8.58,-0.27%,3194.15,3236.28,59105040,8410574.0,-
2011-03-22,3217.8,3222.96,15.85,0.49%,3175.93,3227.8,57248688,8000979.0,-
2011-03-23,3222.32,3264.93,41.96,1.30%,3216.65,3267.0,72077584,9854042.0,-
2011-03-24,3269.57,3251.36,-13.56,-0.42%,3250.02,3273.37,61304244,8805890.0,-
2011-03-25,3256.18,3294.48,43.12,1.33%,3254.68,3304.26,86895976,12202136.0,-
2011-03-28,3307.41,3290.57,-3.91,-0.12%,3286.86,3328.07,97684296,13903009.0,-
2011-03-29,3288.56,3257.98,-32.59,-0.99%,3256.34,3309.2,105280160,13290807.0,-
2011-03-30,3256.72,3256.08,-1.9,-0.06%,3233.11,3274.98,78336336,10327193.0,-
2011-03-31,3257.16,3223.29,-32.79,-1.01%,3210.17,3264.96,64503880,8656537.0,-
2011-04-01,3227.56,3272.73,49.44,1.53%,3220.91,3272.77,63094724,8671155.0,-
2011-04-06,3269.19,3311.07,38.34,1.17%,3268.76,3315.3,105823672,14303009.0,-
2011-04-07,3313.47,3324.42,13.35,0.40%,3302.82,3330.8,84681760,11267858.0,-
2011-04-08,3321.54,3353.36,28.94,0.87%,3314.09,3353.89,73929208,10732931.0,-
2011-04-11,3363.37,3333.43,-19.93,-0.59%,3331.17,3380.53,104420544,14197439.0,-
2011-04-12,3324.75,3326.77,-6.66,-0.20%,3307.48,3350.16,101938504,12286356.0,-
2011-04-13,3311.32,3372.03,45.26,1.36%,3296.51,3372.03,87036336,10830524.0,-
2011-04-14,3374.32,3353.56,-18.47,-0.55%,3347.49,3378.7,88972240,10749123.0,-
2011-04-15,3345.13,3358.94,5.38,0.16%,3323.56,3378.11,78514872,9893457.0,-
2011-04-18,3346.15,3359.44,0.49,0.01%,3335.6,3372.9,86582624,10717823.0,-
2011-04-19,3334.91,3295.81,-63.63,-1.89%,3290.74,3334.91,85106936,10436898.0,-
2011-04-20,3300.42,3295.76,-0.05,0.00%,3281.83,3311.73,72343320,9366714.0,-
2011-04-21,3312.27,3317.37,21.61,0.66%,3301.94,3330.24,73240424,9673913.0,-
2011-04-22,3317.08,3299.94,-17.42,-0.53%,3291.64,3325.46,67171456,8352833.5,-
2011-04-25,3292.48,3249.57,-50.37,-1.53%,3247.69,3292.48,74421824,9845588.0,-
2011-04-26,3242.53,3230.96,-18.61,-0.57%,3216.21,3257.8,59096416,7669685.5,-
2011-04-27,3242.62,3209.5,-21.46,-0.66%,3189.04,3256.41,62443568,7511124.5,-
2011-04-28,3224.41,3161.78,-47.73,-1.49%,3160.41,3237.19,65050236,7915583.0,-
2011-04-29,3161.16,3192.72,30.95,0.98%,3147.14,3193.6,53683068,6345581.5,-
2011-05-03,3192.84,3211.13,18.41,0.58%,3164.93,3212.05,54998912,6434898.5,-
2011-05-04,3192.84,3129.03,-82.1,-2.56%,3120.96,3193.45,66716340,8356765.5,-
2011-05-05,3115.0,3126.12,-2.91,-0.09%,3105.85,3136.9,52567748,6300937.5,-
2011-05-06,3093.81,3121.4,-4.72,-0.15%,3083.91,3141.68,55352188,6974737.5,-
2011-05-09,3126.26,3129.76,8.36,0.27%,3118.14,3149.94,46027404,5728741.5,-
2011-05-10,3135.15,3153.22,23.46,0.75%,3121.75,3153.3,40932996,5493122.5,-
2011-05-11,3153.65,3145.08,-8.14,-0.26%,3127.49,3164.65,47688536,5950772.0,-
2011-05-12,3123.16,3101.6,-43.48,-1.38%,3101.14,3142.4,48799504,6170308.0,-
2011-05-13,3105.3,3128.09,26.49,0.85%,3080.19,3128.44,46895948,5775720.5,-
2011-05-16,3120.44,3100.46,-27.63,-0.88%,3098.78,3137.6,45194316,5423872.5,-
2011-05-17,3097.07,3116.03,15.56,0.50%,3076.95,3136.23,51203732,6541794.5,-
2011-05-18,3109.29,3139.38,23.35,0.75%,3106.55,3145.7,39641768,4975717.5,-
2011-05-19,3148.35,3120.64,-18.74,-0.60%,3118.62,3154.94,43110784,5224968.0,-
2011-05-20,3120.58,3121.6,0.96,0.03%,3113.27,3133.43,38468012,4896703.0,-
2011-05-23,3115.31,3022.98,-98.62,-3.16%,3021.45,3115.31,55902476,6697643.0,-
2011-05-24,3013.72,3026.22,3.24,0.11%,2999.89,3029.75,41608944,5297169.0,-
2011-05-25,3020.32,2990.34,-35.88,-1.19%,2988.09,3030.99,39289704,4860440.0,-
2011-05-26,3011.47,2978.38,-11.96,-0.40%,2977.6,3021.2,37003748,4834648.0,-
2011-05-27,2980.72,2963.31,-15.07,-0.51%,2962.07,2996.6,42770904,5201999.5,-
2011-05-30,2956.57,2954.51,-8.8,-0.30%,2942.36,2982.58,34671160,4296026.0,-
2011-05-31,2958.61,3001.56,47.05,1.59%,2946.15,3001.73,39689396,5055338.5,-
2011-06-01,2996.08,3004.17,2.62,0.09%,2985.71,3006.56,38419328,4906008.0,-
2011-06-02,2970.63,2955.71,-48.47,-1.61%,2923.02,2984.49,52617868,6174834.5,-
2011-06-03,2951.58,2986.35,30.64,1.04%,2951.2,2993.9,39076164,4927376.0,-
2011-06-07,2977.68,3004.26,17.91,0.60%,2974.36,3006.57,36852332,4985913.5,-
2011-06-08,3003.58,3008.65,4.39,0.15%,2965.92,3012.81,42908760,5112319.0,-
2011-06-09,3000.4,2951.89,-56.76,-1.89%,2951.89,3004.06,47496636,5538128.0,-
2011-06-10,2947.93,2961.93,10.04,0.34%,2925.87,2964.08,42201880,5094299.0,-
2011-06-13,2940.39,2950.35,-11.58,-0.39%,2921.75,2957.52,38351668,4699128.0,-
2011-06-14,2947.66,2993.56,43.21,1.46%,2943.53,3000.53,55982816,6615891.0,-
2011-06-15,2984.96,2963.12,-30.44,-1.02%,2963.11,2999.15,44390852,5446770.5,-
2011-06-16,2939.68,2917.58,-45.54,-1.54%,2915.4,2946.81,41135484,4706718.5,-
2011-06-17,2916.41,2892.16,-25.42,-0.87%,2891.01,2934.06,41176528,5164715.5,-
2011-06-20,2888.94,2874.9,-17.26,-0.60%,2862.41,2896.08,37991984,4541670.0,-
2011-06-21,2883.35,2909.07,34.18,1.19%,2877.05,2909.57,42038924,5016067.5,-
2011-06-22,2913.67,2908.58,-0.49,-0.02%,2894.18,2921.03,37318800,4326382.5,-
2011-06-23,2899.01,2957.63,49.05,1.69%,2888.68,2966.54,45941116,5527689.0,-
2011-06-24,2946.61,3027.47,69.84,2.36%,2944.05,3047.94,85459240,10497293.0,-
2011-06-27,3028.5,3036.49,9.02,0.30%,3019.24,3056.02,65615768,7904415.0,-
2011-06-28,3040.18,3041.73,5.24,0.17%,3014.0,3046.8,55766252,7033338.5,-
2011-06-29,3039.05,3000.17,-41.56,-1.37%,2999.95,3043.81,53476848,6171762.5,-
2011-06-30,3003.23,3044.09,43.92,1.46%,3003.23,3058.62,62502548,7389167.0,-
2011-07-01,3052.12,3049.75,5.66,0.19%,3034.07,3071.21,56766652,7261464.0,-
2011-07-04,3064.94,3121.98,72.24,2.37%,3064.94,3124.58,80464032,10267982.0,-
2011-07-05,3122.9,3122.5,0.52,0.02%,3105.09,3128.53,67763336,8199983.0,-
2011-07-06,3116.12,3113.71,-8.79,-0.28%,3084.83,3116.12,61555808,7655700.0,-
2011-07-07,3123.29,3101.68,-12.03,-0.39%,3101.1,3140.1,71810360,9212055.0,-
2011-07-08,3105.49,3109.18,7.5,0.24%,3093.37,3124.39,51282592,6515554.5,-
2011-07-11,3097.87,3113.21,4.02,0.13%,3086.26,3121.0,47920660,6223725.0,-
2011-07-12,3089.14,3056.91,-56.3,-1.81%,3054.8,3090.1,57107984,7122264.0,-
2011-07-13,3060.42,3106.25,49.34,1.61%,3060.42,3108.5,54114364,6829483.0,-
2011-07-14,3112.59,3115.75,9.5,0.31%,3092.47,3126.15,60314936,7994850.5,-
2011-07-15,3105.5,3128.89,13.14,0.42%,3097.34,3130.77,61550320,7942485.0,-
2011-07-18,3131.8,3122.6,-6.29,-0.20%,3113.67,3137.92,60691312,7822503.0,-
2011-07-19,3108.47,3095.12,-27.48,-0.88%,3088.38,3109.92,53388708,6850606.5,-
2011-07-20,3113.71,3091.57,-3.56,-0.11%,3071.85,3119.54,44118332,5693099.0,-
2011-07-21,3092.27,3059.14,-32.43,-1.05%,3058.25,3099.28,44084688,5794264.0,-
2011-07-22,3066.19,3067.99,8.85,0.29%,3059.6,3083.19,37257256,4961895.0,-
2011-07-25,3050.9,2968.29,-99.7,-3.25%,2958.88,3050.9,67180992,7751363.0,-
2011-07-26,2965.72,2977.77,9.48,0.32%,2957.61,2980.86,43515460,4956068.0,-
2011-07-27,2961.58,3000.05,22.29,0.75%,2951.52,3002.69,48385612,5874622.0,-
2011-07-28,2973.64,2981.0,-19.05,-0.63%,2956.71,2984.38,48138984,6067860.0,-
2011-07-29,2981.02,2972.08,-8.92,-0.30%,2948.08,2995.97,46298256,5435823.5,-
2011-08-01,2969.11,2977.72,5.64,0.19%,2958.83,2991.05,33886948,4120312.25,-
2011-08-02,2958.85,2956.38,-21.34,-0.72%,2919.01,2958.85,38978356,4843529.5,-
2011-08-03,2930.19,2954.87,-1.51,-0.05%,2927.1,2969.13,38668364,4959398.5,-
2011-08-04,2962.91,2960.31,5.44,0.18%,2951.84,2983.01,32985718,4133565.75,-
2011-08-05,2881.74,2897.42,-62.89,-2.12%,2868.16,2916.41,49316852,6024001.5,-
2011-08-08,2864.51,2793.9,-103.52,-3.57%,2747.97,2888.77,71517768,8369479.0,-
2011-08-09,2720.95,2798.19,4.29,0.15%,2697.06,2812.77,69842680,7965328.0,-
2011-08-10,2845.35,2824.12,25.93,0.93%,2820.12,2858.55,58659312,6858054.0,-
2011-08-11,2779.72,2866.92,42.8,1.52%,2777.76,2867.31,58997688,6922395.0,-
2011-08-12,2881.55,2875.36,8.44,0.29%,2868.87,2894.22,57197404,6348764.5,-
2011-08-15,2883.17,2917.88,42.52,1.48%,2870.19,2917.88,59875476,6110222.5,-
2011-08-16,2920.83,2897.58,-20.3,-0.70%,2888.33,2932.14,50962684,5749663.0,-
2011-08-17,2893.85,2886.01,-11.57,-0.40%,2881.63,2910.83,39178180,4189185.25,-
2011-08-18,2887.1,2834.25,-51.76,-1.79%,2832.27,2890.0,40768884,4578442.5,-
2011-08-19,2789.35,2807.66,-26.59,-0.94%,2782.56,2814.1,43259648,4844296.0,-
2011-08-22,2809.33,2777.79,-29.88,-1.06%,2768.42,2829.69,34209684,4013654.0,-
2011-08-23,2788.7,2821.0,43.22,1.56%,2777.29,2821.0,32620514,3644199.25,-
2011-08-24,2834.58,2810.02,-10.99,-0.39%,2804.82,2845.47,35301564,4193978.0,-
2011-08-25,2818.7,2903.84,93.82,3.34%,2815.91,2904.44,72216848,7574596.0,-
2011-08-26,2889.38,2901.22,-2.62,-0.09%,2876.83,2907.4,45604100,5175943.0,-
2011-08-29,2875.78,2852.81,-48.41,-1.67%,2847.48,2875.78,44267848,4989265.5,-
2011-08-30,2875.14,2841.74,-11.07,-0.39%,2838.33,2901.73,43137872,4856579.0,-
2011-08-31,2843.99,2846.78,5.04,0.18%,2823.77,2855.3,32107898,3762454.5,-
2011-09-01,2852.39,2834.53,-12.24,-0.43%,2825.96,2869.25,30118702,3514373.0,-
2011-09-02,2828.84,2803.85,-30.68,-1.08%,2790.77,2836.62,29317114,3196059.75,-
2011-09-05,2780.83,2743.82,-60.04,-2.14%,2743.38,2780.83,32005660,3604031.0,-
2011-09-06,2727.75,2723.3,-20.51,-0.75%,2711.07,2745.36,29713982,3374680.5,-
2011-09-07,2738.79,2779.09,55.79,2.05%,2730.05,2779.21,33265380,3709666.0,-
2011-09-08,2788.83,2756.1,-22.98,-0.83%,2755.8,2789.11,26838736,3120944.25,-
2011-09-09,2770.15,2751.09,-5.01,-0.18%,2739.62,2796.35,27073502,3034813.0,-
2011-09-13,2712.44,2720.28,-30.81,-1.12%,2698.66,2726.19,26713764,3003434.0,-
2011-09-14,2729.26,2733.11,12.82,0.47%,2677.13,2736.91,30424780,3285841.75,-
2011-09-15,2734.55,2729.05,-4.06,-0.15%,2728.91,2754.19,31171924,3250711.0,-
2011-09-16,2744.22,2733.99,4.94,0.18%,2729.0,2755.89,27555932,2974391.25,-
2011-09-19,2718.32,2679.27,-54.72,-2.00%,2678.79,2718.32,29090942,2973141.5,-
2011-09-20,2675.04,2689.84,10.58,0.39%,2664.1,2702.28,25598682,2727434.75,-
2011-09-21,2691.7,2771.01,81.17,3.02%,2677.35,2778.35,56194172,5914648.5,-
2011-09-22,2745.15,2685.69,-85.32,-3.08%,2684.94,2754.92,47102660,4779333.0,-
2011-09-23,2644.29,2669.48,-16.21,-0.60%,2631.43,2681.23,42592224,4593433.5,-
2011-09-26,2645.25,2610.92,-58.56,-2.19%,2603.11,2679.56,39175124,4049502.25,-
2011-09-27,2634.93,2637.88,26.96,1.03%,2613.42,2652.56,35021976,3730131.0,-
2011-09-28,2654.83,2610.59,-27.29,-1.03%,2602.63,2660.1,34169552,3619591.75,-
2011-09-29,2593.56,2588.19,-22.4,-0.86%,2577.29,2615.14,37093592,3770858.25,-
2011-09-30,2595.58,2581.35,-6.83,-0.26%,2572.19,2607.57,32050822,3237667.75,-
2011-10-10,2588.35,2557.08,-24.27,-0.94%,2552.28,2595.32,28325122,2814990.25,-
2011-10-11,2625.16,2551.99,-5.09,-0.20%,2526.65,2635.69,45029848,4740989.5,-
2011-10-12,2537.4,2644.76,92.76,3.63%,2523.34,2647.01,65945680,6282283.0,-
2011-10-13,2636.86,2662.6,17.84,0.67%,2629.41,2672.91,60426200,5663104.0,-
2011-10-14,2655.36,2653.78,-8.82,-0.33%,2629.88,2665.44,38336948,3732670.75,-
2011-10-17,2658.95,2666.95,13.17,0.50%,2653.38,2687.1,36158316,3810161.75,-
2011-10-18,2646.84,2592.21,-74.74,-2.80%,2589.21,2651.73,39373448,3945330.25,-
2011-10-19,2599.92,2583.08,-9.13,-0.35%,2580.66,2617.41,31116166,3211496.75,-
2011-10-20,2566.6,2520.53,-62.55,-2.42%,2500.49,2570.1,39842464,3940959.75,-
2011-10-21,2522.26,2507.88,-12.66,-0.50%,2504.69,2538.12,29843502,2909070.75,-
2011-10-24,2517.06,2576.67,68.79,2.74%,2501.96,2581.12,46345800,4405673.0,-
2011-10-25,2572.71,2625.43,48.76,1.89%,2560.05,2633.97,57967376,5753346.0,-
2011-10-26,2613.27,2651.65,26.23,1.00%,2611.01,2679.66,73098240,6953436.0,-
2011-10-27,2658.43,2657.48,5.83,0.22%,2647.3,2672.84,48820392,4740322.0,-
2011-10-28,2694.54,2709.02,51.54,1.94%,2689.38,2729.14,71643104,7290842.5,-
2011-10-31,2704.53,2695.31,-13.71,-0.51%,2680.99,2709.32,50407112,5252250.0,-
2011-11-01,2672.51,2697.53,2.23,0.08%,2669.05,2726.09,55206652,5606760.5,-
2011-11-02,2658.55,2742.39,44.86,1.66%,2653.72,2742.94,64361584,6532747.5,-
2011-11-03,2752.63,2744.3,1.91,0.07%,2743.2,2781.04,84820760,9050255.0,-
2011-11-04,2770.57,2763.75,19.44,0.71%,2748.98,2781.99,61958216,6350087.0,-
2011-11-07,2750.99,2736.25,-27.5,-0.99%,2733.17,2769.3,45375056,4776193.5,-
2011-11-08,2745.06,2727.71,-8.54,-0.31%,2723.69,2756.09,47884252,4786491.5,-
2011-11-09,2739.15,2751.65,23.94,0.88%,2710.05,2755.81,46877964,4848423.0,-
2011-11-10,2720.84,2699.59,-52.07,-1.89%,2698.31,2729.57,51173704,5179395.0,-
2011-11-11,2705.24,2695.0,-4.59,-0.17%,2685.1,2713.91,36636696,3872422.0,-
2011-11-14,2717.54,2750.2,55.19,2.05%,2714.86,2751.88,46390944,5133349.0,-
2011-11-15,2746.77,2744.68,-5.52,-0.20%,2732.91,2754.0,41759864,4698074.0,-
2011-11-16,2745.86,2670.12,-74.56,-2.72%,2659.15,2746.29,55949240,5784420.0,-
2011-11-17,2671.95,2662.02,-8.1,-0.30%,2660.65,2687.83,35247652,3776263.75,-
2011-11-18,2643.67,2606.5,-55.52,-2.09%,2601.18,2646.21,42414716,4494947.5,-
2011-11-21,2608.56,2609.69,3.19,0.12%,2587.74,2613.26,27971896,3117540.75,-
2011-11-22,2592.23,2609.48,-0.21,-0.01%,2580.78,2611.15,29069080,3188673.5,-
2011-11-23,2613.29,2584.01,-25.46,-0.98%,2578.16,2617.09,28531412,3095856.25,-
2011-11-24,2565.69,2588.92,4.9,0.19%,2557.7,2604.24,30319600,3189472.75,-
2011-11-25,2585.14,2569.97,-18.94,-0.73%,2563.65,2598.39,23913766,2750935.75,-
2011-11-28,2578.34,2573.32,3.35,0.13%,2562.49,2589.35,25666936,2917954.0,-
2011-11-29,2595.09,2608.57,35.25,1.37%,2580.29,2609.19,30025880,3496242.75,-
2011-11-30,2600.1,2521.52,-87.05,-3.34%,2507.18,2601.9,42352644,4245420.5,-
2011-12-01,2596.15,2583.61,62.09,2.46%,2577.72,2630.66,63520252,6614681.0,-
2011-12-02,2570.56,2557.31,-26.3,-1.02%,2543.53,2575.69,32183704,3316842.0,-
2011-12-05,2561.2,2521.39,-35.93,-1.40%,2517.18,2561.2,32063388,3274992.75,-
2011-12-06,2515.04,2516.34,-5.04,-0.20%,2499.57,2525.67,26297582,2631094.0,-
2011-12-07,2517.34,2528.23,11.89,0.47%,2509.78,2534.53,23261840,2343373.0,-
2011-12-08,2525.04,2525.0,-3.23,-0.13%,2494.69,2549.1,27777744,2784368.5,-
2011-12-09,2506.62,2503.46,-21.54,-0.85%,2496.97,2525.16,24029058,2547724.25,-
2011-12-12,2497.92,2477.69,-25.77,-1.03%,2476.12,2502.05,21901248,2120044.25,-
2011-12-13,2467.02,2421.93,-55.76,-2.25%,2418.67,2472.66,35717536,3326915.5,-
2011-12-14,2415.94,2397.48,-24.45,-1.01%,2392.3,2433.55,25320110,2375360.75,-
2011-12-15,2382.44,2340.79,-56.69,-2.36%,2340.45,2384.47,36750836,3390040.25,-
2011-12-16,2339.98,2390.13,49.34,2.11%,2332.14,2390.38,36302340,3365205.75,-
2011-12-19,2370.42,2384.41,-5.72,-0.24%,2321.66,2387.89,37909752,3371137.0,-
2011-12-20,2376.71,2377.07,-7.34,-0.31%,2373.86,2412.57,32402328,2996766.0,-
2011-12-21,2397.27,2339.11,-37.96,-1.60%,2337.69,2404.77,31209526,3091784.0,-
2011-12-22,2325.27,2341.33,2.23,0.10%,2294.61,2358.47,36683856,3184545.5,-
2011-12-23,2337.38,2359.16,17.82,0.76%,2331.96,2382.71,33161904,2991029.75,-
2011-12-26,2345.55,2335.7,-23.46,-0.99%,2334.79,2369.82,28224088,2503305.25,-
2011-12-27,2332.83,2305.03,-30.67,-1.31%,2302.41,2346.38,29277314,2677702.0,-
2011-12-28,2295.87,2307.93,2.89,0.13%,2267.11,2309.65,32882020,2883927.5,-
2011-12-29,2297.29,2311.36,3.43,0.15%,2293.87,2323.49,30887700,2686822.5,-
2011-12-30,2318.67,2345.74,34.38,1.49%,2318.67,2349.03,35865244,3236265.0,-
2012-01-04,2361.5,2298.75,-46.99,-2.00%,2298.3,2365.99,34344564,3257255.0,-
2012-01-05,2290.78,2276.39,-22.37,-0.97%,2272.15,2316.66,43016480,3763527.25,-
2012-01-06,2274.35,2290.6,14.22,0.62%,2254.57,2291.89,35198992,3107936.25,-
2012-01-09,2291.18,2368.57,77.97,3.40%,2271.72,2368.89,54727344,5147812.5,-
2012-01-10,2365.77,2447.35,78.78,3.33%,2361.28,2449.96,81154992,7524915.5,-
2012-01-11,2444.76,2435.61,-11.74,-0.48%,2423.32,2453.15,58705676,5758722.0,-
2012-01-12,2426.82,2435.22,-0.39,-0.02%,2423.32,2464.38,47121276,4787740.5,-
2012-01-13,2438.41,2394.33,-40.88,-1.68%,2374.54,2445.79,45514000,4722834.0,-
2012-01-16,2376.95,2345.65,-48.68,-2.03%,2345.63,2394.5,30527144,3441038.5,-
2012-01-17,2347.57,2460.6,114.95,4.90%,2329.25,2462.43,64205648,6432413.5,-
2012-01-18,2464.92,2422.19,-38.41,-1.56%,2414.53,2485.5,63892356,6705884.0,-
2012-01-19,2423.86,2468.35,46.16,1.91%,2414.99,2480.21,55615724,5637765.5,-
2012-01-20,2476.73,2504.09,35.74,1.45%,2462.59,2510.34,54529780,5747447.5,-
2012-01-30,2508.88,2460.72,-43.37,-1.73%,2460.4,2508.88,43517148,4477088.5,-
2012-01-31,2462.34,2464.26,3.54,0.14%,2447.77,2472.84,30701502,3269413.25,-
2012-02-01,2458.23,2428.99,-35.27,-1.43%,2423.45,2481.66,35015372,3775232.0,-
2012-02-02,2437.47,2486.24,57.24,2.36%,2429.71,2486.24,42066984,4412638.5,-
2012-02-03,2478.34,2506.09,19.85,0.80%,2470.28,2514.65,49949240,5150754.5,-
2012-02-06,2511.17,2504.32,-1.77,-0.07%,2488.71,2520.76,45079904,4754152.0,-
2012-02-07,2489.03,2457.95,-46.37,-1.85%,2441.7,2489.03,39679164,4003427.5,-
2012-02-08,2456.42,2528.24,70.28,2.86%,2451.0,2534.16,56186456,6172130.5,-
2012-02-09,2525.59,2529.23,1.0,0.04%,2513.13,2546.02,59299752,6345620.5,-
2012-02-10,2521.68,2533.62,4.39,0.17%,2521.16,2560.03,61575876,6002948.0,-
2012-02-13,2504.41,2531.98,-1.64,-0.06%,2496.3,2553.45,51913972,5428262.0,-
2012-02-14,2528.97,2522.11,-9.87,-0.39%,2506.54,2533.26,40430100,4372368.0,-
2012-02-15,2515.83,2549.61,27.5,1.09%,2511.29,2562.07,58090368,6042239.5,-
2012-02-16,2544.64,2536.07,-13.53,-0.53%,2519.04,2559.34,54395432,5516563.5,-
2012-02-17,2551.81,2537.09,1.01,0.04%,2522.86,2558.34,38994716,4045800.25,-
2012-02-20,2571.91,2540.71,3.62,0.14%,2539.9,2574.75,56153328,5674891.5,-
2012-02-21,2544.83,2562.45,21.75,0.86%,2520.79,2562.91,47894808,4775822.5,-
2012-02-22,2564.31,2597.48,35.02,1.37%,2560.34,2598.86,76376656,7642181.0,-
2012-02-23,2595.78,2606.26,8.78,0.34%,2590.52,2614.54,70377120,7261208.5,-
2012-02-24,2607.34,2648.02,41.76,1.60%,2602.78,2648.02,85999712,8805862.0,-
2012-02-27,2658.12,2656.57,8.56,0.32%,2656.57,2693.84,101514032,10667021.0,-
2012-02-28,2652.34,2662.46,5.89,0.22%,2641.46,2671.83,77592536,7721305.5,-
2012-02-29,2655.86,2634.14,-28.32,-1.06%,2631.78,2666.65,59120204,6487522.0,-
2012-03-01,2622.74,2633.34,-0.8,-0.03%,2621.86,2647.78,42148440,4652408.0,-
2012-03-02,2637.96,2679.93,46.59,1.77%,2637.96,2679.93,64122036,6698159.5,-
2012-03-05,2687.74,2662.7,-17.24,-0.64%,2660.96,2694.61,71395456,7497326.0,-
2012-03-06,2654.8,2621.05,-41.65,-1.56%,2615.6,2657.96,62447152,6885255.5,-
2012-03-07,2596.48,2603.0,-18.05,-0.69%,2594.13,2628.58,56948732,6324329.5,-
2012-03-08,2612.4,2635.79,32.79,1.26%,2612.4,2645.95,57549416,6445885.0,-
2012-03-09,2644.1,2664.3,28.51,1.08%,2631.41,2664.41,55258920,6596344.0,-
2012-03-12,2663.24,2654.4,-9.9,-0.37%,2636.42,2666.43,62327216,7436770.5,-
2012-03-13,2653.68,2681.07,26.67,1.00%,2649.17,2681.33,58404468,6642976.5,-
2012-03-14,2694.48,2605.11,-75.97,-2.83%,2595.34,2705.75,108426536,11708041.0,-
2012-03-15,2602.66,2585.55,-19.56,-0.75%,2575.44,2618.25,72565960,7704277.0,-
2012-03-16,2591.8,2623.52,37.97,1.47%,2577.25,2624.32,58091260,6745182.0,-
2012-03-19,2617.66,2630.01,6.49,0.25%,2598.63,2631.04,57646624,6880393.5,-
2012-03-20,2622.66,2584.45,-45.57,-1.73%,2584.02,2622.66,58114064,6426381.5,-
2012-03-21,2597.38,2587.79,3.35,0.13%,2569.07,2613.27,58002544,6667492.0,-
2012-03-22,2586.94,2583.75,-4.05,-0.16%,2570.45,2599.24,44926776,5011550.5,-
2012-03-23,2575.33,2552.94,-30.81,-1.19%,2544.52,2578.82,43329256,4781244.5,-
2012-03-26,2551.43,2555.44,2.5,0.10%,2540.7,2562.93,31816210,3635613.25,-
2012-03-27,2565.55,2547.14,-8.3,-0.32%,2544.37,2571.9,35944604,4739445.5,-
2012-03-28,2538.46,2474.9,-72.24,-2.84%,2471.03,2540.42,50005792,5499364.0,-
2012-03-29,2463.69,2443.12,-31.78,-1.28%,2429.73,2476.48,46131304,4865159.5,-
2012-03-30,2447.94,2454.9,11.78,0.48%,2438.49,2461.98,37027084,3913973.25,-
2012-04-05,2449.21,2512.83,57.93,2.36%,2441.27,2517.39,54331688,5804969.0,-
2012-04-06,2509.45,2519.83,7.0,0.28%,2502.7,2525.53,42368576,4720779.5,-
2012-04-09,2510.53,2495.15,-24.68,-0.98%,2491.59,2518.38,35370984,3818075.25,-
2012-04-10,2490.28,2519.79,24.64,0.99%,2459.35,2519.81,41335904,4406483.5,-
2012-04-11,2494.52,2520.04,0.25,0.01%,2489.32,2541.13,42510312,4362798.5,-
2012-04-12,2522.83,2570.44,50.4,2.00%,2516.57,2570.84,56488408,5953695.0,-
2012-04-13,2575.05,2580.45,10.02,0.39%,2570.03,2593.79,53092644,6189297.5,-
2012-04-16,2564.23,2574.04,-6.41,-0.25%,2559.78,2586.2,40839700,4265075.5,-
2012-04-17,2572.36,2541.88,-32.16,-1.25%,2541.53,2578.76,37815468,3832841.75,-
2012-04-18,2550.91,2599.91,58.02,2.28%,2546.0,2602.11,58688408,5936100.5,-
2012-04-19,2598.33,2596.06,-3.85,-0.15%,2585.3,2606.86,46448108,5551293.0,-
2012-04-20,2591.51,2626.84,30.78,1.19%,2589.35,2627.38,61446380,6382991.0,-
2012-04-23,2624.75,2606.04,-20.8,-0.79%,2599.11,2632.09,58664940,6207395.0,-
2012-04-24,2594.8,2604.87,-1.17,-0.04%,2559.46,2640.29,71139560,7315051.5,-
2012-04-25,2598.23,2625.99,21.12,0.81%,2593.33,2631.44,62468056,6352946.0,-
2012-04-26,2632.72,2631.49,5.5,0.21%,2617.09,2643.77,58965668,6437748.5,-
2012-04-27,2630.55,2626.16,-5.33,-0.20%,2623.6,2637.92,48233584,5334552.0,-
2012-05-02,2660.67,2683.49,57.33,2.18%,2643.53,2697.95,80148656,9236609.0,-
2012-05-03,2679.52,2691.52,8.03,0.30%,2675.81,2693.88,59361092,7233733.5,-
2012-05-04,2689.62,2715.88,24.36,0.91%,2677.14,2716.03,63218084,7369955.0,-
2012-05-07,2699.45,2717.78,1.9,0.07%,2694.32,2717.78,68547312,8271567.5,-
2012-05-08,2717.41,2709.12,-8.66,-0.32%,2683.56,2717.82,63110840,7374450.0,-
2012-05-09,2685.19,2657.51,-51.6,-1.90%,2655.32,2685.19,58400280,6948258.0,-
2012-05-10,2657.87,2657.21,-0.3,-0.01%,2649.38,2667.68,46962576,5405695.0,-
2012-05-11,2652.31,2636.92,-20.3,-0.76%,2636.52,2666.57,41006144,4939290.0,-
2012-05-14,2653.81,2615.53,-21.38,-0.81%,2613.35,2656.28,52082484,6033129.5,-
2012-05-15,2597.64,2617.37,1.84,0.07%,2591.6,2618.18,45767272,5137476.0,-
2012-05-16,2610.16,2574.65,-42.73,-1.63%,2574.08,2612.62,43280276,4786354.0,-
2012-05-17,2577.96,2613.94,39.3,1.53%,2571.2,2619.59,43728388,4920391.0,-
2012-05-18,2595.55,2573.98,-39.97,-1.53%,2567.3,2603.19,43422128,4690751.0,-
2012-05-21,2572.37,2587.23,13.26,0.51%,2563.97,2604.22,38602088,4430040.5,-
2012-05-22,2598.17,2627.52,40.29,1.56%,2597.6,2627.6,42773528,4939241.5,-
2012-05-23,2621.79,2616.87,-10.66,-0.41%,2598.29,2635.78,43719532,5256340.5,-
2012-05-24,2613.09,2595.26,-21.61,-0.83%,2588.21,2630.41,42844064,5006444.0,-
2012-05-25,2595.26,2573.1,-22.16,-0.85%,2565.65,2602.17,39273004,4142008.25,-
2012-05-28,2562.6,2614.69,41.59,1.62%,2545.34,2614.85,56339276,5841234.5,-
2012-05-29,2615.15,2650.85,36.16,1.38%,2612.56,2658.25,72135640,7868150.5,-
2012-05-30,2646.37,2642.26,-8.6,-0.32%,2636.52,2655.16,51855436,5697627.5,-
2012-05-31,2623.16,2632.04,-10.22,-0.39%,2617.23,2645.59,44107468,4987504.0,-
2012-06-01,2633.6,2633.0,0.96,0.04%,2623.29,2653.86,44191056,5384340.5,-
2012-06-04,2598.73,2559.03,-73.97,-2.81%,2558.92,2608.32,52478500,6061557.0,-
2012-06-05,2565.19,2558.84,-0.18,-0.01%,2548.76,2573.89,37779908,4355330.5,-
2012-06-06,2564.23,2557.4,-1.44,-0.06%,2547.33,2573.74,33857696,4131691.0,-
2012-06-07,2579.43,2542.18,-15.22,-0.60%,2536.26,2584.04,34841184,4205300.0,-
2012-06-08,2558.84,2524.33,-17.86,-0.70%,2520.41,2559.13,43856424,4763801.0,-
2012-06-11,2529.6,2558.26,33.94,1.34%,2523.77,2565.43,40098260,4344966.0,-
2012-06-12,2543.76,2540.18,-18.09,-0.71%,2529.95,2553.92,37936676,4025991.25,-
2012-06-13,2546.79,2580.64,40.46,1.59%,2539.63,2581.11,45014568,5129127.0,-
2012-06-14,2573.33,2560.42,-20.22,-0.78%,2558.56,2584.71,40247932,4633182.0,-
2012-06-15,2565.19,2568.05,7.63,0.30%,2538.57,2580.17,42786080,4886830.5,-
2012-06-18,2576.63,2581.21,13.16,0.51%,2572.99,2593.22,35693628,4085245.25,-
2012-06-19,2577.36,2558.62,-22.59,-0.88%,2556.1,2577.36,32700554,3702004.0,-
2012-06-20,2563.64,2552.61,-6.01,-0.23%,2549.44,2570.66,29850640,3357367.0,-
2012-06-21,2547.05,2512.19,-40.43,-1.58%,2502.42,2547.05,35396732,3860795.75,-
2012-06-25,2501.16,2456.52,-55.67,-2.22%,2455.01,2501.16,40106736,4250351.0,-
2012-06-26,2442.56,2454.92,-1.6,-0.07%,2434.64,2465.12,31734008,3389651.25,-
2012-06-27,2452.67,2447.2,-7.72,-0.31%,2444.34,2470.76,30007552,3143759.75,-
2012-06-28,2451.66,2425.73,-21.47,-0.88%,2425.24,2459.19,30543114,3441879.5,-
2012-06-29,2418.86,2461.61,35.88,1.48%,2417.49,2462.81,37994940,4097654.0,-
2012-07-02,2473.54,2465.24,3.63,0.15%,2452.99,2473.97,40510076,4565147.5,-
2012-07-03,2464.85,2468.72,3.48,0.14%,2457.45,2490.55,38693352,4500465.5,-
2012-07-04,2474.53,2464.92,-3.8,-0.15%,2456.0,2481.34,34452144,3783766.0,-
2012-07-05,2450.3,2430.37,-34.55,-1.40%,2420.0,2450.3,34726144,3594620.5,-
2012-07-06,2435.06,2472.61,42.24,1.74%,2420.36,2477.23,49610604,5660178.0,-
2012-07-09,2455.89,2416.04,-56.58,-2.29%,2414.95,2470.21,49223300,5460173.0,-
2012-07-10,2411.0,2406.71,-9.33,-0.39%,2402.37,2426.53,35549984,3853902.75,-
2012-07-11,2402.18,2425.57,18.87,0.78%,2402.15,2427.79,37624312,3985189.25,-
2012-07-12,2420.04,2449.18,23.61,0.97%,2404.58,2460.56,56717692,6513753.5,-
2012-07-13,2441.01,2450.63,1.45,0.06%,2438.98,2467.99,36725256,4201358.0,-
2012-07-16,2452.59,2399.73,-50.9,-2.08%,2399.61,2452.59,42771872,4584488.0,-
2012-07-17,2391.9,2414.2,14.47,0.60%,2391.28,2421.93,33424330,3828544.25,-
2012-07-18,2412.06,2414.33,0.13,0.01%,2373.65,2420.78,41751788,4432549.0,-
2012-07-19,2407.44,2424.32,9.99,0.41%,2401.29,2444.06,46949052,4770404.0,-
2012-07-20,2415.71,2398.46,-25.87,-1.07%,2392.18,2423.8,37619752,3668362.5,-
2012-07-23,2379.89,2365.43,-33.02,-1.38%,2357.51,2379.89,32390370,3317893.0,-
2012-07-24,2353.22,2375.99,10.56,0.45%,2352.8,2392.35,30310080,3114910.5,-
2012-07-25,2368.38,2360.08,-15.91,-0.67%,2357.47,2381.04,24896502,2573060.0,-
2012-07-26,2360.13,2347.49,-12.6,-0.53%,2344.7,2374.87,31314094,3132639.5,-
2012-07-27,2353.94,2349.11,1.62,0.07%,2341.29,2364.98,31090524,3304818.25,-
2012-07-30,2350.78,2335.79,-13.32,-0.57%,2334.0,2367.03,30484852,2990797.25,-
2012-07-31,2336.88,2332.92,-2.87,-0.12%,2329.5,2350.07,32099722,3119633.25,-
2012-08-01,2332.13,2358.65,25.73,1.10%,2331.95,2371.12,31420848,3127776.5,-
2012-08-02,2354.07,2334.88,-23.77,-1.01%,2325.61,2358.56,31516160,2975116.75,-
2012-08-03,2340.25,2353.74,18.86,0.81%,2329.93,2354.16,29769784,3110694.75,-
2012-08-06,2350.12,2385.61,31.87,1.35%,2348.12,2388.36,41820664,4368668.5,-
2012-08-07,2383.26,2388.87,3.26,0.14%,2379.45,2390.78,38285488,4040371.0,-
2012-08-08,2390.96,2389.79,0.92,0.04%,2382.82,2405.18,37810448,4134086.25,-
2012-08-09,2388.43,2411.7,21.9,0.92%,2378.85,2412.14,35658952,4325610.0,-
2012-08-10,2409.94,2399.75,-11.95,-0.50%,2395.91,2413.42,34702992,4069922.5,-
2012-08-13,2394.5,2351.93,-47.82,-1.99%,2350.81,2394.5,44783544,4624967.5,-
2012-08-14,2352.66,2357.02,5.08,0.22%,2324.91,2357.85,39850064,4240469.0,-
2012-08-15,2350.02,2331.61,-25.4,-1.08%,2330.15,2350.02,30580176,3033255.5,-
2012-08-16,2327.91,2319.67,-11.94,-0.51%,2317.06,2335.4,25902904,2707600.5,-
2012-08-17,2318.43,2313.48,-6.19,-0.27%,2295.16,2322.89,26065718,2862996.75,-
2012-08-20,2294.9,2301.79,-11.69,-0.51%,2279.95,2307.41,27402032,2717481.75,-
2012-08-21,2301.93,2313.7,11.92,0.52%,2296.55,2327.38,34895100,3475787.0,-
2012-08-22,2315.14,2295.59,-18.12,-0.78%,2285.75,2317.37,31708410,3154752.0,-
2012-08-23,2298.18,2302.2,6.61,0.29%,2285.37,2311.65,31335342,3378960.5,-
2012-08-24,2295.68,2275.68,-26.52,-1.15%,2274.57,2299.3,31869592,3298633.75,-
2012-08-27,2268.49,2228.2,-47.47,-2.09%,2228.15,2268.49,37386192,3538415.5,-
2012-08-28,2226.9,2238.41,10.21,0.46%,2222.0,2250.6,33773616,3033107.75,-
2012-08-29,2230.2,2214.81,-23.6,-1.05%,2214.43,2240.11,29010648,2739618.5,-
2012-08-30,2204.51,2211.37,-3.44,-0.16%,2188.72,2223.2,35491312,3386720.75,-
2012-08-31,2205.57,2204.87,-6.5,-0.29%,2203.12,2218.87,25964986,2334089.0,-
2012-09-03,2201.12,2228.37,23.5,1.07%,2197.71,2236.56,38548592,3529917.75,-
2012-09-04,2231.72,2204.41,-23.96,-1.08%,2199.51,2234.88,34852688,3322020.5,-
2012-09-05,2199.74,2199.88,-4.53,-0.21%,2186.96,2209.54,34751824,3044516.75,-
2012-09-06,2204.44,2217.82,17.95,0.82%,2199.86,2218.68,31695884,2687331.5,-
2012-09-07,2233.91,2317.18,99.36,4.48%,2233.91,2341.52,94529760,8430225.0,-
2012-09-10,2320.56,2326.67,9.49,0.41%,2313.57,2334.5,65330556,6325204.0,-
2012-09-11,2316.53,2311.89,-14.78,-0.64%,2294.82,2316.53,46260720,4338977.0,-
2012-09-12,2325.93,2320.07,8.18,0.35%,2298.3,2337.2,49622516,4648517.5,-
2012-09-13,2316.68,2298.46,-21.61,-0.93%,2298.37,2325.53,42049848,3802400.0,-
2012-09-14,2324.01,2315.54,17.08,0.74%,2298.83,2332.42,61571816,5543861.5,-
2012-09-17,2312.05,2258.71,-56.84,-2.45%,2258.18,2314.99,48984736,4375317.0,-
2012-09-18,2249.43,2235.24,-23.47,-1.04%,2228.04,2253.14,33228696,3017149.75,-
2012-09-19,2237.22,2246.24,11.0,0.49%,2229.49,2249.24,34349708,3260701.0,-
2012-09-20,2236.19,2195.95,-50.28,-2.24%,2194.22,2236.19,42545780,3838585.75,-
2012-09-21,2190.33,2199.06,3.11,0.14%,2186.53,2217.47,38120592,3404336.75,-
2012-09-24,2183.97,2215.52,16.45,0.75%,2172.88,2225.8,37501684,3360876.25,-
2012-09-25,2209.98,2210.15,-5.36,-0.24%,2202.38,2225.33,27877020,2667706.25,-
2012-09-26,2208.91,2184.89,-25.26,-1.14%,2181.08,2216.82,27454626,2491891.75,-
2012-09-27,2186.0,2251.72,66.83,3.06%,2185.77,2266.3,53016900,4821058.0,-
2012-09-28,2235.06,2293.11,41.39,1.84%,2234.32,2297.03,57875824,5443146.5,-
2012-10-08,2291.96,2270.05,-23.05,-1.01%,2258.11,2305.18,35534424,3391584.0,-
2012-10-09,2281.75,2320.16,50.1,2.21%,2281.75,2327.73,52548884,4833019.5,-
2012-10-10,2314.59,2324.12,3.96,0.17%,2304.61,2325.75,42686240,3787399.5,-
2012-10-11,2315.9,2302.53,-21.58,-0.93%,2300.93,2321.35,41300656,3617296.5,-
2012-10-12,2311.28,2304.53,2.0,0.09%,2287.01,2332.15,36874144,3320590.25,-
2012-10-15,2306.01,2294.86,-9.67,-0.42%,2278.46,2307.88,28651746,2856902.25,-
2012-10-16,2293.24,2298.16,3.3,0.14%,2287.59,2315.45,32059678,3270514.0,-
2012-10-17,2307.36,2300.8,2.64,0.11%,2280.82,2312.17,33349410,3127090.0,-
2012-10-18,2307.49,2336.08,35.27,1.53%,2305.88,2341.12,50615100,4505029.5,-
2012-10-19,2335.1,2332.47,-3.61,-0.15%,2328.73,2342.53,35927732,3317303.0,-
2012-10-22,2320.47,2341.59,9.12,0.39%,2315.9,2347.9,34368288,3281527.5,-
2012-10-23,2340.89,2312.08,-29.52,-1.26%,2309.25,2344.04,37221272,3371687.75,-
2012-10-24,2303.4,2307.78,-4.3,-0.19%,2302.17,2321.43,37542448,3039237.75,-
2012-10-25,2306.73,2291.24,-16.54,-0.72%,2288.6,2322.92,44351528,3318353.0,-
2012-10-26,2291.31,2247.91,-43.33,-1.89%,2237.06,2293.18,40900520,3453006.75,-
2012-10-29,2241.8,2235.85,-12.05,-0.54%,2227.65,2248.14,27581324,2532865.0,-
2012-10-30,2236.32,2239.88,4.03,0.18%,2231.78,2257.95,34083124,2951662.75,-
2012-10-31,2241.43,2254.82,14.94,0.67%,2233.68,2256.09,37169796,3063436.0,-
2012-11-01,2256.61,2297.88,43.06,1.91%,2256.41,2305.63,50761728,4560214.0,-
2012-11-02,2297.9,2306.77,8.89,0.39%,2284.72,2309.67,39833288,3489387.75,-
2012-11-05,2302.74,2301.88,-4.89,-0.21%,2290.14,2318.23,39510372,3366315.25,-
2012-11-06,2301.98,2292.21,-9.67,-0.42%,2260.51,2304.05,39280628,3447338.25,-
2012-11-07,2288.76,2287.5,-4.7,-0.21%,2277.02,2300.89,33067402,3027845.0,-
2012-11-08,2269.58,2245.41,-42.1,-1.84%,2245.4,2275.4,35426476,3041186.5,-
2012-11-09,2241.76,2240.92,-4.48,-0.20%,2235.23,2252.2,30506968,2437427.75,-
2012-11-12,2242.96,2251.85,10.92,0.49%,2232.74,2254.7,34721684,2904082.25,-
2012-11-13,2250.84,2212.44,-39.41,-1.75%,2208.72,2250.84,34083704,2881845.25,-
2012-11-14,2213.09,2223.11,10.67,0.48%,2206.0,2225.12,26758790,2359232.25,-
2012-11-15,2210.75,2193.62,-29.49,-1.33%,2193.52,2220.99,28319150,2377869.5,-
2012-11-16,2189.51,2177.24,-16.38,-0.75%,2162.98,2191.61,30247784,2611824.75,-
2012-11-19,2175.18,2174.99,-2.26,-0.10%,2149.54,2176.49,26978664,2673722.25,-
2012-11-20,2180.21,2164.88,-10.1,-0.46%,2163.53,2184.33,23948916,2299919.5,-
2012-11-21,2165.41,2194.9,30.02,1.39%,2151.38,2195.46,30508482,2712195.0,-
2012-11-22,2181.18,2177.55,-17.35,-0.79%,2169.66,2185.58,22912350,2153615.25,-
2012-11-23,2184.41,2192.68,15.13,0.69%,2179.73,2202.47,28667492,2630763.0,-
2012-11-26,2187.24,2175.6,-17.08,-0.78%,2172.1,2191.36,24742696,2223150.0,-
2012-11-27,2168.59,2150.64,-24.96,-1.15%,2150.22,2173.46,31946746,2614973.5,-
2012-11-28,2142.5,2129.16,-21.48,-1.00%,2126.03,2144.8,30009338,2442332.25,-
2012-11-29,2128.8,2115.68,-13.48,-0.63%,2114.48,2140.88,29670626,2401625.75,-
2012-11-30,2114.24,2139.66,23.98,1.13%,2109.96,2142.86,36406912,2855206.75,-
2012-12-03,2136.7,2108.85,-30.81,-1.44%,2108.15,2152.61,40186764,3417365.25,-
2012-12-04,2104.93,2131.47,22.62,1.07%,2102.14,2135.66,36225916,3173233.75,-
2012-12-05,2128.39,2207.88,76.4,3.58%,2126.79,2219.09,82487104,6910904.5,-
2012-12-06,2205.6,2203.6,-4.28,-0.19%,2191.23,2216.98,48574688,4275857.0,-
2012-12-07,2203.89,2246.76,43.16,1.96%,2198.11,2250.53,76169752,6499650.0,-
2012-12-10,2254.92,2271.05,24.29,1.08%,2250.44,2276.28,73375472,6139977.5,-
2012-12-11,2263.21,2258.5,-12.55,-0.55%,2254.3,2274.99,51468704,4508798.0,-
2012-12-12,2257.73,2267.77,9.27,0.41%,2247.95,2273.21,45006452,3918253.75,-
2012-12-13,2260.6,2242.64,-25.13,-1.11%,2242.56,2266.72,41942100,3666568.5,-
2012-12-14,2245.64,2355.86,113.23,5.05%,2245.64,2357.11,110892568,9393474.0,-
2012-12-17,2359.2,2366.7,10.84,0.46%,2358.66,2380.0,94088192,8500082.0,-
2012-12-18,2361.09,2368.12,1.42,0.06%,2347.08,2398.63,85784848,7880284.0,-
2012-12-19,2362.8,2371.11,2.99,0.13%,2358.03,2387.14,63292528,6114074.5,-
2012-12-20,2361.32,2384.82,13.71,0.58%,2346.55,2391.92,65655460,6302869.0,-
2012-12-21,2386.38,2372.0,-12.81,-0.54%,2365.03,2414.22,68714160,6688771.0,-
2012-12-24,2368.01,2381.22,9.22,0.39%,2367.04,2396.73,53087000,5412154.0,-
2012-12-25,2373.88,2448.4,67.18,2.82%,2365.41,2459.3,95502344,8987777.0,-
2012-12-26,2445.99,2457.62,9.22,0.38%,2441.64,2458.01,71591832,6840624.5,-
2012-12-27,2464.78,2444.59,-13.02,-0.53%,2443.68,2479.79,73255064,6932760.0,-
2012-12-28,2448.08,2480.05,35.46,1.45%,2444.38,2481.59,67166320,6605329.0,-
2012-12-31,2485.56,2522.95,42.9,1.73%,2485.56,2522.95,82002296,8114908.5,-
2013-01-04,2551.81,2524.41,1.46,0.06%,2498.89,2558.53,97988176,9557924.0,-
2013-01-07,2518.05,2535.99,11.58,0.46%,2511.6,2545.97,75167992,7316751.0,-
2013-01-08,2534.65,2525.33,-10.66,-0.42%,2502.49,2540.51,71837104,7649806.0,-
2013-01-09,2518.1,2526.13,0.8,0.03%,2504.3,2534.24,70231168,7423359.5,-
2013-01-10,2525.59,2530.57,4.44,0.18%,2513.73,2553.35,71085856,7115904.5,-
2013-01-11,2533.5,2483.23,-47.34,-1.87%,2473.7,2539.79,74239176,7277592.5,-
2013-01-14,2474.18,2577.73,94.5,3.81%,2474.0,2583.62,93554096,9685348.0,-
2013-01-15,2579.13,2595.86,18.13,0.70%,2576.92,2605.41,98620808,10135696.0,-
2013-01-16,2591.36,2577.09,-18.76,-0.72%,2540.52,2600.09,93536080,9556500.0,-
2013-01-17,2570.71,2552.76,-24.33,-0.94%,2539.67,2575.06,69915240,7171612.0,-
2013-01-18,2568.69,2595.44,42.68,1.67%,2553.45,2607.45,77940304,7743516.5,-
2013-01-21,2605.65,2610.9,15.46,0.60%,2582.65,2611.2,84133736,8535745.0,-
2013-01-22,2610.39,2596.9,-14.0,-0.54%,2578.18,2620.02,105766280,10226116.0,-
2013-01-23,2588.2,2607.46,10.56,0.41%,2576.36,2611.41,75739440,7275892.5,-
2013-01-24,2606.43,2582.75,-24.7,-0.95%,2564.21,2663.4,111277168,10953768.0,-
2013-01-25,2580.88,2571.67,-11.08,-0.43%,2567.11,2591.51,58487356,6068937.5,-
2013-01-28,2577.27,2651.86,80.19,3.12%,2577.27,2651.97,91274792,9817327.0,-
2013-01-29,2655.38,2675.87,24.0,0.91%,2646.15,2685.53,101040232,10882701.0,-
2013-01-30,2678.43,2688.71,12.84,0.48%,2662.06,2689.68,99874992,10085665.0,-
2013-01-31,2690.95,2686.88,-1.83,-0.07%,2671.33,2696.88,96740096,9447682.0,-
2013-02-01,2677.19,2743.32,56.44,2.10%,2671.27,2744.32,103879520,11056094.0,-
2013-02-04,2753.69,2748.03,4.7,0.17%,2731.08,2768.5,127939176,13611959.0,-
2013-02-05,2727.93,2771.68,23.65,0.86%,2725.36,2779.95,116130816,11270117.0,-
2013-02-06,2771.91,2775.84,4.17,0.15%,2765.74,2787.46,82779272,8898958.0,-
2013-02-07,2771.53,2759.87,-15.97,-0.58%,2722.87,2775.97,89978144,9597859.0,-
2013-02-08,2755.65,2771.73,11.86,0.43%,2747.95,2791.3,77429640,8290363.0,-
2013-02-18,2784.06,2737.47,-34.25,-1.24%,2731.51,2787.74,76438224,8100136.5,-
2013-02-19,2735.04,2685.61,-51.86,-1.89%,2674.34,2740.74,80626432,8246081.0,-
2013-02-20,2686.09,2702.64,17.03,0.63%,2665.23,2703.1,70019376,7363636.5,-
2013-02-21,2675.74,2610.55,-92.09,-3.41%,2584.76,2675.74,100657984,10361950.0,-
2013-02-22,2607.65,2596.6,-13.94,-0.53%,2591.15,2618.48,60204852,6589910.0,-
2013-02-25,2607.15,2604.96,8.36,0.32%,2590.79,2628.7,53161944,5561449.5,-
2013-02-26,2587.38,2567.59,-37.36,-1.43%,2564.67,2631.09,80003064,8337395.5,-
2013-02-27,2576.05,2594.68,27.08,1.05%,2569.38,2615.25,63226740,6461227.5,-
2013-02-28,2611.94,2673.33,78.65,3.03%,2594.0,2673.71,86922600,9223537.0,-
2013-03-01,2671.84,2668.84,-4.49,-0.17%,2627.0,2680.85,73343752,8034274.5,-
2013-03-04,2619.42,2545.72,-123.12,-4.61%,2528.69,2619.57,110619104,11258504.0,-
2013-03-05,2547.89,2622.81,77.09,3.03%,2541.77,2623.17,89661152,9235713.0,-
2013-03-06,2634.87,2650.2,27.4,1.04%,2620.43,2658.14,95829648,9504889.0,-
2013-03-07,2639.78,2619.48,-30.72,-1.16%,2592.87,2658.97,94082664,9649810.0,-
2013-03-08,2622.68,2606.93,-12.55,-0.48%,2601.96,2632.62,59429556,6305459.5,-
2013-03-11,2600.28,2592.37,-14.56,-0.56%,2574.17,2611.65,50946436,5246090.0,-
2013-03-12,2590.39,2555.61,-36.76,-1.42%,2530.25,2619.51,71935136,7167512.5,-
2013-03-13,2551.73,2527.49,-28.13,-1.10%,2515.06,2556.77,56430460,5600372.5,-
2013-03-14,2517.75,2534.27,6.79,0.27%,2514.46,2546.7,47605756,4992977.5,-
2013-03-15,2533.72,2539.87,5.6,0.22%,2504.46,2600.09,81372184,8274987.5,-
2013-03-18,2526.08,2502.49,-37.38,-1.47%,2499.83,2544.62,59812776,6309355.5,-
2013-03-19,2507.4,2525.1,22.6,0.90%,2491.85,2532.07,54536472,5560101.5,-
2013-03-20,2526.97,2610.17,85.08,3.37%,2526.83,2610.17,90700624,9127102.0,-
2013-03-21,2611.58,2614.99,4.81,0.18%,2598.51,2626.54,69552760,7164267.0,-
2013-03-22,2612.26,2618.31,3.32,0.13%,2603.34,2625.53,55647140,5588214.0,-
2013-03-25,2628.41,2613.1,-5.21,-0.20%,2607.61,2641.61,56261400,5800493.0,-
2013-03-26,2601.96,2575.05,-38.05,-1.46%,2554.97,2607.36,63962960,6530657.0,-
2013-03-27,2575.73,2583.53,8.48,0.33%,2566.34,2611.94,56906516,5865224.5,-
2013-03-28,2535.99,2499.3,-84.23,-3.26%,2495.08,2535.99,87578408,8472590.0,-
2013-03-29,2502.78,2495.08,-4.22,-0.17%,2482.49,2509.11,52402136,5205554.0,-
2013-04-01,2486.43,2493.19,-1.9,-0.08%,2483.73,2507.82,47346024,4715982.0,-
2013-04-02,2495.84,2486.39,-6.8,-0.27%,2475.0,2524.46,55684152,5563739.5,-
2013-04-03,2493.88,2483.55,-2.84,-0.11%,2474.93,2507.14,45564220,4515672.0,-
2013-04-08,2443.24,2472.3,-11.25,-0.45%,2429.5,2473.31,53296772,5524929.5,-
2013-04-09,2477.29,2489.43,17.13,0.69%,2477.29,2505.29,52389828,5494703.5,-
2013-04-10,2487.98,2485.31,-4.12,-0.17%,2466.19,2495.57,47504912,5196382.0,-
2013-04-11,2502.5,2477.88,-7.43,-0.30%,2476.4,2508.59,42989956,4303995.0,-
2013-04-12,2476.32,2462.11,-15.76,-0.64%,2460.18,2489.12,39917280,4042804.75,-
2013-04-15,2453.97,2436.82,-25.29,-1.03%,2430.15,2461.67,46539736,4408484.0,-
2013-04-16,2419.51,2459.59,22.77,0.93%,2416.62,2461.05,55280616,5378325.5,-
2013-04-17,2457.88,2458.47,-1.12,-0.05%,2437.34,2465.2,44692164,4680083.0,-
2013-04-18,2440.71,2464.85,6.38,0.26%,2434.73,2478.41,42860708,4627013.5,-
2013-04-19,2469.95,2533.83,68.98,2.80%,2469.32,2542.45,75520872,7672367.5,-
2013-04-22,2525.11,2530.67,-3.16,-0.12%,2518.26,2539.05,62511884,6302702.5,-
2013-04-23,2532.2,2449.47,-81.2,-3.21%,2448.2,2532.2,60653984,6157616.0,-
2013-04-24,2452.78,2495.58,46.11,1.88%,2446.59,2511.2,63050916,6218942.0,-
2013-04-25,2486.86,2467.88,-27.7,-1.11%,2456.57,2505.48,60557928,5989128.5,-
2013-04-26,2477.72,2447.31,-20.57,-0.83%,2439.8,2488.58,47123380,4635198.5,-
2013-05-02,2434.6,2449.64,2.33,0.10%,2423.08,2453.75,47016088,4720045.0,-
2013-05-03,2457.54,2492.91,43.27,1.77%,2457.54,2521.12,62330092,6326704.0,-
2013-05-06,2502.98,2525.98,33.07,1.33%,2500.46,2533.85,60418780,6176795.0,-
2013-05-07,2519.36,2529.94,3.96,0.16%,2507.76,2539.3,54490644,5924495.0,-
2013-05-08,2542.27,2542.8,12.86,0.51%,2531.25,2562.01,59554292,6030915.0,-
2013-05-09,2542.37,2527.79,-15.0,-0.59%,2507.79,2543.3,60240144,6443829.0,-
2013-05-10,2519.52,2540.84,13.04,0.52%,2515.16,2546.98,48816728,5089669.0,-
2013-05-13,2542.41,2530.77,-10.07,-0.40%,2516.73,2547.6,54092144,5515509.5,-
2013-05-14,2526.0,2493.34,-37.43,-1.48%,2479.87,2526.15,54880060,5614457.0,-
2013-05-15,2493.97,2506.93,13.59,0.54%,2491.93,2507.43,44189660,4757858.5,-
2013-05-16,2501.12,2552.71,45.78,1.83%,2487.76,2553.06,70796184,7683043.5,-
2013-05-17,2550.45,2592.05,39.34,1.54%,2547.78,2598.71,81850800,8359937.0,-
2013-05-20,2597.15,2609.61,17.56,0.68%,2590.05,2627.62,86337800,9405941.0,-
2013-05-21,2607.39,2614.85,5.25,0.20%,2594.25,2617.4,71505992,7583781.5,-
2013-05-22,2613.41,2618.03,3.18,0.12%,2603.75,2630.07,74191816,7822413.0,-
2013-05-23,2604.93,2582.85,-35.18,-1.34%,2579.35,2624.08,84825368,8135990.5,-
2013-05-24,2591.42,2597.23,14.38,0.56%,2572.88,2608.35,60739672,6283123.5,-
2013-05-29,2648.93,2642.56,-1.8,-0.07%,2640.88,2661.23,79277712,8195385.0,-
2013-05-30,2633.96,2634.32,-8.24,-0.31%,2623.58,2647.44,70146368,7104506.5,-
2013-05-31,2638.71,2606.43,-27.9,-1.06%,2604.75,2645.56,62528532,6590443.5,-
2013-06-03,2605.97,2602.62,-3.8,-0.15%,2596.05,2625.94,59774468,6300870.5,-
2013-06-04,2600.5,2565.67,-36.96,-1.42%,2556.06,2600.5,66315752,6313942.0,-
2013-06-05,2565.33,2560.54,-5.13,-0.20%,2545.19,2570.03,45637192,4736705.5,-
2013-06-06,2552.82,2527.84,-32.69,-1.28%,2525.31,2557.68,52496528,5444811.0,-
2013-06-07,2526.91,2484.16,-43.68,-1.73%,2475.69,2538.89,61030892,6136617.5,-
2013-06-13,2448.72,2399.94,-84.22,-3.39%,2375.2,2448.72,69730072,6408159.5,-
2013-06-14,2404.42,2416.77,16.83,0.70%,2396.49,2420.36,55964532,5368678.0,-
2013-06-17,2422.76,2403.84,-12.93,-0.54%,2394.39,2427.53,50395708,5198375.5,-
2013-06-18,2413.09,2418.75,14.91,0.62%,2393.32,2424.2,48630380,4879209.0,-
2013-06-19,2408.28,2400.76,-17.98,-0.74%,2366.35,2408.28,54346260,5297999.0,-
2013-06-20,2386.1,2321.47,-79.3,-3.30%,2320.23,2386.1,55201020,5217173.5,-
2013-06-21,2283.15,2317.39,-4.07,-0.18%,2269.56,2332.84,58705796,5348613.5,-
2013-06-24,2308.07,2171.21,-146.18,-6.31%,2164.32,2308.07,86597264,7373193.0,-
2013-06-25,2146.05,2165.42,-5.79,-0.27%,2023.17,2169.21,107554880,8709040.0,-
2013-06-26,2170.33,2168.3,2.88,0.13%,2131.86,2181.02,79256424,6729843.0,-
2013-06-27,2172.85,2160.74,-7.56,-0.35%,2153.18,2200.21,75406752,6292708.0,-
2013-06-28,2149.03,2200.64,39.9,1.85%,2139.37,2227.46,79451328,6410605.0,-
2013-07-01,2187.09,2213.32,12.68,0.58%,2166.35,2213.97,57726228,5187473.5,-
2013-07-02,2211.8,2221.98,8.67,0.39%,2191.8,2226.11,61838848,5963290.0,-
2013-07-03,2211.04,2203.83,-18.16,-0.82%,2169.14,2211.04,65836020,5953676.0,-
2013-07-04,2187.18,2221.98,18.15,0.82%,2176.08,2245.91,72581144,6718938.0,-
2013-07-05,2227.35,2226.85,4.87,0.22%,2225.05,2252.03,61821772,5842440.0,-
2013-07-08,2194.42,2163.62,-63.23,-2.84%,2162.19,2205.21,54782496,4928825.5,-
2013-07-09,2160.7,2162.67,-0.95,-0.04%,2149.79,2174.79,41494432,3724619.0,-
2013-07-10,2163.1,2224.06,61.4,2.84%,2157.47,2224.14,61149784,5437375.5,-
2013-07-11,2232.16,2326.69,102.62,4.61%,2232.16,2351.22,125793184,11132981.0,-
2013-07-12,2319.02,2275.37,-51.32,-2.21%,2274.07,2331.99,89733080,8206455.5,-
2013-07-15,2289.76,2307.3,31.92,1.40%,2274.67,2336.04,74757880,7179618.5,-
2013-07-16,2300.83,2317.85,10.55,0.46%,2281.94,2317.85,65624156,6208563.0,-
2013-07-17,2311.44,2282.84,-35.01,-1.51%,2281.61,2326.93,67655248,6322906.5,-
2013-07-18,2272.95,2245.33,-37.51,-1.64%,2241.93,2282.44,57144296,5193723.5,-
2013-07-19,2248.13,2190.48,-54.85,-2.44%,2188.75,2257.92,70535280,6617907.0,-
2013-07-22,2170.09,2202.19,11.71,0.53%,2159.81,2203.06,53283496,4887295.0,-
2013-07-23,2211.59,2265.84,63.66,2.89%,2206.76,2276.74,74809736,6925542.0,-
2013-07-24,2253.38,2249.15,-16.69,-0.74%,2217.19,2265.58,69592304,6927982.5,-
2013-07-25,2255.22,2237.68,-11.47,-0.51%,2227.85,2268.84,65774316,6055836.5,-
2013-07-26,2226.43,2224.01,-13.68,-0.61%,2209.81,2238.42,48941096,4563607.0,-
2013-07-29,2205.08,2175.97,-48.04,-2.16%,2169.02,2205.08,54600924,4962461.5,-
2013-07-30,2184.01,2189.39,13.42,0.62%,2162.98,2221.59,55193620,5090722.5,-
2013-07-31,2211.75,2193.02,3.63,0.17%,2187.21,2235.38,48327056,4672349.5,-
2013-08-01,2206.0,2245.36,52.34,2.39%,2200.63,2245.56,62603996,5894476.5,-
2013-08-02,2263.5,2247.26,1.9,0.08%,2244.25,2274.71,60890896,5846000.0,-
2013-08-05,2249.98,2278.33,31.07,1.38%,2243.22,2278.33,55342152,5362306.5,-
2013-08-06,2270.67,2293.64,15.31,0.67%,2256.72,2302.48,73746896,6899357.5,-
2013-08-07,2292.38,2280.62,-13.02,-0.57%,2276.86,2313.88,73048696,6956048.5,-
2013-08-08,2277.25,2276.78,-3.84,-0.17%,2267.07,2297.63,53098428,5271027.5,-
2013-08-09,2288.51,2286.01,9.23,0.41%,2258.33,2301.59,64600016,6266398.0,-
2013-08-12,2296.22,2352.79,66.78,2.92%,2293.18,2352.89,97863216,9403891.0,-
2013-08-13,2352.88,2359.07,6.27,0.27%,2340.73,2360.83,78393632,7117852.0,-
2013-08-14,2362.62,2349.08,-9.99,-0.42%,2340.83,2386.6,75942128,7133822.0,-
2013-08-15,2348.84,2321.58,-27.5,-1.17%,2319.78,2362.09,61951852,5941120.0,-
2013-08-16,2314.26,2304.14,-17.43,-0.75%,2295.02,2423.08,120369560,10402678.0,-
2013-08-19,2286.2,2331.43,27.29,1.18%,2284.08,2340.19,72483224,6706492.5,-
2013-08-20,2325.86,2312.47,-18.96,-0.81%,2303.67,2353.41,73086344,6758970.5,-
2013-08-21,2320.58,2308.59,-3.88,-0.17%,2291.05,2321.64,55007384,5088649.5,-
2013-08-22,2302.67,2303.93,-4.66,-0.20%,2297.02,2329.14,55338100,5168631.0,-
2013-08-23,2314.87,2286.93,-17.0,-0.74%,2251.92,2321.04,68967136,6545984.5,-
2013-08-26,2294.76,2335.62,48.69,2.13%,2288.5,2336.38,70371040,6654101.0,-
2013-08-27,2332.8,2340.88,5.26,0.23%,2322.46,2345.1,65990332,6257538.0,-
2013-08-28,2326.1,2328.06,-12.82,-0.55%,2307.04,2345.36,89256168,8096556.0,-
2013-08-29,2338.56,2318.31,-9.74,-0.42%,2308.15,2342.32,66085416,5971988.0,-
2013-08-30,2315.91,2313.91,-4.4,-0.19%,2303.61,2334.41,87654512,7669599.5,-
2013-09-02,2319.96,2320.34,6.43,0.28%,2297.45,2329.87,79510248,7357586.5,-
2013-09-03,2326.23,2354.5,34.16,1.47%,2321.3,2354.86,80554008,7266398.0,-
2013-09-04,2352.54,2350.7,-3.8,-0.16%,2345.44,2360.66,78725768,6850901.0,-
2013-09-05,2350.93,2341.74,-8.96,-0.38%,2336.75,2351.22,62951384,5960606.5,-
2013-09-06,2336.77,2357.78,16.05,0.69%,2335.93,2361.18,73340112,6391689.0,-
2013-09-09,2374.26,2440.61,82.83,3.51%,2372.69,2449.25,149889632,12729954.0,-
2013-09-10,2446.45,2474.89,34.28,1.40%,2435.83,2475.2,154855984,13064813.0,-
2013-09-11,2483.79,2482.89,8.0,0.32%,2471.62,2504.47,166914976,14283029.0,-
2013-09-12,2480.47,2507.46,24.57,0.99%,2469.72,2527.38,145173184,12611553.0,-
2013-09-13,2502.54,2488.9,-18.55,-0.74%,2481.45,2515.78,110775048,9827501.0,-
2013-09-16,2501.08,2478.39,-10.51,-0.42%,2467.13,2503.69,105383280,9704384.0,-
2013-09-17,2480.81,2427.32,-51.07,-2.06%,2426.46,2481.71,99459984,9311511.0,-
2013-09-18,2426.04,2432.51,5.19,0.21%,2407.24,2439.63,71040760,6934132.5,-
2013-09-23,2441.52,2472.29,39.78,1.64%,2439.99,2473.16,80128352,8092069.0,-
2013-09-24,2470.72,2443.89,-28.4,-1.15%,2420.08,2470.75,97853008,9676984.0,-
2013-09-25,2440.83,2429.03,-14.86,-0.61%,2423.28,2455.04,90518416,8911922.0,-
2013-09-26,2422.63,2384.44,-44.59,-1.84%,2382.53,2422.63,86236776,8418392.0,-
2013-09-27,2382.22,2394.97,10.53,0.44%,2379.86,2402.2,65971508,6638399.0,-
2013-09-30,2406.21,2409.04,14.07,0.59%,2397.22,2415.07,59513996,6099014.0,-
2013-10-08,2406.42,2441.81,32.77,1.36%,2392.57,2446.7,84785504,8422991.0,-
2013-10-09,2432.94,2453.58,11.77,0.48%,2424.77,2453.75,76277648,7612834.0,-
2013-10-10,2455.64,2429.32,-24.27,-0.99%,2422.02,2455.98,90329704,8946802.0,-
2013-10-11,2442.36,2468.51,39.19,1.61%,2439.63,2471.17,93388256,9181155.0,-
2013-10-14,2472.27,2472.54,4.03,0.16%,2462.55,2483.13,100081304,9910916.0,-
2013-10-15,2475.32,2467.52,-5.02,-0.20%,2449.42,2479.13,89173496,8610082.0,-
2013-10-16,2459.08,2421.37,-46.15,-1.87%,2409.72,2459.08,88979832,8315085.0,-
2013-10-17,2432.65,2413.33,-8.04,-0.33%,2407.78,2440.92,71222472,6772289.0,-
2013-10-18,2415.12,2426.05,12.72,0.53%,2410.6,2435.71,60291632,5913875.5,-
2013-10-21,2431.92,2471.32,45.27,1.87%,2423.56,2472.78,84909792,8222314.5,-
2013-10-22,2470.25,2445.89,-25.43,-1.03%,2439.86,2470.25,90703032,8341205.0,-
2013-10-23,2451.56,2418.49,-27.4,-1.12%,2412.48,2474.37,91545352,8328678.0,-
2013-10-24,2412.24,2400.51,-17.98,-0.74%,2395.47,2422.94,64560820,6042723.5,-
2013-10-25,2400.52,2368.56,-31.95,-1.33%,2353.99,2413.33,77070184,7077809.5,-
2013-10-28,2372.57,2365.95,-2.6,-0.11%,2351.86,2377.25,62876148,5660210.0,-
2013-10-29,2369.22,2372.05,6.1,0.26%,2327.9,2408.62,106737840,9174156.0,-
2013-10-30,2371.85,2407.47,35.42,1.49%,2365.51,2407.85,92178128,7573506.5,-
2013-10-31,2398.4,2373.72,-33.75,-1.40%,2370.23,2398.4,82736960,7039388.0,-
2013-11-01,2373.96,2384.96,11.24,0.47%,2365.15,2395.0,63055764,5782002.5,-
2013-11-04,2397.21,2380.45,-4.51,-0.19%,2376.35,2404.9,51798460,4895946.5,-
2013-11-05,2366.88,2383.77,3.32,0.14%,2343.8,2385.69,62084492,5693555.0,-
2013-11-06,2371.32,2353.57,-30.2,-1.27%,2352.79,2383.54,63776660,5953687.0,-
2013-11-07,2351.87,2340.55,-13.02,-0.55%,2328.25,2356.67,54821744,5094257.0,-
2013-11-08,2329.08,2307.95,-32.61,-1.39%,2306.04,2342.67,53788508,4856500.0,-
2013-11-11,2305.94,2315.89,7.94,0.34%,2295.0,2325.23,45739460,4256655.0,-
2013-11-12,2319.36,2340.0,24.11,1.04%,2316.6,2342.53,52687544,4985476.5,-
2013-11-13,2325.36,2288.12,-51.88,-2.22%,2287.55,2325.56,59848832,5318305.0,-
2013-11-14,2291.27,2304.5,16.38,0.72%,2279.01,2305.7,57310356,5194508.0,-
2013-11-15,2306.55,2350.73,46.23,2.01%,2306.55,2377.21,86391768,8314786.0,-
2013-11-18,2367.88,2428.9,78.17,3.33%,2361.04,2429.57,110034640,10854951.0,-
2013-11-19,2427.93,2412.16,-16.74,-0.69%,2405.08,2427.93,78648296,7988493.5,-
2013-11-20,2428.77,2424.85,12.69,0.53%,2406.42,2435.43,72291800,6774143.0,-
2013-11-21,2412.45,2409.99,-14.86,-0.61%,2382.88,2415.38,87706672,8222052.5,-
2013-11-22,2415.29,2397.96,-12.03,-0.50%,2393.58,2419.0,75000672,7005221.0,-
2013-11-25,2385.78,2388.63,-9.33,-0.39%,2380.69,2418.85,66144732,6381126.5,-
2013-11-26,2387.83,2387.42,-1.21,-0.05%,2380.41,2399.02,59185864,5333420.5,-
2013-11-27,2386.36,2414.48,27.06,1.13%,2383.78,2422.81,75294088,7074477.5,-
2013-11-28,2419.15,2439.53,25.05,1.04%,2417.24,2460.56,90660400,8685244.0,-
2013-11-29,2442.68,2438.94,-0.59,-0.02%,2432.39,2446.4,61803744,6190737.5,-
2013-12-02,2423.97,2418.79,-20.16,-0.83%,2397.01,2464.86,119655128,11292184.0,-
2013-12-03,2410.69,2442.78,24.0,0.99%,2406.66,2448.33,74455752,7204523.0,-
2013-12-04,2439.82,2475.14,32.35,1.32%,2434.69,2486.64,102650232,9478393.0,-
2013-12-05,2476.45,2468.2,-6.94,-0.28%,2460.58,2481.75,77708936,7299993.0,-
2013-12-06,2463.04,2452.29,-15.91,-0.64%,2445.62,2470.81,66114088,6484320.5,-
2013-12-09,2460.03,2450.87,-1.42,-0.06%,2445.94,2468.95,57164880,5763453.5,-
2013-12-10,2456.23,2453.32,2.45,0.10%,2444.53,2466.66,66941424,6123673.0,-
2013-12-11,2440.5,2412.76,-40.56,-1.65%,2400.74,2440.5,68075144,6280885.0,-
2013-12-12,2406.77,2410.01,-2.75,-0.11%,2402.77,2423.31,50147716,4748144.5,-
2013-12-13,2388.66,2406.64,-3.38,-0.14%,2386.25,2416.26,51501196,4758352.5,-
2013-12-16,2408.68,2367.92,-38.72,-1.61%,2367.43,2412.73,64581672,6210789.5,-
2013-12-17,2369.25,2356.38,-11.55,-0.49%,2351.18,2373.29,48483892,4630607.5,-
2013-12-18,2356.7,2357.23,0.85,0.04%,2350.45,2368.58,40015208,3967527.0,-
2013-12-19,2366.21,2332.41,-24.82,-1.05%,2331.19,2370.99,48095684,4514887.0,-
2013-12-20,2335.05,2278.14,-54.27,-2.33%,2278.1,2338.88,65204208,6086213.0,-
2013-12-23,2283.8,2284.6,6.47,0.28%,2259.57,2295.76,45580284,4441534.5,-
2013-12-24,2291.12,2288.25,3.65,0.16%,2270.25,2312.83,45599172,4517319.0,-
2013-12-25,2291.75,2305.11,16.86,0.74%,2281.6,2305.61,44005324,4120298.25,-
2013-12-26,2299.97,2265.33,-39.78,-1.73%,2263.92,2301.49,51497564,4860301.5,-
2013-12-27,2268.53,2303.48,38.14,1.68%,2264.39,2315.18,53389160,5119795.0,-
2013-12-30,2313.38,2299.46,-4.02,-0.17%,2295.64,2316.62,48414312,4615644.5,-
2013-12-31,2289.01,2330.03,30.57,1.33%,2287.12,2333.07,56631072,5702648.5,-
2014-01-02,2323.43,2321.98,-8.05,-0.35%,2310.65,2325.99,45194292,4901221.0,-
2014-01-03,2311.97,2290.78,-31.2,-1.34%,2280.89,2314.84,59782644,5773971.0,-
2014-01-06,2286.37,2238.64,-52.14,-2.28%,2229.33,2286.37,66300400,5997936.0,-
2014-01-07,2222.31,2238.0,-0.64,-0.03%,2218.65,2246.79,43753104,4256565.0,-
2014-01-08,2240.64,2241.91,3.91,0.17%,2228.42,2262.58,51348852,5069149.0,-
2014-01-09,2236.97,2222.22,-19.69,-0.88%,2220.8,2258.89,55987040,5439949.0,-
2014-01-10,2216.52,2204.85,-17.37,-0.78%,2200.22,2224.49,54169292,4757231.0,-
2014-01-13,2207.0,2193.68,-11.17,-0.51%,2183.6,2222.07,50122772,4612300.5,-
2014-01-14,2192.84,2212.85,19.17,0.87%,2179.91,2214.12,54049944,4678510.0,-
2014-01-15,2210.02,2208.94,-3.9,-0.18%,2193.8,2215.9,48962396,4575591.5,-
2014-01-16,2209.45,2211.84,2.9,0.13%,2201.56,2227.26,52298900,4984278.0,-
2014-01-17,2203.82,2178.49,-33.36,-1.51%,2175.88,2205.97,50273156,4626816.0,-
2014-01-20,2173.65,2165.99,-12.5,-0.57%,2156.46,2182.46,40560152,3915722.75,-
2014-01-21,2168.42,2187.41,21.42,0.99%,2168.42,2197.92,40306248,3859099.25,-
2014-01-22,2190.43,2243.8,56.39,2.58%,2187.53,2244.13,70641376,6480335.5,-
2014-01-23,2242.25,2231.89,-11.91,-0.53%,2228.06,2248.92,56345952,5572641.5,-
2014-01-24,2225.76,2245.68,13.79,0.62%,2222.89,2257.35,61167672,5956344.5,-
2014-01-27,2233.01,2215.92,-29.76,-1.33%,2211.8,2233.23,70344248,6350399.0,-
2014-01-28,2220.78,2219.85,3.94,0.18%,2205.97,2233.26,53269132,4940875.5,-
2014-01-29,2225.71,2227.78,7.93,0.36%,2219.93,2233.06,50222716,4878868.5,-
2014-01-30,2223.16,2202.45,-25.33,-1.14%,2200.22,2223.16,43632304,4347596.0,-
2014-02-07,2187.34,2212.48,10.03,0.46%,2177.12,2212.5,50459316,4959711.0,-
2014-02-10,2221.54,2267.53,55.05,2.49%,2221.54,2270.19,83065720,8110324.0,-
2014-02-11,2267.74,2285.56,18.03,0.80%,2262.6,2296.52,99229832,9268897.0,-
2014-02-12,2286.19,2291.25,5.68,0.25%,2276.44,2294.32,76592160,7348737.5,-
2014-02-13,2288.45,2279.55,-11.69,-0.51%,2278.26,2307.47,96217784,8735212.0,-
2014-02-14,2278.4,2295.57,16.02,0.70%,2274.43,2295.85,67082996,6461332.5,-
2014-02-17,2308.79,2311.65,16.07,0.70%,2293.55,2315.58,87831664,8687135.0,-
2014-02-18,2310.31,2282.44,-29.2,-1.26%,2276.11,2310.31,87049736,8810727.0,-
2014-02-19,2280.93,2308.66,26.21,1.15%,2274.15,2317.42,99352568,8834190.0,-
2014-02-20,2314.09,2287.44,-21.22,-0.92%,2286.2,2331.7,106439536,9177159.0,-
2014-02-21,2284.03,2264.29,-23.14,-1.01%,2250.65,2287.87,76368992,6990818.5,-
2014-02-24,2246.72,2214.51,-49.78,-2.20%,2194.16,2246.72,89215936,7959915.0,-
2014-02-25,2216.51,2157.91,-56.6,-2.56%,2150.09,2225.21,93237552,8830657.0,-
2014-02-26,2147.74,2163.41,5.5,0.25%,2137.08,2164.7,77993296,6864058.0,-
2014-02-27,2170.81,2154.11,-9.3,-0.43%,2150.14,2180.06,90104296,8158800.5,-
2014-02-28,2149.45,2178.97,24.86,1.15%,2133.55,2180.47,76668056,7021680.0,-
2014-03-03,2173.91,2190.37,11.4,0.52%,2167.91,2194.22,82072312,6940874.5,-
2014-03-04,2183.86,2184.27,-6.1,-0.28%,2161.59,2188.6,73069248,6469144.0,-
2014-03-05,2187.35,2163.98,-20.3,-0.93%,2159.59,2189.09,61332016,5566968.0,-
2014-03-06,2159.4,2173.63,9.66,0.45%,2136.45,2181.43,69093768,6149502.5,-
2014-03-07,2170.04,2168.36,-5.28,-0.24%,2161.44,2189.39,64265176,5869317.5,-
2014-03-10,2149.68,2097.79,-70.57,-3.25%,2095.07,2149.68,71416408,6308641.0,-
2014-03-11,2092.61,2108.66,10.87,0.52%,2088.73,2118.79,57621244,5307578.5,-
2014-03-12,2102.8,2114.13,5.47,0.26%,2090.76,2130.59,70069744,6011524.0,-
2014-03-13,2119.55,2140.33,26.2,1.24%,2115.99,2149.44,69226032,5916309.5,-
2014-03-14,2129.87,2122.84,-17.5,-0.82%,2109.57,2140.38,58617740,4980524.5,-
2014-03-17,2132.79,2143.04,20.2,0.95%,2118.95,2143.2,52409448,4757129.0,-
2014-03-18,2146.12,2138.13,-4.9,-0.23%,2134.92,2152.46,55354132,5418844.0,-
2014-03-19,2131.28,2120.87,-17.26,-0.81%,2101.28,2131.28,59303904,5528394.5,-
2014-03-20,2116.19,2086.97,-33.9,-1.60%,2086.5,2134.79,67631280,5895160.0,-
2014-03-21,2079.87,2158.8,71.83,3.44%,2077.76,2163.23,104024808,8356051.5,-
2014-03-24,2161.9,2176.55,17.76,0.82%,2150.87,2186.73,104491984,8120391.5,-
2014-03-25,2170.78,2174.44,-2.11,-0.10%,2164.67,2191.49,86877512,6754847.5,-
2014-03-26,2181.23,2171.05,-3.39,-0.16%,2165.22,2186.08,58276176,5011602.0,-
2014-03-27,2168.34,2155.71,-15.34,-0.71%,2146.92,2186.89,71275128,6217586.0,-
2014-03-28,2154.51,2151.97,-3.74,-0.17%,2144.58,2172.67,70086072,6012334.0,-
2014-03-31,2156.05,2146.3,-5.66,-0.26%,2134.42,2165.25,55457488,4810502.0,-
2014-04-01,2143.72,2163.11,16.81,0.78%,2141.15,2170.09,48866400,4365906.5,-
2014-04-02,2166.07,2180.73,17.61,0.81%,2164.01,2182.68,65039256,5677715.0,-
2014-04-03,2188.64,2165.01,-15.72,-0.72%,2160.75,2196.14,71536032,5770886.0,-
2014-04-04,2157.98,2185.47,20.46,0.95%,2155.28,2186.15,47945888,4391262.5,-
2014-04-08,2179.92,2237.32,51.84,2.37%,2178.91,2243.97,97219112,8569289.0,-
2014-04-09,2239.79,2238.62,1.3,0.06%,2228.99,2246.79,66357268,6117863.0,-
2014-04-10,2241.45,2273.76,35.14,1.57%,2229.51,2290.74,114545408,10161681.0,-
2014-04-11,2269.56,2270.67,-3.1,-0.14%,2261.13,2281.1,90615904,8615485.0,-
2014-04-14,2267.94,2268.61,-2.05,-0.09%,2255.46,2275.83,62264996,6025415.0,-
2014-04-15,2261.41,2229.46,-39.15,-1.73%,2225.69,2261.47,68218136,6259911.5,-
2014-04-16,2223.47,2232.53,3.06,0.14%,2221.15,2245.31,51678008,4777022.0,-
2014-04-17,2238.78,2224.8,-7.72,-0.35%,2221.95,2241.62,48333628,4509643.5,-
2014-04-18,2215.88,2224.48,-0.32,-0.01%,2203.05,2228.77,50757996,4570961.5,-
2014-04-21,2209.94,2187.25,-37.23,-1.67%,2186.75,2231.71,56278284,5185611.5,-
2014-04-22,2184.02,2196.79,9.55,0.44%,2165.07,2196.85,57094692,5235199.0,-
2014-04-23,2191.23,2194.67,-2.13,-0.10%,2187.39,2205.59,47763532,4519115.0,-
2014-04-24,2192.77,2190.47,-4.19,-0.19%,2186.76,2209.45,45058912,4192701.25,-
2014-04-25,2195.81,2167.83,-22.65,-1.03%,2167.64,2201.71,60245380,5209202.5,-
2014-04-28,2165.77,2134.97,-32.86,-1.52%,2132.7,2171.39,60485188,4999881.0,-
2014-04-29,2134.41,2158.47,23.5,1.10%,2131.78,2159.38,48204932,4155035.25,-
2014-04-30,2158.76,2158.66,0.19,0.01%,2153.12,2164.18,45334624,3949302.25,-
2014-05-05,2152.59,2156.47,-2.19,-0.10%,2131.23,2161.7,49344072,4147045.25,-
2014-05-06,2151.39,2157.33,0.86,0.04%,2150.11,2173.62,48086516,4148645.0,-
2014-05-07,2151.47,2137.32,-20.01,-0.93%,2136.99,2153.72,44607468,3775102.25,-
2014-05-08,2132.04,2135.5,-1.82,-0.09%,2128.32,2168.21,48332452,4072977.25,-
2014-05-09,2138.84,2133.91,-1.58,-0.07%,2120.59,2141.56,49181132,4024274.5,-
2014-05-12,2150.31,2180.05,46.14,2.16%,2139.48,2184.33,83472560,6627551.0,-
2014-05-13,2180.06,2174.85,-5.2,-0.24%,2167.77,2185.05,64912516,5024128.0,-
2014-05-14,2175.09,2172.37,-2.48,-0.11%,2169.0,2184.22,48514208,3921412.5,-
2014-05-15,2169.28,2144.08,-28.29,-1.30%,2142.34,2171.45,46734032,3893853.0,-
2014-05-16,2143.93,2145.95,1.87,0.09%,2132.19,2150.5,42253196,3498758.5,-
2014-05-19,2139.36,2115.14,-30.81,-1.44%,2105.71,2139.36,42893608,3713595.0,-
2014-05-20,2124.71,2115.77,0.63,0.03%,2110.72,2131.57,37299684,3157633.75,-
2014-05-21,2106.76,2135.91,20.13,0.95%,2096.51,2136.1,38946044,3224680.75,-
2014-05-22,2134.09,2130.87,-5.04,-0.24%,2128.86,2160.91,46252740,3922755.25,-
2014-05-23,2130.77,2148.41,17.55,0.82%,2128.66,2148.58,37623104,3242002.0,-
2014-05-26,2161.89,2155.98,7.56,0.35%,2147.45,2165.42,39550656,3778848.25,-
2014-05-27,2154.4,2147.28,-8.7,-0.40%,2145.75,2160.03,35897168,3237425.5,-
2014-05-28,2147.47,2169.35,22.07,1.03%,2142.01,2171.17,50056260,4562762.0,-
2014-05-29,2171.26,2155.16,-14.19,-0.65%,2154.93,2178.09,44891556,4107691.25,-
2014-05-30,2156.38,2156.46,1.3,0.06%,2146.22,2166.91,43923860,3976919.75,-
2014-06-03,2157.64,2149.92,-6.55,-0.30%,2149.29,2169.0,41982952,3790622.75,-
2014-06-04,2149.41,2128.27,-21.64,-1.01%,2117.31,2149.45,41817248,3560702.25,-
2014-06-05,2126.61,2150.6,22.33,1.05%,2123.52,2150.93,36477424,3305077.5,-
2014-06-06,2149.21,2134.72,-15.89,-0.74%,2123.98,2149.78,35738060,3241559.75,-
2014-06-09,2128.23,2134.28,-0.44,-0.02%,2126.67,2153.9,39311060,3532673.0,-
2014-06-10,2138.67,2161.27,26.99,1.26%,2132.45,2161.53,50507904,4441614.0,-
2014-06-11,2156.15,2160.77,-0.5,-0.02%,2152.08,2163.61,42563716,3731108.25,-
2014-06-12,2156.76,2153.41,-7.36,-0.34%,2148.41,2160.99,43025844,3725204.25,-
2014-06-13,2150.99,2176.24,22.83,1.06%,2150.57,2183.65,59252876,5176551.0,-
2014-06-16,2176.44,2191.85,15.61,0.72%,2174.28,2196.34,63296876,5690430.0,-
2014-06-17,2185.68,2169.67,-22.18,-1.01%,2168.45,2185.68,49933664,4624498.0,-
2014-06-18,2169.25,2160.24,-9.44,-0.43%,2158.5,2172.55,49463896,4253809.5,-
2014-06-19,2161.43,2126.91,-33.33,-1.54%,2119.5,2166.41,53162644,4602974.5,-
2014-06-20,2124.96,2136.73,9.82,0.46%,2120.81,2137.03,42393716,3542571.5,-
2014-06-23,2137.93,2134.11,-2.62,-0.12%,2132.45,2147.23,41179260,3711243.0,-
2014-06-24,2131.69,2144.82,10.71,0.50%,2130.29,2145.21,40164356,3877850.75,-
2014-06-25,2141.73,2133.37,-11.45,-0.53%,2126.03,2141.73,37666100,3380931.5,-
2014-06-26,2135.16,2149.08,15.7,0.74%,2134.89,2151.11,44351164,4060183.75,-
2014-06-27,2146.37,2150.26,1.18,0.06%,2138.93,2159.53,52722896,4552567.0,-
2014-06-30,2152.31,2165.12,14.86,0.69%,2152.31,2168.22,54304188,5027757.5,-
2014-07-01,2169.2,2164.56,-0.56,-0.03%,2157.13,2171.15,53323100,4993628.5,-
2014-07-02,2164.0,2170.87,6.31,0.29%,2155.61,2171.51,59685500,5327365.5,-
2014-07-03,2169.0,2180.19,9.32,0.43%,2164.84,2184.96,63690692,5602494.0,-
2014-07-04,2180.45,2178.7,-1.5,-0.07%,2174.07,2183.8,52851108,4799003.5,-
2014-07-07,2178.55,2176.29,-2.41,-0.11%,2171.08,2186.2,50242336,4766388.0,-
2014-07-08,2174.83,2180.47,4.18,0.19%,2163.36,2180.78,50743600,4601726.5,-
2014-07-09,2178.14,2148.71,-31.76,-1.46%,2148.26,2178.51,62022048,5898025.0,-
2014-07-10,2146.6,2142.85,-5.86,-0.27%,2139.52,2151.77,55732496,5093166.5,-
2014-07-11,2136.32,2148.01,5.16,0.24%,2134.79,2154.74,61374276,5155182.5,-
2014-07-14,2149.54,2171.76,23.75,1.11%,2145.28,2171.9,66158864,6046709.0,-
2014-07-15,2170.09,2174.98,3.22,0.15%,2165.21,2176.27,71815696,6430487.5,-
2014-07-16,2172.82,2170.87,-4.11,-0.19%,2166.77,2183.25,81560224,6112605.5,-
2014-07-17,2166.83,2157.07,-13.8,-0.64%,2147.08,2166.93,59453568,4635464.5,-
2014-07-18,2147.66,2164.14,7.08,0.33%,2145.45,2176.32,65473296,5375892.0,-
2014-07-21,2164.22,2166.29,2.15,0.10%,2158.96,2171.94,54172264,4773163.0,-
2014-07-22,2162.44,2192.7,26.4,1.22%,2162.24,2197.59,78542584,6680611.5,-
2014-07-23,2191.39,2197.83,5.14,0.23%,2190.55,2210.28,84213872,6917800.0,-
2014-07-24,2199.83,2237.01,39.18,1.78%,2199.83,2239.81,119435528,9996437.0,-
2014-07-25,2243.07,2260.45,23.44,1.05%,2239.07,2260.89,98972832,8199456.5,-
2014-07-28,2272.38,2323.9,63.44,2.81%,2272.38,2331.47,179869328,14527742.0,-
2014-07-29,2326.04,2331.37,7.47,0.32%,2316.22,2342.77,134269648,11217655.0,-
2014-07-30,2324.69,2322.01,-9.36,-0.40%,2316.06,2339.04,123022824,10336231.0,-
2014-07-31,2321.97,2350.25,28.24,1.22%,2316.58,2350.55,110987768,9313557.0,-
2014-08-01,2341.23,2329.4,-20.85,-0.89%,2328.97,2371.5,126317392,10612519.0,-
2014-08-04,2336.63,2375.62,46.22,1.98%,2332.14,2375.62,116713760,10130189.0,-
2014-08-05,2376.8,2369.35,-6.27,-0.26%,2353.79,2380.77,111861792,9790697.0,-
2014-08-06,2358.21,2363.22,-6.13,-0.26%,2334.33,2371.67,116341832,9668130.0,-
2014-08-07,2363.61,2327.46,-35.76,-1.51%,2326.27,2369.2,116729208,9425446.0,-
2014-08-08,2329.18,2331.13,3.68,0.16%,2319.29,2339.27,86739688,7260566.5,-
2014-08-11,2338.01,2365.35,34.22,1.47%,2337.01,2367.0,91601176,8297390.0,-
2014-08-12,2361.17,2357.05,-8.3,-0.35%,2344.72,2361.17,91822616,8297377.0,-
2014-08-13,2358.46,2358.9,1.85,0.08%,2335.69,2370.51,110447792,9418527.0,-
2014-08-14,2357.2,2335.95,-22.96,-0.97%,2334.08,2363.18,97969488,8425144.0,-
2014-08-15,2337.99,2360.64,24.69,1.06%,2333.12,2366.9,93592544,8188821.5,-
2014-08-18,2366.27,2374.56,13.93,0.59%,2361.2,2379.8,104509552,9014891.0,-
2014-08-19,2378.89,2374.77,0.21,0.01%,2358.97,2379.47,115850024,10274276.0,-
2014-08-20,2371.65,2366.14,-8.63,-0.36%,2360.84,2375.48,101288088,9137480.0,-
2014-08-21,2365.73,2354.24,-11.9,-0.50%,2333.3,2367.46,100690208,9219206.0,-
2014-08-22,2352.32,2365.36,11.12,0.47%,2350.99,2368.46,89823936,8564246.0,-
2014-08-25,2367.02,2342.86,-22.5,-0.95%,2338.46,2367.61,97373720,8518250.0,-
2014-08-26,2339.6,2324.09,-18.77,-0.80%,2317.18,2350.39,93844224,8313503.0,-
2014-08-27,2323.79,2327.59,3.5,0.15%,2322.89,2336.74,67676224,6244867.5,-
2014-08-28,2328.06,2311.28,-16.32,-0.70%,2309.64,2336.36,70490656,6619597.0,-
2014-08-29,2317.3,2338.29,27.01,1.17%,2313.26,2338.77,63211424,5835997.0,-
2014-09-01,2340.93,2355.32,17.03,0.73%,2338.53,2355.55,77320864,7336224.5,-
2014-09-02,2359.86,2386.46,31.14,1.32%,2349.95,2387.66,114436728,10692579.0,-
2014-09-03,2389.69,2408.84,22.38,0.94%,2389.68,2414.26,129734208,12362919.0,-
2014-09-04,2411.93,2426.22,17.39,0.72%,2404.08,2427.3,111272296,10829470.0,-
2014-09-05,2433.17,2449.26,23.04,0.95%,2427.99,2450.63,133551760,12334932.0,-
2014-09-09,2452.23,2445.22,-4.04,-0.16%,2437.08,2454.89,118194336,10779521.0,-
2014-09-10,2435.59,2432.43,-12.79,-0.52%,2422.65,2437.08,109175520,9747268.0,-
2014-09-11,2430.68,2423.45,-8.98,-0.37%,2417.27,2461.47,132982576,12720339.0,-
2014-09-12,2418.75,2438.36,14.9,0.61%,2412.62,2438.36,109160168,9662576.0,-
2014-09-15,2433.0,2437.19,-1.17,-0.05%,2418.96,2439.25,122247160,11250769.0,-
2014-09-16,2440.34,2388.76,-48.42,-1.99%,2386.98,2442.92,186742784,14725017.0,-
2014-09-17,2395.36,2401.33,12.56,0.53%,2379.09,2405.37,125269032,9803947.0,-
2014-09-18,2396.38,2408.66,7.34,0.31%,2389.62,2414.95,115926376,9210533.0,-
2014-09-19,2409.31,2425.21,16.55,0.69%,2402.31,2430.15,101813576,8822104.0,-
2014-09-22,2419.33,2378.92,-46.29,-1.91%,2374.11,2419.33,102240872,8895806.0,-
2014-09-23,2379.52,2399.46,20.54,0.86%,2379.52,2402.48,84033344,7546368.0,-
2014-09-24,2391.42,2441.86,42.4,1.77%,2387.07,2443.98,142713536,12038994.0,-
2014-09-25,2453.42,2436.97,-4.9,-0.20%,2429.59,2462.67,138661888,11961263.0,-
2014-09-26,2430.81,2437.2,0.24,0.01%,2420.5,2439.65,100299488,8775738.0,-
2014-09-29,2443.91,2447.8,10.6,0.43%,2435.61,2453.67,123401728,11146378.0,-
2014-09-30,2452.17,2450.99,3.19,0.13%,2444.2,2454.89,115804232,10190655.0,-
2014-10-08,2460.87,2478.38,27.4,1.12%,2445.27,2478.38,121953608,11650011.0,-
2014-10-09,2480.2,2481.96,3.57,0.14%,2461.11,2488.11,137923920,12075263.0,-
2014-10-10,2472.1,2466.79,-15.17,-0.61%,2457.68,2482.14,147634304,12192498.0,-
2014-10-13,2457.41,2454.95,-11.84,-0.48%,2430.55,2460.39,131593360,11278448.0,-
2014-10-14,2451.09,2446.56,-8.38,-0.34%,2436.34,2467.9,127393712,10635665.0,-
2014-10-15,2444.54,2463.87,17.31,0.71%,2431.19,2465.5,135801888,11483729.0,-
2014-10-16,2448.97,2444.4,-19.48,-0.79%,2441.82,2480.3,158166592,12834053.0,-
2014-10-17,2443.22,2441.73,-2.66,-0.11%,2410.4,2456.1,132759992,11268563.0,-
2014-10-20,2448.45,2454.71,12.98,0.53%,2441.9,2456.62,91435400,8484360.0,-
2014-10-21,2453.41,2433.39,-21.32,-0.87%,2432.55,2459.25,96241912,8662220.0,-
2014-10-22,2434.89,2418.64,-14.75,-0.61%,2417.56,2447.47,88656192,8225174.5,-
2014-10-23,2415.44,2395.94,-22.7,-0.94%,2392.53,2424.66,103491840,8604545.0,-
2014-10-24,2397.85,2390.71,-5.23,-0.22%,2385.73,2404.99,74974872,6560122.5,-
2014-10-27,2377.54,2368.83,-21.87,-0.91%,2361.68,2377.54,73862448,6595648.0,-
2014-10-28,2373.16,2416.65,47.82,2.02%,2373.16,2416.77,101523056,9052991.0,-
2014-10-29,2423.81,2451.38,34.73,1.44%,2415.7,2461.27,158584064,13454172.0,-
2014-10-30,2450.36,2468.93,17.54,0.72%,2443.76,2474.38,189626352,13915736.0,-
2014-10-31,2473.5,2508.32,39.4,1.60%,2466.5,2512.19,239172400,18160462.0,-
2014-11-03,2515.82,2512.55,4.22,0.17%,2502.06,2524.17,205801232,15140684.0,-
2014-11-04,2511.04,2513.17,0.62,0.02%,2498.6,2517.46,218247008,15529188.0,-
2014-11-05,2516.87,2503.45,-9.72,-0.39%,2499.23,2519.4,190491856,14613089.0,-
2014-11-06,2505.17,2506.07,2.62,0.10%,2482.98,2510.99,149651120,11883921.0,-
2014-11-07,2508.76,2502.15,-3.91,-0.16%,2489.42,2541.55,208760912,17686868.0,-
2014-11-10,2529.83,2565.73,63.58,2.54%,2514.71,2565.73,226599728,18761256.0,-
2014-11-11,2578.44,2558.61,-7.12,-0.28%,2532.57,2602.37,323711648,26584050.0,-
2014-11-12,2545.4,2594.32,35.71,1.40%,2539.6,2594.32,184686272,15784739.0,-
2014-11-13,2597.39,2579.75,-14.57,-0.56%,2567.46,2607.52,219815616,19298544.0,-
2014-11-14,2569.21,2581.09,1.34,0.05%,2557.67,2581.93,165049968,14540993.0,-
2014-11-17,2613.51,2567.1,-13.99,-0.54%,2565.94,2614.09,158478096,14772465.0,-
2014-11-18,2565.27,2541.42,-25.68,-1.00%,2534.93,2570.21,142941360,12424665.0,-
2014-11-19,2538.23,2537.22,-4.19,-0.16%,2531.32,2550.5,122146968,11303173.0,-
2014-11-20,2528.78,2537.1,-0.12,0.00%,2522.84,2545.47,106149864,9814554.0,-
2014-11-21,2537.54,2583.46,46.36,1.83%,2530.03,2585.36,151028144,14375081.0,-
2014-11-24,2614.16,2649.26,65.8,2.55%,2602.94,2667.67,279839712,26497490.0,-
2014-11-25,2650.08,2685.56,36.3,1.37%,2643.84,2686.06,222611696,20687922.0,-
2014-11-26,2695.26,2723.02,37.46,1.39%,2690.31,2723.36,243962496,23933390.0,-
2014-11-27,2737.03,2754.49,31.47,1.16%,2718.7,2754.49,265464736,26116488.0,-
2014-11-28,2753.93,2808.82,54.33,1.97%,2740.37,2809.54,375323648,33025602.0,-
2014-12-01,2825.61,2819.81,10.99,0.39%,2808.65,2855.33,365487424,33883308.0,-
2014-12-02,2807.34,2923.94,104.13,3.69%,2804.29,2944.51,361465312,34118520.0,-
2014-12-03,2936.12,2967.55,43.61,1.49%,2912.25,3028.23,466156672,46485748.0,-
2014-12-04,2975.4,3104.35,136.8,4.61%,2968.88,3104.89,426812960,43387556.0,-
2014-12-05,3143.97,3124.89,20.53,0.66%,3011.94,3195.8,524881280,55436292.0,-
2014-12-08,3108.27,3252.88,128.0,4.10%,3075.7,3270.88,484462336,51577368.0,-
2014-12-09,3233.1,3106.91,-145.97,-4.49%,3074.52,3387.83,632874560,70215008.0,-
2014-12-10,3120.21,3221.55,114.63,3.69%,3058.19,3229.05,425018688,47730008.0,-
2014-12-11,3185.16,3183.01,-38.53,-1.20%,3158.44,3254.42,367091680,39294484.0,-
2014-12-12,3182.92,3193.23,10.22,0.32%,3167.93,3239.45,301065312,33781744.0,-
2014-12-15,3176.83,3217.23,24.0,0.75%,3143.3,3226.22,290193824,32666802.0,-
2014-12-16,3221.36,3303.4,86.17,2.68%,3207.69,3303.4,358123840,42566572.0,-
2014-12-17,3325.82,3360.6,57.2,1.73%,3275.74,3368.19,448140768,52774892.0,-
2014-12-18,3359.09,3345.93,-14.67,-0.44%,3322.23,3393.71,355970208,41626044.0,-
2014-12-19,3345.63,3383.17,37.24,1.11%,3280.92,3397.18,411211584,43551688.0,-
2014-12-22,3396.25,3394.48,11.31,0.33%,3357.66,3455.21,549801664,53702108.0,-
2014-12-23,3358.8,3324.92,-69.56,-2.05%,3316.91,3431.78,369736096,37722776.0,-
2014-12-24,3332.15,3230.39,-94.54,-2.84%,3188.5,3340.36,317449600,33947580.0,-
2014-12-25,3254.48,3335.42,105.03,3.25%,3226.32,3335.78,309799552,33012894.0,-
2014-12-26,3343.64,3445.84,110.42,3.31%,3335.01,3453.34,384614112,43883844.0,-
2014-12-29,3502.18,3455.46,9.62,0.28%,3405.84,3524.28,425015040,50500452.0,-
2014-12-30,3450.81,3457.55,2.1,0.06%,3422.17,3491.83,328233888,39460780.0,-
2014-12-31,3462.39,3533.71,76.15,2.20%,3452.5,3542.34,345934752,40371092.0,-
2015-01-05,3566.09,3641.54,107.84,3.05%,3551.51,3669.04,451198112,51984980.0,-
2015-01-06,3608.43,3641.06,-0.48,-0.01%,3587.23,3683.23,420962176,49852960.0,-
2015-01-07,3620.92,3643.79,2.73,0.08%,3601.7,3671.19,320191232,39873172.0,-
2015-01-08,3650.07,3559.26,-84.53,-2.32%,3552.1,3659.95,295003040,35583196.0,-
2015-01-09,3547.57,3546.72,-12.54,-0.35%,3536.4,3689.75,349982688,43021060.0,-
2015-01-12,3531.51,3513.58,-33.15,-0.93%,3461.32,3560.53,266567168,33425712.0,-
2015-01-13,3506.45,3514.04,0.46,0.01%,3494.77,3550.16,187153968,25079668.0,-
2015-01-14,3522.91,3502.42,-11.62,-0.33%,3471.56,3547.24,196012496,24128584.0,-
2015-01-15,3501.72,3604.12,101.7,2.90%,3482.27,3604.12,237812352,30344534.0,-
2015-01-16,3616.25,3635.15,31.02,0.86%,3601.26,3662.16,282681600,35556872.0,-
2015-01-19,3414.01,3355.16,-279.99,-7.70%,3330.98,3497.25,329505280,36601756.0,-
2015-01-20,3336.79,3396.22,41.07,1.22%,3325.68,3419.2,297843232,38191788.0,-
2015-01-21,3420.49,3548.89,152.66,4.50%,3409.43,3557.79,337928224,42543368.0,-
2015-01-22,3551.05,3567.61,18.73,0.53%,3520.05,3576.76,268853600,34502604.0,-
2015-01-23,3582.09,3571.73,4.12,0.12%,3548.63,3627.81,280172160,36183556.0,-
2015-01-26,3580.12,3607.99,36.25,1.01%,3559.38,3611.62,239766208,30958570.0,-
2015-01-27,3614.04,3574.93,-33.05,-0.92%,3510.02,3616.26,287669184,35754828.0,-
2015-01-28,3547.24,3525.32,-49.61,-1.39%,3512.39,3583.31,216220224,27874916.0,-
2015-01-29,3474.92,3481.8,-43.52,-1.23%,3453.9,3505.58,211618864,25189792.0,-
2015-01-30,3496.89,3434.39,-47.41,-1.36%,3431.94,3514.22,196479168,23742078.0,-
2015-02-02,3360.19,3353.96,-80.43,-2.34%,3347.08,3407.26,195183696,22483776.0,-
2015-02-03,3388.6,3437.45,83.48,2.49%,3360.72,3441.71,192846096,24110002.0,-
2015-02-04,3446.14,3401.77,-35.68,-1.04%,3399.56,3476.82,191304352,24403428.0,-
2015-02-05,3487.95,3366.95,-34.82,-1.02%,3366.86,3487.95,250430608,31152368.0,-
2015-02-06,3352.33,3312.42,-54.53,-1.62%,3285.94,3374.05,192664192,22143318.0,-
2015-02-09,3305.73,3345.92,33.5,1.01%,3298.6,3376.53,172353824,22076652.0,-
2015-02-10,3345.08,3406.94,61.02,1.82%,3339.55,3407.18,159309088,19912068.0,-
2015-02-11,3415.98,3434.12,27.18,0.80%,3412.14,3445.66,144613776,18597922.0,-
2015-02-12,3435.36,3442.87,8.75,0.25%,3405.63,3453.58,156081696,19128588.0,-
2015-02-13,3458.83,3469.83,26.95,0.78%,3452.08,3509.5,201089968,24707616.0,-
2015-02-16,3473.29,3499.48,29.66,0.85%,3466.61,3504.48,165641344,22279972.0,-
2015-02-17,3511.54,3522.32,22.84,0.65%,3511.09,3536.82,165328320,21445728.0,-
2015-02-25,3529.55,3478.73,-43.59,-1.24%,3463.96,3529.55,165539344,21173906.0,-
2015-02-26,3473.71,3566.29,87.57,2.52%,3456.87,3569.33,229328448,27980906.0,-
2015-02-27,3565.23,3572.84,6.55,0.18%,3560.46,3594.81,222786432,27186194.0,-
2015-03-02,3603.45,3601.26,28.42,0.80%,3566.53,3608.69,248176128,32516490.0,-
2015-03-03,3579.31,3507.9,-93.36,-2.59%,3504.2,3579.31,261866496,33570012.0,-
2015-03-04,3514.67,3530.82,22.92,0.65%,3497.17,3540.91,199663984,25746880.0,-
2015-03-05,3513.25,3496.34,-34.48,-0.98%,3467.68,3517.08,217508800,27903060.0,-
2015-03-06,3501.18,3478.52,-17.82,-0.51%,3472.39,3516.24,181518048,23346824.0,-
2015-03-09,3449.7,3537.75,59.23,1.70%,3417.49,3546.71,233940416,27786048.0,-
2015-03-10,3523.64,3520.61,-17.14,-0.48%,3511.99,3551.21,194267648,24536662.0,-
2015-03-11,3524.57,3524.65,4.04,0.11%,3512.22,3568.92,188947824,23577276.0,-
2015-03-12,3557.69,3592.84,68.19,1.93%,3536.53,3603.34,265664640,32214126.0,-
2015-03-13,3604.67,3617.66,24.81,0.69%,3594.74,3641.39,246864768,29729852.0,-
2015-03-16,3641.77,3705.67,88.01,2.43%,3621.12,3705.74,275438304,35849760.0,-
2015-03-17,3733.96,3757.12,51.45,1.39%,3716.81,3762.57,371625664,45500384.0,-
2015-03-18,3769.09,3846.05,88.93,2.37%,3763.85,3846.05,415190016,48446556.0,-
2015-03-19,3851.25,3839.74,-6.32,-0.16%,3809.71,3859.13,391547616,46321280.0,-
2015-03-20,3852.49,3892.57,52.84,1.38%,3832.42,3916.86,401817568,54446836.0,-
2015-03-23,3923.08,3972.06,79.49,2.04%,3922.21,3972.3,391119904,51976020.0,-
2015-03-24,3980.07,3973.05,0.98,0.02%,3883.78,3989.86,468581280,59106684.0,-
2015-03-25,3961.58,3940.41,-32.63,-0.82%,3913.99,3980.72,379968832,50173388.0,-
2015-03-26,3921.75,3950.0,9.59,0.24%,3892.88,3992.0,346756288,46853848.0,-
2015-03-27,3957.54,3971.7,21.7,0.55%,3932.87,3993.03,298756064,39313236.0,-
2015-03-30,3999.02,4088.18,116.48,2.93%,3999.02,4101.65,428297024,54621108.0,-
2015-03-31,4138.88,4051.2,-36.97,-0.90%,4037.77,4166.02,436065664,59812172.0,-
2015-04-01,4057.5,4123.9,72.69,1.79%,4046.94,4139.5,329512864,46659688.0,-
2015-04-02,4149.95,4124.78,0.88,0.02%,4068.65,4156.84,339070496,47661784.0,-
2015-04-03,4104.67,4170.54,45.76,1.11%,4092.38,4170.56,321303744,46696560.0,-
2015-04-07,4213.89,4260.04,89.51,2.15%,4197.02,4260.47,415362656,56464632.0,-
2015-04-08,4277.45,4295.8,35.76,0.84%,4204.83,4304.78,458676704,65830808.0,-
2015-04-09,4316.96,4262.14,-33.66,-0.78%,4212.61,4332.17,439699904,65041916.0,-
2015-04-10,4249.38,4344.42,82.28,1.93%,4231.2,4351.69,348190176,50935428.0,-
2015-04-13,4394.05,4421.07,76.66,1.76%,4361.59,4432.02,434153024,59851812.0,-
2015-04-14,4432.13,4438.18,17.11,0.39%,4385.91,4474.35,434432128,60212748.0,-
2015-04-15,4439.31,4380.51,-57.67,-1.30%,4379.61,4476.0,472154112,59682284.0,-
2015-04-16,4355.49,4513.55,133.03,3.04%,4335.63,4513.77,422603744,56472288.0,-
2015-04-17,4578.68,4596.14,82.59,1.83%,4553.9,4630.27,552802688,73395360.0,-
2015-04-20,4615.03,4521.92,-74.22,-1.61%,4492.6,4671.17,686439040,93926488.0,-
2015-04-21,4520.46,4619.16,97.24,2.15%,4504.56,4620.06,490315008,68536504.0,-
2015-04-22,4637.06,4739.81,120.65,2.61%,4632.59,4740.93,516213792,76992480.0,-
2015-04-23,4764.48,4740.89,1.08,0.02%,4693.97,4782.04,497430944,75225824.0,-
2015-04-24,4682.63,4702.64,-38.25,-0.81%,4618.32,4730.43,480152960,72127312.0,-
2015-04-27,4753.87,4807.59,104.95,2.23%,4735.31,4810.48,513076544,76591040.0,-
2015-04-28,4811.32,4741.86,-65.73,-1.37%,4703.57,4839.08,608638528,86034984.0,-
2015-04-29,4722.9,4774.33,32.46,0.68%,4695.79,4797.93,395056992,60167640.0,-
2015-04-30,4788.41,4749.89,-24.44,-0.51%,4749.48,4818.73,399727456,61251140.0,-
2015-05-04,4757.64,4787.74,37.86,0.80%,4699.4,4795.92,377843840,56545340.0,-
2015-05-05,4785.19,4596.84,-190.9,-3.99%,4572.98,4785.19,460419648,66002020.0,-
2015-05-06,4626.23,4553.33,-43.51,-0.95%,4511.76,4700.91,376073696,58603400.0,-
2015-05-07,4520.82,4470.09,-83.24,-1.83%,4467.46,4546.34,297759200,42718996.0,-
2015-05-08,4515.55,4558.4,88.32,1.98%,4445.59,4559.06,302407968,45209068.0,-
2015-05-11,4582.09,4690.53,132.13,2.90%,4535.15,4690.95,373838432,58326044.0,-
2015-05-12,4692.12,4747.42,56.89,1.21%,4660.02,4748.0,377053888,60712328.0,-
2015-05-13,4746.71,4718.44,-28.98,-0.61%,4678.85,4758.0,370730432,59047980.0,-
2015-05-14,4717.96,4700.78,-17.66,-0.37%,4670.17,4735.28,337725152,51321964.0,-
2015-05-15,4690.75,4617.47,-83.31,-1.77%,4592.05,4690.75,328431168,50669504.0,-
2015-05-18,4582.06,4575.14,-42.33,-0.92%,4565.06,4623.38,269180512,43408312.0,-
2015-05-19,4577.64,4731.22,156.08,3.41%,4577.64,4740.0,314785952,52423216.0,-
2015-05-20,4751.57,4754.92,23.7,0.50%,4745.21,4843.1,363180736,58995624.0,-
2015-05-21,4768.69,4840.98,86.06,1.81%,4746.03,4841.62,305054528,50534608.0,-
2015-05-22,4895.92,4951.33,110.36,2.28%,4870.6,4951.99,455846720,71912992.0,-
2015-05-25,4949.11,5099.5,148.16,2.99%,4949.11,5099.84,465736576,75708584.0,-
2015-05-26,5140.8,5198.92,99.42,1.95%,5063.15,5199.29,487949344,80229584.0,-
2015-05-27,5216.17,5181.43,-17.48,-0.34%,5126.86,5226.84,470798752,77782632.0,-
2015-05-28,5174.1,4834.01,-347.43,-6.71%,4831.33,5213.18,571829056,87320736.0,-
2015-05-29,4839.53,4840.83,6.82,0.14%,4665.52,4924.3,427878848,63600812.0,-
2015-06-01,4862.76,5076.18,235.35,4.86%,4835.77,5079.32,417503712,63784368.0,-
2015-06-02,5091.27,5161.87,85.69,1.69%,5047.08,5162.56,412973184,65845284.0,-
2015-06-03,5176.6,5143.59,-18.28,-0.35%,5059.5,5186.97,414258272,67205656.0,-
2015-06-04,5156.01,5181.42,37.83,0.74%,4863.46,5194.23,482767264,73517064.0,-
2015-06-05,5254.9,5230.55,49.14,0.95%,5104.18,5288.34,545961216,85522440.0,-
2015-06-08,5259.41,5353.75,123.2,2.36%,5202.6,5370.61,637313216,94949800.0,-
2015-06-09,5379.47,5317.46,-36.29,-0.68%,5251.21,5380.43,570427264,87143176.0,-
2015-06-10,5254.3,5309.11,-8.35,-0.16%,5209.68,5374.83,442165664,71150928.0,-
2015-06-11,5305.14,5306.59,-2.52,-0.05%,5248.16,5329.29,392338752,66058484.0,-
2015-06-12,5329.28,5335.12,28.52,0.54%,5283.09,5351.65,430131392,69421312.0,-
2015-06-15,5354.01,5221.17,-113.95,-2.14%,5207.31,5362.45,475745696,76623776.0,-
2015-06-16,5165.02,5064.82,-156.35,-2.99%,5015.27,5204.3,411675648,65152252.0,-
2015-06-17,5072.31,5138.83,74.01,1.46%,4949.29,5158.37,397124192,58986836.0,-
2015-06-18,5107.69,4930.55,-208.28,-4.05%,4926.43,5121.22,364395808,55564676.0,-
2015-06-19,4847.06,4637.05,-293.5,-5.95%,4634.69,4910.45,358104768,51960960.0,-
2015-06-23,4641.42,4786.09,149.04,3.21%,4455.33,4786.96,365087936,53698412.0,-
2015-06-24,4811.6,4880.13,94.04,1.96%,4744.31,4883.73,434638720,61537408.0,-
2015-06-25,4906.24,4706.52,-173.61,-3.56%,4667.22,4919.26,446136000,64024640.0,-
2015-06-26,4573.87,4336.19,-370.32,-7.87%,4278.67,4650.19,446639808,61295944.0,-
2015-06-29,4446.84,4191.55,-144.65,-3.34%,4000.93,4451.17,525662496,70401448.0,-
2015-06-30,4161.07,4473.0,281.45,6.71%,4016.01,4475.77,527045248,71604584.0,-
2015-07-01,4408.98,4253.02,-219.98,-4.92%,4235.7,4526.13,431721440,62333060.0,-
2015-07-02,4287.73,4108.0,-145.02,-3.41%,4000.06,4312.19,457062208,59350668.0,-
2015-07-03,4017.2,3885.92,-222.08,-5.41%,3785.9,4164.63,429300864,53821684.0,-
2015-07-06,4218.27,3998.54,112.62,2.90%,3832.47,4218.27,648094528,77955808.0,-
2015-07-07,3877.85,3928.0,-70.53,-1.76%,3743.62,3960.64,679385024,79596264.0,-
2015-07-08,3651.06,3663.04,-264.96,-6.75%,3612.25,3762.62,581467072,64012244.0,-
2015-07-09,3621.68,3897.63,234.59,6.40%,3537.83,3930.26,503870624,56474404.0,-
2015-07-10,3916.27,4106.56,208.93,5.36%,3887.55,4179.11,500701792,62907952.0,-
2015-07-13,4132.23,4211.81,105.26,2.56%,4072.43,4278.16,502092192,65925172.0,-
2015-07-14,4178.63,4112.15,-99.66,-2.37%,4062.5,4258.51,454421984,59752128.0,-
2015-07-15,4068.88,3966.76,-145.39,-3.54%,3899.51,4114.24,421956352,51406456.0,-
2015-07-16,3949.64,3997.36,30.6,0.77%,3856.32,4067.02,330531360,41005088.0,-
2015-07-17,4023.76,4151.5,154.14,3.86%,4000.23,4190.19,331107136,43559712.0,-
2015-07-20,4157.06,4160.61,9.12,0.22%,4106.39,4221.69,352673472,48349392.0,-
2015-07-21,4109.76,4166.01,5.39,0.13%,4081.7,4201.48,318374944,43169584.0,-
2015-07-22,4148.56,4157.16,-8.85,-0.21%,4094.71,4187.43,318945984,44183252.0,-
2015-07-23,4158.93,4250.81,93.64,2.25%,4148.82,4262.06,354471776,48397220.0,-
2015-07-24,4255.2,4176.28,-74.53,-1.75%,4154.62,4299.65,392045376,53590164.0,-
2015-07-27,4097.8,3818.73,-357.55,-8.56%,3817.17,4156.31,365054528,47795200.0,-
2015-07-28,3690.97,3811.09,-7.64,-0.20%,3627.42,3883.45,383527200,48265456.0,-
2015-07-29,3839.96,3930.38,119.29,3.13%,3769.19,3934.0,276972864,37228788.0,-
2015-07-30,3915.78,3815.41,-114.97,-2.93%,3802.88,3968.53,271548672,37635116.0,-
2015-07-31,3777.16,3816.7,1.29,0.03%,3757.99,3863.62,222376768,29931254.0,-
2015-08-03,3766.07,3829.24,12.54,0.33%,3742.58,3829.24,245805040,30963128.0,-
2015-08-04,3827.37,3948.16,118.92,3.11%,3801.03,3948.45,220236560,28875650.0,-
2015-08-05,3937.62,3866.9,-81.26,-2.06%,3858.66,3962.28,200484272,27269352.0,-
2015-08-06,3802.93,3831.85,-35.05,-0.91%,3793.24,3888.69,147278688,19553236.0,-
2015-08-07,3866.43,3906.95,75.09,1.96%,3857.91,3926.65,183349152,24654612.0,-
2015-08-10,3947.47,4084.36,177.42,4.54%,3932.84,4101.73,306780544,40170204.0,-
2015-08-11,4083.59,4066.67,-17.7,-0.43%,4042.0,4110.13,322034208,41699656.0,-
2015-08-12,4025.67,4016.13,-50.54,-1.24%,4015.35,4078.03,255146192,33979936.0,-
2015-08-13,4010.01,4075.46,59.34,1.48%,3967.82,4075.7,242836976,31988760.0,-
2015-08-14,4097.92,4073.54,-1.92,-0.05%,4056.73,4113.16,253392992,34007684.0,-
2015-08-17,4058.11,4077.87,4.33,0.11%,4009.99,4081.77,256939648,33683056.0,-
2015-08-18,4084.31,3825.41,-252.46,-6.19%,3816.55,4103.05,319881088,42492420.0,-
2015-08-19,3748.27,3886.14,60.72,1.59%,3668.19,3898.74,269049824,34092348.0,-
2015-08-20,3848.4,3761.45,-124.68,-3.21%,3761.45,3880.82,212167968,27057670.0,-
2015-08-21,3714.29,3589.54,-171.92,-4.57%,3578.18,3757.78,217986400,26749842.0,-
2015-08-24,3454.6,3275.53,-314.0,-8.75%,3266.55,3468.15,255436656,27312422.0,-
2015-08-25,3070.01,3042.93,-232.61,-7.10%,3019.56,3200.11,276081312,28116032.0,-
2015-08-26,3062.57,3025.69,-17.24,-0.57%,2952.01,3192.93,308270624,31218824.0,-
2015-08-27,3092.81,3205.64,179.95,5.95%,3028.4,3206.72,267294928,27877000.0,-
2015-08-28,3246.24,3342.29,136.65,4.26%,3223.62,3353.24,299498432,31876346.0,-
2015-08-31,3307.4,3366.54,24.25,0.73%,3205.54,3368.28,280250400,30661090.0,-
2015-09-01,3296.53,3362.08,-4.45,-0.13%,3190.58,3370.5,352458560,35138784.0,-
2015-09-02,3220.85,3365.83,3.75,0.11%,3213.64,3387.02,347789408,34898636.0,-
2015-09-07,3347.29,3250.49,-115.35,-3.43%,3240.24,3422.23,204224432,22175678.0,-
2015-09-08,3221.79,3334.02,83.54,2.57%,3170.81,3340.22,154599632,16829474.0,-
2015-09-09,3344.82,3399.3,65.28,1.96%,3330.29,3426.65,220467424,25881578.0,-
2015-09-10,3349.28,3357.56,-41.74,-1.23%,3337.31,3398.32,144882976,16810828.0,-
2015-09-11,3349.88,3347.19,-10.37,-0.31%,3315.48,3383.13,108547512,13026241.0,-
2015-09-14,3367.64,3281.13,-66.06,-1.97%,3187.57,3373.92,205457248,22616856.0,-
2015-09-15,3208.74,3152.23,-128.9,-3.93%,3131.98,3240.08,143555648,14598921.0,-
2015-09-16,3149.16,3309.25,157.02,4.98%,3131.37,3345.92,159710000,16826984.0,-
2015-09-17,3287.66,3237.0,-72.25,-2.18%,3237.0,3354.91,169401872,19027018.0,-
2015-09-18,3254.44,3251.27,14.27,0.44%,3227.83,3280.88,106903480,12175254.0,-
2015-09-21,3222.6,3308.25,56.97,1.75%,3211.93,3312.55,122788672,14532302.0,-
2015-09-22,3312.37,3339.03,30.78,0.93%,3303.18,3371.41,146221984,17249286.0,-
2015-09-23,3290.07,3263.03,-76.0,-2.28%,3253.33,3315.94,123171440,13688598.0,-
2015-09-24,3278.9,3285.0,21.97,0.67%,3255.9,3300.86,102011240,12082065.0,-
2015-09-25,3272.67,3231.95,-53.05,-1.61%,3201.91,3290.86,121419272,13760217.0,-
2015-09-28,3226.61,3242.75,10.8,0.33%,3186.51,3246.55,74219472,8800747.0,-
2015-09-29,3197.22,3178.85,-63.9,-1.97%,3159.04,3208.42,87150632,9669151.0,-
2015-09-30,3195.9,3202.95,24.09,0.76%,3186.77,3223.91,78559352,9588160.0,-
2015-10-08,3324.98,3296.48,93.53,2.92%,3294.6,3337.33,132081768,16412061.0,-
2015-10-09,3302.36,3340.12,43.63,1.32%,3293.97,3352.38,124352504,14473134.0,-
2015-10-12,3351.14,3447.69,107.58,3.22%,3347.25,3486.63,221400480,26370648.0,-
2015-10-13,3422.48,3445.04,-2.65,-0.08%,3413.97,3452.04,145433792,17497894.0,-
2015-10-14,3431.14,3406.11,-38.93,-1.13%,3403.23,3458.7,152173936,17459926.0,-
2015-10-15,3403.39,3486.81,80.7,2.37%,3402.32,3486.81,171158304,20188188.0,-
2015-10-16,3508.52,3534.06,47.25,1.36%,3487.1,3537.54,208964704,25221150.0,-
2015-10-19,3548.95,3534.18,0.12,0.00%,3502.5,3573.0,207606736,25489098.0,-
2015-10-20,3527.88,3577.7,43.52,1.23%,3510.44,3577.8,179025104,22652558.0,-
2015-10-21,3580.84,3473.25,-104.45,-2.92%,3417.41,3601.24,282076064,32688698.0,-
2015-10-22,3453.2,3524.53,51.28,1.48%,3442.31,3530.77,184305584,22358360.0,-
2015-10-23,3536.84,3571.24,46.71,1.33%,3515.82,3581.84,198294480,24705968.0,-
2015-10-26,3614.7,3589.26,18.02,0.50%,3561.19,3620.76,204248864,27048976.0,-
2015-10-27,3569.45,3592.88,3.62,0.10%,3486.1,3601.05,192056128,23904254.0,-
2015-10-28,3575.8,3524.92,-67.96,-1.89%,3517.21,3598.17,170977088,21330302.0,-
2015-10-29,3539.98,3533.31,8.39,0.24%,3507.97,3561.81,127010448,16105189.0,-
2015-10-30,3530.22,3534.08,0.77,0.02%,3497.57,3574.47,139141920,18331716.0,-
2015-11-02,3489.23,3475.96,-58.12,-1.64%,3474.71,3543.45,130002568,16745510.0,-
2015-11-03,3484.72,3465.49,-10.47,-0.30%,3452.62,3501.7,101401880,13223150.0,-
2015-11-04,3477.16,3628.54,163.04,4.70%,3477.16,3628.54,205423856,26695588.0,-
2015-11-05,3630.78,3705.97,77.43,2.13%,3627.3,3781.41,398046592,49513816.0,-
2015-11-06,3698.34,3793.37,87.4,2.36%,3694.66,3801.71,298753088,38977944.0,-
2015-11-09,3796.38,3840.35,46.98,1.24%,3796.38,3891.77,356804800,46316172.0,-
2015-11-10,3806.67,3833.24,-7.12,-0.19%,3798.82,3876.49,286519616,38091064.0,-
2015-11-11,3828.45,3833.65,0.41,0.01%,3781.41,3843.11,232234288,30700834.0,-
2015-11-12,3841.74,3795.32,-38.32,-1.00%,3771.27,3843.9,217537632,30244680.0,-
2015-11-13,3756.2,3746.24,-49.08,-1.29%,3727.58,3793.71,203489888,28196114.0,-
2015-11-16,3682.73,3764.13,17.88,0.48%,3680.07,3764.41,161690896,22748372.0,-
2015-11-17,3790.43,3758.39,-5.74,-0.15%,3750.16,3852.77,248533072,36513860.0,-
2015-11-18,3760.46,3715.58,-42.81,-1.14%,3706.31,3771.85,185689504,25413796.0,-
2015-11-19,3725.62,3774.97,59.39,1.60%,3714.67,3775.23,154631984,20455762.0,-
2015-11-20,3778.88,3774.38,-0.59,-0.02%,3757.03,3793.54,186951680,24229510.0,-
2015-11-23,3774.44,3753.34,-21.05,-0.56%,3743.41,3802.85,175626816,23464098.0,-
2015-11-24,3745.76,3753.89,0.55,0.01%,3702.74,3754.17,143383280,19249510.0,-
2015-11-25,3747.76,3781.61,27.72,0.74%,3735.72,3781.86,151944944,21512504.0,-
2015-11-26,3795.25,3759.43,-22.18,-0.59%,3756.82,3805.84,173525456,23979720.0,-
2015-11-27,3739.1,3556.99,-202.44,-5.38%,3534.39,3742.74,208939360,26975816.0,-
2015-11-30,3554.89,3566.41,9.42,0.26%,3455.07,3587.97,173201168,22009828.0,-
2015-12-01,3562.32,3591.7,25.28,0.71%,3536.12,3617.31,136536560,17659882.0,-
2015-12-02,3587.76,3721.95,130.26,3.63%,3573.4,3725.85,213538864,26093870.0,-
2015-12-03,3709.55,3749.3,27.34,0.73%,3693.14,3758.45,197762128,23669900.0,-
2015-12-04,3719.73,3677.59,-71.71,-1.91%,3667.29,3726.12,151199520,19645560.0,-
2015-12-07,3681.58,3687.61,10.02,0.27%,3658.58,3699.34,113883144,16122007.0,-
2015-12-08,3668.84,3623.02,-64.59,-1.75%,3619.44,3668.84,125781088,16331724.0,-
2015-12-09,3613.42,3635.94,12.92,0.36%,3611.49,3655.16,113325424,15431999.0,-
2015-12-10,3634.37,3623.08,-12.85,-0.35%,3615.99,3678.32,120215624,16862220.0,-
2015-12-11,3605.37,3608.06,-15.03,-0.41%,3578.15,3630.74,110322480,14524863.0,-
2015-12-14,3573.88,3711.32,103.26,2.86%,3571.0,3712.5,151769120,20329150.0,-
2015-12-15,3707.73,3694.39,-16.93,-0.46%,3679.23,3717.36,126481704,18679546.0,-
2015-12-16,3703.95,3685.44,-8.95,-0.24%,3677.45,3713.09,111342728,16011824.0,-
2015-12-17,3712.78,3755.89,70.45,1.91%,3709.85,3768.84,177924080,24254382.0,-
2015-12-18,3754.96,3767.91,12.02,0.32%,3750.93,3810.22,173465984,23228146.0,-
2015-12-21,3762.1,3865.96,98.05,2.60%,3759.99,3877.82,217435280,28990528.0,-
2015-12-22,3872.1,3876.73,10.77,0.28%,3841.59,3880.47,180303664,24379736.0,-
2015-12-23,3877.87,3866.38,-10.35,-0.27%,3862.96,3926.69,207017152,29471078.0,-
2015-12-24,3858.13,3829.4,-36.98,-0.96%,3787.08,3867.68,147181392,20368354.0,-
2015-12-25,3832.08,3838.2,8.8,0.23%,3813.2,3848.02,119624016,16331452.0,-
2015-12-28,3847.53,3727.63,-110.57,-2.88%,3727.63,3853.39,153988448,21002602.0,-
2015-12-29,3723.05,3761.87,34.24,0.92%,3710.48,3762.05,101885552,14040505.0,-
2015-12-30,3762.91,3751.59,-10.28,-0.27%,3746.32,3764.13,52155756,7694645.5,-
2015-12-31,3760.9,3731.0,-34.17,-0.91%,3727.32,3772.62,101873552,14504370.0,-
2016-01-04,3725.86,3469.07,-261.94,-7.02%,3468.95,3726.24,115370672,14596820.0,-
2016-01-05,3382.18,3478.78,9.71,0.28%,3377.28,3518.22,162116992,19601708.0,-
2016-01-06,3482.41,3539.81,61.03,1.75%,3468.47,3543.74,145966144,16094719.0,-
2016-01-07,3481.15,3294.38,-245.42,-6.93%,3284.74,3481.15,44102640,4713079.5,-
2016-01-08,3371.87,3361.56,67.18,2.04%,3237.93,3418.85,185959440,20349886.0,-
2016-01-11,3303.12,3192.45,-169.11,-5.03%,3192.45,3342.48,174638384,18446404.0,-
2016-01-12,3214.82,3215.71,23.26,0.73%,3174.55,3242.25,128225792,14204890.0,-
2016-01-13,3240.48,3155.88,-59.83,-1.86%,3155.88,3257.3,120666488,13088608.0,-
2016-01-14,3076.64,3221.57,65.69,2.08%,3072.04,3226.66,134537664,14477158.0,-
2016-01-15,3200.89,3118.73,-102.84,-3.19%,3101.05,3216.8,124601776,13188274.0,-
2016-01-18,3068.23,3130.73,12.0,0.38%,3066.73,3165.62,101128384,10945828.0,-
2016-01-19,3132.7,3223.12,92.4,2.95%,3119.22,3227.91,127653888,14290769.0,-
2016-01-20,3204.22,3174.38,-48.75,-1.51%,3154.43,3225.95,130650504,14331334.0,-
2016-01-21,3136.38,3081.35,-93.03,-2.93%,3081.35,3202.54,111189728,12185620.0,-
2016-01-22,3114.9,3113.46,32.12,1.04%,3053.96,3132.17,89951088,9688567.0,-
2016-01-25,3129.03,3128.89,15.42,0.50%,3105.1,3149.33,81540064,8577789.0,-
2016-01-26,3099.6,2940.51,-188.38,-6.02%,2934.65,3106.53,126933920,12725065.0,-
2016-01-27,2953.18,2930.35,-10.16,-0.35%,2839.29,2963.54,132229368,12699767.0,-
2016-01-28,2909.33,2853.76,-76.6,-2.61%,2841.84,2941.89,99222752,9566387.0,-
2016-01-29,2855.6,2946.09,92.33,3.24%,2854.37,2965.31,113304256,10946236.0,-
2016-02-01,2939.04,2901.05,-45.04,-1.53%,2869.56,2944.52,86795344,8293145.0,-
2016-02-02,2901.53,2961.33,60.29,2.08%,2901.51,2972.43,88601960,8874023.0,-
2016-02-03,2931.29,2948.64,-12.7,-0.43%,2909.9,2954.71,77389000,7481709.5,-
2016-02-04,2960.33,2984.76,36.12,1.23%,2960.21,2999.21,91779728,9155034.0,-
2016-02-05,2982.06,2963.79,-20.97,-0.70%,2962.85,2988.36,76850808,7744322.0,-
2016-02-15,2888.43,2946.71,-17.08,-0.58%,2886.02,2961.49,72919432,7128504.5,-
2016-02-16,2962.19,3037.04,90.33,3.07%,2962.19,3042.09,112579648,11230049.0,-
2016-02-17,3034.09,3063.32,26.28,0.87%,3027.05,3065.78,128291608,12227934.0,-
2016-02-18,3079.53,3053.7,-9.62,-0.31%,3049.84,3093.51,124401456,12261861.0,-
2016-02-19,3047.94,3051.58,-2.11,-0.07%,3032.63,3065.97,87338016,9084935.0,-
2016-02-22,3083.93,3118.87,67.28,2.20%,3071.33,3128.21,140946960,14168408.0,-
2016-02-23,3117.2,3089.36,-29.5,-0.95%,3061.43,3119.22,112567392,11747647.0,-
2016-02-24,3077.61,3109.55,20.18,0.65%,3055.25,3109.55,111782648,11291861.0,-
2016-02-25,3104.41,2918.75,-190.8,-6.14%,2905.46,3104.44,157829760,15349301.0,-
2016-02-26,2942.1,2948.03,29.28,1.00%,2902.95,2964.39,106949728,10253157.0,-
2016-02-29,2939.58,2877.47,-70.56,-2.39%,2821.21,2939.87,129341024,11844083.0,-
2016-03-01,2881.34,2930.69,53.23,1.85%,2863.32,2950.44,116045920,11049104.0,-
2016-03-02,2933.92,3051.33,120.64,4.12%,2933.12,3054.72,175972352,16402516.0,-
2016-03-03,3050.39,3058.42,7.09,0.23%,3040.25,3078.44,173105744,16550909.0,-
2016-03-04,3047.54,3093.89,35.47,1.16%,3032.42,3101.66,219172544,20552048.0,-
2016-03-07,3109.0,3104.84,10.95,0.35%,3083.58,3130.9,132462040,12779034.0,-
2016-03-08,3100.15,3107.67,2.83,0.09%,3001.83,3109.25,136235744,12875849.0,-
2016-03-09,3045.92,3071.91,-35.77,-1.15%,3020.13,3072.92,111466240,10629865.0,-
2016-03-10,3056.21,3013.15,-58.76,-1.91%,3012.69,3074.16,76072200,7818046.5,-
2016-03-11,2990.21,3018.28,5.14,0.17%,2982.17,3026.44,73333568,7436729.5,-
2016-03-14,3039.57,3065.69,47.41,1.57%,3034.0,3106.8,117108656,12353910.0,-
2016-03-15,3061.34,3074.78,9.09,0.30%,3028.58,3077.08,98311936,10130285.0,-
2016-03-16,3068.87,3090.03,15.25,0.50%,3064.52,3100.35,124736448,12612886.0,-
2016-03-17,3096.81,3124.2,34.17,1.11%,3077.57,3147.84,121661776,13660371.0,-
2016-03-18,3136.22,3171.96,47.76,1.53%,3130.1,3197.67,197302560,21001782.0,-
2016-03-21,3203.29,3249.44,77.47,2.44%,3198.36,3267.78,233269472,25683664.0,-
2016-03-22,3231.61,3225.79,-23.65,-0.73%,3218.73,3249.68,161020896,19421198.0,-
2016-03-23,3217.73,3236.09,10.3,0.32%,3202.98,3242.25,125679288,15556708.0,-
2016-03-24,3211.5,3181.85,-54.24,-1.68%,3181.81,3221.91,133131120,16243604.0,-
2016-03-25,3176.81,3197.82,15.97,0.50%,3174.32,3204.44,97395336,11519560.0,-
2016-03-28,3206.95,3169.73,-28.09,-0.88%,3161.88,3229.62,103441928,12384404.0,-
2016-03-29,3171.31,3135.41,-34.32,-1.08%,3122.76,3178.07,97294744,11384428.0,-
2016-03-30,3161.29,3216.28,80.87,2.58%,3161.29,3216.68,117802520,14072177.0,-
2016-03-31,3229.2,3218.09,1.81,0.06%,3208.66,3241.93,121552080,14726762.0,-
2016-04-01,3213.67,3221.89,3.81,0.12%,3165.86,3222.61,118122136,12705010.0,-
2016-04-05,3211.3,3264.49,42.59,1.32%,3205.21,3271.93,146047776,15929654.0,-
2016-04-06,3250.52,3257.53,-6.96,-0.21%,3236.2,3267.64,120196304,13720627.0,-
2016-04-07,3266.29,3209.29,-48.24,-1.48%,3208.64,3270.82,112409464,12827306.0,-
2016-04-08,3189.85,3185.73,-23.56,-0.73%,3163.3,3197.77,101005632,11392071.0,-
2016-04-11,3213.51,3230.1,44.37,1.39%,3213.51,3251.57,125212712,14275949.0,-
2016-04-12,3227.37,3218.45,-11.65,-0.36%,3198.9,3232.26,92869440,9908656.0,-
2016-04-13,3237.86,3261.38,42.93,1.33%,3237.86,3296.52,195613856,20015960.0,-
2016-04-14,3277.1,3275.83,14.45,0.44%,3252.05,3286.07,113157328,11798944.0,-
2016-04-15,3279.86,3272.21,-3.63,-0.11%,3261.73,3282.98,99807528,10796398.0,-
2016-04-18,3252.67,3228.45,-43.75,-1.34%,3221.66,3252.67,97090072,10395615.0,-
2016-04-19,3243.97,3238.3,9.85,0.31%,3221.58,3250.73,80871440,9097624.0,-
2016-04-20,3244.14,3181.03,-57.28,-1.77%,3107.37,3248.42,162207856,17232470.0,-
2016-04-21,3160.8,3160.6,-20.42,-0.64%,3150.94,3198.56,104752648,11032438.0,-
2016-04-22,3142.56,3174.9,14.3,0.45%,3137.99,3175.38,77078496,8244292.0,-
2016-04-25,3164.74,3162.03,-12.87,-0.41%,3137.11,3172.27,67519352,7473484.5,-
2016-04-26,3159.77,3179.16,17.13,0.54%,3150.4,3181.1,59020732,6887155.5,-
2016-04-27,3181.93,3165.92,-13.24,-0.42%,3162.69,3188.83,60004148,7062040.5,-
2016-04-28,3169.33,3160.58,-5.33,-0.17%,3135.64,3174.77,69870656,7887677.0,-
2016-04-29,3153.54,3156.75,-3.84,-0.12%,3149.4,3171.29,58029776,7080771.0,-
2016-05-03,3159.82,3213.54,56.79,1.80%,3151.4,3218.49,98164840,11573386.0,-
2016-05-04,3203.47,3209.46,-4.08,-0.13%,3198.29,3222.88,90862408,9779714.0,-
2016-05-05,3204.17,3213.92,4.46,0.14%,3196.57,3217.28,74733680,8394650.0,-
2016-05-06,3213.14,3130.35,-83.57,-2.60%,3130.15,3216.89,108680240,11926521.0,-
2016-05-09,3115.43,3065.62,-64.74,-2.07%,3055.01,3115.43,99230472,10040921.0,-
2016-05-10,3055.21,3069.11,3.5,0.11%,3055.18,3084.72,68849936,7065076.5,-
2016-05-11,3080.64,3082.81,13.7,0.45%,3063.09,3102.88,81794256,8732341.0,-
2016-05-12,3059.38,3090.14,7.33,0.24%,3035.02,3095.35,78765728,8141879.0,-
2016-05-13,3081.68,3074.94,-15.2,-0.49%,3064.69,3103.1,62629756,6585099.5,-
2016-05-16,3064.53,3095.31,20.37,0.66%,3053.66,3095.56,59461856,6440520.0,-
2016-05-17,3095.52,3086.02,-9.28,-0.30%,3073.46,3105.2,65278128,7538938.5,-
2016-05-18,3071.53,3068.04,-17.99,-0.58%,3039.46,3072.61,82715368,8845885.0,-
2016-05-19,3060.34,3062.5,-5.54,-0.18%,3058.15,3086.98,60444164,6867906.0,-
2016-05-20,3047.78,3078.22,15.72,0.51%,3041.52,3078.53,56080840,6512425.0,-
2016-05-23,3078.51,3087.22,9.0,0.29%,3076.5,3098.48,59697212,7033751.0,-
2016-05-24,3083.24,3063.56,-23.67,-0.77%,3052.59,3083.26,58734388,6110601.5,-
2016-05-25,3079.75,3059.23,-4.33,-0.14%,3054.87,3089.1,56652804,6331656.0,-
2016-05-26,3056.6,3064.21,4.99,0.16%,3027.44,3072.52,60392980,6598518.5,-
2016-05-27,3059.73,3062.5,-1.71,-0.06%,3052.18,3073.76,60468752,5937178.0,-
2016-05-30,3056.31,3066.71,4.21,0.14%,3037.66,3075.26,63098576,6349656.5,-
2016-05-31,3068.6,3169.56,102.85,3.35%,3068.6,3170.93,138863120,15139817.0,-
2016-06-01,3172.96,3160.55,-9.01,-0.28%,3159.82,3181.79,113148480,13170082.0,-
2016-06-02,3158.03,3167.1,6.55,0.21%,3151.07,3168.82,86003424,9709362.0,-
2016-06-03,3172.95,3189.33,22.23,0.70%,3162.09,3201.75,101491784,13633203.0,-
2016-06-06,3192.78,3178.79,-10.54,-0.33%,3168.55,3197.22,76693752,10117623.0,-
2016-06-07,3182.44,3177.05,-1.73,-0.05%,3168.18,3186.62,68928312,8871162.0,-
2016-06-08,3171.81,3163.99,-13.07,-0.41%,3148.35,3174.97,76291776,9768279.0,-
2016-06-13,3134.05,3066.34,-97.65,-3.09%,3065.77,3145.61,92975944,11409132.0,-
2016-06-14,3058.44,3075.98,9.64,0.31%,3055.66,3078.75,66279456,7862230.0,-
2016-06-15,3043.96,3116.37,40.38,1.31%,3042.23,3128.67,87393256,10617018.0,-
2016-06-16,3104.36,3094.67,-21.69,-0.70%,3089.48,3112.48,82974704,9349624.0,-
2016-06-17,3096.09,3110.36,15.68,0.51%,3096.09,3131.05,85402984,9795339.0,-
2016-06-20,3114.91,3112.67,2.32,0.07%,3089.71,3118.73,63587140,7464780.5,-
2016-06-21,3124.9,3106.32,-6.36,-0.20%,3097.94,3155.49,87965344,10723364.0,-
2016-06-22,3100.45,3133.96,27.64,0.89%,3096.99,3134.06,66487112,8134871.5,-
2016-06-23,3129.72,3117.32,-16.64,-0.53%,3102.48,3129.72,67751736,8173255.0,-
2016-06-24,3110.65,3077.16,-40.16,-1.29%,3033.97,3130.54,104792208,11896744.0,-
2016-06-27,3065.13,3120.54,43.39,1.41%,3064.97,3120.64,83267264,10406608.0,-
2016-06-28,3107.4,3136.4,15.86,0.51%,3099.7,3139.43,92024640,11719779.0,-
2016-06-29,3142.48,3151.39,14.99,0.48%,3139.13,3158.08,103723664,11795886.0,-
2016-06-30,3152.83,3153.92,2.53,0.08%,3148.2,3163.72,79692616,10062791.0,-
2016-07-01,3156.93,3154.2,0.28,0.01%,3148.29,3170.26,71746280,9121503.0,-
2016-07-04,3136.39,3204.7,50.5,1.60%,3134.02,3210.6,133310528,14989477.0,-
2016-07-05,3199.16,3207.38,2.69,0.08%,3198.0,3216.7,130226896,14389910.0,-
2016-07-06,3197.62,3216.8,9.42,0.29%,3183.45,3217.52,124897456,14723247.0,-
2016-07-07,3206.55,3209.95,-6.85,-0.21%,3190.12,3220.54,118595208,14048884.0,-
2016-07-08,3199.75,3192.28,-17.67,-0.55%,3183.96,3204.93,89734848,11106347.0,-
2016-07-11,3199.04,3203.33,11.05,0.35%,3197.63,3235.96,138529520,15528816.0,-
2016-07-12,3201.91,3273.18,69.85,2.18%,3200.3,3273.47,172534208,19085374.0,-
2016-07-13,3274.02,3282.87,9.69,0.30%,3271.78,3300.99,175196096,19659230.0,-
2016-07-14,3277.48,3276.76,-6.1,-0.19%,3259.07,3281.95,107525792,12809042.0,-
2016-07-15,3278.84,3276.28,-0.49,-0.01%,3265.29,3285.03,102665024,12517981.0,-
2016-07-18,3269.71,3262.02,-14.26,-0.44%,3251.77,3281.64,110312520,12978571.0,-
2016-07-19,3260.43,3248.23,-13.79,-0.42%,3226.2,3264.73,88886864,10710891.0,-
2016-07-20,3246.86,3237.6,-10.63,-0.33%,3232.26,3254.51,72701256,9136745.0,-
2016-07-21,3238.34,3252.52,14.92,0.46%,3238.3,3271.37,86004832,10746407.0,-
2016-07-22,3251.24,3225.16,-27.36,-0.84%,3220.89,3253.77,86029128,10741689.0,-
2016-07-25,3220.17,3230.89,5.72,0.18%,3218.14,3243.79,70203184,9201585.0,-
2016-07-26,3228.23,3269.59,38.7,1.20%,3228.01,3269.75,81051088,10374577.0,-
2016-07-27,3270.08,3218.24,-51.35,-1.57%,3157.41,3276.51,160188656,18692836.0,-
2016-07-28,3204.46,3221.14,2.89,0.09%,3195.27,3235.78,112779960,13729590.0,-
2016-07-29,3217.19,3203.93,-17.21,-0.53%,3198.68,3225.42,88044840,10378703.0,-
2016-08-01,3196.43,3176.81,-27.12,-0.85%,3156.75,3199.98,87003496,9881864.0,-
2016-08-02,3173.76,3189.05,12.24,0.39%,3165.54,3189.05,62167640,7064076.5,-
2016-08-03,3179.68,3193.51,4.45,0.14%,3173.54,3197.16,72864104,7975432.0,-
2016-08-04,3190.55,3201.29,7.78,0.24%,3170.42,3201.55,73504376,8691959.0,-
2016-08-05,3201.35,3205.11,3.82,0.12%,3192.86,3224.87,77196368,9442954.0,-
2016-08-08,3199.57,3234.18,29.07,0.91%,3187.25,3234.48,86676048,10263812.0,-
2016-08-09,3232.6,3256.98,22.8,0.70%,3229.17,3257.33,91065264,10592405.0,-
2016-08-10,3255.18,3243.34,-13.64,-0.42%,3242.75,3261.86,90430368,10615745.0,-
2016-08-11,3239.56,3233.36,-9.98,-0.31%,3232.61,3274.03,101041216,11699616.0,-
2016-08-12,3231.81,3294.23,60.87,1.88%,3231.14,3294.23,116254048,12935469.0,-
2016-08-15,3303.47,3393.42,99.19,3.01%,3302.38,3417.91,220543424,25889746.0,-
2016-08-16,3403.38,3378.25,-15.18,-0.45%,3372.02,3418.69,196389744,22678524.0,-
2016-08-17,3377.77,3373.05,-5.2,-0.15%,3356.92,3394.39,138847696,16791754.0,-
2016-08-18,3369.95,3364.49,-8.56,-0.25%,3349.69,3394.79,142380160,17225652.0,-
2016-08-19,3358.55,3365.02,0.53,0.02%,3341.19,3374.04,119961504,13538270.0,-
2016-08-22,3364.68,3336.79,-28.22,-0.84%,3335.47,3372.83,107951008,12820179.0,-
2016-08-23,3332.62,3341.83,5.03,0.15%,3324.96,3359.65,92924520,10850370.0,-
2016-08-24,3341.93,3329.86,-11.97,-0.36%,3323.73,3348.13,81191432,9401283.0,-
2016-08-25,3314.08,3308.97,-20.89,-0.63%,3279.81,3315.08,100589152,11257814.0,-
2016-08-26,3312.5,3307.09,-1.88,-0.06%,3301.74,3328.95,81530688,9321320.0,-
2016-08-29,3306.57,3307.78,0.69,0.02%,3297.07,3315.08,77036336,8801164.0,-
2016-08-30,3310.32,3311.99,4.21,0.13%,3304.6,3325.12,75725984,8951302.0,-
2016-08-31,3310.57,3327.79,15.81,0.48%,3304.66,3333.97,79570808,9921504.0,-
2016-09-01,3326.74,3301.58,-26.22,-0.79%,3301.21,3329.35,84947224,10091146.0,-
2016-09-02,3298.72,3314.11,12.54,0.38%,3295.76,3320.43,82791800,9939638.0,-
2016-09-05,3321.01,3319.68,5.57,0.17%,3314.63,3338.42,78292472,8753109.0,-
2016-09-06,3322.02,3342.63,22.95,0.69%,3300.13,3347.95,98284000,11836654.0,-
2016-09-07,3344.07,3340.82,-1.81,-0.05%,3337.75,3357.36,102940112,11511991.0,-
2016-09-08,3338.01,3339.56,-1.25,-0.04%,3328.23,3343.4,71916160,8374234.5,-
2016-09-09,3339.37,3318.04,-21.52,-0.64%,3318.04,3344.95,82657032,9547119.0,-
2016-09-12,3271.87,3262.6,-55.44,-1.67%,3234.57,3276.72,122917680,13445663.0,-
2016-09-13,3265.34,3260.33,-2.27,-0.07%,3246.39,3269.22,67180288,7686264.5,-
2016-09-14,3245.74,3238.73,-21.6,-0.66%,3231.34,3255.0,70432696,7978075.0,-
2016-09-19,3242.74,3263.12,24.39,0.75%,3242.74,3264.9,58831084,6767803.0,-
2016-09-20,3264.66,3257.4,-5.72,-0.18%,3252.39,3265.04,52784204,6162615.0,-
2016-09-21,3257.71,3266.64,9.23,0.28%,3254.32,3270.9,59142980,6895774.0,-
2016-09-22,3281.47,3291.12,24.48,0.75%,3277.98,3303.2,75753544,8999176.0,-
2016-09-23,3292.28,3275.67,-15.45,-0.47%,3275.02,3293.92,57993984,6804626.0,-
2016-09-26,3267.69,3220.28,-55.38,-1.69%,3220.28,3267.69,70452192,7870084.0,-
2016-09-27,3214.87,3240.75,20.47,0.64%,3214.44,3240.78,58460548,6665113.0,-
2016-09-28,3243.65,3230.89,-9.86,-0.30%,3228.0,3243.65,44727496,5199640.5,-
2016-09-29,3234.86,3244.39,13.5,0.42%,3234.8,3257.77,55452556,6222030.0,-
2016-09-30,3240.18,3253.28,8.9,0.27%,3239.04,3260.94,44978024,5265573.5,-
2016-10-10,3265.36,3293.87,40.58,1.25%,3258.96,3294.64,80519264,8960799.0,-
2016-10-11,3296.87,3306.56,12.69,0.39%,3292.88,3308.0,87713168,8821342.0,-
2016-10-12,3299.14,3300.01,-6.55,-0.20%,3289.75,3302.56,68669784,7238691.0,-
2016-10-13,3299.16,3302.65,2.64,0.08%,3292.4,3307.41,81224200,7992375.0,-
2016-10-14,3298.73,3305.85,3.2,0.10%,3285.73,3306.69,82316272,8148559.5,-
2016-10-17,3305.96,3277.88,-27.97,-0.85%,3271.54,3309.01,86113504,8819942.0,-
2016-10-18,3272.68,3321.33,43.45,1.33%,3272.68,3321.33,102860720,10462505.0,-
2016-10-19,3323.3,3316.24,-5.09,-0.15%,3309.83,3332.52,101167728,9635444.0,-
2016-10-20,3317.18,3318.6,2.36,0.07%,3312.17,3324.9,79238872,8248109.5,-
2016-10-21,3315.72,3327.74,9.14,0.28%,3309.18,3341.56,109785184,10711493.0,-
2016-10-24,3332.51,3367.58,39.84,1.20%,3330.97,3382.83,153014336,15006301.0,-
2016-10-25,3367.48,3367.45,-0.12,0.00%,3356.59,3373.91,111191696,11057651.0,-
2016-10-26,3365.2,3354.8,-12.65,-0.38%,3349.57,3367.83,98024784,10471932.0,-
2016-10-27,3351.46,3345.7,-9.11,-0.27%,3335.13,3352.35,77629848,8524101.0,-
2016-10-28,3347.14,3340.13,-5.57,-0.17%,3337.29,3370.75,93133312,10479797.0,-
2016-10-31,3332.41,3336.28,-3.85,-0.12%,3317.33,3340.47,71352864,8070182.5,-
2016-11-01,3338.71,3359.05,22.77,0.68%,3334.46,3359.39,74938200,8471768.0,-
2016-11-02,3350.71,3333.35,-25.7,-0.77%,3331.38,3356.4,91197104,10034899.0,-
2016-11-03,3326.9,3365.08,31.73,0.95%,3324.84,3379.99,126223504,13738647.0,-
2016-11-04,3362.21,3354.17,-10.91,-0.32%,3348.43,3377.64,104069656,11081377.0,-
2016-11-07,3353.44,3356.59,2.42,0.07%,3342.31,3362.74,99877992,9437087.0,-
2016-11-08,3367.7,3371.12,14.53,0.43%,3361.13,3383.92,103148280,10513826.0,-
2016-11-09,3370.6,3353.05,-18.06,-0.54%,3322.08,3373.1,139110064,14518691.0,-
2016-11-10,3374.91,3390.61,37.56,1.12%,3374.91,3403.02,134705536,13327740.0,-
2016-11-11,3387.95,3417.22,26.61,0.78%,3382.89,3422.67,198781504,19064728.0,-
2016-11-14,3409.22,3430.25,13.03,0.38%,3408.14,3452.62,213247104,20835332.0,-
2016-11-15,3428.87,3429.87,-0.38,-0.01%,3415.99,3434.92,134566320,13520677.0,-
2016-11-16,3432.43,3429.59,-0.28,-0.01%,3419.24,3435.64,129808504,12894460.0,-
2016-11-17,3423.47,3436.53,6.94,0.20%,3412.88,3437.67,121561736,12157688.0,-
2016-11-18,3437.49,3417.46,-19.08,-0.56%,3413.27,3443.12,115951208,11734561.0,-
2016-11-21,3412.65,3441.11,23.66,0.69%,3412.08,3463.14,146434528,14754259.0,-
2016-11-22,3443.22,3468.36,27.25,0.79%,3443.22,3469.22,168523456,16725067.0,-
2016-11-23,3473.9,3474.73,6.37,0.18%,3465.76,3492.96,162388496,17124710.0,-
2016-11-24,3468.81,3488.74,14.01,0.40%,3467.01,3508.16,145746304,16507145.0,-
2016-11-25,3490.04,3521.3,32.56,0.93%,3463.95,3521.3,153621504,16683218.0,-
2016-11-28,3538.68,3535.08,13.78,0.39%,3528.32,3553.36,207375488,21985976.0,-
2016-11-29,3525.9,3564.04,28.96,0.82%,3521.38,3583.72,236918352,24832282.0,-
2016-11-30,3557.64,3538.0,-26.04,-0.73%,3527.02,3567.07,178560192,19068124.0,-
2016-12-01,3543.96,3565.04,27.04,0.76%,3543.25,3575.97,180170752,19963774.0,-
2016-12-02,3559.77,3528.95,-36.08,-1.01%,3516.79,3562.55,196355488,20374216.0,-
2016-12-05,3473.69,3469.41,-59.55,-1.69%,3457.34,3496.88,180852352,19017506.0,-
2016-12-06,3466.24,3459.15,-10.25,-0.30%,3456.81,3477.59,115529096,12572775.0,-
2016-12-07,3458.37,3475.75,16.59,0.48%,3445.76,3475.75,114345104,11528219.0,-
2016-12-08,3481.81,3470.14,-5.6,-0.16%,3466.51,3484.34,117383928,11918851.0,-
2016-12-09,3464.87,3493.7,23.56,0.68%,3461.76,3507.93,150303296,15267486.0,-
2016-12-12,3489.27,3409.18,-84.52,-2.42%,3400.79,3495.8,187467760,19916354.0,-
2016-12-13,3394.21,3405.04,-4.14,-0.12%,3370.6,3416.21,121105104,12445419.0,-
2016-12-14,3399.41,3378.95,-26.09,-0.77%,3378.27,3412.28,124007744,12618267.0,-
2016-12-15,3363.86,3340.43,-38.51,-1.14%,3327.14,3378.04,114960664,12150782.0,-
2016-12-16,3335.36,3346.03,5.6,0.17%,3330.49,3356.29,90775416,9811221.0,-
2016-12-19,3342.34,3328.98,-17.05,-0.51%,3325.0,3344.86,81640680,8609569.0,-
2016-12-20,3328.3,3309.06,-19.92,-0.60%,3289.27,3329.1,87569592,8852735.0,-
2016-12-21,3313.75,3338.54,29.47,0.89%,3313.75,3342.48,108255000,10620549.0,-
2016-12-22,3335.12,3335.67,-2.86,-0.09%,3322.72,3340.36,92277248,9256488.0,-
2016-12-23,3333.4,3307.6,-28.07,-0.84%,3300.88,3334.89,97444712,9957547.0,-
2016-12-26,3293.22,3322.4,14.8,0.45%,3267.05,3322.42,89793984,9549322.0,-
2016-12-27,3319.21,3316.39,-6.02,-0.18%,3315.83,3330.23,75486360,7961713.0,-
2016-12-28,3315.75,3301.89,-14.5,-0.44%,3293.17,3320.55,69000440,7175984.0,-
2016-12-29,3297.04,3297.76,-4.12,-0.12%,3288.1,3312.11,70087920,7597296.0,-
2016-12-30,3302.6,3310.08,12.32,0.37%,3295.75,3313.55,71744120,7692137.5,-
2017-01-03,3313.95,3342.23,32.15,0.97%,3313.95,3345.26,86567896,8761277.0,-
2017-01-04,3340.56,3368.31,26.08,0.78%,3338.15,3369.57,90050824,9801436.0,-
2017-01-05,3368.34,3367.79,-0.52,-0.02%,3361.46,3373.41,88336352,9118934.0,-
2017-01-06,3366.85,3347.67,-20.12,-0.60%,3346.89,3368.87,87459112,9107226.0,-
2017-01-09,3345.75,3363.9,16.23,0.48%,3344.35,3366.22,83707936,8791612.0,-
2017-01-10,3361.64,3358.27,-5.63,-0.17%,3354.09,3370.51,83819160,8253396.5,-
2017-01-11,3355.8,3334.5,-23.78,-0.71%,3334.3,3366.63,91071440,8675045.0,-
2017-01-12,3332.69,3317.62,-16.87,-0.51%,3315.96,3343.13,81239136,7503189.0,-
2017-01-13,3317.96,3319.91,2.29,0.07%,3309.37,3338.17,84180584,8455610.0,-
2017-01-16,3314.15,3319.45,-0.47,-0.01%,3264.21,3322.78,157779136,15326252.0,-
2017-01-17,3305.6,3326.36,6.91,0.21%,3292.2,3327.38,69453328,7475450.5,-
2017-01-18,3323.34,3339.37,13.01,0.39%,3320.41,3350.96,70623224,7568068.0,-
2017-01-19,3330.95,3329.29,-10.08,-0.30%,3324.68,3346.5,66159812,6386971.0,-
2017-01-20,3326.98,3354.89,25.6,0.77%,3326.37,3358.41,65300460,7083132.5,-
2017-01-23,3359.05,3364.08,9.19,0.27%,3355.85,3378.74,75557496,7649266.0,-
2017-01-24,3363.14,3364.45,0.37,0.01%,3355.9,3371.32,66194228,6604965.0,-
2017-01-25,3361.66,3375.9,11.45,0.34%,3357.22,3376.44,58376928,6248339.5,-
2017-01-26,3378.26,3387.96,12.06,0.36%,3378.26,3395.88,65316648,6648882.0,-
2017-02-03,3390.93,3364.49,-23.47,-0.69%,3362.57,3392.48,55188860,5711385.5,-
2017-02-06,3368.11,3373.21,8.71,0.26%,3358.75,3381.33,68521360,7340813.5,-
2017-02-07,3371.77,3365.68,-7.52,-0.22%,3354.62,3376.71,63754460,6975818.0,-
2017-02-08,3361.78,3383.29,17.6,0.52%,3347.43,3383.69,75402880,8286974.0,-
2017-02-09,3381.9,3396.29,13.0,0.38%,3379.79,3406.59,97558520,10213423.0,-
2017-02-10,3398.32,3413.49,17.19,0.51%,3398.03,3422.33,123768720,12190858.0,-
2017-02-13,3416.92,3436.27,22.79,0.67%,3416.87,3439.54,120144536,12533300.0,-
2017-02-14,3438.51,3435.8,-0.47,-0.01%,3424.4,3440.67,94809464,9853717.0,-
2017-02-15,3435.39,3421.71,-14.09,-0.41%,3417.08,3448.03,127643344,12465318.0,-
2017-02-16,3421.83,3440.93,19.22,0.56%,3418.35,3440.93,108276960,10180977.0,-
2017-02-17,3443.62,3421.44,-19.49,-0.57%,3419.61,3457.56,114600040,11803313.0,-
2017-02-20,3421.64,3471.39,49.95,1.46%,3421.64,3472.6,132628856,13468150.0,-
2017-02-21,3475.06,3482.82,11.43,0.33%,3472.02,3490.09,114842008,12067543.0,-
2017-02-22,3483.2,3489.76,6.93,0.20%,3473.52,3489.95,102815992,10923242.0,-
2017-02-23,3487.57,3473.32,-16.43,-0.47%,3460.12,3492.96,99536336,10655592.0,-
2017-02-24,3468.96,3473.85,0.53,0.02%,3455.25,3473.85,95535136,9987517.0,-
2017-02-27,3471.13,3446.22,-27.63,-0.80%,3441.39,3472.84,98672160,10683087.0,-
2017-02-28,3445.03,3452.81,6.59,0.19%,3441.36,3460.91,75215256,8197931.0,-
2017-03-01,3452.21,3458.44,5.63,0.16%,3449.11,3472.7,103260352,10931778.0,-
2017-03-02,3463.48,3435.1,-23.34,-0.67%,3434.0,3468.47,89898080,9787619.0,-
2017-03-03,3424.66,3427.86,-7.23,-0.21%,3412.83,3428.88,80994656,9000962.0,-
2017-03-06,3427.25,3446.48,18.62,0.54%,3425.9,3449.03,83070880,9517855.0,-
2017-03-07,3446.16,3453.96,7.47,0.22%,3440.06,3454.04,80334720,9448382.0,-
2017-03-08,3452.2,3448.73,-5.23,-0.15%,3441.26,3457.04,79587688,8912490.0,-
2017-03-09,3442.9,3426.94,-21.79,-0.63%,3414.68,3443.05,84570384,9009005.0,-
2017-03-10,3423.98,3427.89,0.95,0.03%,3423.94,3436.24,70016200,8216171.5,-
2017-03-13,3425.67,3458.1,30.21,0.88%,3412.69,3458.1,91684128,10848914.0,-
2017-03-14,3456.66,3456.69,-1.4,-0.04%,3448.9,3465.39,77077968,9531757.0,-
2017-03-15,3452.21,3463.64,6.95,0.20%,3445.27,3463.92,79104952,9405626.0,-
2017-03-16,3472.27,3481.51,17.86,0.52%,3472.27,3492.13,106333912,12469558.0,-
2017-03-17,3485.31,3445.81,-35.7,-1.03%,3441.47,3488.5,103755560,12236892.0,-
2017-03-20,3449.05,3449.61,3.81,0.11%,3429.83,3454.06,88734320,10376941.0,-
2017-03-21,3449.77,3466.35,16.73,0.49%,3445.64,3466.7,87707856,11352820.0,-
2017-03-22,3450.75,3450.05,-16.3,-0.47%,3433.5,3464.33,104935896,12386564.0,-
2017-03-23,3452.41,3461.98,11.93,0.35%,3435.69,3470.82,94318056,11581381.0,-
2017-03-24,3464.2,3489.6,27.62,0.80%,3461.11,3499.32,125645832,14175253.0,-
2017-03-27,3488.76,3478.04,-11.56,-0.33%,3474.52,3505.98,107015376,12438802.0,-
2017-03-28,3480.25,3469.81,-8.23,-0.24%,3461.47,3482.29,84194824,9749594.0,-
2017-03-29,3472.97,3465.19,-4.62,-0.13%,3455.55,3483.06,104851704,11466346.0,-
2017-03-30,3461.62,3436.76,-28.44,-0.82%,3422.37,3467.3,116376928,12208802.0,-
2017-03-31,3434.82,3456.05,19.29,0.56%,3430.82,3456.31,91577488,10098491.0,-
2017-04-05,3476.42,3503.89,47.85,1.38%,3475.15,3504.54,143399008,16074298.0,-
2017-04-06,3507.99,3514.05,10.15,0.29%,3495.72,3517.78,136767008,14522165.0,-
2017-04-07,3514.45,3517.46,3.42,0.10%,3506.39,3526.81,140293200,14455967.0,-
2017-04-10,3519.46,3505.14,-12.32,-0.35%,3502.08,3522.8,141887376,15574783.0,-
2017-04-11,3503.83,3517.33,12.19,0.35%,3466.14,3520.13,165945840,18945726.0,-
2017-04-12,3514.57,3509.44,-7.89,-0.22%,3498.0,3523.1,181824528,20215458.0,-
2017-04-13,3500.28,3514.57,5.13,0.15%,3496.57,3518.44,129981808,13334593.0,-
2017-04-14,3516.81,3486.5,-28.06,-0.80%,3476.95,3517.47,135474080,13042539.0,-
2017-04-17,3475.74,3472.31,-14.2,-0.41%,3453.68,3478.94,105823128,11250183.0,-
2017-04-18,3474.89,3462.74,-17.2,-0.49%,3462.63,3489.08,110927824,12679085.0,-
2017-04-19,3452.99,3445.88,-16.87,-0.49%,3418.51,3459.35,121349264,12705036.0,-
2017-04-20,3444.52,3461.55,15.67,0.45%,3440.72,3465.61,114184216,13397726.0,-
2017-04-21,3461.39,3466.79,5.24,0.15%,3449.54,3475.56,104419112,11520883.0,-
2017-04-24,3458.23,3431.26,-35.53,-1.02%,3403.98,3458.23,114660792,12277816.0,-
2017-04-25,3427.73,3440.97,9.72,0.28%,3422.65,3449.67,94072144,10759936.0,-
2017-04-26,3440.25,3445.18,4.21,0.12%,3439.15,3466.57,111940024,13131658.0,-
2017-04-27,3435.1,3446.72,1.54,0.04%,3399.54,3449.27,123298424,13461094.0,-
2017-04-28,3439.57,3439.75,-6.97,-0.20%,3417.24,3439.9,101632352,11376101.0,-
2017-05-02,3427.92,3426.58,-13.18,-0.38%,3418.67,3436.31,92797464,10163586.0,-
2017-05-03,3421.76,3413.13,-13.45,-0.39%,3403.08,3432.22,91669624,9785412.0,-
2017-05-04,3404.94,3404.39,-8.74,-0.26%,3391.28,3421.4,103482072,10698596.0,-
2017-05-05,3393.48,3382.55,-21.84,-0.64%,3366.56,3395.45,109895328,11746494.0,-
2017-05-08,3369.11,3358.81,-23.74,-0.70%,3339.57,3374.16,123749280,12688543.0,-
2017-05-09,3342.6,3352.53,-6.28,-0.19%,3327.59,3358.05,76771664,8552883.0,-
2017-05-10,3350.65,3337.7,-14.83,-0.44%,3336.0,3369.43,92082624,10219498.0,-
2017-05-11,3322.95,3356.65,18.95,0.57%,3312.89,3359.6,109252896,11157638.0,-
2017-05-12,3350.94,3385.38,28.73,0.86%,3349.17,3387.27,93386464,9752212.0,-
2017-05-15,3391.59,3399.19,13.82,0.41%,3391.59,3406.58,82977616,9218333.0,-
2017-05-16,3390.93,3428.65,29.46,0.87%,3373.55,3428.85,105242416,11281410.0,-
2017-05-17,3423.19,3409.97,-18.68,-0.54%,3408.15,3433.97,99736832,11055345.0,-
2017-05-18,3387.67,3398.11,-11.85,-0.35%,3383.94,3409.93,85759592,8809116.0,-
2017-05-19,3395.23,3403.85,5.74,0.17%,3392.38,3405.94,71473528,7839708.0,-
2017-05-22,3400.59,3411.24,7.39,0.22%,3391.17,3424.18,92539552,9902112.0,-
2017-05-23,3405.03,3424.19,12.96,0.38%,3401.53,3434.77,116911032,12676786.0,-
2017-05-24,3409.72,3424.17,-0.03,0.00%,3383.89,3424.17,83553160,9262005.0,-
2017-05-25,3414.4,3485.66,61.49,1.80%,3413.22,3490.42,130721632,13663402.0,-
2017-05-26,3479.62,3480.43,-5.22,-0.15%,3473.04,3498.31,103241152,11258591.0,-
2017-05-31,3495.07,3492.88,12.45,0.36%,3474.92,3515.08,104829744,11596873.0,-
2017-06-01,3485.22,3497.74,4.85,0.14%,3476.43,3499.81,103127728,11608877.0,-
2017-06-02,3491.59,3486.51,-11.23,-0.32%,3470.2,3498.12,82668008,9285075.0,-
2017-06-05,3480.17,3468.75,-17.75,-0.51%,3462.31,3484.12,79738152,8560946.0,-
2017-06-06,3464.38,3492.88,24.13,0.70%,3460.45,3492.88,64089392,7786879.5,-
2017-06-07,3493.88,3533.87,40.99,1.17%,3491.13,3537.09,104419960,12418929.0,-
2017-06-08,3531.24,3560.98,27.11,0.77%,3528.18,3562.27,90224904,11203562.0,-
2017-06-09,3561.24,3576.17,15.19,0.43%,3560.63,3590.89,101188272,12170059.0,-
2017-06-12,3570.22,3574.39,-1.78,-0.05%,3565.9,3603.69,90381168,11769080.0,-
2017-06-13,3569.16,3582.27,7.88,0.22%,3559.21,3584.41,75177136,9422308.0,-
2017-06-14,3571.25,3535.3,-46.97,-1.31%,3530.27,3571.25,83810784,10610532.0,-
2017-06-15,3530.75,3528.79,-6.51,-0.18%,3508.95,3542.28,82632536,10605390.0,-
2017-06-16,3522.97,3518.76,-10.03,-0.28%,3514.39,3536.14,76452704,9146229.0,-
2017-06-19,3520.06,3553.67,34.9,0.99%,3520.06,3554.91,79797144,9857236.0,-
2017-06-20,3560.79,3546.49,-7.17,-0.20%,3539.51,3563.7,80509560,9818759.0,-
2017-06-21,3567.13,3587.96,41.46,1.17%,3545.57,3587.99,87859824,11714780.0,-
2017-06-22,3583.56,3590.34,2.39,0.07%,3581.34,3635.53,135526976,16941880.0,-
2017-06-23,3583.44,3622.88,32.54,0.91%,3569.32,3623.24,105129136,13397511.0,-
2017-06-26,3627.02,3668.09,45.21,1.25%,3627.02,3671.94,134638000,17073684.0,-
2017-06-27,3665.58,3674.72,6.62,0.18%,3648.76,3676.53,97558704,12305723.0,-
2017-06-28,3664.16,3646.17,-28.55,-0.78%,3644.03,3672.19,97920864,12446595.0,-
2017-06-29,3649.25,3668.83,22.66,0.62%,3644.73,3669.13,85589496,11184727.0,-
2017-06-30,3654.73,3666.8,-2.03,-0.06%,3646.23,3669.76,81510024,10245998.0,-
2017-07-03,3667.23,3650.85,-15.95,-0.44%,3633.78,3667.6,88820856,11521469.0,-
2017-07-04,3646.83,3619.98,-30.86,-0.85%,3611.69,3646.85,95071416,12535042.0,-
2017-07-05,3611.9,3659.68,39.7,1.10%,3610.46,3660.73,88232424,12035156.0,-
2017-07-06,3654.56,3660.1,0.42,0.01%,3629.56,3666.77,102379240,13283713.0,-
2017-07-07,3647.64,3655.93,-4.17,-0.11%,3631.87,3657.11,103735504,12346539.0,-
2017-07-10,3647.94,3653.69,-2.24,-0.06%,3641.53,3667.85,120591912,14103462.0,-
2017-07-11,3646.88,3670.81,17.12,0.47%,3645.99,3701.21,118760824,14508437.0,-
2017-07-12,3672.63,3658.82,-11.98,-0.33%,3640.59,3691.58,122287792,14349459.0,-
2017-07-13,3656.35,3686.92,28.1,0.77%,3652.57,3690.48,125669552,14638868.0,-
2017-07-14,3682.62,3703.09,16.17,0.44%,3672.74,3703.09,105514008,12102145.0,-
2017-07-17,3700.62,3663.56,-39.54,-1.07%,3621.37,3716.47,178821584,19621726.0,-
2017-07-18,3648.49,3667.18,3.62,0.10%,3622.04,3667.54,124622056,14147228.0,-
2017-07-19,3660.87,3729.75,62.57,1.71%,3658.2,3731.05,182477776,19839244.0,-
2017-07-20,3725.14,3747.88,18.14,0.49%,3723.07,3750.19,142410032,16926716.0,-
2017-07-21,3738.18,3728.6,-19.29,-0.51%,3722.07,3751.69,117941224,14143264.0,-
2017-07-24,3724.38,3743.47,14.87,0.40%,3719.85,3755.19,134868720,15470187.0,-
2017-07-25,3742.64,3719.56,-23.91,-0.64%,3713.28,3752.16,121672056,13353166.0,-
2017-07-26,3722.88,3705.39,-14.17,-0.38%,3684.18,3738.53,136325216,14651800.0,-
2017-07-27,3700.86,3712.19,6.81,0.18%,3672.5,3716.69,145002912,16163122.0,-
2017-07-28,3703.49,3721.89,9.7,0.26%,3696.78,3725.54,111411392,12581786.0,-
2017-07-31,3722.43,3737.87,15.98,0.43%,3713.66,3746.52,148429040,16089013.0,-
2017-08-01,3738.74,3770.38,32.51,0.87%,3737.1,3770.4,152546544,17312758.0,-
2017-08-02,3768.19,3760.85,-9.53,-0.25%,3759.28,3784.35,172293392,18933678.0,-
2017-08-03,3755.11,3727.83,-33.03,-0.88%,3718.44,3766.35,146153936,16471047.0,-
2017-08-04,3724.72,3707.58,-20.25,-0.54%,3707.0,3738.73,157470064,16829266.0,-
2017-08-07,3701.22,3726.79,19.22,0.52%,3689.96,3730.78,124231528,13434854.0,-
2017-08-08,3724.33,3732.21,5.42,0.15%,3718.81,3737.33,137241920,14648187.0,-
2017-08-09,3728.03,3731.04,-1.17,-0.03%,3713.57,3739.0,124679984,13722360.0,-
2017-08-10,3724.96,3715.92,-15.12,-0.41%,3688.18,3746.86,130085128,14800518.0,-
2017-08-11,3687.93,3647.35,-68.57,-1.85%,3645.09,3700.49,150387424,16108347.0,-
2017-08-14,3651.38,3694.68,47.33,1.30%,3651.38,3698.37,115308448,14023390.0,-
2017-08-15,3695.78,3706.06,11.37,0.31%,3692.28,3719.29,106444864,12479063.0,-
2017-08-16,3701.13,3701.42,-4.64,-0.13%,3679.73,3707.14,104134144,12728217.0,-
2017-08-17,3707.07,3721.28,19.86,0.54%,3704.41,3722.62,108656248,13702001.0,-
2017-08-18,3707.19,3724.67,3.4,0.09%,3700.41,3733.49,96561704,12307816.0,-
2017-08-21,3731.84,3740.99,16.32,0.44%,3728.62,3744.26,100313080,12391172.0,-
2017-08-22,3745.75,3752.3,11.3,0.30%,3734.56,3758.29,100292856,13113108.0,-
2017-08-23,3747.61,3756.09,3.79,0.10%,3741.72,3772.46,104961576,12408115.0,-
2017-08-24,3755.89,3734.65,-21.44,-0.57%,3729.09,3765.71,89947368,10773602.0,-
2017-08-25,3736.29,3795.75,61.11,1.64%,3736.29,3795.97,129940896,15069708.0,-
2017-08-28,3805.66,3842.71,46.96,1.24%,3805.66,3866.94,185576320,23644628.0,-
2017-08-29,3839.18,3834.54,-8.17,-0.21%,3825.76,3847.93,128227072,15897869.0,-
2017-08-30,3834.27,3834.3,-0.24,-0.01%,3827.86,3854.71,141352864,16623513.0,-
2017-08-31,3835.84,3822.09,-12.21,-0.32%,3800.89,3840.2,132944936,15707921.0,-
2017-09-01,3825.34,3830.54,8.45,0.22%,3818.16,3843.62,158645520,18277044.0,-
2017-09-04,3828.54,3845.62,15.08,0.39%,3813.55,3847.09,149566320,17555108.0,-
2017-09-05,3845.55,3857.05,11.43,0.30%,3841.95,3865.29,124964160,14577975.0,-
2017-09-06,3846.75,3849.45,-7.6,-0.20%,3831.38,3858.25,131398728,15588331.0,-
2017-09-07,3851.69,3829.87,-19.58,-0.51%,3828.83,3858.16,123884184,15611340.0,-
2017-09-08,3830.07,3825.99,-3.88,-0.10%,3813.98,3843.02,106036504,13495859.0,-
2017-09-11,3828.34,3825.65,-0.34,-0.01%,3817.51,3850.74,123884000,15479390.0,-
2017-09-12,3832.24,3837.93,12.29,0.32%,3822.0,3849.39,144190240,18760532.0,-
2017-09-13,3835.55,3842.61,4.67,0.12%,3822.94,3847.78,95410784,12625436.0,-
2017-09-14,3843.57,3829.96,-12.65,-0.33%,3820.09,3854.49,115358584,14311163.0,-
2017-09-15,3826.14,3831.3,1.34,0.04%,3818.52,3843.3,122427000,15347722.0,-
2017-09-18,3832.96,3843.14,11.85,0.31%,3832.96,3862.36,117934408,15284103.0,-
2017-09-19,3849.88,3832.12,-11.03,-0.29%,3820.29,3857.3,112432992,14552846.0,-
2017-09-20,3830.15,3842.44,10.32,0.27%,3827.89,3850.94,101129544,13504188.0,-
2017-09-21,3843.26,3837.82,-4.62,-0.12%,3837.38,3860.8,111098192,14413290.0,-
2017-09-22,3826.46,3837.73,-0.09,0.00%,3816.82,3842.25,100619808,12836090.0,-
2017-09-25,3829.22,3817.79,-19.94,-0.52%,3811.12,3835.39,103948976,13598024.0,-
2017-09-26,3810.33,3820.78,2.99,0.08%,3808.38,3821.69,81869408,10103634.0,-
2017-09-27,3818.96,3821.2,0.42,0.01%,3818.81,3832.57,85655816,10929949.0,-
2017-09-28,3821.59,3822.54,1.34,0.04%,3813.75,3827.33,93544072,11564634.0,-
2017-09-29,3825.2,3836.5,13.96,0.37%,3825.2,3852.22,93306032,11605678.0,-
2017-10-09,3910.11,3882.21,45.71,1.19%,3876.03,3918.84,135535856,17194146.0,-
2017-10-10,3883.0,3889.86,7.66,0.20%,3855.47,3900.74,112532584,15797974.0,-
2017-10-11,3886.82,3902.69,12.82,0.33%,3885.5,3913.07,104418152,14415274.0,-
2017-10-12,3902.02,3912.95,10.27,0.26%,3897.55,3917.44,94340928,12314725.0,-
2017-10-13,3912.98,3921.0,8.05,0.21%,3908.89,3927.17,90142064,11431485.0,-
2017-10-16,3926.28,3913.45,-7.56,-0.19%,3913.32,3947.42,121355032,15082376.0,-
2017-10-17,3910.79,3913.07,-0.38,-0.01%,3900.48,3924.61,82241232,10670845.0,-
2017-10-18,3914.82,3944.16,31.09,0.79%,3914.82,3944.41,100969840,12642038.0,-
2017-10-19,3940.58,3931.25,-12.91,-0.33%,3923.65,3944.03,106527256,13318985.0,-
2017-10-20,3918.53,3926.85,-4.4,-0.11%,3910.2,3928.96,72980176,9452963.0,-
2017-10-23,3930.89,3930.8,3.95,0.10%,3920.66,3936.27,81484976,10028091.0,-
2017-10-24,3926.23,3959.4,28.6,0.73%,3922.03,3959.5,93058152,12019215.0,-
2017-10-25,3958.17,3976.95,17.55,0.44%,3954.0,3978.09,88205456,10682031.0,-
2017-10-26,3980.05,3993.58,16.63,0.42%,3973.55,4013.6,129895464,17048862.0,-
2017-10-27,3992.55,4021.97,28.39,0.71%,3991.35,4024.46,126672848,15297484.0,-
2017-10-30,4022.16,4009.72,-12.25,-0.30%,3960.27,4033.34,157387600,19348984.0,-
2017-10-31,3995.39,4006.72,-3.0,-0.07%,3983.26,4009.28,109178776,14289720.0,-
2017-11-01,4007.91,3996.62,-10.1,-0.25%,3991.32,4032.46,130417376,16647714.0,-
2017-11-02,3994.09,3997.13,0.51,0.01%,3971.38,3999.23,126100584,15198136.0,-
2017-11-03,3992.35,3992.7,-4.44,-0.11%,3963.03,3999.34,129404440,15814205.0,-
2017-11-06,3989.18,4020.89,28.19,0.71%,3975.41,4021.64,122081160,15891186.0,-
2017-11-07,4022.4,4054.25,33.36,0.83%,4021.36,4064.22,152116672,19399096.0,-
2017-11-08,4051.49,4048.01,-6.24,-0.15%,4040.58,4089.15,150827712,20094974.0,-
2017-11-09,4043.07,4075.9,27.89,0.69%,4038.4,4076.61,121056336,15924720.0,-
2017-11-10,4070.28,4111.91,36.01,0.88%,4067.66,4116.71,141817168,19886982.0,-
2017-11-13,4115.55,4128.07,16.16,0.39%,4115.55,4137.65,151446320,20593080.0,-
2017-11-14,4129.27,4099.35,-28.72,-0.70%,4086.89,4133.55,143236928,19960502.0,-
2017-11-15,4084.21,4073.67,-25.68,-0.63%,4055.72,4102.81,120635696,17775308.0,-
2017-11-16,4063.49,4105.01,31.34,0.77%,4062.27,4107.62,121384416,17290388.0,-
2017-11-17,4094.08,4120.85,15.84,0.39%,4081.37,4122.38,191784128,25307930.0,-
2017-11-20,4093.73,4143.83,22.98,0.56%,4060.96,4144.51,137447264,19158962.0,-
2017-11-21,4131.85,4217.7,73.87,1.78%,4129.98,4220.26,180350816,25330220.0,-
2017-11-22,4228.37,4227.57,9.87,0.23%,4191.15,4260.64,186476992,25429836.0,-
2017-11-23,4213.38,4102.4,-125.17,-2.96%,4086.9,4214.19,178147232,23753670.0,-
2017-11-24,4089.47,4104.2,1.81,0.04%,4057.49,4116.59,130858032,18291218.0,-
2017-11-27,4088.93,4049.95,-54.26,-1.32%,4037.15,4088.93,143455280,18300454.0,-
2017-11-28,4034.21,4055.82,5.88,0.15%,4010.3,4056.48,102058096,13553965.0,-
2017-11-29,4061.35,4053.75,-2.07,-0.05%,4004.69,4069.24,124553648,16574335.0,-
2017-11-30,4034.01,4006.1,-47.65,-1.18%,3988.0,4052.8,107983352,14582995.0,-
2017-12-01,4003.56,3998.14,-7.96,-0.20%,3984.38,4027.11,97386912,13601092.0,-
2017-12-04,3989.05,4018.86,20.72,0.52%,3982.32,4032.99,102647216,13822306.0,-
2017-12-05,4007.94,4040.17,21.31,0.53%,4006.54,4045.93,154087072,19633766.0,-
2017-12-06,4027.12,4015.82,-24.35,-0.60%,3964.81,4031.75,109286208,14411496.0,-
2017-12-07,4003.58,3971.06,-44.76,-1.11%,3955.99,4017.95,90254048,11965121.0,-
2017-12-08,3962.83,4003.38,32.32,0.81%,3955.44,4014.14,89282856,12437123.0,-
2017-12-11,4006.88,4069.5,66.12,1.65%,4005.27,4069.5,97148952,14847659.0,-
2017-12-12,4068.51,4016.02,-53.48,-1.31%,4015.45,4070.15,84338720,12351518.0,-
2017-12-13,4013.83,4050.09,34.08,0.85%,4004.74,4052.69,77546136,11500638.0,-
2017-12-14,4050.9,4026.15,-23.94,-0.59%,4013.85,4057.62,80768864,11508694.0,-
2017-12-15,4018.73,3980.86,-45.3,-1.13%,3974.93,4020.27,89044384,11847415.0,-
2017-12-18,3983.3,3985.29,4.44,0.11%,3967.93,4008.07,77853376,11172435.0,-
2017-12-19,3985.82,4035.33,50.04,1.26%,3985.82,4035.63,77528984,11599820.0,-
2017-12-20,4036.02,4030.49,-4.84,-0.12%,4015.63,4044.85,90604504,12681288.0,-
2017-12-21,4023.08,4067.85,37.36,0.93%,4014.65,4080.78,96836088,13781952.0,-
2017-12-22,4064.91,4054.6,-13.25,-0.33%,4048.49,4076.8,73473688,10442650.0,-
2017-12-25,4057.42,4041.54,-13.06,-0.32%,4026.45,4086.93,91926960,12993884.0,-
2017-12-26,4040.62,4053.62,12.08,0.30%,4015.3,4056.86,91118784,11972510.0,-
2017-12-27,4045.28,3991.21,-62.41,-1.54%,3986.74,4047.74,105153576,14051690.0,-
2017-12-28,3993.0,4018.9,27.69,0.69%,3980.24,4036.7,118542888,15363670.0,-
2017-12-29,4022.88,4030.85,11.96,0.30%,4012.88,4043.14,90486680,12125704.0,-
2018-01-02,4045.21,4087.4,56.55,1.40%,4045.21,4087.78,146935440,17840204.0,-
2018-01-03,4091.46,4111.39,23.99,0.59%,4088.73,4140.05,151852224,20572690.0,-
2018-01-04,4114.12,4128.81,17.42,0.42%,4105.89,4137.64,134543792,17452356.0,-
2018-01-05,4133.34,4138.75,9.94,0.24%,4123.28,4151.28,149009872,18520630.0,-
2018-01-08,4140.85,4160.16,21.41,0.52%,4127.31,4166.32,173877664,22640388.0,-
2018-01-09,4157.54,4189.3,29.14,0.70%,4153.5,4191.28,139034304,18197508.0,-
2018-01-10,4187.2,4207.81,18.52,0.44%,4175.14,4211.05,151121664,19485026.0,-
2018-01-11,4197.11,4205.59,-2.23,-0.05%,4181.96,4211.8,121578536,17040732.0,-
2018-01-12,4205.14,4225.0,19.41,0.46%,4199.02,4227.39,111354800,15760622.0,-
2018-01-15,4229.84,4225.24,0.24,0.01%,4216.36,4262.93,170907888,23498658.0,-
2018-01-16,4215.62,4258.47,33.23,0.79%,4213.13,4260.21,161494960,22827122.0,-
2018-01-17,4261.78,4248.12,-10.36,-0.24%,4230.54,4283.34,214311040,28455436.0,-
2018-01-18,4259.38,4271.42,23.3,0.55%,4246.68,4292.64,172032832,22528968.0,-
2018-01-19,4281.94,4285.4,13.98,0.33%,4269.62,4316.57,209490576,25855472.0,-
2018-01-22,4276.48,4336.6,51.2,1.19%,4275.9,4338.48,174643200,23396022.0,-
2018-01-23,4346.89,4382.61,46.02,1.06%,4346.79,4383.57,201867584,25711336.0,-
2018-01-24,4389.45,4389.89,7.27,0.17%,4349.09,4397.82,219818880,28447080.0,-
2018-01-25,4381.98,4365.08,-24.81,-0.57%,4336.24,4392.2,195374944,25030808.0,-
2018-01-26,4352.22,4381.3,16.22,0.37%,4351.49,4403.34,177227248,22333130.0,-
2018-01-29,4387.06,4302.02,-79.28,-1.81%,4287.11,4395.91,191100352,25617632.0,-
2018-01-30,4286.68,4256.1,-45.92,-1.07%,4251.57,4308.51,139034720,18665056.0,-
2018-01-31,4234.11,4275.9,19.8,0.47%,4232.77,4287.86,145210160,19440180.0,-
2018-02-01,4276.34,4245.9,-30.0,-0.70%,4214.29,4287.39,190002928,23923030.0,-
2018-02-02,4213.94,4271.23,25.33,0.60%,4181.78,4271.76,146066832,19116988.0,-
2018-02-05,4204.46,4274.15,2.91,0.07%,4200.14,4274.15,161347792,21736014.0,-
2018-02-06,4182.33,4148.89,-125.26,-2.93%,4131.56,4211.52,214910448,27941510.0,-
2018-02-07,4205.74,4050.5,-98.39,-2.37%,4048.42,4212.57,203127504,26150702.0,-
2018-02-08,4022.88,4012.05,-38.45,-0.95%,3974.68,4071.67,159269984,19906176.0,-
2018-02-09,3896.17,3840.65,-171.39,-4.27%,3759.15,3911.29,206349824,24677482.0,-
2018-02-12,3846.27,3890.1,49.45,1.29%,3828.07,3907.84,116182640,14985804.0,-
2018-02-13,3925.6,3935.63,45.53,1.17%,3925.6,3986.98,112565880,14447935.0,-
2018-02-14,3945.09,3966.96,31.33,0.80%,3923.13,3971.4,71081336,9311020.0,-
2018-02-22,4020.97,4052.73,85.77,2.16%,4009.92,4058.79,105811568,13833436.0,-
2018-02-23,4061.75,4071.09,18.36,0.45%,4035.23,4085.2,99458744,12819584.0,-
2018-02-26,4093.4,4118.42,47.33,1.16%,4048.98,4128.74,137881008,17901310.0,-
2018-02-27,4120.87,4058.98,-59.44,-1.44%,4051.81,4120.87,125934472,16968490.0,-
2018-02-28,4016.79,4023.64,-35.34,-0.87%,3991.71,4051.71,109343592,15249392.0,-
2018-03-01,3994.87,4049.09,25.44,0.63%,3986.89,4061.03,110199848,14600346.0,-
2018-03-02,4014.95,4016.46,-32.63,-0.81%,4006.94,4044.42,96165000,13093118.0,-
2018-03-05,4021.66,4018.1,1.64,0.04%,3995.87,4042.83,87952544,11819786.0,-
2018-03-06,4034.99,4066.56,48.47,1.21%,3998.93,4067.55,138762448,17137066.0,-
2018-03-07,4063.5,4036.65,-29.91,-0.74%,4027.94,4089.7,106952424,13657231.0,-
2018-03-08,4038.95,4077.6,40.95,1.01%,4029.71,4078.23,91155816,12363464.0,-
2018-03-09,4088.07,4108.87,31.27,0.77%,4076.45,4110.67,113701808,15002413.0,-
2018-03-12,4130.71,4127.67,18.8,0.46%,4112.77,4139.53,140906736,19036760.0,-
2018-03-13,4124.33,4091.25,-36.41,-0.88%,4087.56,4130.28,111766424,14117416.0,-
2018-03-14,4076.06,4073.34,-17.91,-0.44%,4066.49,4089.09,99013408,13153796.0,-
2018-03-15,4058.71,4096.16,22.82,0.56%,4058.71,4098.99,88161160,12688246.0,-
2018-03-16,4096.89,4056.42,-39.74,-0.97%,4055.82,4110.04,84896192,12212534.0,-
2018-03-19,4054.62,4074.25,17.83,0.44%,4033.52,4074.52,81502880,11818381.0,-
2018-03-20,4045.74,4077.7,3.46,0.08%,4040.31,4080.19,80605280,11198023.0,-
2018-03-21,4097.02,4061.05,-16.65,-0.41%,4046.24,4110.12,97609496,13933040.0,-
2018-03-22,4062.07,4020.35,-40.7,-1.00%,4003.72,4072.38,89095264,12766434.0,-
2018-03-23,3896.74,3904.94,-115.41,-2.87%,3834.94,3928.51,180080448,21890504.0,-
2018-03-26,3862.69,3879.89,-25.04,-0.64%,3829.92,3883.9,115139120,15660453.0,-
2018-03-27,3927.49,3913.27,33.38,0.86%,3881.87,3936.78,113700712,16229155.0,-
2018-03-28,3865.05,3842.72,-70.55,-1.80%,3835.88,3907.28,101494904,15584895.0,-
2018-03-29,3854.59,3894.05,51.33,1.34%,3794.26,3913.96,116629064,16499678.0,-
2018-03-30,3893.75,3898.5,4.45,0.11%,3879.21,3915.35,97512272,13795928.0,-
2018-04-02,3897.01,3886.92,-11.58,-0.30%,3882.89,3937.02,111242672,15935608.0,-
2018-04-03,3850.15,3862.48,-24.44,-0.63%,3839.93,3878.15,95137376,13204994.0,-
2018-04-04,3873.63,3854.86,-7.62,-0.20%,3852.5,3898.61,88730616,13159307.0,-
2018-04-09,3851.95,3852.93,-1.93,-0.05%,3827.41,3870.67,84105464,11816727.0,-
2018-04-10,3860.72,3927.17,74.24,1.93%,3851.8,3927.42,106173728,13794130.0,-
2018-04-11,3934.17,3938.34,11.17,0.28%,3924.96,3958.71,111933024,13998929.0,-
2018-04-12,3935.67,3898.64,-39.71,-1.01%,3896.18,3937.78,82699488,10807557.0,-
2018-04-13,3920.74,3871.14,-27.49,-0.71%,3866.19,3929.95,71544200,9892182.0,-
2018-04-16,3862.47,3808.86,-62.28,-1.61%,3789.61,3869.16,99217768,13156687.0,-
2018-04-17,3812.87,3748.64,-60.22,-1.58%,3745.44,3822.63,90610792,12651876.0,-
2018-04-18,3785.31,3766.28,17.64,0.47%,3708.11,3789.66,106676704,14307767.0,-
2018-04-19,3774.78,3811.84,45.56,1.21%,3767.8,3824.03,99054056,12752012.0,-
2018-04-20,3801.21,3760.85,-50.99,-1.34%,3750.1,3815.44,99282920,12355066.0,-
2018-04-23,3754.69,3766.33,5.47,0.15%,3735.18,3787.4,90356296,11176303.0,-
2018-04-24,3769.88,3843.49,77.16,2.05%,3769.88,3854.43,114219520,14570052.0,-
2018-04-25,3824.59,3828.7,-14.79,-0.38%,3817.03,3838.69,78172608,10575045.0,-
2018-04-26,3823.39,3755.49,-73.21,-1.91%,3744.89,3828.71,87150640,12577231.0,-
2018-04-27,3771.04,3756.88,1.38,0.04%,3714.64,3776.98,89531728,14211362.0,-
2018-05-02,3769.93,3763.65,6.77,0.18%,3744.55,3787.3,83301032,12008348.0,-
2018-05-03,3756.17,3793.0,29.35,0.78%,3732.37,3797.53,93961112,12274017.0,-
2018-05-04,3784.32,3774.6,-18.4,-0.49%,3770.94,3801.52,71554288,9831526.0,-
2018-05-07,3782.54,3834.19,59.59,1.58%,3776.03,3834.59,87286192,12635480.0,-
2018-05-08,3834.61,3878.68,44.49,1.16%,3833.73,3892.07,94215160,13544586.0,-
2018-05-09,3876.13,3871.62,-7.06,-0.18%,3855.74,3878.94,66712964,9232290.0,-
2018-05-10,3882.84,3893.06,21.44,0.55%,3867.31,3894.49,70667808,10325514.0,-
2018-05-11,3902.15,3872.84,-20.22,-0.52%,3871.95,3903.34,73356608,10771546.0,-
2018-05-14,3886.87,3909.29,36.46,0.94%,3886.87,3919.3,81976000,12252005.0,-
2018-05-15,3920.14,3924.1,14.8,0.38%,3892.92,3924.34,76049560,10609191.0,-
2018-05-16,3909.82,3892.84,-31.25,-0.80%,3889.19,3923.34,71913648,10653393.0,-
2018-05-17,3895.49,3864.05,-28.79,-0.74%,3858.85,3899.51,59030124,8710417.0,-
2018-05-18,3860.16,3903.06,39.01,1.01%,3841.9,3903.06,72613952,9682385.0,-
2018-05-21,3925.54,3921.24,18.18,0.47%,3913.6,3937.46,92641744,12052872.0,-
2018-05-22,3918.82,3906.21,-15.03,-0.38%,3881.17,3918.82,75368776,10288334.0,-
2018-05-23,3898.27,3854.58,-51.63,-1.32%,3854.58,3898.27,83722320,11068450.0,-
2018-05-24,3853.29,3827.22,-27.37,-0.71%,3823.92,3859.1,68345024,9340822.0,-
2018-05-25,3823.74,3816.5,-10.72,-0.28%,3804.14,3841.12,70836384,9566754.0,-
2018-05-28,3816.26,3833.26,16.76,0.44%,3799.32,3846.55,71521128,10000164.0,-
2018-05-29,3824.19,3804.01,-29.25,-0.76%,3800.67,3841.78,81552664,11728858.0,-
2018-05-30,3755.18,3723.37,-80.64,-2.12%,3722.07,3767.89,87913288,11585897.0,-
2018-05-31,3749.3,3802.38,79.0,2.12%,3742.53,3804.79,92666888,13054542.0,-
2018-06-01,3789.67,3770.59,-31.79,-0.84%,3753.84,3802.54,77821816,10593486.0,-
2018-06-04,3785.19,3807.58,36.99,0.98%,3776.62,3813.41,76624344,11514647.0,-
2018-06-05,3811.29,3845.32,37.74,0.99%,3800.93,3845.56,78687360,12126147.0,-
2018-06-06,3839.68,3837.35,-7.97,-0.21%,3830.9,3848.33,73117232,10714205.0,-
2018-06-07,3846.94,3831.01,-6.34,-0.17%,3827.69,3859.85,80256152,11236571.0,-
2018-06-08,3819.45,3779.62,-51.4,-1.34%,3759.27,3819.46,83337336,10781880.0,-
2018-06-11,3770.21,3779.98,0.37,0.01%,3756.51,3792.55,68709832,10559793.0,-
2018-06-12,3783.19,3825.95,45.97,1.22%,3765.26,3830.47,73206248,11621714.0,-
2018-06-13,3814.62,3788.34,-37.61,-0.98%,3782.07,3817.45,66377968,9718550.0,-
2018-06-14,3774.64,3773.37,-14.97,-0.40%,3759.25,3808.16,68471320,9923401.0,-
2018-06-15,3763.04,3753.43,-19.93,-0.53%,3737.43,3780.34,85488888,10953490.0,-
2018-06-19,3702.67,3621.12,-132.32,-3.53%,3583.02,3712.82,160706544,19384880.0,-
2018-06-20,3602.55,3635.44,14.33,0.40%,3578.17,3649.34,86718096,11280481.0,-
2018-06-21,3633.56,3592.97,-42.48,-1.17%,3589.49,3673.56,93908552,11558415.0,-
2018-06-22,3567.89,3608.9,15.94,0.44%,3542.46,3609.08,75117864,8968729.0,-
2018-06-25,3625.8,3560.48,-48.43,-1.34%,3559.03,3631.03,79877080,10669035.0,-
2018-06-26,3521.59,3531.11,-29.37,-0.82%,3478.21,3541.78,84985264,10813216.0,-
2018-06-27,3525.13,3459.26,-71.85,-2.03%,3441.78,3537.66,81491816,10762890.0,-
2018-06-28,3434.94,3423.53,-35.74,-1.03%,3416.95,3477.06,75918048,9857053.0,-
2018-06-29,3431.96,3510.98,87.46,2.55%,3425.22,3512.38,77257032,9761636.0,-
2018-07-02,3504.46,3407.96,-103.02,-2.93%,3383.5,3506.9,84351448,10760154.0,-
2018-07-03,3410.48,3409.28,1.32,0.04%,3319.29,3422.04,95278696,12989802.0,-
2018-07-04,3398.78,3363.75,-45.53,-1.34%,3359.09,3418.33,75157992,9364856.0,-
2018-07-05,3365.55,3342.44,-21.31,-0.63%,3330.71,3398.49,81587984,9754462.0,-
2018-07-06,3347.06,3365.12,22.68,0.68%,3295.73,3396.25,86097584,10948194.0,-
2018-07-09,3378.91,3459.18,94.06,2.80%,3378.91,3459.32,76601544,10091886.0,-
2018-07-10,3464.91,3467.52,8.33,0.24%,3437.27,3474.14,69548824,9012744.0,-
2018-07-11,3398.93,3407.53,-59.99,-1.73%,3375.14,3427.57,72040952,8966151.0,-
2018-07-12,3403.33,3481.06,73.53,2.16%,3403.33,3499.1,96353568,11780551.0,-
2018-07-13,3488.5,3492.69,11.63,0.33%,3474.91,3499.76,72955896,9980019.0,-
2018-07-16,3488.97,3472.09,-20.6,-0.59%,3459.73,3506.24,68282000,9075429.0,-
2018-07-17,3466.42,3449.38,-22.71,-0.65%,3420.97,3467.19,61983080,8572056.0,-
2018-07-18,3456.61,3431.32,-18.05,-0.52%,3430.16,3479.26,66530328,8855687.0,-
2018-07-19,3444.8,3428.34,-2.98,-0.09%,3417.96,3466.51,68477720,8880491.0,-
2018-07-20,3426.46,3492.89,64.55,1.88%,3398.95,3505.93,101984728,12219695.0,-
2018-07-23,3471.86,3525.75,32.86,0.94%,3464.65,3527.53,119036632,14396093.0,-
2018-07-24,3530.66,3581.71,55.96,1.59%,3530.66,3596.51,156912432,17744896.0,-
2018-07-25,3589.51,3577.75,-3.95,-0.11%,3566.31,3589.98,96758496,11217669.0,-
2018-07-26,3583.32,3536.25,-41.51,-1.16%,3528.64,3593.92,90349640,10557728.0,-
2018-07-27,3533.77,3521.23,-15.02,-0.42%,3512.7,3545.41,70178104,8119217.5,-
2018-07-30,3520.85,3515.08,-6.15,-0.17%,3489.55,3550.9,82117000,9618310.0,-
2018-07-31,3510.47,3517.66,2.58,0.07%,3493.15,3528.15,67980816,8002215.0,-
2018-08-01,3530.03,3447.39,-70.27,-2.00%,3446.78,3543.61,90348616,10747721.0,-
2018-08-02,3434.35,3370.96,-76.43,-2.22%,3322.1,3434.35,101308720,12240128.0,-
2018-08-03,3366.66,3315.28,-55.67,-1.65%,3315.2,3381.34,70796904,9139599.0,-
2018-08-06,3312.82,3273.27,-42.01,-1.27%,3257.69,3344.25,77975080,9751799.0,-
2018-08-07,3284.98,3368.87,95.6,2.92%,3263.5,3368.96,91783912,10751223.0,-
2018-08-08,3362.15,3314.51,-54.36,-1.61%,3311.77,3368.16,79284864,9095891.0,-
2018-08-09,3303.48,3397.53,83.02,2.50%,3299.62,3408.39,91957576,10880232.0,-
2018-08-10,3398.41,3405.02,7.49,0.22%,3380.57,3424.04,68967304,8563452.0,-
2018-08-13,3369.98,3390.34,-14.68,-0.43%,3336.7,3396.19,76191536,9086929.0,-
2018-08-14,3386.48,3372.91,-17.43,-0.51%,3356.61,3391.73,60651448,7212199.0,-
2018-08-15,3371.96,3291.98,-80.94,-2.40%,3288.71,3372.14,68174056,8340219.5,-
2018-08-16,3251.86,3276.73,-15.25,-0.46%,3231.56,3315.2,76547360,8926917.0,-
2018-08-17,3305.9,3229.62,-47.11,-1.44%,3224.1,3311.57,67395416,8445245.0,-
2018-08-20,3238.22,3267.25,37.63,1.17%,3209.01,3267.25,70904224,8896338.0,-
2018-08-21,3271.84,3326.65,59.4,1.82%,3270.03,3331.71,75205584,9792584.0,-
2018-08-22,3328.97,3307.95,-18.69,-0.56%,3299.39,3328.97,50787056,6654853.5,-
2018-08-23,3308.46,3320.03,12.07,0.36%,3285.81,3336.11,61112336,8021278.5,-
2018-08-24,3308.48,3325.33,5.31,0.16%,3291.87,3353.04,63765900,7719784.5,-
2018-08-27,3339.39,3406.57,81.24,2.44%,3339.26,3406.57,94270088,11496097.0,-
2018-08-28,3408.15,3400.17,-6.4,-0.19%,3388.81,3416.59,75445360,9494595.0,-
2018-08-29,3393.05,3386.57,-13.6,-0.40%,3377.12,3398.71,67020404,7907229.5,-
2018-08-30,3385.81,3351.09,-35.48,-1.05%,3349.47,3402.56,68385288,8022605.0,-
2018-08-31,3333.38,3334.5,-16.59,-0.50%,3310.87,3356.58,76205632,9609189.0,-
2018-09-03,3320.69,3321.82,-12.68,-0.38%,3291.78,3325.61,66429856,8130568.0,-
2018-09-04,3324.19,3363.9,42.07,1.27%,3307.96,3370.96,67088808,8589204.0,-
2018-09-05,3349.7,3298.14,-65.76,-1.95%,3298.14,3354.2,64301884,8065668.0,-
2018-09-06,3286.66,3262.88,-35.26,-1.07%,3253.76,3311.5,62300288,7937314.0,-
2018-09-07,3273.89,3277.64,14.76,0.45%,3253.73,3316.61,63947408,8126344.5,-
2018-09-10,3271.38,3230.07,-47.58,-1.45%,3227.85,3277.88,63817052,7617558.0,-
2018-09-11,3229.71,3224.21,-5.86,-0.18%,3209.11,3245.62,58491304,6772211.5,-
2018-09-12,3216.99,3202.02,-22.19,-0.69%,3194.98,3225.6,54627900,6888702.0,-
2018-09-13,3239.69,3236.57,34.54,1.08%,3191.4,3249.59,67290328,8588796.0,-
2018-09-14,3242.83,3242.09,5.52,0.17%,3227.94,3254.1,60130640,7648121.0,-
2018-09-17,3224.93,3204.92,-37.17,-1.15%,3200.51,3230.79,52259548,6065094.0,-
2018-09-18,3193.64,3269.43,64.51,2.01%,3193.64,3270.11,70425040,8389914.0,-
2018-09-19,3262.0,3312.48,43.05,1.32%,3258.31,3335.99,89170664,10939543.0,-
2018-09-20,3314.88,3310.13,-2.36,-0.07%,3303.07,3332.31,64561056,7666084.0,-
2018-09-21,3320.7,3410.49,100.36,3.03%,3307.77,3410.49,108416000,12357312.0,-
2018-09-25,3375.97,3379.8,-30.68,-0.90%,3367.03,3394.38,69054696,8287002.5,-
2018-09-26,3388.56,3417.24,37.44,1.11%,3383.24,3448.26,93173344,11911332.0,-
2018-09-27,3415.95,3403.59,-13.65,-0.40%,3394.73,3423.71,69765240,8757330.0,-
2018-09-28,3409.96,3438.86,35.27,1.04%,3404.7,3444.99,84377752,9488028.0,-
2018-10-08,3361.56,3290.9,-147.97,-4.30%,3285.25,3364.46,97888992,11416422.0,-
2018-10-09,3290.17,3288.69,-2.21,-0.07%,3276.13,3309.8,66723272,7837294.0,-
2018-10-10,3295.43,3281.6,-7.09,-0.22%,3256.58,3315.73,64492824,7916681.0,-
2018-10-11,3179.54,3124.11,-157.48,-4.80%,3099.04,3209.52,120941344,12572308.0,-
2018-10-12,3123.37,3170.73,46.61,1.49%,3094.97,3184.12,98611152,10442308.0,-
2018-10-15,3173.85,3126.45,-44.27,-1.40%,3120.23,3183.13,69605024,7713770.0,-
2018-10-16,3128.58,3100.97,-25.48,-0.81%,3089.37,3166.09,68887720,7520647.0,-
2018-10-17,3140.68,3118.25,17.27,0.56%,3062.55,3149.13,76837144,8613270.0,-
2018-10-18,3097.79,3044.39,-73.85,-2.37%,3043.38,3097.79,73771968,7970373.0,-
2018-10-19,3017.75,3134.95,90.55,2.97%,3009.5,3137.75,98839688,11095137.0,-
2018-10-22,3159.56,3270.27,135.33,4.32%,3159.56,3297.38,145862048,17065130.0,-
2018-10-23,3273.13,3183.43,-86.85,-2.66%,3163.57,3276.02,121013240,14258918.0,-
2018-10-24,3169.46,3188.2,4.78,0.15%,3164.29,3245.4,110909744,12095439.0,-
2018-10-25,3107.84,3194.31,6.11,0.19%,3099.89,3197.32,106951816,11329175.0,-
2018-10-26,3204.28,3173.64,-20.67,-0.65%,3151.92,3218.1,101299352,10607037.0,-
2018-10-29,3157.49,3076.89,-96.75,-3.05%,3062.58,3158.81,91839784,10847949.0,-
2018-10-30,3061.93,3110.26,33.37,1.08%,3050.77,3146.63,116070104,13176710.0,-
2018-10-31,3116.66,3153.82,43.56,1.40%,3106.03,3168.92,111207456,11709970.0,-
2018-11-01,3185.2,3177.03,23.21,0.74%,3173.1,3217.8,132653384,14591931.0,-
2018-11-02,3258.61,3290.25,113.21,3.56%,3222.44,3290.25,153466096,17834064.0,-
2018-11-05,3269.47,3262.84,-27.41,-0.83%,3230.36,3279.88,109706680,12363092.0,-
2018-11-06,3254.98,3243.15,-19.68,-0.60%,3213.9,3254.98,83869136,9170389.0,-
2018-11-07,3243.88,3221.91,-21.24,-0.65%,3218.42,3270.5,91615528,10181492.0,-
2018-11-08,3251.73,3212.77,-9.14,-0.28%,3207.71,3253.57,76414544,8522166.0,-
2018-11-09,3193.3,3167.44,-45.33,-1.41%,3166.31,3193.3,84282760,8819420.0,-
2018-11-12,3160.25,3205.14,37.7,1.19%,3152.44,3206.51,88062392,9736305.0,-
2018-11-13,3164.92,3237.38,32.24,1.01%,3161.1,3254.77,126493464,12560305.0,-
2018-11-14,3233.64,3204.94,-32.44,-1.00%,3200.23,3239.24,113808664,10538657.0,-
2018-11-15,3201.28,3242.37,37.43,1.17%,3198.78,3242.38,98558816,10011919.0,-
2018-11-16,3242.88,3257.67,15.3,0.47%,3223.72,3282.39,126876832,13537980.0,-
2018-11-19,3258.79,3294.6,36.93,1.13%,3251.07,3294.6,115956592,12318878.0,-
2018-11-20,3268.08,3218.41,-76.2,-2.31%,3213.68,3278.78,109361152,11415507.0,-
2018-11-21,3187.1,3226.49,8.08,0.25%,3185.24,3230.26,84119728,8781328.0,-
2018-11-22,3232.97,3214.43,-12.06,-0.37%,3199.7,3235.45,65098292,7008337.0,-
2018-11-23,3208.59,3143.48,-70.95,-2.21%,3139.39,3212.2,84638256,8686495.0,-
2018-11-26,3148.67,3141.24,-2.23,-0.07%,3131.64,3169.44,59379140,6189948.0,-
2018-11-27,3152.77,3137.24,-4.0,-0.13%,3126.29,3162.01,55407832,6194626.0,-
2018-11-28,3137.75,3178.93,41.69,1.33%,3126.62,3179.41,74881952,7762055.0,-
2018-11-29,3198.83,3137.65,-41.28,-1.30%,3137.65,3204.86,80498464,8692761.0,-
2018-11-30,3136.2,3172.69,35.04,1.12%,3132.42,3175.15,70921040,7729769.5,-
2018-12-03,3260.69,3260.95,88.26,2.78%,3228.36,3273.64,121487152,14582841.0,-
2018-12-04,3256.23,3267.71,6.76,0.21%,3243.7,3267.94,79415040,9054360.0,-
2018-12-05,3224.26,3252.0,-15.71,-0.48%,3219.98,3266.9,76153056,9090909.0,-
2018-12-06,3218.11,3181.67,-70.33,-2.16%,3179.89,3223.52,76328768,9567888.0,-
2018-12-07,3187.49,3181.56,-0.11,0.00%,3176.71,3193.82,53361924,6632397.0,-
2018-12-10,3153.52,3144.76,-36.8,-1.16%,3134.38,3170.15,63437272,7371720.5,-
2018-12-11,3148.23,3159.82,15.05,0.48%,3143.61,3161.96,53223876,6001497.0,-
2018-12-12,3181.57,3170.61,10.79,0.34%,3160.28,3182.21,53309916,6053622.0,-
2018-12-13,3178.89,3219.69,49.08,1.55%,3169.42,3234.08,90442752,10337548.0,-
2018-12-14,3207.35,3165.91,-53.78,-1.67%,3165.91,3210.72,84301248,9157690.0,-
2018-12-17,3158.28,3161.2,-4.71,-0.15%,3134.37,3167.51,66497008,7715149.5,-
2018-12-18,3139.95,3128.43,-32.77,-1.04%,3114.47,3165.0,63820320,7203545.0,-
2018-12-19,3133.74,3091.13,-37.3,-1.19%,3086.76,3137.01,55522300,6787292.5,-
2018-12-20,3083.54,3067.42,-23.71,-0.77%,3044.29,3097.72,69749464,7818142.5,-
2018-12-21,3055.33,3029.4,-38.02,-1.24%,3007.61,3057.4,76758104,8482406.0,-
2018-12-24,3015.5,3038.2,8.8,0.29%,3007.33,3040.35,57299616,6388074.0,-
2018-12-25,3006.88,3017.28,-20.92,-0.69%,2964.88,3030.14,78689424,8041356.5,-
2018-12-26,3012.87,3002.03,-15.25,-0.51%,2996.48,3029.06,55647032,5857497.0,-
2018-12-27,3042.95,2990.51,-11.53,-0.38%,2990.51,3047.23,80541784,8115926.5,-
2018-12-28,2994.79,3010.65,20.15,0.67%,2984.82,3024.35,71053776,7814530.5,-
2019-01-02,3017.07,2969.54,-41.12,-1.37%,2958.49,3018.78,68663016,7610557.0,-
2019-01-07,3055.15,3054.3,18.43,0.61%,3035.91,3061.75,101164360,10570394.0,-
2019-01-08,3049.87,3047.7,-6.6,-0.22%,3038.53,3055.51,86170584,7962888.5,-
2019-01-09,3065.23,3078.48,30.77,1.01%,3062.85,3117.96,107364352,11712968.0,-
2019-01-10,3077.48,3072.69,-5.79,-0.19%,3062.57,3092.54,85271760,9020687.0,-
2019-01-11,3082.26,3094.78,22.09,0.72%,3071.03,3102.83,71786424,7742024.0,-
2019-01-14,3092.5,3067.78,-26.99,-0.87%,3064.38,3097.41,66121704,6811597.0,-
2019-01-15,3071.52,3127.99,60.21,1.96%,3064.67,3129.37,88772968,9997689.0,-
2019-01-16,3126.13,3128.65,0.66,0.02%,3117.29,3135.01,80214336,8578159.0,-
2019-01-17,3132.63,3111.42,-17.23,-0.55%,3110.06,3141.71,80174872,8288820.5,-
2019-01-18,3124.5,3168.17,56.76,1.82%,3120.35,3171.69,103963832,10678066.0,-
2019-01-21,3170.88,3185.64,17.46,0.55%,3170.88,3199.21,93915024,10553699.0,-
2019-01-22,3181.95,3143.32,-42.32,-1.33%,3135.34,3181.95,72990528,7815087.5,-
2019-01-23,3136.1,3141.05,-2.26,-0.07%,3131.87,3157.63,59870480,6266965.0,-
2019-01-24,3146.6,3158.78,17.73,0.56%,3125.3,3165.63,72934632,8096388.0,-
2019-01-25,3165.18,3184.47,25.69,0.81%,3164.41,3203.17,83967728,9320795.0,-
2019-01-28,3203.12,3183.78,-0.69,-0.02%,3174.72,3228.87,82622432,9737150.0,-
2019-01-29,3177.26,3193.97,10.19,0.32%,3148.23,3200.99,77658336,8594391.0,-
2019-01-30,3181.66,3168.48,-25.49,-0.80%,3167.89,3202.9,63746520,7300512.0,-
2019-01-31,3182.7,3201.63,33.15,1.05%,3178.01,3216.07,86247840,9750992.0,-
2019-02-01,3225.73,3247.4,45.76,1.43%,3207.72,3247.5,82019640,9476642.0,-
2019-02-11,3239.81,3306.47,59.08,1.82%,3239.81,3307.06,98818440,11475236.0,-
2019-02-12,3306.35,3330.34,23.86,0.72%,3298.63,3335.36,122232464,12283410.0,-
2019-02-13,3337.78,3397.03,66.69,2.00%,3329.14,3405.58,163828336,16886626.0,-
2019-02-14,3392.85,3402.14,5.11,0.15%,3381.98,3415.4,151127280,13864929.0,-
2019-02-15,3391.24,3338.7,-63.44,-1.86%,3335.87,3395.03,143668608,14155506.0,-
2019-02-18,3366.42,3445.74,107.04,3.21%,3366.42,3445.74,182886096,18044974.0,-
2019-02-19,3454.72,3439.61,-6.14,-0.18%,3419.07,3480.79,179083776,18576274.0,-
2019-02-20,3449.93,3451.93,12.32,0.36%,3421.5,3463.77,147390304,14557027.0,-
2019-02-21,3450.14,3442.71,-9.22,-0.27%,3431.63,3500.25,180143296,18519716.0,-
2019-02-22,3439.38,3520.12,77.41,2.25%,3417.98,3520.12,187237968,20286930.0,-
2019-02-25,3575.85,3729.48,209.36,5.95%,3574.69,3729.48,342557120,37638240.0,-
2019-02-26,3734.71,3684.69,-44.79,-1.20%,3679.27,3762.11,358038688,38763284.0,-
2019-02-27,3682.81,3678.39,-6.3,-0.17%,3638.33,3737.63,286236032,30730614.0,-
2019-02-28,3675.26,3669.37,-9.02,-0.25%,3650.05,3695.46,184810224,20601096.0,-
2019-03-01,3699.22,3749.71,80.34,2.19%,3668.77,3749.71,204710992,23562064.0,-
2019-03-04,3783.04,3794.1,44.39,1.18%,3764.78,3886.58,323490112,37639728.0,-
2019-03-05,3785.38,3816.01,21.91,0.58%,3770.79,3816.16,230853168,26146412.0,-
2019-03-06,3822.86,3848.09,32.08,0.84%,3787.52,3855.16,318077376,33115560.0,-
2019-03-07,3841.15,3808.85,-39.24,-1.02%,3778.8,3845.18,329846528,35933916.0,-
2019-03-08,3721.4,3657.58,-151.27,-3.97%,3656.19,3774.54,317990080,34929668.0,-
2019-03-11,3663.98,3729.95,72.38,1.98%,3650.81,3731.91,230912864,26871846.0,-
2019-03-12,3758.32,3755.35,25.4,0.68%,3723.68,3804.72,274926400,32518062.0,-
2019-03-13,3758.71,3724.19,-31.16,-0.83%,3708.81,3763.09,233682240,28617104.0,-
2019-03-14,3710.29,3698.49,-25.71,-0.69%,3673.85,3747.82,190817232,23182014.0,-
2019-03-15,3713.94,3745.0,46.52,1.26%,3713.94,3782.24,175174560,22419436.0,-
2019-03-18,3753.64,3851.75,106.74,2.85%,3733.68,3851.75,216928048,27647344.0,-
2019-03-19,3856.59,3833.96,-17.79,-0.46%,3815.22,3868.33,181727104,22409690.0,-
2019-03-20,3825.34,3835.44,1.48,0.04%,3790.51,3855.15,175632096,21540700.0,-
2019-03-21,3840.28,3836.89,1.45,0.04%,3823.47,3864.07,196310304,23199344.0,-
2019-03-22,3838.13,3833.8,-3.09,-0.08%,3786.59,3845.58,171356992,19851840.0,-
2019-03-25,3776.44,3742.83,-90.98,-2.37%,3741.61,3807.18,198586320,22339656.0,-
2019-03-26,3766.53,3700.44,-42.39,-1.13%,3687.55,3770.84,173046576,19654780.0,-
2019-03-27,3724.41,3743.39,42.95,1.16%,3703.45,3750.26,138758448,17750754.0,-
2019-03-28,3731.06,3728.4,-14.99,-0.40%,3710.08,3755.72,133272128,17260440.0,-
2019-03-29,3739.77,3872.34,143.95,3.86%,3739.77,3876.38,215639104,28302230.0,-
2019-04-01,3901.17,3973.93,101.59,2.62%,3901.17,3982.91,271382720,34079940.0,-
2019-04-02,3986.34,3971.29,-2.64,-0.07%,3956.51,3988.1,226000336,28189206.0,-
2019-04-03,3947.87,4022.16,50.87,1.28%,3939.78,4026.5,231917360,28482650.0,-
2019-04-04,4039.74,4062.23,40.07,1.00%,4021.71,4072.11,260410944,31353942.0,-
2019-04-08,4097.1,4057.23,-5.0,-0.12%,4017.49,4122.6,267505584,32467046.0,-
2019-04-09,4063.81,4075.43,18.2,0.45%,4038.28,4084.24,182956816,24318790.0,-
2019-04-10,4062.44,4085.85,10.42,0.26%,4035.47,4115.38,194687616,27828202.0,-
2019-04-11,4083.46,3997.58,-88.27,-2.16%,3990.24,4097.12,169049648,23625916.0,-
2019-04-12,3986.78,3988.62,-8.96,-0.22%,3961.46,4006.93,135862112,17879594.0,-
2019-04-15,4056.49,3975.52,-13.09,-0.33%,3974.23,4085.39,182645568,23629872.0,-
2019-04-16,3958.1,4085.79,110.26,2.77%,3943.49,4085.79,202041952,25056922.0,-
2019-04-17,4080.72,4087.24,1.45,0.04%,4057.5,4106.62,180367120,22882444.0,-
2019-04-18,4085.11,4072.08,-15.16,-0.37%,4056.24,4094.05,146562112,18781270.0,-
2019-04-19,4076.3,4120.61,48.53,1.19%,4046.2,4120.64,150794912,19470168.0,-
2019-04-22,4125.97,4025.61,-95.0,-2.31%,4015.47,4126.09,189353744,24438054.0,-
2019-04-23,4021.63,4019.01,-6.61,-0.16%,4005.28,4061.09,155611648,20412150.0,-
2019-04-24,4033.63,4030.09,11.08,0.28%,3967.81,4044.34,145498688,18649796.0,-
2019-04-25,4013.6,3941.82,-88.27,-2.19%,3938.33,4022.56,159722064,19753100.0,-
2019-04-26,3921.89,3889.27,-52.54,-1.33%,3887.25,3943.83,142008064,18657214.0,-
2019-04-29,3896.58,3900.33,11.06,0.28%,3875.45,3953.23,153870928,20394656.0,-
2019-04-30,3887.18,3913.21,12.88,0.33%,3885.15,3923.11,116233376,16166593.0,-
2019-05-06,3775.08,3684.62,-228.59,-5.84%,3647.14,3791.61,197472896,25411540.0,-
2019-05-07,3702.27,3720.67,36.05,0.98%,3671.83,3738.18,132847656,18365916.0,-
2019-05-08,3648.55,3667.46,-53.21,-1.43%,3642.5,3722.93,112867360,14505848.0,-
2019-05-09,3637.35,3599.7,-67.76,-1.85%,3584.82,3656.9,101037392,14182910.0,-
2019-05-10,3643.06,3730.45,130.75,3.63%,3589.29,3732.92,148003856,19506716.0,-
2019-05-13,3675.76,3668.73,-61.73,-1.65%,3658.0,3702.9,103391856,13505393.0,-
2019-05-14,3630.44,3645.15,-23.58,-0.64%,3630.44,3683.26,102313464,13526287.0,-
2019-05-15,3674.99,3727.09,81.94,2.25%,3674.99,3741.04,110161768,15253455.0,-
2019-05-16,3720.04,3743.96,16.87,0.45%,3707.9,3745.14,116258272,13985194.0,-
2019-05-17,3744.88,3648.76,-95.2,-2.54%,3637.58,3745.36,128453240,15409236.0,-
2019-05-20,3635.74,3617.79,-30.97,-0.85%,3583.83,3644.5,108963480,13419427.0,-
2019-05-21,3619.44,3666.78,48.98,1.35%,3610.68,3690.09,111022920,13307138.0,-
2019-05-22,3663.15,3649.38,-17.4,-0.47%,3634.75,3679.27,98346128,12177524.0,-
2019-05-23,3629.53,3583.96,-65.42,-1.79%,3578.11,3631.47,99897784,12561197.0,-
2019-05-24,3584.9,3593.91,9.95,0.28%,3580.79,3623.39,80934048,10133750.0,-
2019-05-27,3592.6,3637.2,43.28,1.20%,3556.26,3648.03,108830872,13339905.0,-
2019-05-28,3633.02,3672.26,35.06,0.96%,3627.79,3683.23,117886240,14896634.0,-
2019-05-29,3642.54,3663.91,-8.35,-0.23%,3637.35,3693.23,93355440,12000204.0,-
2019-05-30,3648.85,3641.18,-22.73,-0.62%,3612.62,3650.97,94202560,11286408.0,-
2019-05-31,3641.0,3629.79,-11.39,-0.31%,3627.54,3668.18,89222264,10826420.0,-
2019-06-03,3640.61,3632.01,2.22,0.06%,3613.13,3672.81,100723176,12390244.0,-
2019-06-04,3632.56,3598.47,-33.55,-0.92%,3584.46,3636.13,87097096,10946724.0,-
2019-06-05,3627.79,3597.1,-1.36,-0.04%,3593.95,3634.45,88642016,11463423.0,-
2019-06-06,3601.04,3564.68,-32.43,-0.90%,3557.02,3601.04,85534400,10436727.0,-
2019-06-10,3578.01,3610.74,46.07,1.29%,3568.28,3623.73,92375064,11734661.0,-
2019-06-11,3617.52,3719.28,108.53,3.01%,3617.52,3723.14,143482816,18089906.0,-
2019-06-12,3706.86,3691.1,-28.18,-0.76%,3683.94,3711.88,119178856,13229610.0,-
2019-06-13,3689.58,3685.39,-5.7,-0.15%,3654.27,3697.59,96331712,11045990.0,-
2019-06-14,3690.48,3654.88,-30.51,-0.83%,3650.91,3709.65,101817008,11658426.0,-
2019-06-17,3654.44,3654.82,-0.06,0.00%,3645.5,3683.77,72976672,9309258.0,-
2019-06-18,3661.13,3667.62,12.79,0.35%,3638.78,3675.65,70692264,8947284.0,-
2019-06-19,3761.34,3715.94,48.32,1.32%,3715.13,3771.35,125595720,17257418.0,-
2019-06-20,3718.94,3828.52,112.58,3.03%,3717.19,3845.79,168872064,22772698.0,-
2019-06-21,3832.73,3833.94,5.42,0.14%,3817.31,3856.09,153635152,19996162.0,-
2019-06-24,3836.31,3841.27,7.33,0.19%,3819.77,3853.55,100084624,14364474.0,-
2019-06-25,3837.43,3801.31,-39.96,-1.04%,3755.01,3838.06,124075912,16935878.0,-
2019-06-26,3779.51,3794.33,-6.98,-0.18%,3771.72,3809.76,81820280,11210686.0,-
2019-06-27,3807.54,3834.82,40.49,1.07%,3805.83,3854.08,105316360,15648342.0,-
2019-06-28,3832.06,3825.59,-9.23,-0.24%,3803.05,3835.23,84766144,11651205.0,-
2019-07-01,3899.33,3935.81,110.22,2.88%,3886.91,3936.67,158370352,21747026.0,-
2019-07-02,3931.05,3937.17,1.36,0.03%,3918.94,3942.43,131863504,17399704.0,-
2019-07-03,3927.44,3893.53,-43.64,-1.11%,3878.84,3927.44,111992608,16314573.0,-
2019-07-04,3895.2,3873.1,-20.43,-0.52%,3854.69,3906.89,99342256,14266925.0,-
2019-07-05,3875.37,3893.2,20.1,0.52%,3857.93,3900.31,74006528,11623653.0,-
2019-07-08,3875.75,3802.79,-90.41,-2.32%,3775.03,3875.75,109539080,14719843.0,-
2019-07-09,3798.1,3793.13,-9.66,-0.25%,3774.76,3811.1,74842728,11314760.0,-
2019-07-10,3807.95,3786.74,-6.39,-0.17%,3774.23,3810.4,72833944,10135548.0,-
2019-07-11,3806.19,3785.22,-1.52,-0.04%,3774.41,3830.74,75311968,11367462.0,-
2019-07-12,3783.07,3808.73,23.51,0.62%,3774.52,3820.24,75465968,10700793.0,-
2019-07-15,3792.64,3824.19,15.46,0.41%,3745.85,3844.87,101205216,14249304.0,-
2019-07-16,3819.25,3806.84,-17.34,-0.45%,3799.87,3828.33,80730952,10844969.0,-
2019-07-17,3800.11,3804.64,-2.21,-0.06%,3787.9,3820.27,95183880,11676678.0,-
2019-07-18,3793.19,3768.4,-36.24,-0.95%,3768.0,3793.39,87496448,11166936.0,-
2019-07-19,3787.51,3807.96,39.55,1.05%,3787.51,3828.15,88086152,11779753.0,-
2019-07-22,3813.5,3781.68,-26.27,-0.69%,3765.44,3816.54,92101376,11781045.0,-
2019-07-23,3783.54,3789.91,8.23,0.22%,3768.76,3792.96,71313344,10386661.0,-
2019-07-24,3803.59,3819.83,29.92,0.79%,3803.57,3840.06,90940680,12994059.0,-
2019-07-25,3821.39,3851.07,31.23,0.82%,3812.95,3851.07,93740424,12589951.0,-
2019-07-26,3835.23,3858.57,7.5,0.19%,3832.52,3863.59,83259296,11092973.0,-
2019-07-29,3857.94,3854.27,-4.3,-0.11%,3842.43,3862.75,84814368,11167911.0,-
2019-07-30,3861.57,3870.32,16.05,0.42%,3861.57,3890.73,94123952,12048028.0,-
2019-07-31,3856.75,3835.36,-34.96,-0.90%,3830.09,3856.75,82151152,11108390.0,-
2019-08-01,3819.32,3803.47,-31.89,-0.83%,3791.55,3831.26,84114184,11764916.0,-
2019-08-02,3729.13,3747.44,-56.03,-1.47%,3720.06,3754.53,108335896,14187479.0,-
2019-08-05,3724.41,3675.69,-71.75,-1.91%,3675.69,3739.5,101325976,13306110.0,-
2019-08-06,3609.11,3636.33,-39.36,-1.07%,3575.86,3649.9,129833872,16726748.0,-
2019-08-07,3654.63,3621.43,-14.9,-0.41%,3621.43,3659.08,84238712,10866767.0,-
2019-08-08,3651.36,3669.29,47.86,1.32%,3646.94,3675.46,88457704,11498162.0,-
2019-08-09,3686.75,3633.53,-35.76,-0.97%,3628.12,3689.18,85295584,11635569.0,-
2019-08-12,3647.87,3699.1,65.58,1.80%,3643.32,3699.1,82083056,12112935.0,-
2019-08-13,3675.59,3665.75,-33.35,-0.90%,3658.01,3686.43,76500304,10376432.0,-
2019-08-14,3712.07,3682.4,16.65,0.45%,3680.61,3717.56,91202592,12830167.0,-
2019-08-15,3618.01,3694.0,11.6,0.31%,3612.11,3694.3,88598832,11924108.0,-
2019-08-16,3697.94,3710.54,16.54,0.45%,3687.08,3738.1,88319168,13269691.0,-
2019-08-19,3736.03,3791.09,80.56,2.17%,3720.69,3791.09,139327024,19544894.0,-
2019-08-20,3786.03,3787.73,-3.36,-0.09%,3778.73,3799.9,108602088,14911534.0,-
2019-08-21,3778.31,3781.76,-5.97,-0.16%,3775.45,3792.6,82299880,12168851.0,-
2019-08-22,3793.86,3793.51,11.75,0.31%,3771.2,3797.33,85807792,12070814.0,-
2019-08-23,3796.88,3820.86,27.36,0.72%,3788.03,3829.36,87954584,13780215.0,-
2019-08-26,3756.36,3765.91,-54.95,-1.44%,3753.16,3778.87,93859264,14235099.0,-
2019-08-27,3791.46,3816.95,51.04,1.36%,3790.87,3848.24,124731472,18174878.0,-
2019-08-28,3818.81,3802.58,-14.36,-0.38%,3790.14,3822.59,88750808,13766728.0,-
2019-08-29,3805.49,3790.19,-12.4,-0.33%,3774.4,3808.6,84083392,12647567.0,-
2019-08-30,3816.68,3799.59,9.4,0.25%,3778.92,3828.97,96695152,15240867.0,-
2019-09-02,3803.69,3848.32,48.73,1.28%,3799.82,3855.78,110289344,16499447.0,-
2019-09-03,3852.58,3853.61,5.29,0.14%,3833.76,3856.68,97714624,14627063.0,-
2019-09-04,3848.65,3886.0,32.39,0.84%,3846.42,3886.0,126628616,17683974.0,-
2019-09-05,3909.21,3925.32,39.32,1.01%,3909.21,3970.0,181656224,24468122.0,-
2019-09-06,3946.69,3948.51,23.18,0.59%,3922.34,3948.54,121882376,18171826.0,-
2019-09-09,3980.96,3972.95,24.44,0.62%,3954.88,3985.24,146809760,20954538.0,-
2019-09-10,3976.87,3959.26,-13.68,-0.34%,3938.74,3976.92,130889392,18449434.0,-
2019-09-11,3969.68,3930.1,-29.17,-0.74%,3922.95,3971.22,131594872,19016500.0,-
2019-09-12,3944.69,3972.38,42.28,1.08%,3933.44,3975.93,110241272,15675066.0,-
2019-09-16,3981.36,3957.72,-14.66,-0.37%,3943.37,3982.2,110259808,15473656.0,-
2019-09-17,3947.16,3891.22,-66.49,-1.68%,3879.49,3947.16,113694320,15489930.0,-
2019-09-18,3902.99,3910.08,18.86,0.48%,3902.51,3923.15,82056152,13015956.0,-
2019-09-19,3923.96,3924.38,14.3,0.37%,3897.07,3924.38,85984232,12742179.0,-
2019-09-20,3933.46,3935.65,11.27,0.29%,3921.41,3942.22,103455960,15316260.0,-
2019-09-23,3925.19,3890.66,-44.99,-1.14%,3868.21,3925.19,94036224,13922350.0,-
2019-09-24,3895.87,3901.08,10.41,0.27%,3886.14,3927.01,87783232,14234141.0,-
2019-09-25,3887.55,3870.98,-30.09,-0.77%,3867.23,3889.84,89520832,13322446.0,-
2019-09-26,3884.7,3841.14,-29.84,-0.77%,3840.25,3890.75,102698304,15080676.0,-
2019-09-27,3843.46,3852.65,11.51,0.30%,3832.25,3859.5,74003944,10913048.0,-
2019-09-30,3842.07,3814.53,-38.13,-0.99%,3813.55,3857.23,65931316,10048727.0,-
2019-10-08,3818.59,3837.68,23.15,0.61%,3818.59,3861.64,76657856,11836568.0,-
2019-10-09,3822.61,3843.24,5.56,0.14%,3805.07,3845.34,75854512,11240621.0,-
2019-10-10,3838.49,3874.64,31.4,0.82%,3829.43,3877.14,79222688,12747404.0,-
2019-10-11,3885.52,3911.73,37.09,0.96%,3868.84,3922.37,93412576,13981730.0,-
2019-10-14,3944.86,3953.24,41.52,1.06%,3934.73,3983.81,122393608,16785712.0,-
2019-10-15,3953.16,3936.25,-16.99,-0.43%,3928.15,3953.16,85273952,12511710.0,-
2019-10-16,3939.28,3922.69,-13.56,-0.34%,3919.02,3964.05,83229704,12855853.0,-
2019-10-17,3929.39,3925.22,2.54,0.06%,3913.92,3935.81,64863744,9999185.0,-
2019-10-18,3935.42,3869.38,-55.84,-1.42%,3864.97,3940.54,82321144,12218692.0,-
2019-10-21,3865.34,3880.84,11.46,0.30%,3856.04,3884.74,74182920,11085823.0,-
2019-10-22,3896.31,3895.88,15.04,0.39%,3870.55,3897.44,68918560,10284337.0,-
2019-10-23,3892.68,3871.08,-24.8,-0.64%,3862.2,3901.42,70198624,9973360.0,-
2019-10-24,3877.92,3870.67,-0.42,-0.01%,3852.58,3890.2,71334576,10509695.0,-
2019-10-25,3871.77,3896.79,26.12,0.67%,3849.03,3899.72,77453616,12667748.0,-
2019-10-28,3904.98,3926.58,29.79,0.76%,3897.82,3927.8,97406024,15076221.0,-
2019-10-29,3929.71,3910.23,-16.36,-0.42%,3910.23,3932.37,82257072,13961142.0,-
2019-10-30,3904.72,3891.23,-19.0,-0.49%,3883.45,3908.1,77872920,12261050.0,-
2019-10-31,3906.86,3886.75,-4.47,-0.11%,3878.88,3907.15,86714544,13501243.0,-
2019-11-01,3883.81,3952.39,65.64,1.69%,3876.42,3956.08,100689616,15147106.0,-
2019-11-04,3964.01,3978.12,25.73,0.65%,3964.01,3985.36,104193856,15448536.0,-
2019-11-05,3982.12,4002.81,24.69,0.62%,3970.87,4030.64,112911880,16331786.0,-
2019-11-06,4006.33,3984.88,-17.93,-0.45%,3973.78,4007.5,97312952,13985977.0,-
2019-11-07,3984.55,3991.88,6.99,0.18%,3975.55,4005.38,87254896,11775155.0,-
2019-11-08,4017.67,3973.01,-18.86,-0.47%,3971.57,4022.04,97106944,13902668.0,-
2019-11-11,3948.62,3902.98,-70.03,-1.76%,3897.55,3948.62,94155624,13033008.0,-
2019-11-12,3905.96,3903.69,0.71,0.02%,3877.74,3914.88,76543072,10882824.0,-
2019-11-13,3905.28,3899.98,-3.71,-0.09%,3882.43,3908.42,76749080,11205715.0,-
2019-11-14,3905.93,3905.86,5.88,0.15%,3895.14,3916.95,87008448,11979157.0,-
2019-11-15,3908.49,3877.09,-28.77,-0.74%,3877.09,3915.1,83730920,11542302.0,-
2019-11-18,3874.44,3907.93,30.84,0.80%,3868.32,3913.1,76645992,10708582.0,-
2019-11-19,3904.1,3947.04,39.11,1.00%,3902.38,3947.04,82161024,12322717.0,-
2019-11-20,3940.13,3907.86,-39.18,-0.99%,3901.99,3943.23,76815336,11800306.0,-
2019-11-21,3894.54,3889.6,-18.27,-0.47%,3875.97,3901.83,69130536,10414777.0,-
2019-11-22,3894.17,3849.99,-39.6,-1.02%,3833.5,3918.84,91042640,14698116.0,-
2019-11-25,3850.97,3878.21,28.21,0.73%,3839.42,3878.25,106066288,14085107.0,-
2019-11-26,3893.43,3891.65,13.45,0.35%,3869.59,3899.11,111513536,14021363.0,-
2019-11-27,3883.43,3875.62,-16.03,-0.41%,3862.7,3889.98,76437304,10723883.0,-
2019-11-28,3877.9,3862.3,-13.32,-0.34%,3852.01,3887.69,65230120,8708179.0,-
2019-11-29,3857.19,3828.67,-33.63,-0.87%,3804.83,3861.66,74144336,11620055.0,-
2019-12-02,3835.51,3836.06,7.39,0.19%,3829.31,3854.75,77412176,10999259.0,-
2019-12-03,3829.21,3851.09,15.03,0.39%,3811.63,3851.12,73611240,10870371.0,-
2019-12-04,3841.66,3849.82,-1.27,-0.03%,3831.07,3852.99,79683384,10964634.0,-
2019-12-05,3863.61,3879.36,29.54,0.77%,3859.82,3883.4,89051200,12935759.0,-
2019-12-06,3885.06,3902.39,23.02,0.59%,3878.7,3902.39,78648888,11642478.0,-
2019-12-09,3909.53,3895.45,-6.94,-0.18%,3885.25,3911.97,95353808,13087310.0,-
2019-12-10,3886.44,3900.38,4.94,0.13%,3882.09,3900.96,86262928,12111841.0,-
2019-12-11,3907.16,3902.75,2.36,0.06%,3890.34,3909.39,99765480,12769040.0,-
2019-12-12,3908.45,3891.02,-11.72,-0.30%,3886.12,3908.45,84708328,11787431.0,-
2019-12-13,3928.0,3968.22,77.2,1.98%,3925.28,3969.46,148571344,20101888.0,-
2019-12-16,3970.71,3987.55,19.33,0.49%,3953.51,3987.59,148486672,20215490.0,-
2019-12-17,3987.74,4041.8,54.25,1.36%,3984.52,4067.14,201162944,25163786.0,-
2019-12-18,4039.72,4032.78,-9.02,-0.22%,4025.34,4057.64,151351760,19762020.0,-
2019-12-19,4034.62,4027.15,-5.63,-0.14%,4014.9,4038.54,117900552,15255382.0,-
2019-12-20,4032.15,4017.25,-9.9,-0.25%,4014.93,4046.73,121267664,15846023.0,-
2019-12-23,4014.69,3967.1,-50.16,-1.25%,3964.38,4032.17,122816248,16204826.0,-
2019-12-24,3971.56,3992.96,25.86,0.65%,3963.67,3994.51,95989040,12249916.0,-
2019-12-25,3988.66,3990.87,-2.09,-0.05%,3976.36,4000.56,94938888,13189647.0,-
2019-12-26,3993.67,4025.99,35.12,0.88%,3993.54,4025.99,108860640,14081497.0,-
2019-12-27,4029.25,4022.03,-3.96,-0.10%,4019.72,4066.8,150926400,19509042.0,-
2019-12-30,4015.52,4081.63,59.61,1.48%,4001.5,4083.69,155971488,21681466.0,-
2019-12-31,4077.75,4096.58,14.95,0.37%,4069.01,4098.14,123264256,17311934.0,-
2020-01-02,4121.35,4152.24,55.66,1.36%,4121.35,4172.66,182116784,27010552.0,-
2020-01-03,4161.22,4144.96,-7.28,-0.18%,4131.86,4164.3,142826240,21521630.0,-
2020-01-06,4120.52,4129.3,-15.67,-0.38%,4102.38,4170.64,175309952,25018208.0,-
2020-01-07,4137.4,4160.23,30.93,0.75%,4135.1,4161.25,139489040,19638906.0,-
2020-01-08,4139.63,4112.32,-47.91,-1.15%,4101.98,4149.81,167585856,21240628.0,-
2020-01-09,4145.53,4164.37,52.05,1.27%,4143.59,4165.66,136886320,20015036.0,-
2020-01-10,4177.58,4163.19,-1.18,-0.03%,4148.48,4180.98,113031720,17782742.0,-
2020-01-13,4166.93,4203.99,40.8,0.98%,4148.6,4203.99,119691984,19979550.0,-
2020-01-14,4215.16,4189.89,-14.1,-0.34%,4188.08,4223.51,129320784,19622126.0,-
2020-01-15,4186.88,4166.73,-23.15,-0.55%,4150.88,4193.87,104633136,16308193.0,-
2020-01-16,4174.82,4149.04,-17.69,-0.42%,4142.18,4175.29,100267640,15624251.0,-
2020-01-17,4162.19,4154.85,5.81,0.14%,4141.65,4177.03,98725680,16659159.0,-
2020-01-20,4170.74,4185.83,30.98,0.75%,4149.49,4185.96,122409144,20269228.0,-
2020-01-21,4165.02,4114.31,-71.52,-1.71%,4113.33,4165.02,130527512,20458688.0,-
2020-01-22,4093.8,4131.93,17.62,0.43%,4046.49,4141.18,126758760,20813614.0,-
2020-01-23,4093.32,4003.9,-128.03,-3.10%,3972.39,4103.52,160357600,25040936.0,-
2020-02-03,3639.91,3688.36,-315.54,-7.88%,3639.91,3732.16,157559648,24330310.0,-
2020-02-04,3652.0,3785.64,97.28,2.64%,3652.0,3786.86,213933328,29816576.0,-
2020-02-05,3801.1,3828.53,42.89,1.13%,3781.61,3866.01,174925520,26404292.0,-
2020-02-06,3841.75,3899.78,71.25,1.86%,3806.96,3914.92,176462240,26282008.0,-
2020-02-07,3879.55,3899.87,0.09,0.00%,3849.71,3899.88,151731760,23750882.0,-
2020-02-10,3872.37,3916.01,16.14,0.41%,3861.01,3920.17,148406976,22962544.0,-
2020-02-11,3926.42,3952.46,36.46,0.93%,3915.71,3970.52,143441680,21930712.0,-
2020-02-12,3945.67,3984.43,31.97,0.81%,3940.67,3984.43,126710320,20077672.0,-
2020-02-13,3985.88,3959.92,-24.51,-0.62%,3950.14,3999.55,145001840,22860596.0,-
2020-02-14,3954.23,3987.73,27.82,0.70%,3954.02,4001.56,143239808,22289508.0,-
2020-02-17,3999.65,4077.42,89.69,2.25%,3999.65,4077.45,182778960,27306782.0,-
2020-02-18,4069.83,4057.51,-19.91,-0.49%,4027.79,4076.39,163236224,24255252.0,-
2020-02-19,4049.59,4051.31,-6.2,-0.15%,4042.85,4085.17,169046448,25755454.0,-
2020-02-20,4062.9,4144.66,93.35,2.30%,4055.81,4148.53,212232624,31083558.0,-
2020-02-21,4134.87,4149.49,4.83,0.12%,4130.17,4184.44,217213600,32656398.0,-
2020-02-24,4131.84,4132.84,-16.65,-0.40%,4097.18,4149.01,212869312,32638780.0,-
2020-02-25,4066.3,4123.85,-8.98,-0.22%,4020.91,4126.71,244167824,37221372.0,-
2020-02-26,4070.1,4073.02,-50.84,-1.23%,4061.12,4132.78,261094048,36602244.0,-
2020-02-27,4084.08,4084.88,11.86,0.29%,4067.44,4110.53,181290992,28205020.0,-
2020-02-28,3988.73,3940.05,-144.83,-3.55%,3928.07,4031.15,230275088,33035892.0,-
2020-03-02,3968.84,4069.67,129.62,3.29%,3968.84,4092.54,219313568,31742620.0,-
2020-03-03,4125.14,4091.36,21.7,0.53%,4067.91,4147.65,219369776,33080260.0,-
2020-03-04,4078.5,4115.05,23.69,0.58%,4060.73,4115.26,182424736,28178488.0,-
2020-03-05,4150.21,4206.73,91.67,2.23%,4127.04,4215.85,231823120,36283880.0,-
2020-03-06,4158.2,4138.51,-68.22,-1.62%,4135.39,4181.31,172475712,25316864.0,-
2020-03-09,4063.08,3997.13,-141.37,-3.42%,3995.13,4063.08,208102032,30542872.0,-
2020-03-10,3975.23,4082.73,85.6,2.14%,3954.75,4093.0,197416400,29618444.0,-
2020-03-11,4090.93,4028.43,-54.3,-1.33%,4028.4,4091.27,161656112,24499086.0,-
2020-03-12,3976.11,3950.91,-77.52,-1.92%,3926.27,3987.43,157060448,23315286.0,-
2020-03-13,3771.01,3895.31,-55.6,-1.41%,3765.15,3937.18,188296720,28021346.0,-
2020-03-16,3899.86,3727.84,-167.47,-4.30%,3720.51,3899.86,185968256,28283624.0,-
2020-03-17,3739.78,3709.68,-18.16,-0.49%,3618.31,3786.89,166246128,25082404.0,-
2020-03-18,3729.69,3636.26,-73.43,-1.98%,3636.26,3775.85,155037536,24412716.0,-
2020-03-19,3623.79,3589.09,-47.16,-1.30%,3503.19,3647.99,180807408,27182746.0,-
2020-03-20,3629.51,3653.22,64.13,1.79%,3588.78,3663.95,139602992,21122306.0,-
2020-03-23,3542.68,3530.31,-122.92,-3.36%,3523.79,3585.8,137108784,19766962.0,-
2020-03-24,3598.65,3625.11,94.81,2.69%,3545.45,3627.76,143103024,20855384.0,-
2020-03-25,3711.48,3722.52,97.4,2.69%,3685.99,3732.65,153495968,23156152.0,-
2020-03-26,3692.61,3698.05,-24.47,-0.66%,3681.27,3736.25,112310664,16933630.0,-
2020-03-27,3746.39,3710.06,12.01,0.32%,3709.92,3758.78,124061000,18610344.0,-
2020-03-30,3657.46,3674.11,-35.95,-0.97%,3637.59,3690.64,126876672,18064080.0,-
2020-03-31,3708.14,3686.16,12.04,0.33%,3676.2,3716.07,111453024,16159551.0,-
2020-04-01,3682.3,3675.08,-11.08,-0.30%,3670.97,3731.78,119352616,17042256.0,-
2020-04-02,3656.32,3734.53,59.45,1.62%,3652.32,3734.53,115168208,16889326.0,-
2020-04-03,3721.48,3713.22,-21.31,-0.57%,3698.98,3738.83,99825080,15013282.0,-
2020-04-07,3779.91,3798.02,84.8,2.28%,3772.21,3803.63,142778032,20764282.0,-
2020-04-08,3776.42,3780.34,-17.68,-0.47%,3767.29,3793.0,111389512,16157678.0,-
2020-04-09,3798.49,3792.81,12.47,0.33%,3785.31,3801.72,100485024,15459531.0,-
2020-04-10,3794.84,3769.18,-23.63,-0.62%,3758.96,3824.74,102444952,16225123.0,-
2020-04-13,3751.71,3753.26,-15.92,-0.42%,3740.19,3769.88,79053344,11987431.0,-
2020-04-14,3777.83,3825.7,72.44,1.93%,3764.98,3825.76,110637592,17061258.0,-
2020-04-15,3820.85,3797.36,-28.34,-0.74%,3793.44,3829.8,108461984,16970022.0,-
2020-04-16,3777.8,3802.38,5.02,0.13%,3774.56,3807.36,95947960,14716430.0,-
2020-04-17,3831.92,3839.49,37.11,0.98%,3821.42,3863.45,132004304,20359526.0,-
2020-04-20,3845.46,3853.46,13.97,0.36%,3831.55,3853.8,100013120,15192410.0,-
2020-04-21,3838.23,3808.05,-45.41,-1.18%,3780.0,3838.23,102921888,15507746.0,-
2020-04-22,3789.13,3839.38,31.34,0.82%,3782.21,3839.38,85899472,13554728.0,-
2020-04-23,3851.91,3829.75,-9.63,-0.25%,3826.56,3857.47,95508448,14212255.0,-
2020-04-24,3826.31,3796.97,-32.78,-0.86%,3787.07,3827.21,94844136,13896121.0,-
2020-04-27,3808.02,3822.77,25.8,0.68%,3793.77,3842.87,95462736,14530116.0,-
2020-04-28,3835.35,3849.15,26.38,0.69%,3768.2,3859.68,122093472,18417976.0,-
2020-04-29,3837.51,3867.03,17.89,0.46%,3833.72,3880.74,95854592,15128211.0,-
2020-04-30,3880.41,3912.58,45.55,1.18%,3880.41,3921.7,132917128,20226830.0,-
2020-05-06,3867.26,3936.25,23.68,0.61%,3865.99,3937.69,139855680,21493596.0,-
2020-05-07,3937.59,3924.89,-11.36,-0.29%,3915.9,3941.48,105514648,16720780.0,-
2020-05-08,3943.0,3963.62,38.73,0.99%,3935.98,3979.66,116943336,19029958.0,-
2020-05-11,3974.76,3960.18,-3.44,-0.09%,3944.5,3998.1,122673808,19375810.0,-
2020-05-12,3961.34,3960.24,0.06,0.00%,3930.21,3970.11,98250560,15746577.0,-
2020-05-13,3946.64,3968.25,8.02,0.20%,3932.57,3972.53,88190672,14556339.0,-
2020-05-14,3952.2,3925.22,-43.04,-1.08%,3924.05,3952.2,88530000,14349918.0,-
2020-05-15,3941.12,3912.82,-12.4,-0.32%,3907.4,3945.2,92618384,15330150.0,-
2020-05-18,3914.66,3922.91,10.1,0.26%,3898.4,3946.43,112801760,18852812.0,-
2020-05-19,3963.78,3956.25,33.34,0.85%,3944.07,3966.85,94015296,15988623.0,-
2020-05-20,3955.71,3935.22,-21.03,-0.53%,3923.92,3955.71,100791152,15710254.0,-
2020-05-21,3950.6,3913.79,-21.43,-0.54%,3907.58,3951.74,94861032,14915414.0,-
2020-05-22,3907.58,3824.06,-89.73,-2.29%,3818.15,3907.58,103378360,15728650.0,-
2020-05-25,3828.32,3829.32,5.26,0.14%,3800.18,3835.63,79033320,12701191.0,-
2020-05-26,3850.0,3872.77,43.45,1.13%,3844.48,3874.75,77448072,12544562.0,-
2020-05-27,3873.7,3845.61,-27.16,-0.70%,3838.42,3873.7,83711832,12373750.0,-
2020-05-28,3848.49,3856.63,11.02,0.29%,3818.43,3885.42,93064056,13910840.0,-
2020-05-29,3838.38,3867.02,10.39,0.27%,3830.42,3872.3,93813832,13565814.0,-
2020-06-01,3901.73,3971.34,104.32,2.70%,3901.73,3976.32,136456656,20843652.0,-
2020-06-02,3969.95,3983.57,12.23,0.31%,3958.98,3991.78,144303056,19556330.0,-
2020-06-03,4001.17,3983.65,0.08,0.00%,3982.93,4018.68,136597488,20088276.0,-
2020-06-04,3998.16,3982.19,-1.46,-0.04%,3968.57,3999.81,104277736,14905786.0,-
2020-06-05,3988.22,4001.25,19.07,0.48%,3967.93,4001.25,102443936,15431134.0,-
2020-06-08,4023.61,4021.95,20.7,0.52%,4016.1,4050.22,137925824,19304752.0,-
2020-06-09,4027.56,4047.03,25.07,0.62%,4016.34,4052.16,115304480,16653397.0,-
2020-06-10,4046.23,4039.71,-7.32,-0.18%,4024.42,4046.23,112265728,16677863.0,-
2020-06-11,4031.74,3995.88,-43.82,-1.08%,3979.75,4043.01,127308944,19707944.0,-
2020-06-12,3931.62,4003.08,7.2,0.18%,3927.25,4011.06,134166648,19350406.0,-
2020-06-15,3982.97,3954.99,-48.09,-1.20%,3954.99,4007.14,131297864,21112534.0,-
2020-06-16,3995.58,4014.57,59.58,1.51%,3987.86,4014.57,111051544,18510402.0,-
2020-06-17,4018.61,4017.59,3.02,0.08%,3992.13,4018.61,105605792,17697752.0,-
2020-06-18,4009.78,4044.38,26.79,0.67%,4000.9,4047.56,138148768,21019292.0,-
2020-06-19,4047.05,4098.71,54.33,1.34%,4043.49,4109.36,152946992,25554980.0,-
2020-06-22,4097.51,4102.05,3.34,0.08%,4088.78,4126.94,155829456,25920052.0,-
2020-06-23,4098.04,4121.79,19.75,0.48%,4080.75,4124.73,129229504,23480650.0,-
2020-06-24,4128.1,4138.99,17.2,0.42%,4123.36,4144.68,121712464,22455144.0,-
2020-06-29,4127.93,4109.72,-29.27,-0.71%,4092.54,4137.37,130865856,22652206.0,-
2020-06-30,4130.0,4163.96,54.25,1.32%,4129.78,4174.42,125933520,22793570.0,-
2020-07-01,4172.64,4247.78,83.82,2.01%,4163.5,4247.78,169990448,30571180.0,-
2020-07-02,4239.41,4335.84,88.06,2.07%,4238.12,4340.1,252939360,39957152.0,-
2020-07-03,4353.19,4419.6,83.75,1.93%,4348.45,4419.6,290485536,44233504.0,-
2020-07-06,4465.81,4670.09,250.5,5.67%,4465.81,4678.11,405821024,59743824.0,-
2020-07-07,4739.61,4698.13,28.03,0.60%,4688.06,4796.32,406008544,63525472.0,-
2020-07-08,4692.86,4774.0,75.88,1.62%,4670.65,4803.36,348074848,53284980.0,-
2020-07-09,4770.08,4840.77,66.77,1.40%,4757.29,4854.12,351046912,55671876.0,-
2020-07-10,4796.09,4753.13,-87.64,-1.81%,4734.47,4821.37,316949632,51047208.0,-
2020-07-13,4742.37,4852.96,99.83,2.10%,4741.87,4878.08,321645440,54110508.0,-
2020-07-14,4836.17,4806.69,-46.27,-0.95%,4729.93,4860.44,297241984,51121104.0,-
2020-07-15,4821.52,4744.47,-62.22,-1.29%,4723.36,4837.48,272388992,48674836.0,-
2020-07-16,4741.53,4516.25,-228.22,-4.81%,4513.65,4772.56,284657120,51123796.0,-
2020-07-17,4524.77,4544.7,28.45,0.63%,4485.82,4601.37,207375568,37297388.0,-
2020-07-20,4597.2,4680.3,135.6,2.98%,4534.23,4681.94,246068928,41671424.0,-
2020-07-21,4697.5,4691.04,10.74,0.23%,4661.44,4714.29,200415664,35606980.0,-
2020-07-22,4682.66,4714.45,23.4,0.50%,4675.35,4790.45,224199216,38647088.0,-
2020-07-23,4668.74,4712.44,-2.01,-0.04%,4607.66,4731.4,234314560,40517528.0,-
2020-07-24,4679.03,4505.59,-206.85,-4.39%,4479.39,4691.7,243905216,43772672.0,-
2020-07-27,4535.01,4528.45,22.86,0.51%,4482.44,4558.12,171420544,30189338.0,-
2020-07-28,4567.67,4568.26,39.81,0.88%,4537.69,4590.25,162768496,29283578.0,-
2020-07-29,4559.16,4679.01,110.75,2.42%,4548.85,4680.56,186695312,35043264.0,-
2020-07-30,4689.76,4656.15,-22.86,-0.49%,4649.77,4704.63,166967568,32400924.0,-
2020-07-31,4652.18,4695.05,38.9,0.84%,4621.96,4741.81,184839024,35111932.0,-
2020-08-03,4735.9,4771.31,76.26,1.62%,4720.02,4771.37,214776240,40191484.0,-
2020-08-04,4778.49,4775.8,4.49,0.09%,4747.77,4807.08,239974992,42641136.0,-
2020-08-05,4761.76,4777.11,1.31,0.03%,4711.27,4786.7,196700544,34740784.0,-
2020-08-06,4779.24,4762.76,-14.34,-0.30%,4691.16,4791.86,227854400,40432340.0,-
2020-08-07,4742.29,4707.93,-54.84,-1.15%,4637.84,4749.02,213518208,39704120.0,-
2020-08-10,4681.76,4724.87,16.94,0.36%,4646.29,4757.66,203788848,37129756.0,-
2020-08-11,4730.38,4681.78,-43.09,-0.91%,4674.86,4791.53,205546512,35082860.0,-
2020-08-12,4668.89,4647.64,-34.14,-0.73%,4566.27,4681.62,202887232,34729868.0,-
2020-08-13,4666.49,4635.71,-11.93,-0.26%,4626.1,4671.77,152550096,25094588.0,-
2020-08-14,4627.61,4704.63,68.92,1.49%,4617.63,4708.07,147292912,25434394.0,-
2020-08-17,4727.12,4815.23,110.6,2.35%,4721.36,4838.09,268001552,41646916.0,-
2020-08-18,4816.57,4812.76,-2.47,-0.05%,4788.83,4825.39,189139840,31439592.0,-
2020-08-19,4804.67,4740.68,-72.08,-1.50%,4738.01,4809.05,192442944,31940330.0,-
2020-08-20,4708.13,4679.15,-61.52,-1.30%,4662.8,4721.44,158368640,26048656.0,-
2020-08-21,4717.79,4718.84,39.69,0.85%,4684.81,4739.48,142657856,25177516.0,-
2020-08-24,4746.4,4755.85,37.01,0.78%,4716.61,4769.47,151143520,27242868.0,-
2020-08-25,4769.21,4761.95,6.1,0.13%,4746.31,4802.41,141701360,26230880.0,-
2020-08-26,4761.72,4706.13,-55.82,-1.17%,4689.88,4786.42,151305168,27745636.0,-
2020-08-27,4718.06,4731.35,25.21,0.54%,4679.36,4731.94,119042848,22363150.0,-
2020-08-28,4727.29,4844.27,112.92,2.39%,4719.35,4850.49,159399760,30504790.0,-
2020-08-31,4870.93,4816.22,-28.05,-0.58%,4816.21,4901.21,202567024,35700508.0,-
2020-09-01,4803.39,4842.12,25.91,0.54%,4791.78,4842.13,138395408,26201808.0,-
2020-09-02,4859.08,4843.89,1.76,0.04%,4797.52,4863.55,157989520,28077860.0,-
2020-09-03,4841.5,4817.1,-26.79,-0.55%,4800.06,4877.01,145671200,27941198.0,-
2020-09-04,4737.24,4770.22,-46.88,-0.97%,4726.56,4778.2,120032800,23846334.0,-
2020-09-07,4759.52,4669.37,-100.85,-2.11%,4655.56,4789.3,148607792,28231640.0,-
2020-09-08,4683.83,4694.39,25.02,0.54%,4639.05,4707.9,139199232,24919814.0,-
2020-09-09,4634.25,4584.59,-109.8,-2.34%,4558.03,4645.2,162277104,24490520.0,-
2020-09-10,4632.1,4581.98,-2.61,-0.06%,4572.21,4647.75,150652880,22614636.0,-
2020-09-11,4572.26,4627.28,45.31,0.99%,4563.11,4630.88,115302424,19824092.0,-
2020-09-14,4652.05,4651.05,23.77,0.51%,4625.99,4666.99,107235176,21165342.0,-
2020-09-15,4649.45,4688.48,37.43,0.80%,4630.54,4691.5,101915928,19457368.0,-
2020-09-16,4683.01,4657.36,-31.12,-0.66%,4638.46,4690.68,108753640,19612018.0,-
2020-09-17,4642.05,4632.71,-24.64,-0.53%,4601.64,4664.95,105983632,21414664.0,-
2020-09-18,4636.64,4737.09,104.37,2.25%,4631.7,4737.8,160426480,28188594.0,-
2020-09-21,4750.75,4691.43,-45.66,-0.96%,4688.72,4752.98,124535832,22413792.0,-
2020-09-22,4654.22,4635.76,-55.67,-1.19%,4622.11,4706.21,119672944,20290922.0,-
2020-09-23,4639.66,4652.33,16.57,0.36%,4623.55,4665.96,95826528,19039346.0,-
2020-09-24,4623.95,4563.07,-89.26,-1.92%,4562.21,4631.95,112593688,19351588.0,-
2020-09-25,4582.48,4570.02,6.96,0.15%,4554.72,4599.54,93015152,16745737.0,-
2020-09-28,4582.65,4581.91,11.89,0.26%,4571.15,4613.63,85048384,15931467.0,-
2020-09-29,4608.29,4591.8,9.89,0.22%,4586.35,4616.68,85993864,15993789.0,-
2020-09-30,4607.58,4587.4,-4.4,-0.10%,4563.41,4634.72,89081200,16553222.0,-
2020-10-09,4663.61,4681.14,93.75,2.04%,4655.08,4695.4,111337512,22992674.0,-
2020-10-12,4705.19,4823.16,142.02,3.03%,4704.16,4823.27,155784560,30784854.0,-
2020-10-13,4812.9,4839.2,16.04,0.33%,4795.37,4845.92,116516344,24217256.0,-
2020-10-14,4830.46,4807.1,-32.1,-0.66%,4795.91,4830.46,111906920,22983622.0,-
2020-10-15,4810.78,4798.74,-8.37,-0.17%,4796.26,4833.89,109964960,21387830.0,-
2020-10-16,4798.92,4791.68,-7.06,-0.15%,4765.97,4825.55,116716104,20417514.0,-
2020-10-19,4823.49,4755.49,-36.19,-0.76%,4747.34,4849.6,129246360,22539220.0,-
2020-10-20,4751.37,4793.47,37.98,0.80%,4739.46,4793.47,98048152,18584920.0,-
2020-10-21,4801.63,4792.83,-0.64,-0.01%,4758.85,4801.63,103805704,18997868.0,-
2020-10-22,4780.6,4777.98,-14.84,-0.31%,4725.5,4791.81,101350888,19461496.0,-
2020-10-23,4775.47,4718.49,-59.5,-1.25%,4717.1,4802.46,106825184,20098582.0,-
2020-10-26,4684.05,4691.24,-27.25,-0.58%,4639.3,4713.39,108343272,20551900.0,-
2020-10-27,4680.14,4699.28,8.04,0.17%,4671.85,4708.46,92656304,18667554.0,-
2020-10-28,4703.0,4737.27,37.99,0.81%,4685.6,4753.31,108463400,22675426.0,-
2020-10-29,4683.61,4772.92,35.65,0.75%,4679.25,4803.03,117117248,25230350.0,-
2020-10-30,4776.47,4695.33,-77.59,-1.63%,4683.47,4778.51,139802304,28078332.0,-
2020-11-02,4702.75,4720.83,25.5,0.54%,4695.44,4738.02,142867696,27902768.0,-
2020-11-03,4743.17,4777.56,56.73,1.20%,4734.17,4793.4,136055408,25239056.0,-
2020-11-04,4781.45,4813.66,36.1,0.76%,4770.56,4825.46,114661808,23051378.0,-
2020-11-05,4861.34,4885.11,71.46,1.48%,4838.0,4885.11,139244592,28195192.0,-
2020-11-06,4897.63,4885.72,0.61,0.01%,4845.43,4897.63,153639040,30536510.0,-
2020-11-09,4918.86,4981.35,95.63,1.96%,4918.86,4997.8,197131984,37192328.0,-
2020-11-10,4995.41,4953.88,-27.47,-0.55%,4928.93,4995.41,176267216,33427144.0,-
2020-11-11,4937.76,4904.9,-48.98,-0.99%,4901.71,4957.58,164470512,30385854.0,-
2020-11-12,4916.77,4908.46,3.56,0.07%,4891.51,4926.34,118114624,22764592.0,-
2020-11-13,4886.98,4856.85,-51.61,-1.05%,4825.76,4886.98,133693080,25535312.0,-
2020-11-16,4880.96,4904.17,47.32,0.97%,4848.62,4904.17,148770976,26670502.0,-
2020-11-17,4903.12,4894.79,-9.39,-0.19%,4865.39,4909.29,151487472,28891140.0,-
2020-11-18,4889.67,4891.67,-3.11,-0.06%,4870.72,4911.09,164216624,29072724.0,-
2020-11-19,4880.92,4927.99,36.32,0.74%,4870.2,4939.79,133681376,24772712.0,-
2020-11-20,4928.22,4943.29,15.3,0.31%,4922.59,4947.43,129400344,22905368.0,-
2020-11-23,4954.6,5005.03,61.74,1.25%,4940.45,5029.65,205915184,33363382.0,-
2020-11-24,4997.05,4974.29,-30.74,-0.61%,4960.98,5001.06,156637904,26480446.0,-
2020-11-25,4992.75,4910.7,-63.59,-1.28%,4910.7,5004.77,170340528,27707064.0,-
2020-11-26,4908.32,4919.59,8.89,0.18%,4867.82,4925.29,137202336,23974816.0,-
2020-11-27,4930.59,4980.77,61.17,1.24%,4917.35,4980.77,162952912,25317898.0,-
2020-11-30,4994.11,4960.25,-20.51,-0.41%,4960.25,5055.19,262638944,39649584.0,-
2020-12-01,4963.13,5067.1,106.85,2.15%,4963.13,5072.55,204065632,32845100.0,-
2020-12-02,5072.98,5067.14,0.05,0.00%,5043.31,5090.61,195435472,31060974.0,-
2020-12-03,5065.45,5057.06,-10.08,-0.20%,5033.79,5072.3,177865744,27533522.0,-
2020-12-04,5049.52,5065.92,8.86,0.18%,5017.85,5072.39,144347168,25779882.0,-
2020-12-07,5065.73,5022.23,-43.68,-0.86%,5014.61,5067.87,139896224,26465778.0,-
2020-12-08,5029.11,5009.88,-12.36,-0.25%,4998.92,5043.06,123073024,23488064.0,-
2020-12-09,5022.38,4942.7,-67.18,-1.34%,4942.52,5033.64,138916960,26077278.0,-
2020-12-10,4931.29,4940.52,-2.17,-0.04%,4919.77,4962.74,125914264,22965128.0,-
2020-12-11,4957.82,4889.63,-50.9,-1.03%,4849.35,4957.82,159357696,27521274.0,-
2020-12-14,4903.63,4934.83,45.21,0.92%,4887.66,4937.26,120801560,24787828.0,-
2020-12-15,4931.6,4945.1,10.26,0.21%,4904.79,4954.19,118342632,24809340.0,-
2020-12-16,4957.3,4953.87,8.77,0.18%,4938.19,4968.86,106778976,22969602.0,-
2020-12-17,4960.73,5017.48,63.61,1.28%,4950.37,5021.62,133385480,27018036.0,-
2020-12-18,5014.32,4999.97,-17.51,-0.35%,4979.0,5027.44,128049624,25893856.0,-
2020-12-21,4995.76,5046.84,46.87,0.94%,4970.0,5048.51,140811792,29820430.0,-
2020-12-22,5034.98,4964.77,-82.07,-1.63%,4960.95,5055.13,162344976,32675882.0,-
2020-12-23,4977.3,5007.12,42.35,0.85%,4968.15,5028.45,140292816,30872906.0,-
2020-12-24,5006.0,5000.02,-7.11,-0.14%,4979.24,5033.04,114418664,24667448.0,-
2020-12-25,4985.77,5042.01,42.0,0.84%,4973.68,5042.1,121006984,24399226.0,-
2020-12-28,5042.94,5064.41,22.4,0.44%,5037.86,5089.34,136914416,28101926.0,-
2020-12-29,5071.45,5042.94,-21.48,-0.42%,5034.31,5077.42,141198656,27903524.0,-
2020-12-30,5037.98,5113.71,70.77,1.40%,5036.63,5113.71,148626448,29657782.0,-
2020-12-31,5122.48,5211.29,97.58,1.91%,5122.48,5215.62,171602512,35873140.0,-
2021-01-04,5212.93,5267.72,56.43,1.08%,5190.94,5284.43,211711392,45279620.0,-
2021-01-05,5245.84,5368.5,100.79,1.91%,5234.38,5368.5,224931168,49804196.0,-
2021-01-06,5386.51,5417.67,49.16,0.92%,5341.43,5433.47,193773440,44443440.0,-
2021-01-07,5428.39,5513.66,95.99,1.77%,5413.35,5513.66,219872064,47338536.0,-
2021-01-08,5526.29,5495.43,-18.23,-0.33%,5442.69,5547.47,204324944,47356764.0,-
2021-01-11,5504.24,5441.16,-54.27,-0.99%,5412.5,5555.69,231835968,52229848.0,-
2021-01-12,5419.5,5596.35,155.19,2.85%,5417.63,5596.35,224220176,48623376.0,-
2021-01-13,5609.26,5577.97,-18.38,-0.33%,5535.14,5644.72,261569888,54695972.0,-
2021-01-14,5556.21,5470.46,-107.51,-1.93%,5458.68,5568.02,243683392,50189012.0,-
2021-01-15,5471.39,5458.08,-12.38,-0.23%,5390.27,5500.63,238637440,47570992.0,-
2021-01-18,5438.16,5518.52,60.44,1.11%,5410.77,5541.46,207051872,42271720.0,-
2021-01-19,5525.97,5437.52,-81.0,-1.47%,5415.72,5532.48,211043424,43320520.0,-
2021-01-20,5439.91,5476.43,38.91,0.72%,5426.54,5496.05,170913264,37377040.0,-
2021-01-21,5492.96,5564.97,88.54,1.62%,5490.56,5593.11,209950192,45318368.0,-
2021-01-22,5562.38,5569.78,4.81,0.09%,5513.88,5573.66,199300016,45662216.0,-
2021-01-25,5564.12,5625.92,56.15,1.01%,5543.27,5655.48,197047008,50816700.0,-
2021-01-26,5600.9,5512.97,-112.96,-2.01%,5506.0,5600.9,171904592,41500808.0,-
2021-01-27,5505.77,5528.0,15.04,0.27%,5449.64,5534.99,160190848,37689264.0,-
2021-01-28,5450.37,5377.14,-150.86,-2.73%,5360.38,5462.24,170485584,37616652.0,-
2021-01-29,5413.97,5351.96,-25.18,-0.47%,5288.1,5430.2,182178768,39028768.0,-
2021-02-01,5356.85,5417.65,65.68,1.23%,5342.05,5422.3,166313712,34685908.0,-
2021-02-02,5429.7,5501.09,83.44,1.54%,5411.52,5503.21,165210560,38001672.0,-
2021-02-03,5499.3,5485.2,-15.89,-0.29%,5473.12,5532.89,188054320,40434360.0,-
2021-02-04,5453.98,5473.95,-11.25,-0.21%,5411.57,5510.05,180575664,39799520.0,-
2021-02-05,5494.7,5483.41,9.47,0.17%,5477.65,5550.77,189699600,39540012.0,-
2021-02-08,5506.14,5564.56,81.15,1.48%,5479.85,5576.49,164033776,36758276.0,-
2021-02-09,5584.17,5686.25,121.69,2.19%,5555.05,5686.25,164887248,37876912.0,-
2021-02-10,5709.68,5807.72,121.47,2.14%,5707.33,5823.42,170169792,41705644.0,-
2021-02-18,5922.07,5768.38,-39.34,-0.68%,5747.66,5930.91,218848688,50748124.0,-
2021-02-19,5734.02,5778.84,10.46,0.18%,5667.32,5787.89,214475776,45643380.0,-
2021-02-22,5785.51,5597.33,-181.51,-3.14%,5597.33,5785.51,282124384,54363316.0,-
2021-02-23,5542.68,5579.67,-17.66,-0.32%,5541.11,5644.75,233807728,42490444.0,-
2021-02-24,5591.48,5437.57,-142.1,-2.55%,5379.73,5598.83,225428608,47236920.0,-
2021-02-25,5494.47,5469.56,31.99,0.59%,5444.16,5527.63,230736032,41220616.0,-
2021-02-26,5343.9,5336.76,-132.8,-2.43%,5318.86,5416.32,212264544,40571772.0,-
2021-03-01,5389.25,5418.78,82.02,1.54%,5345.94,5421.56,177463520,35814652.0,-
2021-03-02,5453.28,5349.63,-69.15,-1.28%,5305.05,5454.97,196511104,37644460.0,-
2021-03-03,5327.35,5452.21,102.58,1.92%,5316.48,5452.4,194709056,33761032.0,-
2021-03-04,5388.48,5280.71,-171.51,-3.15%,5254.78,5392.37,212775216,38438248.0,-
2021-03-05,5191.97,5262.8,-17.91,-0.34%,5174.25,5307.82,202627952,35253976.0,-
2021-03-08,5299.79,5080.02,-182.77,-3.47%,5079.8,5326.26,230231632,40713380.0,-
2021-03-09,5066.15,4971.0,-109.03,-2.15%,4917.91,5094.31,230711008,41441524.0,-
2021-03-10,5047.06,5003.61,32.61,0.66%,4981.62,5055.28,169928496,30957742.0,-
2021-03-11,5024.56,5128.22,124.6,2.49%,5020.58,5138.41,189600768,33385920.0,-
2021-03-12,5153.67,5146.38,18.16,0.35%,5086.82,5153.67,201020576,32323774.0,-
2021-03-15,5116.12,5035.54,-110.83,-2.15%,4992.4,5120.88,204153072,33074050.0,-
2021-03-16,5054.41,5079.36,43.82,0.87%,5009.95,5084.31,161390048,27175506.0,-
2021-03-17,5062.77,5100.86,21.5,0.42%,5020.13,5123.55,149162368,26349242.0,-
2021-03-18,5114.59,5141.77,40.91,0.80%,5111.13,5160.46,142901520,26093004.0,-
2021-03-19,5068.53,5007.09,-134.68,-2.62%,4980.76,5089.92,164174848,28297448.0,-
2021-03-22,5008.4,5057.15,50.06,1.00%,4996.54,5071.34,167402624,26420910.0,-
2021-03-23,5057.06,5009.25,-47.91,-0.95%,4966.53,5064.02,158013968,25575538.0,-
2021-03-24,4985.4,4928.69,-80.56,-1.61%,4919.89,5024.33,159385984,26597002.0,-
2021-03-25,4904.07,4926.35,-2.34,-0.05%,4883.66,4950.76,132945192,21978206.0,-
2021-03-26,4953.95,5037.99,111.64,2.27%,4953.95,5050.83,145926704,27390192.0,-
2021-03-29,5052.26,5046.88,8.89,0.18%,5010.39,5086.65,143388208,26617660.0,-
2021-03-30,5043.1,5094.73,47.85,0.95%,5032.79,5106.04,138618560,25492802.0,-
2021-03-31,5085.95,5048.36,-46.37,-0.91%,5015.61,5085.95,141335744,24105848.0,-
2021-04-01,5059.94,5110.78,62.42,1.24%,5056.87,5115.43,120324896,21149332.0,-
2021-04-02,5129.85,5161.56,50.78,0.99%,5116.35,5169.83,127002256,24806038.0,-
2021-04-06,5178.64,5140.34,-21.22,-0.41%,5125.33,5181.15,109834208,21385244.0,-
2021-04-07,5141.66,5103.74,-36.6,-0.71%,5065.19,5141.66,145763744,24627120.0,-
2021-04-08,5078.26,5112.21,8.47,0.17%,5062.07,5129.13,141771056,22842200.0,-
2021-04-09,5100.04,5035.34,-76.87,-1.50%,5022.09,5100.04,128416512,22151980.0,-
2021-04-12,5026.98,4947.75,-87.59,-1.74%,4933.01,5045.6,152644304,26721820.0,-
2021-04-13,4949.81,4939.64,-8.1,-0.16%,4924.2,4994.54,132919360,22575324.0,-
2021-04-14,4945.69,4980.63,40.98,0.83%,4940.27,4987.12,120860832,22103628.0,-
2021-04-15,4969.91,4948.97,-31.65,-0.64%,4900.3,4969.91,108829392,21382088.0,-
2021-04-16,4966.9,4966.18,17.21,0.35%,4917.96,4979.17,111239928,21338918.0,-
2021-04-19,4966.41,5087.02,120.84,2.43%,4940.75,5088.21,154769824,30789976.0,-
2021-04-20,5065.78,5083.37,-3.65,-0.07%,5058.92,5119.86,136541696,27664060.0,-
2021-04-21,5055.24,5098.75,15.38,0.30%,5047.99,5110.56,124637280,24257500.0,-
2021-04-22,5114.28,5089.24,-9.5,-0.19%,5067.14,5119.22,121167648,24148884.0,-
2021-04-23,5088.83,5135.45,46.21,0.91%,5086.49,5149.98,122056992,26434520.0,-
2021-04-26,5156.59,5077.24,-58.22,-1.13%,5072.96,5181.11,151381968,32576038.0,-
2021-04-27,5076.64,5090.52,13.28,0.26%,5042.61,5095.98,123961832,25473800.0,-
2021-04-28,5073.97,5119.24,28.72,0.56%,5059.26,5119.45,120620320,27218252.0,-
2021-04-29,5128.28,5164.17,44.93,0.88%,5113.65,5170.58,140092480,29411246.0,-
2021-04-30,5156.36,5123.49,-40.68,-0.79%,5094.93,5163.25,160121616,31507510.0,-
2021-05-06,5098.8,5061.12,-62.36,-1.22%,5037.41,5132.9,158822624,32325826.0,-
2021-05-07,5073.46,4996.05,-65.07,-1.29%,4996.04,5093.75,172258320,30463840.0,-
2021-05-10,5001.44,4992.42,-3.63,-0.07%,4953.7,5019.39,170820592,28265680.0,-
2021-05-11,4956.08,5023.06,30.64,0.61%,4925.92,5033.49,151526496,27093162.0,-
2021-05-12,5003.82,5044.55,21.49,0.43%,4995.4,5051.17,126619088,22834400.0,-
2021-05-13,4992.35,4992.97,-51.57,-1.02%,4975.45,5022.08,132279408,23782142.0,-
2021-05-14,5007.63,5110.59,117.62,2.36%,4981.29,5112.98,159426176,31880278.0,-
2021-05-17,5115.31,5184.99,74.4,1.46%,5115.31,5206.69,153889632,33543992.0,-
2021-05-18,5190.93,5187.6,2.62,0.05%,5156.79,5201.67,118404256,23818226.0,-
2021-05-19,5173.17,5172.27,-15.33,-0.30%,5151.64,5193.56,118729984,25073628.0,-
2021-05-20,5167.05,5186.41,14.14,0.27%,5152.04,5201.59,138454768,27708846.0,-
2021-05-21,5199.13,5134.15,-52.26,-1.01%,5123.12,5216.16,124768480,26805362.0,-
2021-05-24,5138.81,5155.59,21.44,0.42%,5092.39,5155.59,126742336,27851312.0,-
2021-05-25,5165.04,5318.48,162.89,3.16%,5161.52,5324.36,182996848,40468328.0,-
2021-05-26,5326.12,5320.59,2.11,0.04%,5308.74,5344.28,169607104,34644468.0,-
2021-05-27,5311.37,5338.23,17.64,0.33%,5286.05,5378.48,148462864,31189372.0,-
2021-05-28,5338.73,5321.09,-17.14,-0.32%,5288.65,5360.28,164605808,33071190.0,-
2021-05-31,5318.08,5331.57,10.48,0.20%,5281.69,5331.63,144603264,32145080.0,-
2021-06-01,5320.47,5341.68,10.11,0.19%,5269.26,5343.75,143831472,32184586.0,-
2021-06-02,5348.34,5289.97,-51.71,-0.97%,5266.79,5352.64,137754320,29617618.0,-
2021-06-03,5285.71,5255.29,-34.69,-0.66%,5255.07,5314.37,141968880,28544864.0,-
2021-06-04,5228.28,5282.28,26.99,0.51%,5221.23,5334.49,144732096,29232604.0,-
2021-06-07,5284.89,5277.63,-4.65,-0.09%,5242.95,5286.84,127704976,28046324.0,-
2021-06-08,5276.97,5232.12,-45.51,-0.86%,5201.14,5319.04,130559528,30404222.0,-
2021-06-09,5224.95,5236.45,4.33,0.08%,5215.35,5253.36,121820320,25507546.0,-
2021-06-10,5236.47,5271.47,35.02,0.67%,5229.52,5299.53,138991968,30145432.0,-
2021-06-11,5275.75,5224.7,-46.76,-0.89%,5213.6,5276.1,180807168,36536348.0,-
2021-06-15,5218.56,5166.56,-58.14,-1.11%,5137.41,5225.5,142880064,33061660.0,-
2021-06-16,5163.25,5080.49,-86.07,-1.67%,5076.02,5164.52,125147984,29828678.0,-
2021-06-17,5074.38,5101.89,21.4,0.42%,5073.82,5123.37,120452512,28192728.0,-
2021-06-18,5104.93,5102.47,0.57,0.01%,5064.92,5128.03,148585808,35669708.0,-
2021-06-21,5088.09,5090.39,-12.08,-0.24%,5058.57,5123.78,132184512,33152712.0,-
2021-06-22,5106.07,5122.16,31.77,0.62%,5086.28,5125.82,130416752,31369036.0,-
2021-06-23,5127.19,5147.39,25.24,0.49%,5109.76,5171.03,136356048,35876564.0,-
2021-06-24,5156.56,5155.97,8.58,0.17%,5120.58,5160.43,126685624,31260740.0,-
2021-06-25,5159.8,5239.97,83.99,1.63%,5157.48,5251.61,154931056,36826564.0,-
2021-06-28,5253.61,5251.76,11.79,0.23%,5226.22,5260.64,133193776,33745276.0,-
2021-06-29,5248.52,5190.54,-61.22,-1.17%,5182.68,5248.52,125163000,31489684.0,-
2021-06-30,5189.38,5224.04,33.5,0.65%,5186.62,5231.43,103752672,28101552.0,-
2021-07-01,5241.2,5229.66,5.62,0.11%,5190.88,5252.26,127240624,32409740.0,-
2021-07-02,5186.66,5081.12,-148.55,-2.84%,5074.36,5186.66,130426416,34257896.0,-
2021-07-05,5073.78,5085.79,4.68,0.09%,5048.0,5098.23,131211592,33519780.0,-
2021-07-06,5089.78,5083.1,-2.69,-0.05%,5028.51,5092.21,140655216,36282888.0,-
2021-07-07,5052.42,5140.49,57.39,1.13%,5045.41,5152.77,148549056,33673140.0,-
2021-07-08,5149.31,5088.26,-52.23,-1.02%,5078.93,5151.22,173901008,39787988.0,-
2021-07-09,5063.15,5069.44,-18.82,-0.37%,5006.41,5081.41,160653232,35284560.0,-
2021-07-12,5108.38,5132.71,63.27,1.25%,5070.32,5159.41,206212032,43720316.0,-
2021-07-13,5128.61,5142.1,9.39,0.18%,5114.94,5154.05,166482208,36132848.0,-
2021-07-14,5130.75,5083.08,-59.01,-1.15%,5075.12,5130.75,188352720,37256808.0,-
2021-07-15,5073.26,5151.46,68.38,1.35%,5067.68,5153.81,181077088,37248408.0,-
2021-07-16,5140.9,5094.77,-56.69,-1.10%,5090.63,5140.9,169955984,36259428.0,-
2021-07-19,5083.73,5113.49,18.72,0.37%,5047.62,5120.82,153199584,34032260.0,-
2021-07-20,5080.22,5108.99,-4.5,-0.09%,5067.86,5114.0,129300040,28354314.0,-
2021-07-21,5122.78,5144.04,35.05,0.69%,5122.3,5160.54,167976464,39027552.0,-
2021-07-22,5150.39,5151.75,7.71,0.15%,5137.88,5171.21,185556864,41822164.0,-
2021-07-23,5145.43,5089.23,-62.52,-1.21%,5080.0,5145.43,216536848,43552116.0,-
2021-07-26,5067.31,4925.3,-163.93,-3.22%,4859.6,5067.31,228111712,49515364.0,-
2021-07-27,4924.28,4751.31,-173.99,-3.53%,4749.03,4940.86,236631232,52114612.0,-
2021-07-28,4714.29,4760.48,9.17,0.19%,4663.9,4785.66,192634384,41970616.0,-
2021-07-29,4845.76,4850.27,89.79,1.89%,4800.01,4857.97,173322048,41567612.0,-
2021-07-30,4825.7,4811.17,-39.11,-0.81%,4761.04,4825.7,182349776,42094392.0,-
2021-08-02,4794.82,4933.74,122.57,2.55%,4761.46,4938.82,227194928,52465944.0,-
2021-08-03,4909.23,4934.46,0.72,0.01%,4890.85,4957.03,203533360,47119416.0,-
2021-08-04,4927.74,4978.85,44.39,0.90%,4919.66,4979.29,175466448,42580140.0,-
2021-08-05,4946.17,4948.67,-30.18,-0.61%,4921.94,4997.14,167381824,39877220.0,-
2021-08-06,4943.04,4921.56,-27.11,-0.55%,4891.8,4944.35,154179680,37177360.0,-
2021-08-09,4890.26,4985.56,64.0,1.30%,4884.04,5002.89,182436864,40889708.0,-
2021-08-10,4977.82,5043.15,57.59,1.16%,4941.24,5043.76,167051904,41009876.0,-
2021-08-11,5037.08,5015.34,-27.81,-0.55%,5009.98,5059.79,182266080,37338636.0,-
2021-08-12,4998.07,4973.35,-41.99,-0.84%,4962.98,5016.26,168223728,36182840.0,-
2021-08-13,4958.76,4945.98,-27.37,-0.55%,4921.28,4993.74,158314320,35245908.0,-
2021-08-16,4935.92,4941.07,-4.92,-0.10%,4931.37,4973.38,161953376,34073512.0,-
2021-08-17,4935.0,4837.4,-103.66,-2.10%,4823.39,4967.56,187573472,38845712.0,-
2021-08-18,4838.47,4894.24,56.84,1.17%,4818.9,4909.54,197474384,39579216.0,-
2021-08-19,4886.56,4862.14,-32.1,-0.66%,4839.57,4893.47,201711712,39742496.0,-
2021-08-20,4817.49,4769.27,-92.87,-1.91%,4720.83,4835.15,177635824,40493804.0,-
2021-08-23,4777.73,4835.88,66.61,1.40%,4764.01,4843.82,167579088,38959912.0,-
2021-08-24,4844.59,4888.39,52.51,1.09%,4842.75,4906.2,197883168,41748144.0,-
2021-08-25,4890.52,4898.16,9.77,0.20%,4865.76,4899.77,189448000,37186820.0,-
2021-08-26,4892.2,4801.61,-96.55,-1.97%,4798.7,4892.2,197617376,36898772.0,-
2021-08-27,4794.97,4827.04,25.43,0.53%,4793.59,4863.47,183310208,36842140.0,-
2021-08-30,4847.03,4813.27,-13.77,-0.29%,4787.2,4849.16,219635760,47718208.0,-
2021-08-31,4803.09,4805.61,-7.66,-0.16%,4740.75,4821.76,235118656,46080568.0,-
2021-09-01,4804.69,4869.46,63.85,1.33%,4763.3,4906.4,326721088,56881976.0,-
2021-09-02,4865.82,4869.41,-0.05,0.00%,4845.62,4892.71,267858016,46595416.0,-
2021-09-03,4875.07,4843.06,-26.35,-0.54%,4828.7,4886.55,268091904,46643012.0,-
2021-09-06,4841.06,4933.73,90.66,1.87%,4837.79,4944.45,240507248,45275628.0,-
2021-09-07,4932.98,4992.83,59.1,1.20%,4915.61,5005.96,244178512,41775964.0,-
2021-09-08,4986.8,4972.13,-20.7,-0.41%,4955.89,5013.98,264615328,42859108.0,-
2021-09-09,4952.49,4970.01,-2.12,-0.04%,4929.95,4970.15,256530224,40167568.0,-
2021-09-10,4967.98,5013.52,43.51,0.88%,4962.37,5042.8,288304352,47276256.0,-
2021-09-13,5006.77,4991.66,-21.86,-0.44%,4964.96,5029.72,249915296,43332964.0,-
2021-09-14,4989.83,4917.16,-74.5,-1.49%,4907.32,5000.98,245590400,41724584.0,-
2021-09-15,4903.85,4867.32,-49.84,-1.01%,4843.12,4903.85,187984736,36325664.0,-
2021-09-16,4866.79,4807.7,-59.62,-1.22%,4806.14,4879.53,216752112,39351728.0,-
2021-09-17,4797.11,4855.94,48.24,1.00%,4786.09,4857.96,201958128,36039740.0,-
2021-09-22,4770.73,4821.77,-34.17,-0.70%,4765.23,4830.85,191220368,31195300.0,-
2021-09-23,4848.22,4853.2,31.43,0.65%,4837.56,4877.34,228151072,36214092.0,-
2021-09-24,4845.64,4849.43,-3.77,-0.08%,4838.54,4897.06,207693296,36184944.0,-
2021-09-27,4870.85,4877.37,27.94,0.58%,4852.2,4922.56,215967024,42608304.0,-
2021-09-28,4869.08,4883.83,6.46,0.13%,4846.63,4901.31,176890880,32127218.0,-
2021-09-29,4846.02,4833.93,-49.9,-1.02%,4799.88,4868.07,188171360,33184176.0,-
2021-09-30,4843.95,4866.38,32.45,0.67%,4843.95,4876.07,146113888,28325468.0,-
2021-10-08,4915.73,4929.94,63.56,1.31%,4891.62,4937.09,168968080,34363584.0,-
2021-10-11,4941.29,4936.19,6.25,0.13%,4930.71,4983.73,163511616,31518632.0,-
2021-10-12,4920.66,4883.84,-52.35,-1.06%,4840.77,4925.49,168079344,29942426.0,-
2021-10-13,4880.14,4940.11,56.27,1.15%,4869.83,4953.38,131142808,28004466.0,-
2021-10-14,4934.26,4913.61,-26.5,-0.54%,4903.25,4953.92,119557016,24915166.0,-
2021-10-15,4896.56,4932.11,18.5,0.38%,4881.01,4939.82,142822000,30072848.0,-
2021-10-18,4922.51,4874.78,-57.33,-1.16%,4844.94,4922.51,141245200,30253944.0,-
2021-10-19,4869.39,4922.72,47.95,0.98%,4868.81,4928.14,135266496,28292826.0,-
2021-10-20,4926.77,4910.18,-12.54,-0.25%,4898.37,4944.02,141533184,27974772.0,-
2021-10-21,4914.74,4928.02,17.83,0.36%,4893.85,4946.18,148898144,27480296.0,-
2021-10-22,4934.87,4959.73,31.71,0.64%,4934.87,4989.89,143926224,28925260.0,-
2021-10-25,4940.9,4979.52,19.8,0.40%,4930.11,4981.65,141861488,29940822.0,-
2021-10-26,4983.24,4963.1,-16.43,-0.33%,4953.48,5002.57,140888944,30178624.0,-
2021-10-27,4949.23,4898.16,-64.93,-1.31%,4884.94,4949.23,147111600,29946046.0,-
2021-10-28,4882.59,4864.14,-34.03,-0.69%,4846.28,4898.66,156649472,31663172.0,-
2021-10-29,4861.27,4908.77,44.63,0.92%,4855.76,4908.77,159887344,36873196.0,-
2021-11-01,4878.13,4890.69,-18.08,-0.37%,4858.25,4908.21,171583968,37973076.0,-
2021-11-02,4886.19,4839.85,-50.84,-1.04%,4797.9,4911.23,185437696,38573188.0,-
2021-11-03,4835.81,4821.11,-18.73,-0.39%,4804.37,4858.71,142763824,30226992.0,-
2021-11-04,4841.09,4868.74,47.63,0.99%,4834.74,4873.94,132592968,30868806.0,-
2021-11-05,4858.9,4842.35,-26.4,-0.54%,4841.74,4889.68,147789360,31207084.0,-
2021-11-08,4841.15,4848.18,5.83,0.12%,4827.69,4866.08,137398256,29589382.0,-
2021-11-09,4858.25,4846.74,-1.44,-0.03%,4818.54,4870.79,118375528,26164506.0,-
2021-11-10,4832.8,4821.19,-25.55,-0.53%,4754.0,4832.8,135118176,30105898.0,-
2021-11-11,4814.77,4898.65,77.46,1.61%,4809.11,4898.65,160484864,32362464.0,-
2021-11-12,4902.93,4888.38,-10.28,-0.21%,4875.35,4909.08,132662968,27177324.0,-
2021-11-15,4894.41,4882.38,-6.0,-0.12%,4863.4,4906.33,121823152,27299774.0,-
2021-11-16,4880.9,4883.32,0.94,0.02%,4876.5,4915.37,127254408,28409460.0,-
2021-11-17,4883.25,4885.75,2.43,0.05%,4864.52,4891.52,108459224,24617792.0,-
2021-11-18,4871.42,4837.62,-48.14,-0.99%,4830.41,4871.42,114480568,24448472.0,-
2021-11-19,4832.06,4890.06,52.44,1.08%,4829.57,4892.81,127198312,26628068.0,-
2021-11-22,4895.39,4912.4,22.34,0.46%,4893.27,4919.0,138092848,31614880.0,-
2021-11-23,4905.76,4913.35,0.95,0.02%,4896.88,4927.52,154304416,30102216.0,-
2021-11-24,4914.03,4916.66,3.31,0.07%,4899.61,4935.49,137150672,28970732.0,-
2021-11-25,4917.61,4896.44,-20.22,-0.41%,4891.73,4921.33,115984032,25545098.0,-
2021-11-26,4886.95,4860.13,-36.32,-0.74%,4850.81,4886.95,120368976,24304134.0,-
2021-11-29,4820.01,4851.42,-8.7,-0.18%,4818.71,4858.53,133626856,28599524.0,-
2021-11-30,4857.18,4832.03,-19.4,-0.40%,4810.22,4871.25,129630600,27926822.0,-
2021-12-01,4831.89,4843.85,11.82,0.24%,4823.93,4844.52,123086784,25596892.0,-
2021-12-02,4839.91,4856.16,12.31,0.25%,4830.32,4866.85,148088528,27805172.0,-
2021-12-03,4856.98,4901.02,44.85,0.92%,4853.35,4901.02,144059632,30005270.0,-
2021-12-06,4909.43,4892.62,-8.4,-0.17%,4888.69,4943.9,173615680,33340578.0,-
2021-12-07,4930.83,4922.1,29.48,0.60%,4895.22,4934.1,179053472,34061776.0,-
2021-12-08,4934.41,4995.93,73.83,1.50%,4915.79,4995.93,157490560,32906484.0,-
2021-12-09,5000.69,5078.69,82.76,1.66%,4999.41,5114.5,220568784,42568096.0,-
2021-12-10,5046.27,5055.12,-23.57,-0.46%,5035.81,5060.06,193695152,35691764.0,-
2021-12-13,5090.02,5083.8,28.68,0.57%,5079.73,5143.84,211801600,42637652.0,-
2021-12-14,5066.35,5049.7,-34.11,-0.67%,5038.86,5075.21,159107792,31868554.0,-
2021-12-15,5036.28,5005.9,-43.8,-0.87%,5003.78,5060.37,150529744,29107258.0,-
2021-12-16,5006.61,5034.73,28.83,0.58%,4987.22,5034.73,144053856,29147476.0,-
2021-12-17,5021.34,4954.76,-79.97,-1.59%,4954.76,5022.11,149005392,29794330.0,-
2021-12-20,4934.97,4880.42,-74.34,-1.50%,4872.68,4971.67,169675696,31753692.0,-
2021-12-21,4876.51,4913.49,33.07,0.68%,4872.95,4917.8,143339904,25902318.0,-
2021-12-22,4924.58,4914.45,0.97,0.02%,4903.17,4936.67,133256744,24464244.0,-
2021-12-23,4924.29,4948.74,34.28,0.70%,4906.75,4948.74,139555408,26335976.0,-
2021-12-24,4953.06,4921.34,-27.39,-0.55%,4905.98,4964.91,142673328,29048366.0,-
2021-12-27,4918.15,4919.32,-2.02,-0.04%,4894.16,4939.69,124100960,25442154.0,-
2021-12-28,4923.69,4955.96,36.64,0.74%,4913.6,4959.15,130457752,27631672.0,-
2021-12-29,4958.65,4883.48,-72.48,-1.46%,4883.48,4958.65,113587008,27322546.0,-
2021-12-30,4882.16,4921.51,38.03,0.78%,4878.65,4940.18,121617184,26802248.0,-
2021-12-31,4937.46,4940.37,18.86,0.38%,4923.14,4950.36,121313744,26697540.0,-
2022-01-04,4957.98,4917.77,-22.61,-0.46%,4874.53,4961.45,151534784,33651696.0,-
2022-01-05,4907.93,4868.12,-49.65,-1.01%,4851.98,4916.28,178816096,36394456.0,-
2022-01-06,4842.16,4818.23,-49.89,-1.02%,4786.43,4857.56,157665824,32175008.0,-
2022-01-07,4824.32,4822.37,4.14,0.09%,4818.19,4856.65,187139424,33221896.0,-
2022-01-10,4812.23,4844.04,21.68,0.45%,4780.82,4844.39,156211696,30503380.0,-
2022-01-11,4840.01,4797.77,-46.27,-0.96%,4791.89,4850.88,146928000,28644576.0,-
2022-01-12,4818.89,4845.58,47.81,1.00%,4810.92,4852.73,143200208,29315304.0,-
2022-01-13,4853.03,4765.92,-79.66,-1.64%,4765.24,4853.06,142519648,28879912.0,-
2022-01-14,4743.91,4726.73,-39.19,-0.82%,4723.94,4764.05,146863120,28182846.0,-
2022-01-17,4728.76,4767.28,40.54,0.86%,4726.71,4775.24,115295696,26378824.0,-
2022-01-18,4766.78,4813.35,46.07,0.97%,4747.92,4826.3,150870800,28274940.0,-
2022-01-19,4815.81,4780.38,-32.97,-0.68%,4755.93,4828.75,133927360,27553454.0,-
2022-01-20,4778.26,4823.51,43.13,0.90%,4777.57,4845.0,164971312,30434426.0,-
2022-01-21,4808.77,4779.31,-44.19,-0.92%,4762.56,4818.31,138952576,27469916.0,-
2022-01-24,4753.94,4786.74,7.42,0.16%,4746.45,4801.1,114463880,24626160.0,-
2022-01-25,4761.95,4678.45,-108.29,-2.26%,4678.25,4781.39,133667584,25055578.0,-
2022-01-26,4697.1,4712.31,33.86,0.72%,4648.13,4718.99,107070840,22655344.0,-
2022-01-27,4708.1,4619.88,-92.43,-1.96%,4616.03,4708.44,121263800,25053566.0,-
2022-01-28,4641.81,4563.77,-56.1,-1.21%,4559.83,4660.52,126480104,26396790.0,-
2022-02-07,4638.58,4634.09,70.32,1.54%,4615.01,4672.65,144849712,26603180.0,-
2022-02-08,4626.44,4608.77,-25.32,-0.55%,4522.47,4626.44,155830720,28136488.0,-
2022-02-09,4608.15,4652.06,43.29,0.94%,4595.28,4659.46,148335552,27377196.0,-
2022-02-10,4657.21,4639.86,-12.2,-0.26%,4608.09,4657.21,151576672,28722440.0,-
2022-02-11,4617.87,4601.4,-38.47,-0.83%,4595.88,4662.6,155974592,30793800.0,-
2022-02-14,4579.42,4551.69,-49.71,-1.08%,4530.06,4593.63,143673904,27573754.0,-
2022-02-15,4553.81,4600.1,48.41,1.06%,4550.54,4601.45,115025600,24997702.0,-
2022-02-16,4619.85,4617.99,17.89,0.39%,4607.22,4643.1,107258952,21019092.0,-
2022-02-17,4616.9,4629.17,11.18,0.24%,4606.95,4650.16,110014640,22794626.0,-
2022-02-18,4604.57,4651.24,22.07,0.48%,4598.1,4651.34,104550224,19582570.0,-
2022-02-21,4646.05,4634.31,-16.92,-0.36%,4613.3,4646.67,112516512,21503918.0,-
2022-02-22,4601.92,4574.15,-60.16,-1.30%,4550.8,4602.07,123317240,24687296.0,-
2022-02-23,4582.01,4623.05,48.89,1.07%,4579.29,4625.3,122952920,25905014.0,-
2022-02-24,4592.07,4529.32,-93.73,-2.03%,4488.48,4610.88,184403072,34234668.0,-
2022-02-25,4564.63,4573.42,44.11,0.97%,4561.9,4611.86,149722576,27172760.0,-
2022-02-28,4563.74,4581.65,8.22,0.18%,4530.68,4581.65,135406976,24836372.0,-
2022-03-01,4597.85,4619.69,38.04,0.83%,4583.92,4623.43,123139216,26043118.0,-
2022-03-02,4594.02,4578.6,-41.09,-0.89%,4558.44,4594.02,113298328,21529966.0,-
2022-03-03,4595.02,4551.63,-26.97,-0.59%,4544.43,4599.4,138285872,24270178.0,-
2022-03-04,4513.36,4496.43,-55.2,-1.21%,4481.49,4539.39,127266808,24997028.0,-
2022-03-07,4462.52,4352.78,-143.65,-3.19%,4338.3,4462.52,162197712,30689854.0,-
2022-03-08,4361.64,4265.39,-87.39,-2.01%,4252.54,4383.65,167863280,31517672.0,-
2022-03-09,4280.98,4226.35,-39.04,-0.92%,4068.19,4304.48,194232896,34100940.0,-
2022-03-10,4326.2,4292.84,66.49,1.57%,4288.51,4335.67,145266384,30163620.0,-
2022-03-11,4231.2,4306.52,13.68,0.32%,4176.45,4316.04,152399920,29500882.0,-
2022-03-14,4248.15,4174.76,-131.76,-3.06%,4174.76,4280.36,130187232,26069166.0,-
2022-03-15,4125.49,3983.81,-190.95,-4.57%,3983.81,4163.42,202524688,34698892.0,-
2022-03-16,4053.1,4156.08,172.27,4.32%,3942.86,4168.59,196021984,37888360.0,-
2022-03-17,4237.67,4237.7,81.61,1.96%,4217.8,4302.74,179407344,38503920.0,-
2022-03-18,4218.47,4265.9,28.21,0.67%,4194.94,4283.37,149458304,27579128.0,-
2022-03-21,4280.14,4258.75,-7.16,-0.17%,4223.02,4287.82,127036368,25121454.0,-
2022-03-22,4252.57,4255.29,-3.45,-0.08%,4236.69,4283.33,126382472,22621352.0,-
2022-03-23,4269.61,4276.52,21.22,0.50%,4241.96,4287.58,117089072,22639078.0,-
2022-03-24,4249.53,4251.31,-25.21,-0.59%,4216.85,4273.96,108918272,21959442.0,-
2022-03-25,4249.07,4174.57,-76.73,-1.80%,4173.93,4254.84,108808048,21701320.0,-
2022-03-28,4128.84,4148.47,-26.11,-0.63%,4091.3,4174.12,118449016,21346898.0,-
2022-03-29,4155.42,4134.14,-14.32,-0.35%,4124.72,4177.21,100266968,19946384.0,-
2022-03-30,4162.17,4254.1,119.95,2.90%,4160.73,4254.1,138346032,26886918.0,-
2022-03-31,4234.72,4222.6,-31.5,-0.74%,4214.54,4247.36,134029192,23887722.0,-
2022-04-01,4198.82,4276.16,53.56,1.27%,4190.08,4290.67,133803048,24475888.0,-
2022-04-06,4258.83,4263.84,-12.32,-0.29%,4236.73,4277.52,159062192,25369094.0,-
2022-04-07,4240.02,4209.1,-54.74,-1.28%,4205.74,4278.11,134880352,21699618.0,-
2022-04-08,4213.21,4230.77,21.67,0.51%,4175.53,4237.81,142843792,22908176.0,-
2022-04-11,4203.79,4100.07,-130.7,-3.09%,4089.09,4203.79,148197072,26522492.0,-
2022-04-12,4102.97,4179.97,79.9,1.95%,4075.8,4179.97,144285680,25283042.0,-
2022-04-13,4154.41,4139.74,-40.24,-0.96%,4139.74,4194.04,125097496,22128102.0,-
2022-04-14,4172.64,4191.57,51.83,1.25%,4155.55,4217.06,124791320,24599382.0,-
2022-04-15,4162.37,4188.75,-2.82,-0.07%,4152.97,4211.32,124762264,22622974.0,-
2022-04-18,4152.93,4166.38,-22.36,-0.53%,4119.99,4171.74,117504616,21285532.0,-
2022-04-19,4161.93,4134.9,-31.48,-0.76%,4115.42,4186.94,110217472,20857058.0,-
2022-04-20,4130.54,4070.79,-64.11,-1.55%,4060.5,4136.17,117331664,21653662.0,-
2022-04-21,4048.73,3995.83,-74.96,-1.84%,3978.37,4086.44,132783832,22702668.0,-
2022-04-22,3967.2,4013.25,17.42,0.44%,3953.72,4037.08,122101808,20637176.0,-
2022-04-25,3933.45,3814.91,-198.34,-4.94%,3814.91,3958.21,168364496,27288926.0,-
2022-04-26,3822.49,3784.12,-30.79,-0.81%,3773.9,3871.85,157577616,25962636.0,-
2022-04-27,3758.08,3895.54,111.42,2.94%,3757.09,3895.73,172734048,29692412.0,-
2022-04-28,3883.42,3921.11,25.57,0.66%,3873.58,3943.43,153056576,26850224.0,-
2022-04-29,3939.62,4016.24,95.13,2.43%,3898.57,4017.43,179458368,32141488.0,-
2022-05-05,3995.35,4010.21,-6.03,-0.15%,3988.93,4039.7,154170720,29053822.0,-
2022-05-06,3928.85,3908.81,-101.4,-2.53%,3902.05,3947.24,123005552,21482518.0,-
2022-05-09,3883.95,3877.44,-31.38,-0.80%,3854.94,3914.11,92936696,17175650.0,-
2022-05-10,3820.63,3919.87,42.43,1.09%,3808.57,3932.68,136416928,23906020.0,-
2022-05-11,3917.93,3976.42,56.55,1.44%,3916.52,4033.3,165632256,30929492.0,-
2022-05-12,3949.95,3958.74,-17.68,-0.44%,3935.59,3985.93,113376064,20202916.0,-
2022-05-13,3983.82,3988.6,29.86,0.75%,3957.14,4003.85,109968352,19572704.0,-
2022-05-16,4015.0,3956.54,-32.06,-0.80%,3947.75,4018.03,112425296,19971792.0,-
2022-05-17,3961.76,4005.89,49.36,1.25%,3955.1,4005.89,109661448,21011754.0,-
2022-05-18,4015.01,3991.91,-13.99,-0.35%,3964.75,4017.34,108074232,20180066.0,-
2022-05-19,3938.3,3999.6,7.69,0.19%,3933.75,3999.6,116293416,21020668.0,-
2022-05-20,4020.82,4077.6,78.0,1.95%,4020.82,4077.6,147069168,26560908.0,-
2022-05-23,4080.97,4053.98,-23.62,-0.58%,4029.08,4080.97,130477816,22598154.0,-
2022-05-24,4052.87,3959.15,-94.83,-2.34%,3959.15,4055.78,145554336,24771304.0,-
2022-05-25,3959.77,3983.18,24.02,0.61%,3946.81,3983.62,107734016,18870054.0,-
2022-05-26,3987.68,3993.04,9.87,0.25%,3938.24,4015.75,126263688,21698702.0,-
2022-05-27,4022.71,4001.3,8.25,0.21%,3983.38,4051.14,112769344,20694442.0,-
2022-05-30,4020.86,4029.02,27.72,0.69%,4003.38,4040.82,111152240,21114472.0,-
2022-05-31,4031.76,4091.52,62.5,1.55%,4020.38,4096.2,135415504,26777008.0,-
2022-06-01,4086.62,4083.18,-8.34,-0.20%,4058.85,4094.9,114850880,22541624.0,-
2022-06-02,4064.0,4089.57,6.39,0.16%,4057.91,4091.15,113893640,22265754.0,-
2022-06-06,4090.53,4166.08,76.52,1.87%,4063.91,4166.62,167871008,32407562.0,-
2022-06-07,4165.69,4179.13,13.04,0.31%,4155.17,4198.09,142992880,28573372.0,-
2022-06-08,4187.15,4219.81,40.68,0.97%,4158.03,4224.81,157374048,31948026.0,-
2022-06-09,4211.72,4175.67,-44.14,-1.05%,4160.88,4227.45,168449152,28517280.0,-
2022-06-10,4145.65,4238.99,63.32,1.52%,4140.22,4241.35,184796224,32409144.0,-
2022-06-13,4194.46,4189.35,-49.64,-1.17%,4156.71,4218.23,168475616,33658564.0,-
2022-06-14,4143.22,4222.31,32.96,0.79%,4102.93,4224.09,171385904,33541856.0,-
2022-06-15,4228.29,4278.22,55.91,1.32%,4228.29,4348.42,257046592,45976684.0,-
2022-06-16,4282.08,4250.06,-28.16,-0.66%,4241.08,4302.92,184074432,33723592.0,-
2022-06-17,4219.23,4309.04,58.98,1.39%,4218.68,4318.77,158649104,34667576.0,-
2022-06-20,4322.83,4330.43,21.39,0.50%,4297.89,4368.36,165666384,35956928.0,-
2022-06-21,4327.92,4325.57,-4.87,-0.11%,4287.14,4357.34,164667616,31716330.0,-
2022-06-22,4331.9,4270.62,-54.94,-1.27%,4269.25,4333.18,158565856,29865626.0,-
2022-06-23,4277.96,4343.88,73.26,1.72%,4260.9,4343.88,170882352,32714476.0,-
2022-06-24,4354.55,4394.77,50.89,1.17%,4346.12,4400.69,168972192,35605476.0,-
2022-06-27,4414.33,4444.26,49.49,1.13%,4414.33,4472.69,177385680,38143296.0,-
2022-06-28,4442.58,4490.52,46.25,1.04%,4407.35,4497.9,174756496,36168596.0,-
2022-06-29,4472.73,4421.36,-69.16,-1.54%,4414.0,4503.13,187276704,39592612.0,-
2022-06-30,4418.07,4485.01,63.65,1.44%,4418.07,4515.0,156666288,35434388.0,-
2022-07-01,4489.52,4466.72,-18.29,-0.41%,4449.29,4500.99,144779600,31849212.0,-
2022-07-04,4447.22,4496.03,29.31,0.66%,4427.82,4496.03,146345648,35696852.0,-
2022-07-05,4505.46,4489.54,-6.49,-0.14%,4439.45,4530.32,154962416,36189184.0,-
2022-07-06,4475.48,4423.97,-65.57,-1.46%,4393.42,4484.36,149800240,34467268.0,-
2022-07-07,4425.28,4443.47,19.5,0.44%,4391.19,4457.34,132660912,32813314.0,-
2022-07-08,4468.06,4428.78,-14.69,-0.33%,4426.89,4479.49,123195744,30403110.0,-
2022-07-11,4406.15,4354.62,-74.16,-1.67%,4330.58,4406.15,134448576,29919524.0,-
2022-07-12,4352.65,4313.62,-41.0,-0.94%,4296.62,4370.34,130187840,29107232.0,-
2022-07-13,4313.36,4321.46,7.84,0.18%,4284.94,4341.47,131113176,28607556.0,-
2022-07-14,4308.82,4322.07,0.61,0.01%,4292.76,4352.1,145250928,30156986.0,-
2022-07-15,4299.47,4248.53,-73.55,-1.70%,4248.53,4344.86,150214448,31679320.0,-
2022-07-18,4262.15,4292.59,44.06,1.04%,4217.51,4300.78,122601192,28105514.0,-
2022-07-19,4288.44,4269.34,-23.25,-0.54%,4238.82,4288.44,103805728,23111774.0,-
2022-07-20,4291.28,4283.8,14.46,0.34%,4269.97,4303.37,94490144,21230188.0,-
2022-07-21,4270.36,4236.06,-47.74,-1.11%,4236.05,4283.15,117156344,23922814.0,-
2022-07-22,4251.79,4238.23,2.18,0.05%,4207.31,4275.47,103840624,22429534.0,-
2022-07-25,4233.93,4212.64,-25.59,-0.60%,4201.92,4234.84,83636664,18813642.0,-
2022-07-26,4220.09,4245.98,33.33,0.79%,4214.53,4259.99,85823272,19760142.0,-
2022-07-27,4236.15,4225.04,-20.94,-0.49%,4217.28,4242.1,78904936,19424530.0,-
2022-07-28,4242.27,4225.67,0.64,0.02%,4223.03,4267.92,107531928,24387148.0,-
2022-07-29,4226.42,4170.1,-55.57,-1.32%,4160.87,4243.51,114179288,25319858.0,-
2022-08-01,4160.65,4188.68,18.58,0.45%,4129.45,4196.57,107749024,25112530.0,-
2022-08-02,4144.38,4107.02,-81.65,-1.95%,4071.43,4144.38,142224432,28101356.0,-
2022-08-03,4114.83,4066.98,-40.05,-0.98%,4058.18,4150.98,116666120,26869584.0,-
2022-08-04,4089.44,4101.54,34.56,0.85%,4064.66,4108.16,89532640,21689868.0,-
2022-08-05,4109.63,4156.91,55.37,1.35%,4097.86,4159.48,102571008,24732590.0,-
2022-08-08,4142.11,4148.07,-8.84,-0.21%,4135.08,4155.73,90208136,22408080.0,-
2022-08-09,4143.67,4156.29,8.22,0.20%,4131.43,4161.81,84136960,21422370.0,-
2022-08-10,4149.21,4109.74,-46.55,-1.12%,4092.55,4160.79,85565840,21744736.0,-
2022-08-11,4130.74,4193.54,83.81,2.04%,4116.06,4193.81,121385056,26963100.0,-
2022-08-12,4185.42,4191.15,-2.39,-0.06%,4175.05,4202.47,106808296,21920806.0,-
2022-08-15,4180.0,4185.68,-5.47,-0.13%,4174.3,4219.92,105898496,24553980.0,-
2022-08-16,4190.53,4177.84,-7.84,-0.19%,4170.52,4208.8,93906136,23381858.0,-
2022-08-17,4182.57,4216.96,39.12,0.94%,4155.17,4222.79,112864656,25204432.0,-
2022-08-18,4205.79,4180.1,-36.86,-0.87%,4173.54,4211.91,101052648,23311548.0,-
2022-08-19,4174.55,4151.07,-29.03,-0.69%,4151.07,4185.66,117402984,26249412.0,-
2022-08-22,4135.16,4181.4,30.32,0.73%,4134.2,4183.65,112442720,25974716.0,-
2022-08-23,4175.53,4161.08,-20.31,-0.49%,4147.41,4187.39,103153512,23910132.0,-
2022-08-24,4168.58,4082.42,-78.66,-1.89%,4079.09,4174.16,119069672,26284430.0,-
2022-08-25,4093.29,4116.24,33.82,0.83%,4058.75,4119.62,111320752,24214958.0,-
2022-08-26,4127.81,4107.55,-8.69,-0.21%,4102.68,4139.79,99000496,22551920.0,-
2022-08-29,4063.88,4089.52,-18.02,-0.44%,4059.6,4092.95,94354432,20308612.0,-
2022-08-30,4088.53,4075.79,-13.73,-0.34%,4048.52,4093.14,93301656,19264900.0,-
2022-08-31,4057.14,4078.84,3.05,0.07%,4046.62,4112.85,132449760,29297466.0,-
2022-09-01,4066.19,4043.74,-35.1,-0.86%,4041.13,4090.89,97387072,21089850.0,-
2022-09-02,4054.84,4023.61,-20.13,-0.50%,4004.91,4056.18,86789272,18446832.0,-
2022-09-05,4010.41,4015.43,-8.19,-0.20%,3982.74,4017.0,93767104,20111870.0,-
2022-09-06,4024.47,4052.28,36.85,0.92%,4009.58,4054.0,113506264,23592184.0,-
2022-09-07,4032.72,4054.98,2.7,0.07%,4028.37,4067.54,107678056,21514716.0,-
2022-09-08,4059.17,4037.68,-17.3,-0.43%,4036.02,4067.76,100886048,18688904.0,-
2022-09-09,4050.59,4093.79,56.1,1.39%,4042.25,4099.01,118427112,22144254.0,-
2022-09-13,4112.01,4111.11,17.33,0.42%,4097.14,4128.11,111789744,21852106.0,-
2022-09-14,4058.04,4065.36,-45.76,-1.11%,4047.92,4089.06,90793680,18548496.0,-
2022-09-15,4078.65,4027.12,-38.24,-0.94%,3998.86,4088.81,123951200,25436750.0,-
2022-09-16,4013.58,3932.68,-94.44,-2.35%,3932.68,4019.41,137193664,24125184.0,-
2022-09-19,3928.42,3928.0,-4.68,-0.12%,3910.31,3953.65,97719576,18357444.0,-
2022-09-20,3945.65,3932.84,4.84,0.12%,3921.69,3957.55,84824136,17924816.0,-
2022-09-21,3921.32,3903.73,-29.1,-0.74%,3884.23,3924.39,86458392,16893908.0,-
2022-09-22,3875.18,3869.34,-34.39,-0.88%,3860.23,3900.27,80946920,16113410.0,-
2022-09-23,3865.1,3856.02,-13.32,-0.34%,3829.69,3888.4,94342464,17290480.0,-
2022-09-26,3829.6,3836.68,-19.34,-0.50%,3827.95,3893.32,104526032,19290620.0,-
2022-09-27,3844.07,3892.29,55.62,1.45%,3827.93,3893.03,88860160,18595526.0,-
2022-09-28,3879.44,3828.71,-63.59,-1.63%,3828.05,3879.44,86592216,17243804.0,-
2022-09-29,3864.32,3827.14,-1.57,-0.04%,3808.65,3873.18,85654144,17163594.0,-
2022-09-30,3833.35,3804.89,-22.26,-0.58%,3801.28,3848.6,78559968,15869275.0,-
2022-10-10,3806.56,3720.94,-83.95,-2.21%,3715.71,3807.46,102647592,19463590.0,-
2022-10-11,3732.02,3727.69,6.75,0.18%,3706.06,3739.81,83944624,16680039.0,-
2022-10-12,3722.87,3784.31,56.62,1.52%,3661.53,3784.31,108089320,21093136.0,-
2022-10-13,3756.42,3752.67,-31.63,-0.84%,3749.64,3783.6,99018912,19836888.0,-
2022-10-14,3783.32,3842.47,89.8,2.39%,3780.84,3863.23,116242288,25655128.0,-
2022-10-17,3822.24,3846.41,3.94,0.10%,3809.12,3849.62,104192024,22048888.0,-
2022-10-18,3865.83,3838.27,-8.15,-0.21%,3831.17,3870.22,88346912,18655630.0,-
2022-10-19,3827.47,3776.53,-61.73,-1.61%,3776.53,3840.49,81574848,18673642.0,-
2022-10-20,3746.58,3754.93,-21.61,-0.57%,3726.79,3804.25,90290896,20378162.0,-
2022-10-21,3753.89,3742.89,-12.03,-0.32%,3724.69,3768.69,98750032,18068636.0,-
2022-10-24,3727.92,3633.37,-109.52,-2.93%,3619.99,3762.16,130056864,25945074.0,-
2022-10-25,3621.94,3627.45,-5.92,-0.16%,3594.7,3670.73,110953880,21930276.0,-
2022-10-26,3633.31,3656.9,29.45,0.81%,3633.31,3700.88,121301544,24245380.0,-
2022-10-27,3667.66,3631.14,-25.76,-0.70%,3631.06,3685.08,117998672,25747332.0,-
2022-10-28,3605.16,3541.33,-89.82,-2.47%,3533.5,3618.86,118772160,24581646.0,-
2022-10-31,3504.51,3508.7,-32.63,-0.92%,3495.95,3553.39,138465664,25657482.0,-
2022-11-01,3519.82,3634.17,125.47,3.58%,3517.62,3634.17,149286704,29508994.0,-
2022-11-02,3620.37,3677.81,43.63,1.20%,3610.8,3703.47,141592912,29164824.0,-
2022-11-03,3645.06,3647.9,-29.91,-0.81%,3628.5,3670.16,110566032,21537930.0,-
2022-11-04,3646.77,3767.17,119.28,3.27%,3646.77,3782.88,149734960,31114546.0,-
2022-11-07,3754.52,3775.3,8.12,0.22%,3746.37,3792.79,129826376,25119570.0,-
2022-11-08,3773.66,3749.33,-25.97,-0.69%,3723.34,3779.12,99016448,19335132.0,-
2022-11-09,3750.78,3714.27,-35.05,-0.93%,3711.27,3760.41,89434520,17202952.0,-
2022-11-10,3685.83,3685.69,-28.58,-0.77%,3665.06,3701.53,103509296,18315532.0,-
2022-11-11,3787.76,3788.44,102.75,2.79%,3747.09,3828.9,189685600,34447132.0,-
2022-11-14,3818.14,3794.02,5.58,0.15%,3781.78,3848.41,169665040,31553686.0,-
2022-11-15,3788.93,3865.97,71.96,1.90%,3775.5,3871.64,151515648,29626814.0,-
2022-11-16,3860.81,3834.39,-31.58,-0.82%,3829.31,3877.68,120610960,23584458.0,-
2022-11-17,3821.27,3818.66,-15.73,-0.41%,3776.57,3821.74,105940632,21954082.0,-
2022-11-18,3823.82,3801.57,-17.1,-0.45%,3801.57,3840.3,115078776,22427614.0,-
2022-11-21,3769.63,3769.13,-32.44,-0.85%,3734.0,3769.87,95866960,18823036.0,-
2022-11-22,3766.08,3769.57,0.45,0.01%,3751.04,3809.86,144486336,20349084.0,-
2022-11-23,3760.22,3773.53,3.96,0.10%,3753.21,3791.18,144527920,20107060.0,-
2022-11-24,3791.54,3756.81,-16.72,-0.44%,3751.38,3804.9,101073448,16069893.0,-
2022-11-25,3751.28,3775.78,18.97,0.50%,3743.41,3790.57,142929712,19171104.0,-
2022-11-28,3701.9,3733.24,-42.53,-1.13%,3672.13,3736.08,127825744,19630556.0,-
2022-11-29,3766.57,3848.42,115.18,3.09%,3766.57,3854.77,178701392,28906232.0,-
2022-11-30,3836.56,3853.04,4.61,0.12%,3833.83,3867.66,157511408,25005146.0,-
2022-12-01,3921.3,3894.77,41.73,1.08%,3893.87,3944.56,169964592,30667820.0,-
2022-12-02,3886.4,3870.95,-23.82,-0.61%,3865.88,3898.11,116786352,20125316.0,-
2022-12-05,3907.64,3946.88,75.93,1.96%,3900.67,3947.48,201747232,29661552.0,-
2022-12-06,3929.01,3968.2,21.32,0.54%,3923.0,3988.9,155108320,27558344.0,-
2022-12-07,3956.67,3958.44,-9.76,-0.25%,3944.18,3999.59,143001360,25549084.0,-
2022-12-08,3953.2,3959.18,0.74,0.02%,3941.3,3971.49,115199992,19803768.0,-
2022-12-09,3961.99,3998.24,39.06,0.99%,3944.44,4003.32,153774944,26816680.0,-
2022-12-12,3976.17,3953.44,-44.8,-1.12%,3950.32,3983.43,125935368,22760630.0,-
2022-12-13,3953.55,3945.68,-7.76,-0.20%,3939.98,3964.4,100994096,18402070.0,-
2022-12-14,3952.79,3954.89,9.2,0.23%,3935.77,3972.74,98528008,19617510.0,-
2022-12-15,3954.67,3951.99,-2.9,-0.07%,3926.5,3963.5,88864728,18199488.0,-
2022-12-16,3931.23,3954.23,2.24,0.06%,3929.49,3960.47,93178560,16748844.0,-
2022-12-19,3952.77,3893.22,-61.01,-1.54%,3878.44,3966.57,106919072,18080138.0,-
2022-12-20,3881.23,3829.02,-64.2,-1.65%,3811.48,3881.27,83096824,16404644.0,-
2022-12-21,3839.0,3830.54,1.52,0.04%,3821.4,3853.73,64839216,12345004.0,-
2022-12-22,3859.2,3836.03,5.49,0.14%,3821.34,3882.13,83705176,16397030.0,-
2022-12-23,3811.62,3828.22,-7.81,-0.20%,3805.95,3848.34,65278148,13055942.0,-
2022-12-26,3830.57,3843.49,15.27,0.40%,3827.52,3856.81,73005712,14869283.0,-
2022-12-27,3860.91,3887.85,44.37,1.15%,3856.58,3891.85,77515352,15203220.0,-
2022-12-28,3874.91,3871.26,-16.59,-0.43%,3854.94,3884.72,84424656,16067112.0,-
2022-12-29,3854.24,3856.7,-14.56,-0.38%,3838.48,3868.29,79394816,14901137.0,-
2022-12-30,3873.94,3871.63,14.93,0.39%,3868.76,3887.55,78773272,14829506.0,-
2023-01-03,3864.84,3887.9,16.27,0.42%,3831.25,3893.99,115051880,20754016.0,-
2023-01-04,3886.25,3892.95,5.05,0.13%,3873.65,3905.9,110660744,19899770.0,-
2023-01-05,3913.49,3968.58,75.63,1.94%,3912.26,3974.88,116502392,25631260.0,-
2023-01-06,3969.55,3980.89,12.31,0.31%,3966.47,4000.41,110953040,23574432.0,-
2023-01-09,3998.53,4013.12,32.23,0.81%,3990.71,4023.09,117054424,23321242.0,-
2023-01-10,4014.71,4017.47,4.35,0.11%,4002.23,4030.46,101751144,21487116.0,-
2023-01-11,4019.88,4010.03,-7.44,-0.19%,4008.02,4043.4,99997888,20300026.0,-
2023-01-12,4021.75,4017.87,7.84,0.20%,4003.51,4030.29,90552624,18368626.0,-
2023-01-13,4032.29,4074.38,56.51,1.41%,4027.89,4074.38,95871896,21217400.0,-
2023-01-16,4077.88,4137.96,63.59,1.56%,4076.64,4177.1,151395456,31900776.0,-
2023-01-17,4138.84,4137.24,-0.72,-0.02%,4118.16,4148.58,95479040,20438156.0,-
2023-01-18,4140.1,4130.31,-6.93,-0.17%,4125.77,4151.46,84200640,17212618.0,-
2023-01-19,4125.58,4156.01,25.69,0.62%,4105.98,4156.01,94608392,19269960.0,-
2023-01-20,4166.84,4181.53,25.52,0.61%,4161.67,4189.83,123553816,22234244.0,-
2023-01-30,4267.62,4201.35,19.82,0.47%,4197.86,4268.15,164607072,33019334.0,-
2023-01-31,4200.58,4156.86,-44.49,-1.06%,4153.05,4212.73,124550832,24936532.0,-
2023-02-01,4170.13,4195.93,39.08,0.94%,4137.77,4195.93,141008960,26555396.0,-
2023-02-02,4207.41,4181.15,-14.78,-0.35%,4170.56,4207.41,133823736,26249744.0,-
2023-02-03,4162.03,4141.63,-39.52,-0.95%,4103.17,4162.03,117041224,22691476.0,-
2023-02-06,4103.83,4086.88,-54.75,-1.32%,4065.22,4105.94,110192720,22634510.0,-
2023-02-07,4098.31,4094.23,7.36,0.18%,4077.96,4107.34,91360072,18353736.0,-
2023-02-08,4099.86,4076.14,-18.09,-0.44%,4072.65,4111.47,84786096,17059174.0,-
2023-02-09,4067.56,4130.86,54.72,1.34%,4064.75,4130.86,102289960,21172260.0,-
2023-02-10,4124.1,4106.31,-24.55,-0.59%,4092.35,4125.29,96716728,19534832.0,-
2023-02-13,4098.88,4143.57,37.26,0.91%,4092.27,4146.45,128892576,25199018.0,-
2023-02-14,4151.25,4145.29,1.72,0.04%,4125.26,4152.05,102499888,20491544.0,-
2023-02-15,4146.85,4123.69,-21.6,-0.52%,4115.97,4153.72,121664512,21985554.0,-
2023-02-16,4125.41,4093.49,-30.2,-0.73%,4068.86,4167.9,159310576,28131564.0,-
2023-02-17,4086.22,4034.51,-58.98,-1.44%,4032.93,4104.64,116142592,22573776.0,-
2023-02-20,4039.96,4133.49,98.98,2.45%,4035.48,4134.86,161794480,28012294.0,-
2023-02-21,4130.06,4144.35,10.86,0.26%,4116.27,4151.8,145776176,24967420.0,-
2023-02-22,4118.97,4106.95,-37.4,-0.90%,4101.86,4134.88,104290296,19158616.0,-
2023-02-23,4106.21,4103.65,-3.3,-0.08%,4088.21,4132.39,103564904,19719358.0,-
2023-02-24,4100.99,4061.05,-42.6,-1.04%,4048.24,4102.61,100989432,19121048.0,-
2023-02-27,4040.46,4043.84,-17.2,-0.42%,4034.52,4067.03,93787624,18795950.0,-
2023-02-28,4058.13,4069.46,25.61,0.63%,4026.45,4074.26,110323592,19879972.0,-
2023-03-01,4068.73,4126.94,57.48,1.41%,4061.22,4135.48,156015792,25537478.0,-
2023-03-02,4119.99,4117.74,-9.2,-0.22%,4113.83,4137.25,148217648,23595376.0,-
2023-03-03,4126.02,4130.55,12.81,0.31%,4100.38,4135.21,160331744,22691454.0,-
2023-03-06,4131.15,4109.01,-21.54,-0.52%,4088.45,4132.84,162971808,28307986.0,-
2023-03-07,4103.64,4048.85,-60.16,-1.46%,4046.57,4124.96,195912064,27249198.0,-
2023-03-08,4030.74,4034.11,-14.74,-0.36%,4011.52,4037.29,117936496,19165966.0,-
2023-03-09,4035.84,4019.85,-14.26,-0.35%,4000.89,4043.85,116539624,20173800.0,-
2023-03-10,3991.8,3967.14,-52.72,-1.31%,3966.43,4004.36,123855408,21828694.0,-
2023-03-13,3962.64,4008.69,41.55,1.05%,3962.64,4008.69,143561376,24286552.0,-
2023-03-14,3999.88,3984.7,-23.99,-0.60%,3946.94,4001.94,150544176,26722484.0,-
2023-03-15,4011.84,3986.9,2.21,0.06%,3986.9,4018.75,142026000,23210110.0,-
2023-03-16,3958.2,3939.15,-47.75,-1.20%,3936.48,3981.32,152515648,24626428.0,-
2023-03-17,3971.16,3958.82,19.67,0.50%,3945.25,4004.22,177433824,30554102.0,-
2023-03-20,3962.66,3939.08,-19.74,-0.50%,3935.02,3979.55,205264976,31976004.0,-
2023-03-21,3948.16,3982.38,43.3,1.10%,3948.16,3982.7,145090688,25163200.0,-
2023-03-22,3993.78,3999.44,17.06,0.43%,3986.71,4016.45,149228976,26518098.0,-
2023-03-23,3985.99,4039.09,39.65,0.99%,3984.0,4039.09,158887424,29647952.0,-
2023-03-24,4035.16,4027.05,-12.04,-0.30%,4017.0,4037.84,159442336,29578560.0,-
2023-03-27,4023.3,4012.48,-14.57,-0.36%,3987.03,4023.3,168482288,31547470.0,-
2023-03-28,4015.7,3999.51,-12.96,-0.32%,3994.6,4023.78,131895120,24873692.0,-
2023-03-29,4013.59,4006.14,6.63,0.17%,3992.67,4017.76,133743512,26386692.0,-
2023-03-30,4009.56,4038.53,32.38,0.81%,3983.9,4040.5,149901040,28000472.0,-
2023-03-31,4045.45,4050.93,12.4,0.31%,4039.96,4063.57,138842544,27986368.0,-
2023-04-03,4059.62,4090.57,39.64,0.98%,4059.06,4094.94,182124320,38289556.0,-
2023-04-04,4089.29,4103.1,12.54,0.31%,4080.07,4103.16,197146624,39444316.0,-
2023-04-06,4084.13,4096.64,-6.47,-0.16%,4078.4,4098.83,150703376,32898184.0,-
2023-04-07,4096.9,4123.28,26.64,0.65%,4092.18,4131.31,128676744,28656776.0,-
2023-04-10,4132.01,4104.81,-18.47,-0.45%,4099.05,4132.3,152452992,34082256.0,-
2023-04-11,4108.51,4100.15,-4.66,-0.11%,4083.49,4116.12,153901328,32419296.0,-
2023-04-12,4102.4,4097.29,-2.86,-0.07%,4090.28,4108.25,165965280,32542524.0,-
2023-04-13,4081.39,4068.98,-28.31,-0.69%,4059.57,4088.88,156444288,30029104.0,-
2023-04-14,4078.97,4092.0,23.02,0.57%,4075.2,4098.22,150695680,30620150.0,-
2023-04-17,4090.07,4149.38,57.38,1.40%,4089.51,4149.38,188773088,34183128.0,-
2023-04-18,4139.31,4162.03,12.65,0.30%,4138.46,4169.67,170184128,33154568.0,-
2023-04-19,4159.39,4124.56,-37.47,-0.90%,4118.63,4159.39,162554592,31221950.0,-
2023-04-20,4122.95,4113.02,-11.54,-0.28%,4094.0,4125.82,162706672,33217240.0,-
2023-04-21,4114.26,4032.57,-80.45,-1.96%,4031.91,4114.26,180802432,34785200.0,-
2023-04-24,4031.3,3982.64,-49.92,-1.24%,3967.91,4033.64,170099216,32837560.0,-
2023-04-25,3985.11,3962.67,-19.98,-0.50%,3925.44,3991.69,172555408,33111062.0,-
2023-04-26,3950.26,3959.23,-3.43,-0.09%,3934.66,3975.66,162702016,32206282.0,-
2023-04-27,3948.03,3988.42,29.19,0.74%,3942.82,3999.13,153828192,30480400.0,-
2023-04-28,3993.26,4029.09,40.67,1.02%,3993.26,4030.45,179508496,32893630.0,-
2023-05-04,4013.47,4030.25,1.16,0.03%,4001.13,4035.78,227582848,34549252.0,-
2023-05-05,4031.09,4016.88,-13.37,-0.33%,3998.39,4047.6,206626912,30769450.0,-
2023-05-08,4028.11,4062.66,45.78,1.14%,4018.96,4070.77,255583088,35953996.0,-
2023-05-09,4065.44,4027.88,-34.79,-0.86%,4026.39,4092.85,279306048,39642212.0,-
2023-05-10,4017.94,3996.87,-31.01,-0.77%,3984.63,4019.06,207552720,30948484.0,-
2023-05-11,4005.78,3990.66,-6.21,-0.16%,3988.48,4018.06,144804624,24105208.0,-
2023-05-12,3987.77,3937.76,-52.9,-1.33%,3937.53,3999.38,144421728,22899292.0,-
2023-05-15,3938.83,3998.89,61.12,1.55%,3923.03,3998.89,176257376,27953116.0,-
2023-05-16,4002.52,3978.21,-20.68,-0.52%,3966.99,4005.01,136833264,23484066.0,-
2023-05-17,3971.7,3960.17,-18.04,-0.45%,3945.71,3982.6,118448192,20519568.0,-
2023-05-18,3965.52,3956.07,-4.09,-0.10%,3939.55,3982.72,136533952,22913418.0,-
2023-05-19,3946.22,3944.54,-11.53,-0.29%,3928.32,3967.28,120212480,20709494.0,-
2023-05-22,3941.0,3969.33,24.79,0.63%,3935.8,3985.4,109116600,20218556.0,-
2023-05-23,3968.23,3913.19,-56.14,-1.41%,3913.19,3971.94,118685080,18995582.0,-
2023-05-24,3903.78,3859.09,-54.09,-1.38%,3859.09,3903.78,137258256,21176842.0,-
2023-05-25,3851.41,3850.5,-8.59,-0.22%,3817.84,3861.38,124150776,21331362.0,-
2023-05-26,3848.42,3850.95,0.45,0.01%,3815.57,3859.63,100326440,19153780.0,-
2023-05-29,3862.08,3833.94,-17.01,-0.44%,3819.18,3866.72,131859968,23009560.0,-
2023-05-30,3827.79,3837.75,3.81,0.10%,3789.27,3844.01,137619632,24456626.0,-
2023-05-31,3827.16,3798.54,-39.21,-1.02%,3781.4,3827.16,126387360,23560614.0,-
2023-06-01,3788.59,3806.87,8.32,0.22%,3786.73,3832.21,134561888,24182954.0,-
2023-06-02,3821.62,3861.83,54.97,1.44%,3821.62,3865.28,125015112,23269654.0,-
2023-06-05,3860.56,3844.25,-17.58,-0.46%,3832.46,3860.56,116163992,21114436.0,-
2023-06-06,3840.46,3808.16,-36.09,-0.94%,3802.84,3867.85,125781256,22209172.0,-
2023-06-07,3815.48,3789.34,-18.82,-0.49%,3780.1,3823.11,98862432,18987980.0,-
2023-06-08,3791.08,3820.19,30.84,0.81%,3777.78,3834.39,118700936,19911930.0,-
2023-06-09,3822.41,3836.7,16.52,0.43%,3811.22,3836.7,134319856,24729608.0,-
2023-06-12,3827.33,3844.43,7.73,0.20%,3813.86,3859.72,126758544,24079128.0,-
2023-06-13,3838.13,3864.91,20.48,0.53%,3833.46,3867.3,110924944,22543522.0,-
2023-06-14,3872.72,3864.02,-0.88,-0.02%,3862.06,3891.67,124955760,24393258.0,-
2023-06-15,3871.77,3925.5,61.47,1.59%,3871.77,3925.5,128369944,28263590.0,-
2023-06-16,3932.21,3963.35,37.85,0.96%,3928.54,3968.01,139760080,28037478.0,-
2023-06-19,3957.03,3930.91,-32.44,-0.82%,3922.47,3957.03,134905840,26821308.0,-
2023-06-20,3926.09,3924.24,-6.67,-0.17%,3918.47,3937.49,122520320,26627408.0,-
2023-06-21,3909.1,3864.03,-60.21,-1.53%,3864.03,3920.13,118346576,24363070.0,-
2023-06-26,3833.44,3809.7,-54.34,-1.41%,3801.05,3841.29,133990424,24771384.0,-
2023-06-27,3811.69,3845.43,35.74,0.94%,3806.32,3851.9,116992688,21009772.0,-
2023-06-28,3836.61,3840.8,-4.63,-0.12%,3808.16,3846.85,107021536,20618796.0,-
2023-06-29,3836.73,3821.84,-18.96,-0.49%,3817.38,3840.71,98289272,20411004.0,-
2023-06-30,3816.33,3842.45,20.61,0.54%,3813.55,3860.03,101268432,20814626.0,-
2023-07-03,3853.29,3892.88,50.43,1.31%,3853.29,3897.33,133158048,25687652.0,-
2023-07-04,3888.03,3899.01,6.13,0.16%,3878.4,3899.98,109494528,21633562.0,-
2023-07-05,3895.19,3868.81,-30.21,-0.77%,3864.13,3899.52,97636384,18840028.0,-
2023-07-06,3857.03,3842.75,-26.05,-0.67%,3836.46,3876.89,100121848,18474242.0,-
2023-07-07,3831.6,3825.7,-17.06,-0.44%,3819.08,3844.84,100906912,17391856.0,-
2023-07-10,3841.56,3844.33,18.63,0.49%,3831.92,3865.46,92033440,18536080.0,-
2023-07-11,3853.8,3869.49,25.16,0.65%,3844.52,3870.65,86510712,17758570.0,-
2023-07-12,3864.6,3843.44,-26.05,-0.67%,3838.56,3874.04,111522024,21404652.0,-
2023-07-13,3855.66,3898.42,54.99,1.43%,3855.66,3901.1,120300240,23527872.0,-
2023-07-14,3904.6,3899.1,0.68,0.02%,3893.79,3908.49,122364848,22023046.0,-
2023-07-17,3881.62,3867.17,-31.93,-0.82%,3852.26,3881.62,98340144,17462356.0,-
2023-07-18,3871.04,3854.94,-12.24,-0.32%,3844.51,3871.04,91438616,16710432.0,-
2023-07-19,3848.48,3850.87,-4.07,-0.11%,3830.41,3860.01,79585696,15131148.0,-
2023-07-20,3857.77,3823.69,-27.17,-0.71%,3818.71,3875.62,92042080,17432088.0,-
2023-07-21,3816.98,3821.91,-1.78,-0.05%,3808.8,3849.51,79507560,15714420.0,-
2023-07-24,3803.35,3805.22,-16.69,-0.44%,3798.8,3828.79,75483544,15144837.0,-
2023-07-25,3866.64,3915.12,109.89,2.89%,3866.64,3915.81,163066320,29985358.0,-
2023-07-26,3908.17,3907.01,-8.1,-0.21%,3893.4,3912.98,107881720,19291260.0,-
2023-07-27,3914.23,3902.35,-4.67,-0.12%,3894.69,3935.36,110667112,19684542.0,-
2023-07-28,3889.79,3992.74,90.39,2.32%,3886.55,4000.92,179735488,31009246.0,-
2023-07-31,4018.89,4014.63,21.89,0.55%,4002.08,4064.36,199606832,36654412.0,-
2023-08-01,4009.18,3998.0,-16.63,-0.41%,3983.03,4031.7,142286864,25562078.0,-
2023-08-02,3985.7,3969.9,-28.11,-0.70%,3958.51,4008.33,125855696,20487570.0,-
2023-08-03,3962.13,4004.98,35.09,0.88%,3962.13,4005.0,129006640,22480982.0,-
2023-08-04,4033.72,4020.58,15.6,0.39%,4011.62,4058.24,178267200,31652974.0,-
2023-08-07,4002.97,3990.15,-30.43,-0.76%,3977.02,4002.97,121310656,22709058.0,-
2023-08-08,3980.04,3979.73,-10.42,-0.26%,3963.46,4002.29,109871696,20261134.0,-
2023-08-09,3967.36,3967.57,-12.17,-0.31%,3961.84,3982.11,94640272,17439424.0,-
2023-08-10,3962.86,3975.72,8.15,0.21%,3945.39,3976.46,97176856,17564674.0,-
2023-08-11,3977.98,3884.25,-91.46,-2.30%,3884.25,3977.98,126082928,20354632.0,-
2023-08-14,3840.89,3855.91,-28.35,-0.73%,3814.07,3859.47,115966344,19762376.0,-
2023-08-15,3858.37,3846.54,-9.37,-0.24%,3811.68,3865.28,103097112,17743706.0,-
2023-08-16,3830.83,3818.33,-28.2,-0.73%,3817.63,3852.42,94616944,16932388.0,-
2023-08-17,3801.2,3831.1,12.77,0.33%,3782.5,3836.15,98415496,17409384.0,-
2023-08-18,3832.46,3784.0,-47.1,-1.23%,3784.0,3844.2,95549632,16844568.0,-
2023-08-21,3773.23,3729.55,-54.45,-1.44%,3729.55,3782.11,98708368,17337994.0,-
2023-08-22,3748.07,3758.23,28.67,0.77%,3704.68,3770.06,120318328,20346388.0,-
2023-08-23,3751.77,3696.63,-61.59,-1.64%,3695.03,3756.17,97081640,16047623.0,-
2023-08-24,3711.54,3723.43,26.8,0.72%,3701.57,3748.86,119614528,19625740.0,-
2023-08-25,3703.51,3709.15,-14.28,-0.38%,3695.84,3734.22,105182608,17560144.0,-
2023-08-28,3911.55,3752.62,43.47,1.17%,3740.53,3911.55,197990384,33504766.0,-
2023-08-29,3743.05,3790.11,37.49,1.00%,3742.08,3810.38,152486144,26213494.0,-
2023-08-30,3803.12,3788.51,-1.6,-0.04%,3780.24,3813.7,129671656,22672748.0,-
2023-08-31,3786.93,3765.27,-23.24,-0.61%,3762.0,3794.0,118961640,19357700.0,-
2023-09-01,3778.91,3791.49,26.22,0.70%,3778.91,3808.53,105319048,17221914.0,-
2023-09-04,3812.99,3848.95,57.46,1.52%,3804.59,3854.26,142385200,23793472.0,-
2023-09-05,3839.58,3820.32,-28.63,-0.74%,3814.33,3839.58,104052336,18137788.0,-
2023-09-06,3808.1,3812.03,-8.29,-0.22%,3790.9,3817.52,93442400,16608153.0,-
2023-09-07,3802.23,3758.47,-53.55,-1.40%,3756.85,3802.23,95103904,16440576.0,-
2023-09-08,3747.65,3739.99,-18.48,-0.49%,3724.99,3753.26,71638168,12919765.0,-
2023-09-11,3740.58,3767.54,27.54,0.74%,3734.72,3788.32,105358016,18687176.0,-
2023-09-12,3764.33,3760.6,-6.93,-0.18%,3755.42,3775.09,79385376,14011751.0,-
2023-09-13,3759.61,3736.65,-23.95,-0.64%,3719.11,3768.82,81576896,13823808.0,-
2023-09-14,3736.94,3733.51,-3.14,-0.08%,3717.31,3748.82,100386080,15157810.0,-
2023-09-15,3740.79,3708.78,-24.73,-0.66%,3699.38,3749.02,109395688,18039896.0,-
2023-09-18,3698.93,3727.71,18.93,0.51%,3691.11,3737.53,86727744,15696698.0,-
2023-09-19,3723.42,3720.5,-7.21,-0.19%,3702.69,3724.07,83199040,13521690.0,-
2023-09-20,3715.96,3705.69,-14.81,-0.40%,3705.13,3718.52,75448208,11769181.0,-
2023-09-21,3698.31,3672.44,-33.24,-0.90%,3672.44,3708.46,83031008,13501179.0,-
2023-09-22,3672.64,3738.93,66.49,1.81%,3664.77,3740.42,110231160,19223648.0,-
2023-09-25,3738.06,3714.6,-24.33,-0.65%,3711.2,3738.06,92596480,15579383.0,-
2023-09-26,3711.71,3692.89,-21.71,-0.58%,3692.62,3723.85,78044520,13780845.0,-
2023-09-27,3694.96,3700.5,7.6,0.21%,3694.39,3731.14,91629208,16479044.0,-
2023-09-28,3711.21,3689.52,-10.98,-0.30%,3685.3,3716.06,85221720,15350042.0,-
2023-10-09,3678.93,3684.73,-4.79,-0.13%,3642.0,3694.17,102148056,17807238.0,-
2023-10-10,3696.25,3657.13,-27.6,-0.75%,3655.59,3701.26,99163728,16193896.0,-
2023-10-11,3674.75,3667.55,10.42,0.28%,3658.35,3689.53,102091592,18766754.0,-
2023-10-12,3697.93,3702.38,34.83,0.95%,3682.84,3711.5,114363232,19459822.0,-
2023-10-13,3677.96,3663.41,-38.97,-1.05%,3652.31,3678.19,98287984,17015232.0,-
2023-10-16,3664.04,3626.6,-36.81,-1.00%,3615.77,3664.04,91853120,15953797.0,-
2023-10-17,3635.3,3639.4,12.8,0.35%,3619.13,3645.57,90745192,14705623.0,-
2023-10-18,3631.07,3610.58,-28.83,-0.79%,3608.98,3632.06,94545880,15898236.0,-
2023-10-19,3588.52,3533.54,-77.03,-2.13%,3532.31,3588.52,111737520,18919478.0,-
2023-10-20,3518.35,3510.59,-22.96,-0.65%,3501.73,3535.66,98518608,16959130.0,-
2023-10-23,3500.2,3474.24,-36.35,-1.04%,3450.65,3505.35,96561656,15205489.0,-
2023-10-24,3481.76,3487.13,12.89,0.37%,3453.1,3495.0,115547288,18652920.0,-
2023-10-25,3524.3,3504.46,17.33,0.50%,3500.92,3531.83,128009616,20369174.0,-
2023-10-26,3484.78,3514.14,9.69,0.28%,3478.05,3515.57,105143560,17608846.0,-
2023-10-27,3501.17,3562.39,48.24,1.37%,3494.55,3576.59,120225104,22430196.0,-
2023-10-30,3554.11,3583.77,21.39,0.60%,3554.02,3592.72,144010432,24297332.0,-
2023-10-31,3581.68,3572.51,-11.27,-0.31%,3554.58,3581.68,112587264,19631766.0,-
2023-11-01,3605.76,3571.03,-1.48,-0.04%,3564.64,3606.41,97645536,18294356.0,-
2023-11-02,3580.07,3554.19,-16.84,-0.47%,3553.74,3597.17,90359648,14946506.0,-
2023-11-03,3558.53,3584.14,29.95,0.84%,3558.53,3596.1,97542104,16586600.0,-
2023-11-06,3608.32,3632.61,48.47,1.35%,3600.63,3635.79,152982464,25446594.0,-
2023-11-07,3623.78,3619.76,-12.85,-0.35%,3606.3,3628.46,110288592,19043360.0,-
2023-11-08,3610.64,3611.07,-8.69,-0.24%,3591.82,3627.05,110594232,19259438.0,-
2023-11-09,3603.11,3612.83,1.75,0.05%,3601.37,3624.41,111872064,18935522.0,-
2023-11-10,3596.07,3586.49,-26.34,-0.73%,3576.1,3599.45,102107032,16692468.0,-
2023-11-13,3593.91,3579.41,-7.08,-0.20%,3562.77,3599.39,96707648,16482125.0,-
2023-11-14,3581.1,3582.06,2.64,0.07%,3568.88,3600.15,100884160,16593517.0,-
2023-11-15,3616.88,3607.25,25.19,0.70%,3596.92,3620.6,104929216,18893214.0,-
2023-11-16,3600.98,3572.36,-34.88,-0.97%,3572.36,3605.29,87464776,14662921.0,-
2023-11-17,3561.31,3568.07,-4.3,-0.12%,3547.03,3573.68,87319200,13962189.0,-
2023-11-20,3569.73,3576.32,8.25,0.23%,3545.1,3586.97,91080448,15744963.0,-
2023-11-21,3587.88,3581.07,4.74,0.13%,3575.68,3615.06,108594312,17592210.0,-
2023-11-22,3569.44,3544.42,-36.65,-1.02%,3544.42,3574.38,84784376,13604119.0,-
2023-11-23,3541.44,3561.52,17.1,0.48%,3529.94,3562.07,84800168,14149981.0,-
2023-11-24,3560.65,3538.01,-23.51,-0.66%,3534.0,3560.65,85018400,14010199.0,-
2023-11-27,3534.44,3511.94,-26.07,-0.74%,3492.86,3534.44,99102312,15597543.0,-
2023-11-28,3510.66,3518.52,6.58,0.19%,3501.11,3521.05,89335784,14774054.0,-
2023-11-29,3518.88,3488.31,-30.22,-0.86%,3482.24,3519.2,98841416,15594824.0,-
2023-11-30,3485.52,3496.2,7.9,0.23%,3481.45,3505.13,101350816,15379019.0,-
2023-12-01,3494.22,3482.88,-13.32,-0.38%,3452.17,3494.22,108530944,17607832.0,-
2023-12-04,3481.04,3460.14,-22.74,-0.65%,3459.61,3488.13,97156824,16466439.0,-
2023-12-05,3450.09,3394.26,-65.88,-1.90%,3393.81,3450.09,100472000,16484069.0,-
2023-12-06,3387.88,3399.6,5.34,0.16%,3382.95,3420.28,105805520,17214298.0,-
2023-12-07,3394.31,3391.28,-8.32,-0.24%,3369.77,3404.41,97713248,16094994.0,-
2023-12-08,3391.86,3399.46,8.18,0.24%,3383.45,3409.38,129522056,20303422.0,-
2023-12-11,3378.05,3419.45,19.99,0.59%,3346.89,3426.61,139626256,21976118.0,-
2023-12-12,3410.0,3426.8,7.35,0.21%,3406.1,3427.55,105590016,16697996.0,-
2023-12-13,3418.64,3369.6,-57.2,-1.67%,3369.6,3418.64,95285368,16545592.0,-
2023-12-14,3387.38,3351.96,-17.64,-0.52%,3350.76,3399.14,83655136,15024577.0,-
2023-12-15,3365.94,3341.55,-10.41,-0.31%,3339.52,3388.5,97787784,16490702.0,-
2023-12-18,3329.19,3329.37,-12.19,-0.36%,3314.91,3352.35,90526824,14230331.0,-
2023-12-19,3325.66,3334.04,4.68,0.14%,3313.19,3345.78,83808120,13529366.0,-
2023-12-20,3334.33,3297.5,-36.54,-1.10%,3297.37,3338.54,92412864,14129054.0,-
2023-12-21,3285.6,3330.87,33.37,1.01%,3283.99,3339.36,102546200,17112078.0,-
2023-12-22,3329.47,3337.23,6.36,0.19%,3315.9,3359.06,105220136,16733635.0,-
2023-12-25,3330.33,3347.45,10.22,0.31%,3330.33,3348.88,74542696,12183833.0,-
2023-12-26,3345.4,3324.79,-22.66,-0.68%,3315.94,3345.42,74732936,12169000.0,-
2023-12-27,3326.93,3336.36,11.57,0.35%,3309.67,3341.27,94403936,14092493.0,-
2023-12-28,3335.56,3414.54,78.18,2.34%,3331.21,3423.4,148064848,24585564.0,-
2023-12-29,3411.11,3431.11,16.57,0.49%,3409.58,3432.54,114928936,19357318.0,-
2024-01-02,3426.27,3386.35,-44.76,-1.30%,3386.35,3426.27,116180728,18409610.0,-
2024-01-03,3379.75,3378.3,-8.06,-0.24%,3362.66,3392.85,105613856,16509901.0,-
2024-01-04,3375.02,3347.05,-31.25,-0.92%,3323.86,3375.02,106721016,16551227.0,-
2024-01-05,3341.31,3329.11,-17.94,-0.54%,3313.55,3372.54,126400576,18225166.0,-
2024-01-08,3322.6,3286.06,-43.05,-1.29%,3283.34,3333.52,117429480,17076166.0,-
2024-01-09,3286.71,3292.5,6.44,0.20%,3273.84,3304.6,109330464,17227632.0,-
2024-01-10,3281.67,3277.13,-15.37,-0.47%,3268.25,3312.92,94199368,15977765.0,-
2024-01-11,3275.31,3295.67,18.54,0.57%,3266.79,3311.11,108789736,18097854.0,-
2024-01-12,3284.36,3284.17,-11.51,-0.35%,3279.7,3310.47,96853552,15653603.0,-
2024-01-15,3270.1,3280.92,-3.25,-0.10%,3261.27,3306.92,88851528,14433172.0,-
2024-01-16,3272.57,3300.88,19.96,0.61%,3260.44,3300.88,113276664,17565058.0,-
2024-01-17,3291.14,3229.08,-71.79,-2.18%,3229.08,3291.14,108769728,17351640.0,-
2024-01-18,3214.28,3274.73,45.65,1.41%,3171.63,3279.25,174909168,25678454.0,-
2024-01-19,3261.24,3269.78,-4.95,-0.15%,3251.81,3286.94,118501408,19126180.0,-
2024-01-22,3262.47,3218.9,-50.87,-1.56%,3193.18,3281.42,148705632,22551004.0,-
2024-01-23,3208.43,3231.93,13.03,0.40%,3188.13,3249.53,122012000,19379116.0,-
2024-01-24,3245.96,3277.11,45.18,1.40%,3190.47,3281.49,154371952,21903634.0,-
2024-01-25,3274.34,3342.92,65.81,2.01%,3269.79,3344.24,196833600,26552112.0,-
2024-01-26,3326.65,3333.82,-9.1,-0.27%,3315.13,3351.97,180664016,23814490.0,-
2024-01-29,3335.39,3303.96,-29.86,-0.90%,3303.96,3351.37,184164800,24469800.0,-
2024-01-30,3283.9,3245.04,-58.92,-1.78%,3244.97,3300.2,143649344,19959294.0,-
2024-01-31,3231.54,3215.35,-29.69,-0.91%,3201.93,3252.15,153143472,21533336.0,-
2024-02-01,3202.26,3217.71,2.36,0.07%,3191.9,3251.76,145516784,20381506.0,-
2024-02-02,3219.87,3179.63,-38.08,-1.18%,3108.35,3235.41,173758096,23449514.0,-
2024-02-05,3164.25,3200.42,20.79,0.65%,3111.52,3233.85,203042976,27971316.0,-
2024-02-06,3185.25,3311.69,111.27,3.48%,3182.82,3314.51,202713104,28504202.0,-
2024-02-07,3314.03,3343.63,31.94,0.96%,3289.67,3343.63,216647920,29799766.0,-
2024-02-08,3351.41,3364.93,21.3,0.64%,3336.98,3367.21,189977584,27023976.0,-
2024-02-19,3393.19,3403.81,38.88,1.16%,3364.14,3403.81,183319792,26767414.0,-
2024-02-20,3395.19,3410.85,7.05,0.21%,3380.1,3415.89,140734576,21845928.0,-
2024-02-21,3390.36,3456.87,46.02,1.35%,3383.69,3500.13,188879360,29182356.0,-
2024-02-22,3450.35,3486.67,29.8,0.86%,3448.41,3486.68,141020784,22509812.0,-
2024-02-23,3491.34,3489.74,3.07,0.09%,3472.97,3507.56,144821264,23292606.0,-
2024-02-26,3485.54,3453.36,-36.38,-1.04%,3445.39,3492.61,151248336,23895164.0,-
2024-02-27,3440.05,3494.79,41.43,1.20%,3437.44,3494.79,139528240,24448872.0,-
2024-02-28,3499.83,3450.26,-44.53,-1.27%,3450.26,3521.66,189837552,32830060.0,-
2024-02-29,3437.9,3516.08,65.82,1.91%,3437.9,3516.08,155944528,28197188.0,-
2024-03-01,3515.06,3537.8,21.72,0.62%,3503.46,3544.36,162709568,28857562.0,-
2024-03-04,3538.37,3540.87,3.06,0.09%,3519.76,3548.69,163244608,29771992.0,-
2024-03-05,3524.96,3565.51,24.65,0.70%,3519.08,3570.69,166422384,29989592.0,-
2024-03-06,3556.53,3551.05,-14.47,-0.41%,3545.1,3577.39,143076608,24829416.0,-
2024-03-07,3548.1,3529.72,-21.33,-0.60%,3522.9,3569.92,148110512,25183952.0,-
2024-03-08,3529.55,3544.91,15.19,0.43%,3511.58,3548.51,125792664,22537910.0,-
2024-03-11,3545.94,3589.26,44.35,1.25%,3542.28,3589.26,148202816,28641856.0,-
2024-03-12,3592.58,3597.49,8.23,0.23%,3574.21,3605.7,180685552,33999704.0,-
2024-03-13,3594.42,3572.36,-25.13,-0.70%,3563.37,3594.42,144590592,26689876.0,-
2024-03-14,3571.79,3562.22,-10.14,-0.28%,3545.61,3597.46,140962720,26380362.0,-
2024-03-15,3554.91,3569.99,7.77,0.22%,3533.68,3572.81,138316048,24399156.0,-
2024-03-18,3577.06,3603.53,33.53,0.94%,3573.4,3604.05,160379440,29531484.0,-
2024-03-19,3593.34,3577.63,-25.9,-0.72%,3577.19,3610.74,145571792,25955344.0,-
2024-03-20,3568.72,3585.38,7.75,0.22%,3568.43,3589.55,129528968,22375212.0,-
2024-03-21,3593.07,3581.09,-4.29,-0.12%,3575.03,3601.11,130743376,23316248.0,-
2024-03-22,3571.27,3545.0,-36.09,-1.01%,3522.84,3575.72,139227360,24885092.0,-
2024-03-25,3536.71,3525.76,-19.24,-0.54%,3525.76,3564.96,137015728,23374726.0,-
2024-03-26,3526.68,3543.75,17.98,0.51%,3518.6,3547.65,126209536,22673074.0,-
2024-03-27,3538.72,3502.79,-40.96,-1.16%,3502.79,3542.96,128626760,21640472.0,-
2024-03-28,3498.48,3520.96,18.18,0.52%,3489.39,3551.21,143334720,23253080.0,-
2024-03-29,3516.88,3537.48,16.52,0.47%,3516.88,3538.24,128643288,20174938.0,-
2024-04-01,3551.58,3595.65,58.16,1.64%,3551.58,3600.92,162776560,25163726.0,-
2024-04-02,3593.22,3580.68,-14.97,-0.42%,3568.75,3596.19,141272976,22020752.0,-
2024-04-03,3578.68,3567.8,-12.87,-0.36%,3558.87,3582.43,135592336,21422290.0,-
2024-04-08,3553.56,3536.41,-31.4,-0.88%,3535.77,3567.82,155304288,24324926.0,-
2024-04-09,3533.39,3533.49,-2.92,-0.08%,3518.86,3543.71,129670944,19589352.0,-
2024-04-10,3528.97,3504.71,-28.78,-0.81%,3490.05,3531.23,128790272,19975478.0,-
2024-04-11,3485.03,3504.24,-0.46,-0.01%,3484.93,3520.59,126534400,20029348.0,-
2024-04-12,3505.75,3475.84,-28.41,-0.81%,3470.06,3516.7,128921120,20856620.0,-
2024-04-15,3473.5,3549.08,73.24,2.11%,3473.5,3552.41,183941248,26747248.0,-
2024-04-16,3533.36,3511.11,-37.96,-1.07%,3503.62,3545.5,176153072,25331598.0,-
2024-04-17,3509.13,3565.4,54.29,1.55%,3498.03,3565.94,168466400,24498780.0,-
2024-04-18,3550.56,3569.8,4.4,0.12%,3547.6,3602.79,178574112,26132992.0,-
2024-04-19,3550.61,3541.66,-28.14,-0.79%,3529.32,3560.95,147281504,22622952.0,-
2024-04-22,3536.18,3530.9,-10.76,-0.30%,3528.02,3558.16,150579040,22951118.0,-
2024-04-23,3525.67,3506.22,-24.68,-0.70%,3499.98,3533.76,143113504,21325722.0,-
2024-04-24,3514.01,3521.62,15.4,0.44%,3495.65,3524.54,121739848,19529992.0,-
2024-04-25,3510.64,3530.28,8.66,0.25%,3505.2,3543.97,115187720,18452462.0,-
2024-04-26,3531.96,3584.27,53.99,1.53%,3531.96,3588.4,197216128,30804506.0,-
2024-04-29,3584.54,3623.91,39.64,1.11%,3578.76,3645.82,222721376,35870972.0,-
2024-04-30,3619.26,3604.39,-19.52,-0.54%,3604.39,3630.71,191296896,28667416.0,-
2024-05-06,3654.05,3657.88,53.48,1.48%,3645.74,3668.26,208018000,33327048.0,-
2024-05-07,3657.0,3659.01,1.13,0.03%,3648.38,3665.68,164834288,24736836.0,-
2024-05-08,3650.75,3630.22,-28.78,-0.79%,3628.7,3650.94,130035336,19992346.0,-
2024-05-09,3630.41,3664.56,34.34,0.95%,3630.41,3669.76,146559024,23269492.0,-
2024-05-10,3669.09,3666.28,1.72,0.05%,3641.76,3674.61,150720528,23373056.0,-
2024-05-13,3646.35,3664.69,-1.59,-0.04%,3634.6,3673.62,157267456,24968846.0,-
2024-05-14,3668.23,3657.05,-7.65,-0.21%,3646.71,3675.78,133406496,21464356.0,-
2024-05-15,3651.05,3626.06,-30.99,-0.85%,3624.0,3656.53,123522768,19148098.0,-
2024-05-16,3636.6,3640.36,14.3,0.39%,3626.33,3657.48,154630496,24028896.0,-
2024-05-17,3638.56,3677.97,37.61,1.03%,3627.45,3677.97,164570416,24772952.0,-
2024-05-20,3682.06,3690.96,12.99,0.35%,3677.44,3703.03,184609424,27997134.0,-
2024-05-21,3682.29,3676.16,-14.8,-0.40%,3665.15,3684.61,130678280,19657534.0,-
2024-05-22,3675.65,3684.45,8.29,0.23%,3667.09,3691.88,151914608,23083936.0,-
2024-05-23,3672.84,3641.79,-42.66,-1.16%,3633.51,3674.37,142572992,21420504.0,-
2024-05-24,3630.83,3601.48,-40.32,-1.11%,3599.67,3650.87,124791176,19534474.0,-
2024-05-27,3606.65,3635.71,34.23,0.95%,3603.71,3638.15,131272640,20614376.0,-
2024-05-28,3633.25,3609.17,-26.54,-0.73%,3605.92,3638.97,123532240,18438128.0,-
2024-05-29,3609.07,3613.52,4.35,0.12%,3602.82,3633.2,115906328,17907282.0,-
2024-05-30,3607.05,3594.31,-19.21,-0.53%,3586.75,3624.04,122603000,19306964.0,-
2024-05-31,3599.82,3579.92,-14.39,-0.40%,3579.92,3614.64,112462016,18070760.0,-
2024-06-03,3577.38,3588.75,8.82,0.25%,3567.87,3600.6,141054592,22275692.0,-
2024-06-04,3583.81,3615.67,26.92,0.75%,3580.28,3622.5,124545096,19579096.0,-
2024-06-05,3610.36,3594.79,-20.88,-0.58%,3594.11,3623.32,110906768,18263960.0,-
2024-06-06,3602.16,3592.25,-2.55,-0.07%,3584.17,3625.01,137893520,22676408.0,-
2024-06-07,3594.63,3574.11,-18.13,-0.50%,3552.09,3603.07,131103024,21300154.0,-
2024-06-11,3555.82,3542.88,-31.24,-0.87%,3525.89,3565.31,134522304,21928234.0,-
2024-06-12,3539.09,3544.12,1.25,0.04%,3531.57,3551.17,122813728,20072260.0,-
2024-06-13,3548.22,3526.13,-17.99,-0.51%,3520.18,3551.08,123245464,21479234.0,-
2024-06-14,3514.8,3541.53,15.4,0.44%,3503.52,3547.15,171516944,28376882.0,-
2024-06-17,3521.44,3536.2,-5.33,-0.15%,3520.74,3540.79,137433440,23229386.0,-
2024-06-18,3533.49,3545.59,9.39,0.27%,3532.78,3551.71,123671840,20882412.0,-
2024-06-19,3543.36,3528.75,-16.84,-0.47%,3524.84,3543.36,106642800,18479030.0,-
2024-06-20,3525.17,3503.28,-25.47,-0.72%,3500.13,3533.99,111617392,18651578.0,-
2024-06-21,3496.34,3495.62,-7.66,-0.22%,3473.83,3505.51,109186608,18273674.0,-
2024-06-24,3473.64,3476.81,-18.81,-0.54%,3471.22,3505.78,117990184,19578756.0,-
2024-06-25,3475.16,3457.9,-18.91,-0.54%,3440.65,3483.22,118448120,19088634.0,-
2024-06-26,3451.54,3480.26,22.36,0.65%,3442.3,3487.4,105898864,17153810.0,-
2024-06-27,3467.29,3454.12,-26.15,-0.75%,3452.58,3471.14,114918104,17411250.0,-
2024-06-28,3443.67,3461.66,7.54,0.22%,3443.67,3484.68,135409152,20511880.0,-
2024-07-01,3458.26,3478.18,16.53,0.48%,3443.81,3479.95,121829768,18801822.0,-
2024-07-02,3472.45,3471.79,-6.4,-0.18%,3464.52,3488.32,121650128,18610476.0,-
2024-07-03,3471.56,3463.41,-8.37,-0.24%,3454.99,3478.7,103857112,16303537.0,-
2024-07-04,3468.3,3445.81,-17.6,-0.51%,3444.93,3483.31,104429904,15947715.0,-
2024-07-05,3443.36,3431.06,-14.75,-0.43%,3399.67,3451.04,116609656,18141658.0,-
2024-07-08,3420.8,3401.76,-29.3,-0.85%,3395.91,3428.04,115528224,17755976.0,-
2024-07-09,3396.8,3439.81,38.05,1.12%,3384.81,3448.93,131629448,21504884.0,-
2024-07-10,3425.88,3428.97,-10.85,-0.32%,3423.65,3447.5,127203448,19814948.0,-
2024-07-11,3451.04,3468.17,39.2,1.14%,3438.12,3473.98,145892464,23755130.0,-
2024-07-12,3459.96,3472.4,4.23,0.12%,3457.36,3479.1,130874592,20505556.0,-
2024-07-15,3462.61,3476.25,3.85,0.11%,3460.79,3481.46,118517088,17158492.0,-
2024-07-16,3466.85,3498.28,22.04,0.63%,3464.37,3500.29,120659016,20045630.0,-
2024-07-17,3494.21,3501.58,3.3,0.09%,3486.22,3514.48,131802064,22283080.0,-
2024-07-18,3483.3,3520.93,19.35,0.55%,3475.72,3522.8,123768200,21578380.0,-
2024-07-19,3500.81,3539.02,18.08,0.51%,3493.07,3545.34,132447976,22806510.0,-
2024-07-22,3538.4,3514.92,-24.09,-0.68%,3494.01,3540.19,132126344,21745732.0,-
2024-07-23,3509.79,3439.88,-75.05,-2.14%,3439.88,3509.79,128897656,20285756.0,-
2024-07-24,3432.35,3418.17,-21.71,-0.63%,3408.41,3451.42,127036264,18488450.0,-
2024-07-25,3404.61,3399.27,-18.89,-0.55%,3383.8,3415.86,131022240,19013148.0,-
2024-07-26,3403.71,3409.29,10.02,0.29%,3388.66,3420.82,124195552,18785332.0,-
2024-07-29,3404.37,3390.74,-18.55,-0.54%,3388.84,3408.5,109787784,16669711.0,-
2024-07-30,3380.69,3369.38,-21.36,-0.63%,3352.8,3380.69,104952168,16544283.0,-
2024-07-31,3364.03,3442.08,72.7,2.16%,3364.03,3445.0,171959168,25824914.0,-
2024-08-01,3443.14,3419.27,-22.82,-0.66%,3419.19,3448.34,136323456,20603800.0,-
2024-08-02,3393.92,3384.39,-34.87,-1.02%,3380.96,3419.1,116615248,17967118.0,-
2024-08-05,3362.11,3343.32,-41.07,-1.21%,3343.32,3409.03,142812512,22363126.0,-
2024-08-06,3367.35,3342.98,-0.34,-0.01%,3318.62,3376.8,119340280,18172470.0,-
2024-08-07,3338.59,3341.49,-1.49,-0.04%,3329.97,3362.38,95084384,14507898.0,-
2024-08-08,3332.43,3342.94,1.45,0.04%,3320.84,3364.79,92495696,14948293.0,-
2024-08-09,3358.13,3331.63,-11.31,-0.34%,3331.63,3366.67,91511624,14285216.0,-
2024-08-12,3327.56,3325.86,-5.76,-0.17%,3319.89,3338.08,79938752,11754489.0,-
2024-08-13,3328.01,3334.39,8.53,0.26%,3310.19,3335.01,84489680,12525915.0,-
2024-08-14,3332.79,3309.24,-25.15,-0.75%,3309.1,3332.79,78742408,11818195.0,-
2024-08-15,3301.45,3341.95,32.71,0.99%,3297.97,3356.76,104766400,14924934.0,-
2024-08-16,3342.03,3345.63,3.68,0.11%,3335.62,3356.91,96519088,13588532.0,-
2024-08-19,3344.26,3356.97,11.33,0.34%,3343.71,3375.96,105571112,14342167.0,-
2024-08-20,3361.64,3332.7,-24.26,-0.72%,3321.64,3362.33,101668328,13791058.0,-
2024-08-21,3322.91,3321.64,-11.07,-0.33%,3307.99,3339.44,89954752,13000599.0,-
2024-08-22,3322.87,3313.14,-8.5,-0.26%,3305.25,3327.7,100366496,14770279.0,-
2024-08-23,3305.93,3327.19,14.05,0.42%,3305.64,3336.24,89525768,13268088.0,-
2024-08-26,3330.72,3324.22,-2.97,-0.09%,3311.57,3336.53,93990768,13907060.0,-
2024-08-27,3315.69,3305.33,-18.89,-0.57%,3299.56,3320.57,95808152,12975596.0,-
2024-08-28,3298.91,3286.5,-18.84,-0.57%,3274.59,3305.35,92696648,13598231.0,-
2024-08-29,3273.54,3277.68,-8.81,-0.27%,3269.53,3290.79,130702336,17434012.0,-
2024-08-30,3273.75,3321.43,43.75,1.33%,3273.65,3351.63,188695456,26837604.0,-
2024-09-02,3307.54,3265.01,-56.42,-1.70%,3264.76,3307.76,147612352,19441000.0,-
2024-09-03,3261.74,3273.43,8.42,0.26%,3261.19,3281.59,122897304,15508949.0,-
2024-09-04,3253.9,3252.16,-21.26,-0.65%,3249.98,3272.99,104832480,14007006.0,-
2024-09-05,3252.96,3257.76,5.59,0.17%,3247.17,3266.88,97109456,13461820.0,-
2024-09-06,3261.15,3231.35,-26.41,-0.81%,3231.07,3274.81,88400416,12154154.0,-
2024-09-09,3214.8,3192.95,-38.39,-1.19%,3180.93,3222.93,108673064,14651605.0,-
2024-09-10,3193.46,3195.76,2.8,0.09%,3171.79,3205.1,97290080,13361048.0,-
2024-09-11,3187.05,3186.13,-9.63,-0.30%,3174.03,3197.34,102482112,14151383.0,-
2024-09-12,3189.43,3172.47,-13.66,-0.43%,3171.88,3201.55,92868656,13638725.0,-
2024-09-13,3174.03,3159.25,-13.23,-0.42%,3159.25,3188.91,88336680,13744891.0,-
2024-09-18,3158.82,3171.01,11.76,0.37%,3145.79,3179.9,84722816,12345215.0,-
2024-09-19,3178.4,3196.04,25.03,0.79%,3149.79,3213.84,125439272,18178512.0,-
2024-09-20,3192.43,3201.05,5.01,0.16%,3173.22,3207.99,118064096,16398505.0,-
2024-09-23,3200.87,3212.76,11.71,0.37%,3198.02,3230.16,95344856,14387616.0,-
2024-09-24,3244.65,3351.91,139.15,4.33%,3222.49,3351.97,204072224,30787954.0,-
2024-09-25,3403.7,3401.53,49.62,1.48%,3393.44,3465.49,241564256,35686260.0,-
2024-09-26,3399.32,3545.32,143.79,4.23%,3391.68,3545.32,243134016,37398364.0,-
2024-09-27,3617.92,3703.68,158.36,4.47%,3596.58,3708.5,265487776,46669276.0,-
2024-09-30,3846.65,4017.85,314.17,8.48%,3796.5,4038.7,510217696,86252880.0,-
2024-10-08,4450.37,4256.1,238.24,5.93%,4094.35,4450.37,589867904,113038744.0,-
2024-10-09,4168.84,3955.98,-300.11,-7.05%,3942.51,4197.6,482269312,102903208.0,-
2024-10-10,3979.61,3997.79,41.8,1.06%,3912.77,4098.5,395053088,71795216.0,-
2024-10-11,3969.76,3887.17,-110.62,-2.77%,3847.12,3978.24,274096512,48499828.0,-
2024-10-14,3915.22,3961.34,74.18,1.91%,3868.78,3979.54,307579008,53407660.0,-
2024-10-15,3942.53,3855.99,-105.35,-2.66%,3855.99,3967.87,242486464,43441092.0,-
2024-10-16,3806.14,3831.59,-24.41,-0.63%,3805.09,3877.75,218866400,37730132.0,-
2024-10-17,3853.84,3788.22,-43.37,-1.13%,3787.75,3882.07,212313824,36917052.0,-
2024-10-18,3780.31,3925.23,137.01,3.62%,3765.16,3998.21,312958848,62067368.0,-
2024-10-21,3946.9,3935.2,9.96,0.25%,3896.17,3979.26,291185632,60010960.0,-
2024-10-22,3923.74,3957.78,22.58,0.57%,3917.52,3965.91,223433408,44288184.0,-
2024-10-23,3955.32,3973.21,15.43,0.39%,3939.1,4012.18,245873952,46912080.0,-
2024-10-24,3950.9,3928.83,-44.38,-1.12%,3914.09,3957.98,174724048,34048688.0,-
2024-10-25,3931.32,3956.42,27.59,0.70%,3921.94,3992.89,210694880,41223136.0,-
2024-10-28,3953.11,3964.16,7.74,0.20%,3917.2,3964.16,216160416,39045020.0,-
2024-10-29,3970.01,3924.65,-39.51,-1.00%,3921.58,3991.31,217293984,42962500.0,-
2024-10-30,3904.16,3889.45,-35.2,-0.90%,3864.31,3926.06,219436624,38501060.0,-
2024-10-31,3888.42,3891.04,1.59,0.04%,3859.11,3923.9,300636704,51553384.0,-
2024-11-01,3882.46,3890.02,-1.02,-0.03%,3879.96,3933.22,307986464,47647296.0,-
2024-11-04,3897.71,3944.76,54.74,1.41%,3891.21,3944.76,229239056,38104860.0,-
2024-11-05,3937.62,4044.57,99.81,2.53%,3925.41,4046.7,316862784,58097184.0,-
2024-11-06,4051.29,4024.28,-20.29,-0.50%,4002.5,4091.7,335807936,63912412.0,-
2024-11-07,3987.27,4145.7,121.41,3.02%,3984.67,4146.15,341436416,65814592.0,-
2024-11-08,4192.08,4104.05,-41.65,-1.00%,4094.16,4200.91,332350368,68844656.0,-
2024-11-11,4066.93,4131.13,27.08,0.66%,4048.04,4132.51,289594240,62560592.0,-
2024-11-12,4133.35,4085.74,-45.39,-1.10%,4060.79,4181.71,297778080,66038052.0,-
2024-11-13,4059.59,4110.89,25.15,0.62%,4059.59,4121.07,240484112,51273428.0,-
2024-11-14,4101.22,4039.62,-71.27,-1.73%,4034.94,4118.17,230152784,46415756.0,-
2024-11-15,4025.65,3968.83,-70.79,-1.75%,3968.83,4049.07,247399472,47407968.0,-
2024-11-18,3982.1,3950.38,-18.45,-0.46%,3931.19,4034.06,306777952,47240808.0,-
2024-11-19,3954.6,3976.89,26.51,0.67%,3896.75,3979.15,242946464,40261096.0,-
2024-11-20,3966.12,3985.77,8.88,0.22%,3958.34,4001.08,184599360,34757768.0,-
2024-11-21,3979.46,3989.3,3.53,0.09%,3966.07,3999.57,166125920,32423500.0,-
2024-11-22,3984.24,3865.7,-123.6,-3.10%,3865.7,3990.26,216285824,39756684.0,-
2024-11-25,3875.61,3848.09,-17.61,-0.46%,3812.32,3889.71,190702960,34900676.0,-
2024-11-26,3836.26,3840.18,-7.91,-0.21%,3833.28,3875.23,149892448,26440326.0,-
2024-11-27,3829.34,3907.04,66.86,1.74%,3817.91,3907.16,174136096,32063236.0,-
2024-11-28,3904.25,3872.55,-34.49,-0.88%,3866.01,3908.39,150117296,28643288.0,-
2024-11-29,3869.89,3916.58,44.03,1.14%,3869.89,3962.7,187656704,37526200.0,-
2024-12-02,3909.7,3947.63,31.05,0.79%,3902.17,3955.13,197289776,36859124.0,-
2024-12-03,3946.7,3951.89,4.26,0.11%,3922.84,3963.95,182496864,32729504.0,-
2024-12-04,3948.13,3930.56,-21.33,-0.54%,3917.75,3957.36,174626320,31204042.0,-
2024-12-05,3916.56,3921.59,-8.97,-0.23%,3910.08,3936.34,138534048,25771630.0,-
2024-12-06,3923.9,3973.14,51.55,1.31%,3923.9,3995.12,192057904,35175172.0,-
2024-12-09,3970.66,3966.57,-6.57,-0.17%,3948.42,3995.51,175959968,30822722.0,-
2024-12-10,4094.05,3995.64,29.07,0.73%,3988.97,4098.38,253463792,48727804.0,-
2024-12-11,3988.02,3988.83,-6.81,-0.17%,3977.35,4005.33,177252848,31071332.0,-
2024-12-12,3987.15,4028.5,39.67,0.99%,3981.35,4031.74,181621776,33366754.0,-
2024-12-13,4000.99,3933.18,-95.32,-2.37%,3931.74,4000.99,230353088,42147860.0,-
2024-12-16,3930.78,3911.84,-21.34,-0.54%,3901.65,3938.76,178511264,32761908.0,-
2024-12-17,3908.13,3922.03,10.19,0.26%,3908.13,3955.95,160939088,30603736.0,-
2024-12-18,3934.54,3941.89,19.86,0.51%,3933.97,3956.14,157738320,27682538.0,-
2024-12-19,3911.89,3945.46,3.57,0.09%,3899.75,3954.35,161081040,32177160.0,-
2024-12-20,3937.47,3927.74,-17.72,-0.45%,3923.26,3958.63,154986496,33214326.0,-
2024-12-23,3928.15,3933.57,5.83,0.15%,3928.15,3965.85,190067360,35406340.0,-
2024-12-24,3934.94,3983.69,50.12,1.27%,3934.73,3985.86,161494592,31038488.0,-
2024-12-25,3987.96,3985.63,1.94,0.05%,3969.48,4007.76,159390752,29929514.0,-
2024-12-26,3981.73,3987.48,1.85,0.05%,3965.55,3991.53,143425296,30576994.0,-
2024-12-27,3987.02,3981.03,-6.45,-0.16%,3970.94,4007.13,169268672,34501108.0,-
2024-12-30,3976.7,3999.05,18.02,0.45%,3976.7,4005.78,164612480,32269940.0,-
2024-12-31,3995.87,3934.91,-64.14,-1.60%,3934.91,4004.35,183928400,34788044.0,-
2025-01-02,3931.82,3820.4,-114.52,-2.91%,3796.34,3934.2,217898720,38863656.0,-
2025-01-03,3825.24,3775.16,-45.23,-1.18%,3767.67,3835.94,175342672,30432274.0,-
2025-01-06,3775.99,3768.97,-6.2,-0.16%,3743.07,3788.85,150946672,26280354.0,-
2025-01-07,3760.87,3796.11,27.14,0.72%,3749.06,3797.6,146455776,26685580.0,-
2025-01-08,3781.26,3789.22,-6.89,-0.18%,3731.19,3810.74,169166976,30096572.0,-
2025-01-09,3780.73,3779.88,-9.34,-0.25%,3768.68,3795.26,129794008,25148600.0,-
2025-01-10,3778.89,3732.48,-47.4,-1.25%,3732.48,3786.81,137523168,27535422.0,-
2025-01-13,3704.44,3722.51,-9.97,-0.27%,3704.11,3737.89,136446192,24786196.0,-
2025-01-14,3728.56,3820.54,98.03,2.63%,3718.88,3826.64,170664656,34546148.0,-
2025-01-15,3810.04,3796.03,-24.51,-0.64%,3790.17,3816.83,141475520,27885060.0,-
2025-01-16,3812.19,3800.38,4.36,0.11%,3776.29,3842.95,144505872,30573462.0,-
2025-01-17,3788.37,3812.34,11.96,0.31%,3780.21,3831.64,126621960,26543750.0,-
2025-01-20,3835.3,3829.68,17.33,0.45%,3821.98,3858.67,139581280,29217544.0,-
2025-01-21,3850.36,3832.61,2.94,0.08%,3817.12,3850.91,141218400,28507334.0,-
2025-01-22,3823.94,3797.02,-35.6,-0.93%,3783.14,3823.94,137255072,29874562.0,-
2025-01-23,3829.05,3803.74,6.73,0.18%,3801.85,3864.26,180569552,34519808.0,-
2025-01-24,3793.85,3832.86,29.12,0.77%,3793.48,3847.6,148971728,29647438.0,-
2025-01-27,3836.96,3817.08,-15.78,-0.41%,3817.08,3852.0,146670784,28294012.0,-
2025-02-05,3844.7,3795.08,-22.0,-0.58%,3785.16,3844.7,157168320,34601620.0,-
2025-02-06,3789.61,3842.83,47.75,1.26%,3788.32,3843.49,167288176,37189196.0,-
2025-02-07,3844.06,3892.7,49.87,1.30%,3833.87,3919.35,221857712,48738156.0,-
2025-02-10,3898.1,3901.06,8.36,0.21%,3878.83,3906.37,188903040,38496832.0,-
2025-02-11,3905.16,3883.14,-17.93,-0.46%,3872.91,3905.16,166574912,33786608.0,-
2025-02-12,3875.96,3919.86,36.73,0.95%,3867.35,3920.72,164228544,35483060.0,-
2025-02-13,3913.9,3905.14,-14.72,-0.38%,3904.98,3939.2,172485872,37647344.0,-
2025-02-14,3900.83,3939.01,33.87,0.87%,3900.83,3942.04,172976448,36097424.0,-
2025-02-17,3954.41,3947.4,8.39,0.21%,3921.7,3955.9,213588256,43092956.0,-
2025-02-18,3942.58,3912.78,-34.62,-0.88%,3901.87,3965.42,209425104,40018624.0,-
2025-02-19,3906.22,3940.16,27.38,0.70%,3904.15,3943.67,182829520,36368036.0,-
2025-02-20,3934.65,3928.9,-11.26,-0.29%,3916.18,3940.68,163895232,32597242.0,-
2025-02-21,3938.05,3978.44,49.55,1.26%,3927.79,3981.05,227400336,50464548.0,-
2025-02-24,3972.48,3969.72,-8.73,-0.22%,3949.23,3995.95,220810608,45508872.0,-
2025-02-25,3933.64,3925.65,-44.07,-1.11%,3915.65,3955.43,178108576,37798144.0,-
2025-02-26,3931.84,3959.94,34.29,0.87%,3925.37,3960.33,191062512,38645820.0,-
2025-02-27,3961.06,3968.12,8.17,0.21%,3933.46,3973.93,202887968,42827276.0,-
2025-02-28,3950.19,3890.05,-78.07,-1.97%,3886.4,3972.48,198104144,42030804.0,-
2025-03-03,3899.7,3888.47,-1.57,-0.04%,3872.59,3930.0,177623168,35605776.0,-
2025-03-04,3865.99,3885.22,-3.25,-0.08%,3855.73,3890.42,149850960,29773926.0,-
2025-03-05,3887.8,3902.57,17.35,0.45%,3877.02,3906.42,158652752,29086050.0,-
2025-03-06,3923.38,3956.24,53.67,1.38%,3917.08,3964.49,193960912,39741940.0,-
2025-03-07,3944.91,3944.01,-12.22,-0.31%,3935.05,3967.07,166732368,34062672.0,-
2025-03-10,3945.58,3928.8,-15.21,-0.39%,3905.13,3949.14,152765232,29257498.0,-
2025-03-11,3890.43,3941.42,12.61,0.32%,3889.43,3941.42,144754400,28748044.0,-
2025-03-12,3946.86,3927.23,-14.18,-0.36%,3921.47,3953.61,156732192,30962726.0,-
2025-03-13,3925.74,3911.58,-15.65,-0.40%,3897.38,3939.29,156536448,29517312.0,-
2025-03-14,3919.62,4006.56,94.98,2.43%,3919.62,4014.16,216138992,45089528.0,-
2025-03-17,4020.64,3996.79,-9.77,-0.24%,3992.26,4021.73,162202912,31890440.0,-
2025-03-18,4011.78,4007.72,10.94,0.27%,3995.96,4016.87,140208496,29273932.0,-
2025-03-19,4004.83,4010.17,2.45,0.06%,3989.51,4025.3,144419424,28607528.0,-
2025-03-20,4011.06,3974.99,-35.18,-0.88%,3969.93,4012.04,133754664,26002068.0,-
2025-03-21,3966.51,3914.7,-60.3,-1.52%,3904.77,3983.15,165905296,30934860.0,-
2025-03-24,3916.11,3934.85,20.15,0.51%,3907.2,3938.18,152234672,26605144.0,-
2025-03-25,3937.9,3932.3,-2.55,-0.06%,3921.53,3946.36,140475408,23924632.0,-
2025-03-26,3930.21,3919.36,-12.94,-0.33%,3916.86,3942.03,131164192,22094318.0,-
2025-03-27,3911.38,3932.41,13.06,0.33%,3903.65,3952.99,126793736,23217362.0,-
2025-03-28,3930.78,3915.17,-17.25,-0.44%,3907.38,3934.23,126356216,21337918.0,-
2025-03-31,3905.98,3887.31,-27.86,-0.71%,3872.4,3928.45,166798528,26848032.0,-
2025-04-01,3892.78,3887.68,0.38,0.01%,3882.4,3905.26,140380272,24604168.0,-
2025-04-02,3884.42,3884.39,-3.3,-0.08%,3877.16,3900.49,113043176,19826752.0,-
2025-04-03,3843.42,3861.5,-22.88,-0.59%,3843.42,3883.7,142599792,26368468.0,-
2025-04-07,3675.2,3589.44,-272.06,-7.05%,3514.12,3707.78,312578592,51297180.0,-
2025-04-08,3597.99,3650.76,61.32,1.71%,3583.87,3650.76,280197312,46402108.0,-
2025-04-09,3606.1,3686.79,36.04,0.99%,3587.34,3686.79,262305712,45503108.0,-
2025-04-10,3749.13,3735.11,48.32,1.31%,3708.82,3756.14,227252224,40384256.0,-
2025-04-11,3730.31,3750.52,15.4,0.41%,3708.46,3762.37,168759696,31853514.0,-
2025-04-14,3772.04,3759.14,8.63,0.23%,3754.03,3776.63,164462400,29257128.0,-
2025-04-15,3756.48,3761.23,2.09,0.06%,3737.85,3764.49,134006040,22860462.0,-
2025-04-16,3757.88,3772.82,11.59,0.31%,3721.6,3775.17,156359008,26171110.0,-
2025-04-17,3755.09,3772.22,-0.6,-0.02%,3749.5,3779.13,122371000,20901232.0,-
2025-04-18,3760.04,3772.52,0.3,0.01%,3754.41,3782.04,102948504,17310938.0,-
2025-04-21,3768.14,3784.88,12.36,0.33%,3763.14,3790.18,121355736,20808568.0,-
2025-04-22,3780.11,3783.95,-0.93,-0.02%,3778.08,3799.23,125688256,21020070.0,-
2025-04-23,3803.43,3786.88,2.93,0.08%,3780.52,3807.95,131986872,24711738.0,-
2025-04-24,3787.46,3784.36,-2.52,-0.07%,3775.21,3807.26,117164568,20548304.0,-
2025-04-25,3792.08,3786.99,2.64,0.07%,3780.78,3801.58,124591136,22053504.0,-
2025-04-28,3786.39,3781.62,-5.37,-0.14%,3772.8,3792.01,125145088,21063532.0,-
2025-04-29,3776.0,3775.08,-6.54,-0.17%,3768.03,3785.32,111514696,19746274.0,-
2025-04-30,3775.83,3770.57,-4.51,-0.12%,3768.76,3787.56,143681664,24482046.0,-
2025-05-06,3794.38,3808.54,37.97,1.01%,3782.78,3809.09,158520464,26793708.0,-
2025-05-07,3861.58,3831.63,23.08,0.61%,3814.99,3863.68,161172288,28601074.0,-
2025-05-08,3820.55,3852.9,21.27,0.56%,3816.26,3867.33,124959840,24698728.0,-
2025-05-09,3848.62,3846.16,-6.74,-0.17%,3836.53,3853.66,119389520,21669794.0,-
2025-05-12,3866.53,3890.61,44.45,1.16%,3859.03,3890.73,153332464,29612294.0,-
2025-05-13,3915.59,3896.26,5.65,0.15%,3890.69,3915.59,147320304,26758640.0,-
2025-05-14,3894.84,3943.21,46.95,1.21%,3890.65,3960.52,172033776,31946522.0,-
2025-05-15,3934.03,3907.2,-36.01,-0.91%,3904.91,3936.47,138081744,24146496.0,-
2025-05-16,3898.67,3889.09,-18.11,-0.46%,3874.86,3903.85,118405344,20883566.0,-
2025-05-19,3882.57,3877.15,-11.94,-0.31%,3866.57,3885.59,98643416,18488816.0,-
2025-05-20,3883.1,3898.17,21.03,0.54%,3881.74,3911.47,104885240,20163670.0,-
2025-05-21,3899.44,3916.38,18.21,0.47%,3899.44,3928.63,109791344,21703774.0,-
2025-05-22,3912.6,3913.86,-2.52,-0.06%,3903.09,3923.02,107597056,19751142.0,-
2025-05-23,3910.37,3882.27,-31.59,-0.81%,3882.27,3931.55,120277424,23294538.0,-
2025-05-26,3875.79,3860.11,-22.17,-0.57%,3849.04,3884.54,109601208,20887680.0,-
2025-05-27,3857.63,3839.4,-20.71,-0.54%,3834.85,3865.43,98572424,17846676.0,-
2025-05-28,3843.07,3836.24,-3.16,-0.08%,3833.96,3849.74,89031024,16249636.0,-
2025-05-29,3838.01,3858.7,22.46,0.59%,3831.46,3869.79,108471888,20945960.0,-
2025-05-30,3850.49,3840.23,-18.47,-0.48%,3829.25,3858.61,111672224,19938976.0,-
2025-06-03,3833.46,3852.01,11.78,0.31%,3832.72,3863.3,131403088,22678278.0,-
2025-06-04,3855.49,3868.74,16.73,0.43%,3855.49,3875.86,116803872,21173618.0,-
2025-06-05,3872.64,3877.56,8.81,0.23%,3861.27,3883.13,122878184,23174928.0,-
2025-06-06,3878.1,3873.98,-3.57,-0.09%,3869.39,3889.46,110987968,20203474.0,-
2025-06-09,3877.8,3885.25,11.26,0.29%,3871.99,3894.65,136306288,26202368.0,-
2025-06-10,3887.55,3865.47,-19.78,-0.51%,3850.47,3897.46,145563856,26364756.0,-
2025-06-11,3870.67,3894.63,29.16,0.75%,3870.67,3911.61,142414784,25721770.0,-
2025-06-12,3885.52,3892.2,-2.43,-0.06%,3870.38,3900.04,133998696,26023958.0,-
2025-06-13,3881.49,3864.18,-28.02,-0.72%,3853.82,3889.16,172539536,30917234.0,-
2025-06-16,3853.62,3873.8,9.61,0.25%,3853.62,3876.17,137341840,24686098.0,-
2025-06-17,3875.18,3870.38,-3.42,-0.09%,3860.41,3880.42,122342520,22039982.0,-
2025-06-18,3871.65,3874.97,4.59,0.12%,3854.66,3881.35,127528624,23055386.0,-
2025-06-19,3870.05,3843.09,-31.88,-0.82%,3834.95,3872.94,130280664,23484018.0,-
2025-06-20,3839.78,3846.64,3.55,0.09%,3839.78,3856.48,118151024,21352282.0,-
2025-06-23,3831.17,3857.9,11.26,0.29%,3827.08,3867.59,133800888,23248220.0,-
2025-06-24,3862.39,3904.03,46.13,1.20%,3862.39,3914.16,163656192,29422872.0,-
2025-06-25,3907.07,3960.07,56.03,1.44%,3902.18,3963.04,187213680,36172728.0,-
2025-06-26,3953.16,3946.02,-14.05,-0.35%,3945.26,3964.48,165316256,32810284.0,-
2025-06-27,3949.79,3921.76,-24.26,-0.61%,3918.2,3969.26,194557904,34346824.0,-
2025-06-30,3920.31,3936.08,14.32,0.37%,3911.6,3940.36,145170240,28882144.0,-
2025-07-01,3935.91,3942.76,6.68,0.17%,3924.72,3946.25,128959368,23607034.0,-
2025-07-02,3943.32,3943.68,0.92,0.02%,3929.7,3952.14,147063056,24663786.0,-
2025-07-03,3949.4,3968.07,24.38,0.62%,3945.14,3971.62,141004000,26960956.0,-
2025-07-04,3967.46,3982.2,14.14,0.36%,3958.38,4013.85,157197136,29051300.0,-
2025-07-07,3977.29,3965.17,-17.03,-0.43%,3956.57,3979.75,131135272,22510698.0,-
2025-07-08,3965.43,3998.45,33.28,0.84%,3965.43,4002.27,156402896,29208982.0,-
2025-07-09,3997.5,3991.4,-7.05,-0.18%,3987.43,4016.74,173293792,30539880.0,-
2025-07-10,3993.42,4010.02,18.62,0.47%,3992.52,4032.98,209778912,34783672.0,-
2025-07-11,4011.47,4014.81,4.78,0.12%,4010.11,4065.94,262052784,44378080.0,-
2025-07-14,4021.21,4017.67,2.86,0.07%,4017.67,4034.92,207917184,32141594.0,-
2025-07-15,4023.99,4019.06,1.4,0.03%,3994.26,4042.66,191042928,35352460.0,-
2025-07-16,4019.39,4007.2,-11.86,-0.30%,3993.92,4027.86,151027312,30065678.0,-
2025-07-17,4005.07,4034.49,27.29,0.68%,4005.07,4034.59,161249040,32551686.0,-
2025-07-18,4039.87,4058.55,24.06,0.60%,4039.32,4064.64,186211056,35424448.0,-
2025-07-21,4069.77,4085.61,27.06,0.67%,4063.44,4086.12,223268480,37793856.0,-
2025-07-22,4087.34,4118.96,33.35,0.82%,4068.34,4119.2,257596992,45087400.0,-
2025-07-23,4129.15,4119.77,0.81,0.02%,4113.91,4155.68,300506144,47033092.0,-
2025-07-24,4116.83,4149.04,29.27,0.71%,4111.88,4152.43,319632384,48700004.0,-
2025-07-25,4145.32,4127.16,-21.87,-0.53%,4117.8,4150.5,273594976,43044552.0,-
2025-07-28,4128.2,4135.82,8.66,0.21%,4112.97,4146.12,222759808,40679288.0,-
2025-07-29,4132.68,4152.02,16.2,0.39%,4117.58,4153.33,230807872,42876428.0,-
2025-07-30,4148.94,4151.24,-0.79,-0.02%,4127.43,4185.21,249853056,44516844.0,-
2025-07-31,4141.56,4075.59,-75.65,-1.82%,4063.67,4141.82,267087408,49214256.0,-
2025-08-01,4069.93,4054.93,-20.66,-0.51%,4040.46,4085.35,196221824,35968516.0,-
2025-08-04,4037.94,4070.7,15.77,0.39%,4037.94,4070.7,162275904,29597682.0,-
2025-08-05,4080.39,4103.45,32.75,0.80%,4075.58,4106.3,178852000,30693426.0,-
2025-08-06,4100.43,4113.49,10.04,0.24%,4098.35,4116.71,176676144,30767462.0,-
2025-08-07,4120.28,4114.67,1.18,0.03%,4094.82,4129.74,198641904,35810836.0,-
2025-08-08,4109.27,4104.97,-9.7,-0.24%,4097.42,4122.21,173171200,30850768.0,-
2025-08-11,4110.29,4122.51,17.54,0.43%,4103.6,4134.25,190443728,36068584.0,-
2025-08-12,4123.58,4143.83,21.31,0.52%,4121.22,4153.29,177287824,38308844.0,-
2025-08-13,4150.5,4176.58,32.75,0.79%,4147.2,4186.75,213935008,46277672.0,-
2025-08-14,4179.96,4173.31,-3.26,-0.08%,4165.94,4220.31,221103600,48507564.0,-
2025-08-15,4162.42,4202.35,29.04,0.70%,4157.5,4214.73,261327568,51868688.0,-
2025-08-18,4218.25,4239.41,37.06,0.88%,4203.42,4272.96,301479104,63536588.0,-
2025-08-19,4241.77,4223.37,-16.04,-0.38%,4215.21,4264.23,250818768,55353620.0,-
2025-08-20,4208.4,4271.4,48.02,1.14%,4190.56,4272.15,246481776,53881528.0,-
2025-08-21,4284.37,4288.07,16.67,0.39%,4273.65,4308.45,259030016,55852124.0,-
2025-08-22,4287.36,4378.0,89.93,2.10%,4287.36,4378.39,290434880,67593512.0,-
2025-08-25,4416.29,4469.22,91.22,2.08%,4404.78,4472.65,358090016,82368192.0,-
2025-08-26,4453.35,4452.59,-16.63,-0.37%,4435.53,4476.8,270621376,62795040.0,-
2025-08-27,4458.84,4386.13,-66.46,-1.49%,4386.13,4494.91,333133920,78509848.0,-
2025-08-28,4378.04,4463.78,77.66,1.77%,4364.17,4464.8,296834528,73942360.0,-
2025-08-29,4455.8,4496.76,32.98,0.74%,4452.36,4516.84,351938944,83119408.0,-
2025-09-01,4516.88,4523.71,26.95,0.60%,4487.53,4528.13,320366720,77037832.0,-
2025-09-02,4521.98,4490.45,-33.26,-0.74%,4454.42,4548.89,303932544,77799928.0,-
2025-09-03,4501.34,4459.83,-30.62,-0.68%,4427.52,4510.73,254320208,65569712.0,-
2025-09-04,4461.25,4365.21,-94.62,-2.12%,4327.51,4465.5,307934624,77312456.0,-
2025-09-05,4365.61,4460.32,95.12,2.18%,4350.3,4466.56,249625664,66416700.0,-
2025-09-08,4467.17,4467.57,7.25,0.16%,4438.07,4482.76,267638368,68363088.0,-
2025-09-09,4448.74,4436.26,-31.31,-0.70%,4412.69,4472.09,221375472,56286112.0,-
2025-09-10,4438.3,4445.36,9.11,0.21%,4414.59,4466.63,203597632,53553936.0,-
2025-09-11,4438.84,4548.03,102.67,2.31%,4427.92,4548.03,253264064,69315664.0,-
2025-09-12,4544.59,4522.0,-26.04,-0.57%,4517.79,4564.67,266442000,68957608.0,-
2025-09-15,4534.89,4533.06,11.06,0.24%,4522.5,4566.91,231885680,61331464.0,-
2025-09-16,4539.92,4523.34,-9.72,-0.21%,4494.79,4552.42,249269200,61372832.0,-
2025-09-17,4517.29,4551.02,27.69,0.61%,4503.8,4556.03,235716464,60845420.0,-
2025-09-18,4546.03,4498.11,-52.91,-1.16%,4454.99,4573.83,309859808,83998712.0,-
2025-09-19,4499.09,4501.92,3.81,0.08%,4491.84,4533.09,225044016,60388704.0,-
2025-09-22,4512.02,4522.61,20.69,0.46%,4487.13,4523.87,196459952,56314916.0,-
2025-09-23,4536.76,4519.78,-2.83,-0.06%,4459.73,4560.73,252827056,68051360.0,-
2025-09-24,4495.27,4566.07,46.29,1.02%,4494.11,4567.49,220482608,62916152.0,-
2025-09-25,4563.98,4593.49,27.42,0.60%,4558.84,4613.95,229823328,66986700.0,-
2025-09-26,4576.91,4550.05,-43.44,-0.95%,4550.05,4597.85,208482112,59872392.0,-
2025-09-29,4555.03,4620.05,70.0,1.54%,4541.43,4647.57,274358880,69339528.0,-
2025-09-30,4629.9,4640.69,20.64,0.45%,4616.22,4647.5,247980352,66462412.0,-
2025-10-09,4662.11,4709.48,68.79,1.48%,4651.99,4726.34,347678688,86220800.0,-
2025-10-10,4679.5,4616.83,-92.65,-1.97%,4600.96,4692.59,319020896,79274304.0,-
2025-10-13,4490.87,4593.98,-22.86,-0.50%,4490.87,4601.81,315010368,71400160.0,-
2025-10-14,4634.05,4539.06,-54.91,-1.20%,4520.93,4641.45,372954016,80895904.0,-
2025-10-15,4544.24,4606.29,67.22,1.48%,4526.83,4608.82,284771872,60732636.0,-
2025-10-16,4588.92,4618.42,12.13,0.26%,4586.28,4645.1,248235520,56056724.0,-
2025-10-17,4610.7,4514.23,-104.19,-2.26%,4509.33,4618.56,256905632,55908596.0,-
2025-10-20,4558.24,4538.22,23.99,0.53%,4520.5,4570.44,218420416,50579880.0,-
2025-10-21,4556.12,4607.87,69.65,1.53%,4547.93,4615.46,215711168,55139028.0,-
2025-10-22,4576.03,4592.57,-15.3,-0.33%,4567.24,4603.49,185333968,44093532.0,-
2025-10-23,4578.7,4606.34,13.77,0.30%,4541.69,4611.34,200463920,42080020.0,-
2025-10-24,4622.79,4660.68,54.34,1.18%,4622.79,4660.68,208814496,55198664.0,-
2025-10-27,4699.38,4716.02,55.34,1.19%,4687.69,4720.43,262200672,67267032.0,-
2025-10-28,4697.73,4691.97,-24.05,-0.51%,4679.23,4734.32,220906640,57156324.0,-
2025-10-29,4701.04,4747.84,55.86,1.19%,4697.27,4747.84,246211312,64589868.0,-
2025-10-30,4735.98,4709.91,-37.93,-0.80%,4706.45,4761.83,273289120,71995624.0,-
2025-10-31,4702.49,4640.67,-69.24,-1.47%,4640.67,4706.14,281464736,68071224.0,-
2025-11-03,4636.73,4653.4,12.74,0.27%,4595.73,4653.4,239869808,55760296.0,-
2025-11-04,4649.35,4618.7,-34.7,-0.75%,4595.07,4665.32,233224032,50517772.0,-
2025-11-05,4562.11,4627.26,8.56,0.19%,4558.76,4642.61,203045872,46836116.0,-
2025-11-06,4642.01,4693.4,66.15,1.43%,4642.01,4698.09,224241008,55364176.0,-
2025-11-07,4673.76,4678.79,-14.61,-0.31%,4666.04,4701.37,212497360,50757388.0,-
2025-11-10,4688.12,4695.05,16.26,0.35%,4654.21,4695.18,236026752,59397716.0,-
2025-11-11,4706.34,4652.17,-42.89,-0.91%,4648.49,4707.13,186638848,47762908.0,-
2025-11-12,4643.56,4645.91,-6.26,-0.13%,4620.99,4669.61,209460592,49230884.0,-
2025-11-13,4643.79,4702.07,56.17,1.21%,4643.79,4703.49,207367472,51006068.0,-
2025-11-14,4663.32,4628.14,-73.93,-1.57%,4628.02,4684.26,192092672,44472044.0,-
2025-11-17,4616.81,4598.05,-30.09,-0.65%,4580.26,4624.9,188955456,43894012.0,-
2025-11-18,4584.79,4568.19,-29.86,-0.65%,4552.8,4606.62,177713200,42015012.0,-
2025-11-19,4568.04,4588.29,20.1,0.44%,4568.04,4607.86,172924976,38523048.0,-
2025-11-20,4619.54,4564.95,-23.34,-0.51%,4560.18,4620.65,194562608,41506480.0,-
2025-11-21,4513.39,4453.61,-111.34,-2.44%,4453.18,4527.04,222851008,48129584.0,-
2025-11-24,4473.16,4448.05,-5.56,-0.12%,4421.81,4478.81,185833744,42580748.0,-
2025-11-25,4475.84,4490.4,42.36,0.95%,4467.35,4510.77,169571936,41152380.0,-
2025-11-26,4490.2,4517.63,27.22,0.61%,4485.7,4538.14,156200368,42736136.0,-
2025-11-27,4520.01,4515.4,-2.22,-0.05%,4509.86,4559.22,150311776,41778984.0,-
2025-11-28,4511.5,4526.66,11.26,0.25%,4492.43,4531.72,142902096,34183232.0,-
2025-12-01,4539.19,4576.49,49.82,1.10%,4531.29,4576.97,200382320,46386156.0,-
2025-12-02,4571.91,4554.33,-22.15,-0.48%,4539.43,4575.49,148493120,36436644.0,-
2025-12-03,4554.59,4531.05,-23.29,-0.51%,4523.5,4569.82,169762784,37448616.0,-
2025-12-04,4533.6,4546.57,15.52,0.34%,4514.19,4557.42,147198112,34876740.0,-
2025-12-05,4547.91,4584.54,37.97,0.84%,4535.02,4593.83,196799952,41214680.0,-
2025-12-08,4593.14,4621.75,37.22,0.81%,4592.74,4640.63,199620992,49671620.0,-
2025-12-09,4611.38,4598.22,-23.53,-0.51%,4584.25,4628.71,184160336,45211388.0,-
2025-12-10,4586.25,4591.83,-6.4,-0.14%,4549.08,4598.54,169111104,40145280.0,-
2025-12-11,4597.19,4552.18,-39.64,-0.86%,4547.14,4610.28,168419408,43243112.0,-
2025-12-12,4558.74,4580.95,28.77,0.63%,4530.78,4583.68,212826528,52386324.0,-
2025-12-15,4550.0,4552.06,-28.89,-0.63%,4548.44,4595.05,167589968,42438340.0,-
2025-12-16,4542.42,4497.55,-54.51,-1.20%,4484.27,4553.08,165165200,39050012.0,-
2025-12-17,4499.77,4579.88,82.32,1.83%,4498.93,4594.66,178424832,45250476.0,-
2025-12-18,4553.98,4552.79,-27.08,-0.59%,4544.14,4571.97,151681328,38210240.0,-
2025-12-19,4561.37,4568.18,15.39,0.34%,4546.85,4591.09,154876224,37157716.0,-
2025-12-22,4587.67,4611.62,43.45,0.95%,4587.67,4615.87,165252848,44824060.0,-
2025-12-23,4616.03,4620.73,9.11,0.20%,4607.8,4644.53,169256400,43314132.0,-
2025-12-24,4623.68,4634.06,13.32,0.29%,4602.14,4639.43,153711232,40637564.0,-
2025-12-25,4629.32,4642.54,8.48,0.18%,4621.92,4651.15,139434192,38535608.0,-
2025-12-26,4639.79,4657.24,14.7,0.32%,4635.1,4676.13,175396560,46042692.0,-
2025-12-29,4658.27,4639.37,-17.87,-0.38%,4629.06,4672.04,200397120,48261352.0,-
2025-12-30,4617.32,4651.28,11.91,0.26%,4616.63,4664.33,180374976,45718548.0,-
2025-12-31,4656.48,4629.94,-21.34,-0.46%,4622.1,4667.05,170760224,44449152.0,-
2026-01-05,4661.62,4717.75,87.81,1.90%,4661.62,4721.64,234144832,63057736.0,-
2026-01-06,4719.21,4790.69,72.95,1.55%,4718.01,4790.69,296970688,72541456.0,-
2026-01-07,4796.93,4776.67,-14.03,-0.29%,4751.07,4802.6,259095568,66489792.0,-
2026-01-08,4761.01,4737.65,-39.01,-0.82%,4717.01,4765.49,238804944,63065560.0,-
2026-01-09,4725.96,4758.92,21.27,0.45%,4719.13,4771.43,254688032,66878880.0,-
2026-01-12,4769.65,4789.92,30.99,0.65%,4737.57,4795.93,294833184,79995408.0,-
2026-01-13,4798.05,4761.03,-28.88,-0.60%,4745.52,4836.96,301449504,80105496.0,-
2026-01-14,4767.7,4741.93,-19.1,-0.40%,4720.25,4818.1,364951008,89133424.0,-
2026-01-15,4721.8,4751.43,9.5,0.20%,4720.94,4769.55,254003632,67405864.0,-
2026-01-16,4778.43,4731.87,-19.56,-0.41%,4715.36,4792.55,325278912,78562416.0,-
2026-01-19,4720.19,4734.46,2.58,0.05%,4715.09,4761.63,267612480,65514924.0,-
2026-01-20,4736.91,4718.88,-15.58,-0.33%,4684.97,4748.23,282719584,67196064.0,-
2026-01-21,4714.55,4723.07,4.19,0.09%,4714.24,4758.28,266353344,66533052.0,-
2026-01-22,4741.75,4723.71,0.64,0.01%,4700.45,4757.76,274199936,69023528.0,-
2026-01-23,4729.58,4702.5,-21.21,-0.45%,4684.62,4734.79,314635456,75561776.0,-
2026-01-26,4715.38,4706.96,4.47,0.10%,4693.16,4754.18,363004480,79683296.0,-
2026-01-27,4705.17,4705.69,-1.27,-0.03%,4675.64,4736.99,301475712,71526792.0,-
2026-01-28,4725.6,4717.99,12.3,0.26%,4697.91,4739.63,382255584,82941408.0,-
2026-01-29,4733.09,4753.87,35.88,0.76%,4696.05,4770.96,415513056,91796616.0,-
2026-01-30,4723.08,4706.34,-47.53,-1.00%,4645.47,4738.87,319786528,75056488.0,-
2026-02-02,4674.28,4605.98,-100.36,-2.13%,4601.76,4716.61,304773504,72592040.0,-
2026-02-03,4648.36,4660.11,54.13,1.18%,4578.21,4662.13,265549408,66662680.0,-
2026-02-04,4647.97,4698.68,38.58,0.83%,4641.84,4701.48,264881024,63601864.0,-
2026-02-05,4664.75,4670.42,-28.26,-0.60%,4639.43,4687.02,237856352,55043320.0,-
2026-02-06,4622.97,4643.6,-26.82,-0.57%,4606.64,4678.26,202716464,50575980.0,-
2026-02-09,4693.67,4719.06,75.46,1.63%,4679.9,4719.96,207251952,52275728.0,-
2026-02-10,4718.26,4724.3,5.24,0.11%,4713.87,4732.09,187000960,45033956.0,-
2026-02-11,4715.67,4713.82,-10.48,-0.22%,4703.69,4723.7,173391680,43342864.0,-
2026-02-12,4720.01,4719.58,5.76,0.12%,4707.74,4726.04,197841456,49047384.0,-
2026-02-13,4693.41,4660.41,-59.17,-1.25%,4658.4,4703.63,189167760,45287860.0,-
2026-02-24,4727.3,4707.54,47.14,1.01%,4698.35,4727.37,218488896,52608424.0,-
2026-02-25,4713.58,4735.89,28.34,0.60%,4713.34,4766.56,284268352,59690384.0,-
2026-02-26,4741.39,4726.87,-9.01,-0.19%,4706.69,4742.15,234847648,59984892.0,-
2026-02-27,4698.3,4710.65,-16.23,-0.34%,4692.89,4721.01,261420864,57882096.0,-
2026-03-02,4681.01,4728.67,18.02,0.38%,4667.28,4735.41,349260768,75268192.0,-
2026-03-03,4737.32,4655.9,-72.77,-1.54%,4651.4,4744.6,370624256,80165920.0,-
2026-03-04,4609.19,4602.62,-53.27,-1.14%,4575.82,4639.42,303035648,60892316.0,-
2026-03-05,4651.94,4647.69,45.07,0.98%,4630.3,4671.53,259317824,57044376.0,-
2026-03-06,4621.49,4660.44,12.75,0.27%,4612.79,4671.71,238527920,48780708.0,-
2026-03-09,4600.25,4615.46,-44.98,-0.97%,4548.97,4625.98,322787616,66582152.0,-
2026-03-10,4648.79,4674.76,59.3,1.28%,4648.79,4677.6,263903744,55760788.0,-
2026-03-11,4681.03,4704.5,29.74,0.64%,4674.71,4711.87,270175424,57956440.0,-
2026-03-12,4700.72,4687.56,-16.94,-0.36%,4654.31,4704.38,302986816,57210548.0,-
2026-03-13,4669.06,4669.14,-18.42,-0.39%,4659.5,4707.42,310772032,58030560.0,-
2026-03-16,4669.22,4671.56,2.42,0.05%,4621.81,4673.69,296215072,59879908.0,-
2026-03-17,4685.57,4637.44,-34.12,-0.73%,4637.37,4720.86,263021920,57850148.0,-
2026-03-18,4648.75,4658.33,20.89,0.45%,4604.52,4662.29,234690704,52417392.0,-
2026-03-19,4611.44,4583.25,-75.08,-1.61%,4570.39,4634.55,254130448,54785028.0,-
2026-03-20,4602.82,4567.02,-16.23,-0.35%,4563.07,4628.71,257873696,61546304.0,-
2026-03-23,4499.1,4418.0,-149.02,-3.26%,4397.57,4514.72,328081952,67171976.0,-
2026-03-24,4458.91,4474.72,56.73,1.28%,4394.29,4474.83,255532528,53014936.0,-
2026-03-25,4506.62,4537.47,62.74,1.40%,4502.03,4542.18,262639296,55042816.0,-
2026-03-26,4525.33,4477.53,-59.93,-1.32%,4468.96,4541.05,213736800,47112748.0,-
2026-03-27,4431.5,4502.57,25.04,0.56%,4431.42,4519.89,192400384,44051756.0,-
2026-03-30,4461.74,4491.95,-10.62,-0.24%,4447.14,4496.41,209293088,44462952.0,-
2026-03-31,4491.92,4450.05,-41.9,-0.93%,4450.05,4523.17,224541600,48455812.0,-
2026-04-01,4517.27,4526.07,76.02,1.71%,4492.05,4532.11,216483200,50374408.0,-
2026-04-02,4514.44,4478.91,-47.15,-1.04%,4459.61,4519.69,190992160,42994912.0,-
2026-04-03,4492.85,4440.79,-38.13,-0.85%,4437.6,4494.46,168321712,37323492.0,-
2026-04-07,4445.86,4440.62,-0.17,0.00%,4420.69,4458.93,162638784,37826172.0,-
2026-04-08,4517.34,4595.56,154.94,3.49%,4513.77,4595.56,253339216,64177916.0,-
2026-04-09,4562.67,4566.22,-29.33,-0.64%,4552.42,4579.2,184939792,50044568.0,-
2026-04-10,4594.95,4636.57,70.34,1.54%,4590.11,4655.1,208678608,62571800.0,-
2026-04-13,4615.13,4646.15,9.59,0.21%,4615.13,4653.4,196712288,55662096.0,-
2026-04-14,4676.12,4701.28,55.13,1.19%,4654.85,4701.28,204700320,60571780.0,-
2026-04-15,4726.64,4685.25,-16.04,-0.34%,4672.56,4731.27,201688496,60455052.0,-
2026-04-16,4694.43,4736.61,51.36,1.10%,4689.41,4739.22,192057584,56761128.0,-
2026-04-17,4729.0,4728.67,-7.94,-0.17%,4714.47,4738.32,182915344,58762272.0,-
2026-04-20,4727.17,4757.44,28.77,0.61%,4720.69,4763.04,221633488,62656840.0,-
2026-04-21,4750.52,4768.0,10.56,0.22%,4722.01,4776.83,205614064,58040800.0,-
2026-04-22,4751.28,4799.63,31.63,0.66%,4750.35,4801.45,204481824,61950564.0,-
2026-04-23,4816.03,4786.33,-13.3,-0.28%,4759.86,4823.47,232865728,69385376.0,-
2026-04-24,4771.73,4769.37,-16.96,-0.35%,4735.61,4786.44,193798304,68009784.0,-
2026-04-27,4776.33,4770.95,1.58,0.03%,4762.64,4795.17,192796544,64890484.0,-
2026-04-28,4757.08,4758.21,-12.74,-0.27%,4743.44,4778.19,216724240,63152168.0,-
2026-04-29,4737.58,4810.35,52.14,1.10%,4737.11,4813.61,233298112,68102048.0,-
2026-04-30,4820.97,4807.31,-3.04,-0.06%,4797.54,4829.27,250633376,72666536.0,-
2026-05-06,4857.65,4877.09,69.79,1.45%,4834.28,4892.8,274443872,88174432.0,-
2026-05-07,4895.8,4900.51,23.42,0.48%,4866.88,4901.86,257833968,78723616.0,-
2026-05-08,4871.12,4871.91,-28.6,-0.58%,4849.99,4887.21,251720992,71654608.0,-
2026-05-11,4902.28,4951.84,79.92,1.64%,4889.57,4960.4,305734784,90447928.0,-
2026-05-12,4965.02,4948.05,-3.79,-0.08%,4926.79,4971.3,273812000,81935144.0,-
2026-05-13,4919.42,4998.34,50.3,1.02%,4919.42,5001.12,268454528,82317320.0,-
2026-05-14,5027.64,4914.6,-83.74,-1.68%,4913.6,5030.52,280695392,85744632.0,-
2026-05-15,4911.62,4859.59,-55.0,-1.12%,4832.69,4935.62,276967776,88768744.0,-
2026-05-18,4836.33,4833.52,-26.07,-0.54%,4806.15,4868.6,239077584,73345280.0,-
2026-05-19,4818.71,4852.88,19.36,0.40%,4773.53,4854.52,232280848,71240104.0,-
2026-05-20,4829.61,4850.7,-2.18,-0.04%,4825.64,4866.21,220023216,72965328.0,-
2026-05-21,4886.24,4783.1,-67.6,-1.39%,4780.71,4937.93,287342496,89193640.0,-
2026-05-22,4818.84,4845.1,62.0,1.30%,4785.35,4851.35,286940416,77182328.0,-
